t_rel,phase,hbm_alloc_gib,hbm_peak_gib,host_used_gib,nvml_used_gib
3.878,init,0.0,0.0,3.507,0.687
4.38,sglang:subprocess,0.0,0.0,3.706,0.687
4.881,sglang:subprocess,0.0,0.0,3.757,0.687
5.382,sglang:subprocess,0.0,0.0,3.783,0.687
5.882,sglang:subprocess,0.0,0.0,3.833,0.687
6.383,sglang:subprocess,0.0,0.0,3.849,0.687
6.884,sglang:subprocess,0.0,0.0,3.879,0.687
7.384,sglang:subprocess,0.0,0.0,3.883,0.687
7.885,sglang:subprocess,0.0,0.0,3.894,0.687
8.386,sglang:subprocess,0.0,0.0,3.89,0.687
8.886,sglang:subprocess,0.0,0.0,3.891,0.687
9.387,sglang:subprocess,0.0,0.0,3.892,0.687
9.888,sglang:subprocess,0.0,0.0,3.898,0.687
10.388,sglang:subprocess,0.0,0.0,3.92,0.687
10.889,sglang:subprocess,0.0,0.0,3.948,0.687
11.39,sglang:subprocess,0.0,0.0,3.967,0.687
11.89,sglang:subprocess,0.0,0.0,4.0,0.687
12.391,sglang:subprocess,0.0,0.0,4.041,0.687
12.892,sglang:subprocess,0.0,0.0,4.059,0.687
13.392,sglang:subprocess,0.0,0.0,4.109,0.687
13.893,sglang:subprocess,0.0,0.0,4.13,0.687
14.394,sglang:subprocess,0.0,0.0,4.14,0.687
14.894,sglang:subprocess,0.0,0.0,4.166,0.687
15.395,sglang:subprocess,0.0,0.0,4.173,0.687
15.896,sglang:subprocess,0.0,0.0,4.177,0.687
16.396,sglang:subprocess,0.0,0.0,4.173,0.687
16.897,sglang:subprocess,0.0,0.0,4.174,0.687
17.398,sglang:subprocess,0.0,0.0,4.181,0.687
17.898,sglang:subprocess,0.0,0.0,4.199,0.687
18.399,sglang:subprocess,0.0,0.0,4.218,0.687
18.9,sglang:subprocess,0.0,0.0,4.261,0.687
19.401,sglang:subprocess,0.0,0.0,4.28,0.687
19.901,sglang:subprocess,0.0,0.0,4.304,0.687
20.402,sglang:subprocess,0.0,0.0,4.318,0.687
20.903,sglang:subprocess,0.0,0.0,4.318,0.687
21.403,sglang:subprocess,0.0,0.0,4.326,0.687
21.904,sglang:subprocess,0.0,0.0,4.347,0.687
22.404,sglang:subprocess,0.0,0.0,4.359,0.687
22.905,sglang:subprocess,0.0,0.0,4.36,0.687
23.406,sglang:subprocess,0.0,0.0,4.366,0.687
23.907,sglang:subprocess,0.0,0.0,4.368,0.687
24.407,sglang:subprocess,0.0,0.0,4.368,0.687
24.908,sglang:subprocess,0.0,0.0,4.368,0.687
25.409,sglang:subprocess,0.0,0.0,4.387,0.687
25.909,sglang:subprocess,0.0,0.0,4.561,0.687
26.41,sglang:subprocess,0.0,0.0,4.646,0.687
26.911,sglang:subprocess,0.0,0.0,4.669,0.687
27.411,sglang:subprocess,0.0,0.0,4.71,0.687
27.912,sglang:subprocess,0.0,0.0,4.737,0.687
28.413,sglang:subprocess,0.0,0.0,4.763,0.687
28.914,sglang:subprocess,0.0,0.0,4.776,0.687
29.414,sglang:subprocess,0.0,0.0,4.783,0.687
29.915,sglang:subprocess,0.0,0.0,4.785,0.687
30.416,sglang:subprocess,0.0,0.0,4.791,0.687
30.916,sglang:subprocess,0.0,0.0,4.793,0.687
31.417,sglang:subprocess,0.0,0.0,4.813,0.687
31.917,sglang:subprocess,0.0,0.0,4.843,0.687
32.418,sglang:subprocess,0.0,0.0,4.872,0.687
32.919,sglang:subprocess,0.0,0.0,4.914,0.687
33.419,sglang:subprocess,0.0,0.0,4.95,0.687
33.92,sglang:subprocess,0.0,0.0,5.0,0.687
34.421,sglang:subprocess,0.0,0.0,5.026,0.687
34.922,sglang:subprocess,0.0,0.0,5.036,0.687
35.422,sglang:subprocess,0.0,0.0,5.062,0.687
35.923,sglang:subprocess,0.0,0.0,5.068,0.687
36.424,sglang:subprocess,0.0,0.0,5.067,0.687
36.924,sglang:subprocess,0.0,0.0,5.066,0.687
37.425,sglang:subprocess,0.0,0.0,5.069,0.687
37.926,sglang:subprocess,0.0,0.0,5.081,0.687
38.426,sglang:subprocess,0.0,0.0,5.1,0.687
38.927,sglang:subprocess,0.0,0.0,5.12,0.687
39.428,sglang:subprocess,0.0,0.0,5.17,0.687
39.929,sglang:subprocess,0.0,0.0,5.194,0.687
40.429,sglang:subprocess,0.0,0.0,5.211,0.687
40.93,sglang:subprocess,0.0,0.0,5.211,0.687
41.43,sglang:subprocess,0.0,0.0,5.329,0.703
41.931,sglang:subprocess,0.0,0.0,5.538,1.615
42.432,sglang:subprocess,0.0,0.0,5.553,1.615
42.932,sglang:subprocess,0.0,0.0,5.557,1.615
43.433,sglang:subprocess,0.0,0.0,5.562,1.615
43.934,sglang:subprocess,0.0,0.0,5.564,1.615
44.434,sglang:subprocess,0.0,0.0,5.565,1.615
44.935,sglang:subprocess,0.0,0.0,5.565,1.615
45.436,sglang:subprocess,0.0,0.0,5.577,1.615
45.937,sglang:subprocess,0.0,0.0,5.787,1.615
46.437,sglang:subprocess,0.0,0.0,6.18,1.615
46.938,sglang:subprocess,0.0,0.0,6.437,1.615
47.439,sglang:subprocess,0.0,0.0,6.608,1.615
47.939,sglang:subprocess,0.0,0.0,6.781,1.615
48.44,sglang:subprocess,0.0,0.0,6.953,1.615
48.941,sglang:subprocess,0.0,0.0,7.126,1.615
49.441,sglang:subprocess,0.0,0.0,7.298,1.615
49.943,sglang:subprocess,0.0,0.0,7.471,1.615
50.443,sglang:subprocess,0.0,0.0,7.649,1.615
50.944,sglang:subprocess,0.0,0.0,7.821,1.615
51.445,sglang:subprocess,0.0,0.0,7.992,1.615
51.945,sglang:subprocess,0.0,0.0,8.166,1.615
52.446,sglang:subprocess,0.0,0.0,8.335,1.615
52.947,sglang:subprocess,0.0,0.0,8.506,1.615
53.447,sglang:subprocess,0.0,0.0,8.679,1.615
53.949,sglang:subprocess,0.0,0.0,8.852,1.615
54.45,sglang:subprocess,0.0,0.0,9.025,1.615
54.95,sglang:subprocess,0.0,0.0,9.195,1.615
55.451,sglang:subprocess,0.0,0.0,9.366,1.615
55.952,sglang:subprocess,0.0,0.0,9.538,1.615
56.453,sglang:subprocess,0.0,0.0,9.71,1.615
56.953,sglang:subprocess,0.0,0.0,9.883,1.615
57.454,sglang:subprocess,0.0,0.0,10.052,1.615
57.955,sglang:subprocess,0.0,0.0,10.226,1.615
58.455,sglang:subprocess,0.0,0.0,10.371,1.615
58.956,sglang:subprocess,0.0,0.0,10.558,1.615
59.457,sglang:subprocess,0.0,0.0,10.732,1.615
59.958,sglang:subprocess,0.0,0.0,10.902,1.615
60.459,sglang:subprocess,0.0,0.0,11.074,1.615
60.959,sglang:subprocess,0.0,0.0,11.246,1.615
61.46,sglang:subprocess,0.0,0.0,11.417,1.615
61.961,sglang:subprocess,0.0,0.0,11.588,1.615
62.461,sglang:subprocess,0.0,0.0,11.76,1.615
62.962,sglang:subprocess,0.0,0.0,11.932,1.615
63.463,sglang:subprocess,0.0,0.0,12.103,1.615
63.963,sglang:subprocess,0.0,0.0,12.28,1.615
64.464,sglang:subprocess,0.0,0.0,12.451,1.615
64.965,sglang:subprocess,0.0,0.0,12.623,1.615
65.465,sglang:subprocess,0.0,0.0,12.792,1.615
65.966,sglang:subprocess,0.0,0.0,12.966,1.615
66.467,sglang:subprocess,0.0,0.0,13.139,1.615
66.968,sglang:subprocess,0.0,0.0,13.309,1.615
67.468,sglang:subprocess,0.0,0.0,13.482,1.615
67.969,sglang:subprocess,0.0,0.0,13.652,1.615
68.47,sglang:subprocess,0.0,0.0,13.822,1.615
68.97,sglang:subprocess,0.0,0.0,13.992,1.615
69.471,sglang:subprocess,0.0,0.0,14.162,1.615
69.972,sglang:subprocess,0.0,0.0,14.227,1.615
70.472,sglang:subprocess,0.0,0.0,14.397,1.615
70.973,sglang:subprocess,0.0,0.0,14.568,1.615
71.474,sglang:subprocess,0.0,0.0,14.739,1.615
71.975,sglang:subprocess,0.0,0.0,14.907,1.615
72.475,sglang:subprocess,0.0,0.0,15.079,1.615
72.976,sglang:subprocess,0.0,0.0,15.251,1.615
73.477,sglang:subprocess,0.0,0.0,15.42,1.615
73.977,sglang:subprocess,0.0,0.0,15.595,1.615
74.478,sglang:subprocess,0.0,0.0,15.767,1.615
74.979,sglang:subprocess,0.0,0.0,15.938,1.615
75.479,sglang:subprocess,0.0,0.0,16.11,1.615
75.98,sglang:subprocess,0.0,0.0,16.283,1.615
76.481,sglang:subprocess,0.0,0.0,16.454,1.615
76.982,sglang:subprocess,0.0,0.0,16.626,1.615
77.482,sglang:subprocess,0.0,0.0,16.797,1.615
77.983,sglang:subprocess,0.0,0.0,16.967,1.615
78.484,sglang:subprocess,0.0,0.0,17.137,1.615
78.984,sglang:subprocess,0.0,0.0,17.306,1.615
79.485,sglang:subprocess,0.0,0.0,17.483,1.615
79.986,sglang:subprocess,0.0,0.0,17.655,1.615
80.486,sglang:subprocess,0.0,0.0,17.828,1.615
80.987,sglang:subprocess,0.0,0.0,17.999,1.615
81.488,sglang:subprocess,0.0,0.0,18.17,1.615
81.989,sglang:subprocess,0.0,0.0,18.344,1.615
82.489,sglang:subprocess,0.0,0.0,18.513,1.615
82.99,sglang:subprocess,0.0,0.0,18.686,1.615
83.491,sglang:subprocess,0.0,0.0,18.857,1.615
83.991,sglang:subprocess,0.0,0.0,19.031,1.615
84.492,sglang:subprocess,0.0,0.0,19.203,1.615
84.993,sglang:subprocess,0.0,0.0,19.359,1.615
85.493,sglang:subprocess,0.0,0.0,19.54,1.615
85.994,sglang:subprocess,0.0,0.0,19.712,1.615
86.495,sglang:subprocess,0.0,0.0,19.883,1.615
86.996,sglang:subprocess,0.0,0.0,20.055,1.615
87.497,sglang:subprocess,0.0,0.0,20.226,1.615
87.997,sglang:subprocess,0.0,0.0,20.396,1.615
88.498,sglang:subprocess,0.0,0.0,20.568,1.615
88.999,sglang:subprocess,0.0,0.0,20.736,1.615
89.499,sglang:subprocess,0.0,0.0,20.909,1.615
90.0,sglang:subprocess,0.0,0.0,21.081,1.615
90.501,sglang:subprocess,0.0,0.0,21.25,1.615
91.001,sglang:subprocess,0.0,0.0,21.424,1.615
91.502,sglang:subprocess,0.0,0.0,21.596,1.615
92.003,sglang:subprocess,0.0,0.0,21.768,1.615
92.504,sglang:subprocess,0.0,0.0,21.943,1.615
93.004,sglang:subprocess,0.0,0.0,22.116,1.615
93.505,sglang:subprocess,0.0,0.0,22.288,1.615
94.006,sglang:subprocess,0.0,0.0,22.458,1.615
94.507,sglang:subprocess,0.0,0.0,22.63,1.615
95.007,sglang:subprocess,0.0,0.0,22.801,1.615
95.508,sglang:subprocess,0.0,0.0,22.973,1.615
96.009,sglang:subprocess,0.0,0.0,23.144,1.615
96.509,sglang:subprocess,0.0,0.0,23.316,1.615
97.01,sglang:subprocess,0.0,0.0,23.488,1.615
97.511,sglang:subprocess,0.0,0.0,23.659,1.615
98.012,sglang:subprocess,0.0,0.0,23.831,1.615
98.512,sglang:subprocess,0.0,0.0,23.993,1.615
99.013,sglang:subprocess,0.0,0.0,24.166,1.615
99.514,sglang:subprocess,0.0,0.0,24.334,1.615
100.014,sglang:subprocess,0.0,0.0,24.519,1.615
100.515,sglang:subprocess,0.0,0.0,24.738,1.615
101.016,sglang:subprocess,0.0,0.0,24.914,1.615
101.516,sglang:subprocess,0.0,0.0,25.085,1.615
102.017,sglang:subprocess,0.0,0.0,25.256,1.615
102.518,sglang:subprocess,0.0,0.0,25.43,1.615
103.019,sglang:subprocess,0.0,0.0,25.599,1.615
103.519,sglang:subprocess,0.0,0.0,25.771,1.615
104.02,sglang:subprocess,0.0,0.0,25.944,1.615
104.521,sglang:subprocess,0.0,0.0,26.116,1.615
105.021,sglang:subprocess,0.0,0.0,26.287,1.615
105.522,sglang:subprocess,0.0,0.0,26.459,1.615
106.023,sglang:subprocess,0.0,0.0,26.629,1.615
106.523,sglang:subprocess,0.0,0.0,26.801,1.615
107.024,sglang:subprocess,0.0,0.0,26.978,1.615
107.525,sglang:subprocess,0.0,0.0,27.146,1.615
108.026,sglang:subprocess,0.0,0.0,27.319,1.615
108.527,sglang:subprocess,0.0,0.0,27.492,1.615
109.027,sglang:subprocess,0.0,0.0,27.662,1.615
109.528,sglang:subprocess,0.0,0.0,27.835,1.615
110.029,sglang:subprocess,0.0,0.0,28.009,1.615
110.529,sglang:subprocess,0.0,0.0,28.177,1.615
111.03,sglang:subprocess,0.0,0.0,28.35,1.615
111.531,sglang:subprocess,0.0,0.0,28.493,1.615
112.031,sglang:subprocess,0.0,0.0,28.686,1.615
112.532,sglang:subprocess,0.0,0.0,28.858,1.615
113.033,sglang:subprocess,0.0,0.0,29.027,1.615
113.534,sglang:subprocess,0.0,0.0,29.199,1.615
114.035,sglang:subprocess,0.0,0.0,29.372,1.615
114.535,sglang:subprocess,0.0,0.0,29.542,1.615
115.036,sglang:subprocess,0.0,0.0,29.714,1.615
115.537,sglang:subprocess,0.0,0.0,29.887,1.615
116.037,sglang:subprocess,0.0,0.0,30.057,1.615
116.538,sglang:subprocess,0.0,0.0,30.231,1.615
117.039,sglang:subprocess,0.0,0.0,30.403,1.615
117.539,sglang:subprocess,0.0,0.0,30.572,1.615
118.04,sglang:subprocess,0.0,0.0,30.742,1.615
118.541,sglang:subprocess,0.0,0.0,30.916,1.615
119.042,sglang:subprocess,0.0,0.0,31.088,1.615
119.543,sglang:subprocess,0.0,0.0,31.262,1.615
120.043,sglang:subprocess,0.0,0.0,31.436,1.615
120.544,sglang:subprocess,0.0,0.0,31.608,1.615
121.045,sglang:subprocess,0.0,0.0,31.778,1.615
121.545,sglang:subprocess,0.0,0.0,31.95,1.615
122.046,sglang:subprocess,0.0,0.0,32.121,1.615
122.547,sglang:subprocess,0.0,0.0,32.294,1.615
123.047,sglang:subprocess,0.0,0.0,32.465,1.615
123.549,sglang:subprocess,0.0,0.0,32.636,1.615
124.049,sglang:subprocess,0.0,0.0,32.809,1.615
124.55,sglang:subprocess,0.0,0.0,32.981,1.615
125.051,sglang:subprocess,0.0,0.0,33.14,1.615
125.551,sglang:subprocess,0.0,0.0,33.311,1.615
126.052,sglang:subprocess,0.0,0.0,33.484,1.615
126.553,sglang:subprocess,0.0,0.0,33.653,1.615
127.053,sglang:subprocess,0.0,0.0,33.826,1.615
127.554,sglang:subprocess,0.0,0.0,33.997,1.615
128.055,sglang:subprocess,0.0,0.0,34.169,1.615
128.555,sglang:subprocess,0.0,0.0,34.341,1.615
129.056,sglang:subprocess,0.0,0.0,34.514,1.615
129.557,sglang:subprocess,0.0,0.0,34.685,1.615
130.058,sglang:subprocess,0.0,0.0,34.863,1.615
130.559,sglang:subprocess,0.0,0.0,35.035,1.615
131.059,sglang:subprocess,0.0,0.0,35.206,1.615
131.56,sglang:subprocess,0.0,0.0,35.379,1.615
132.061,sglang:subprocess,0.0,0.0,35.551,1.615
132.561,sglang:subprocess,0.0,0.0,35.754,1.615
133.062,sglang:subprocess,0.0,0.0,35.949,1.615
133.563,sglang:subprocess,0.0,0.0,36.12,1.615
134.064,sglang:subprocess,0.0,0.0,36.292,1.615
134.564,sglang:subprocess,0.0,0.0,36.464,1.615
135.065,sglang:subprocess,0.0,0.0,36.639,1.615
135.566,sglang:subprocess,0.0,0.0,36.81,1.615
136.066,sglang:subprocess,0.0,0.0,36.98,1.615
136.567,sglang:subprocess,0.0,0.0,37.155,1.615
137.068,sglang:subprocess,0.0,0.0,37.318,1.615
137.568,sglang:subprocess,0.0,0.0,37.488,1.615
138.069,sglang:subprocess,0.0,0.0,37.633,1.615
138.57,sglang:subprocess,0.0,0.0,37.823,1.615
139.07,sglang:subprocess,0.0,0.0,37.993,1.615
139.572,sglang:subprocess,0.0,0.0,38.166,1.615
140.072,sglang:subprocess,0.0,0.0,38.343,1.615
140.573,sglang:subprocess,0.0,0.0,38.514,1.615
141.074,sglang:subprocess,0.0,0.0,38.685,1.615
141.574,sglang:subprocess,0.0,0.0,38.859,1.615
142.075,sglang:subprocess,0.0,0.0,39.028,1.615
142.576,sglang:subprocess,0.0,0.0,39.199,1.615
143.076,sglang:subprocess,0.0,0.0,39.375,1.615
143.577,sglang:subprocess,0.0,0.0,39.546,1.615
144.078,sglang:subprocess,0.0,0.0,39.716,1.615
144.579,sglang:subprocess,0.0,0.0,39.892,1.615
145.079,sglang:subprocess,0.0,0.0,40.065,1.615
145.58,sglang:subprocess,0.0,0.0,40.234,1.615
146.081,sglang:subprocess,0.0,0.0,40.403,1.615
146.582,sglang:subprocess,0.0,0.0,40.573,1.615
147.082,sglang:subprocess,0.0,0.0,40.747,1.615
147.583,sglang:subprocess,0.0,0.0,40.916,1.615
148.084,sglang:subprocess,0.0,0.0,41.09,1.615
148.584,sglang:subprocess,0.0,0.0,41.259,1.615
149.085,sglang:subprocess,0.0,0.0,41.43,1.615
149.586,sglang:subprocess,0.0,0.0,41.605,1.615
150.087,sglang:subprocess,0.0,0.0,41.783,1.615
150.587,sglang:subprocess,0.0,0.0,41.952,1.615
151.088,sglang:subprocess,0.0,0.0,42.127,1.615
151.589,sglang:subprocess,0.0,0.0,42.289,1.615
152.089,sglang:subprocess,0.0,0.0,42.46,1.615
152.59,sglang:subprocess,0.0,0.0,42.633,1.615
153.091,sglang:subprocess,0.0,0.0,42.805,1.615
153.592,sglang:subprocess,0.0,0.0,42.974,1.615
154.092,sglang:subprocess,0.0,0.0,43.145,1.615
154.593,sglang:subprocess,0.0,0.0,43.319,1.615
155.094,sglang:subprocess,0.0,0.0,43.491,1.615
155.595,sglang:subprocess,0.0,0.0,43.657,1.615
156.095,sglang:subprocess,0.0,0.0,43.829,1.615
156.596,sglang:subprocess,0.0,0.0,43.999,1.615
157.097,sglang:subprocess,0.0,0.0,44.171,1.615
157.597,sglang:subprocess,0.0,0.0,44.349,1.615
158.098,sglang:subprocess,0.0,0.0,44.517,1.615
158.599,sglang:subprocess,0.0,0.0,44.689,1.615
159.099,sglang:subprocess,0.0,0.0,44.861,1.615
159.6,sglang:subprocess,0.0,0.0,45.033,1.615
160.101,sglang:subprocess,0.0,0.0,45.209,1.615
160.602,sglang:subprocess,0.0,0.0,45.38,1.615
161.103,sglang:subprocess,0.0,0.0,45.555,1.615
161.603,sglang:subprocess,0.0,0.0,45.726,1.615
162.104,sglang:subprocess,0.0,0.0,45.897,1.615
162.605,sglang:subprocess,0.0,0.0,46.069,1.615
163.105,sglang:subprocess,0.0,0.0,46.24,1.615
163.606,sglang:subprocess,0.0,0.0,46.412,1.615
164.107,sglang:subprocess,0.0,0.0,46.583,1.615
164.608,sglang:subprocess,0.0,0.0,46.744,1.615
165.108,sglang:subprocess,0.0,0.0,46.92,1.615
165.61,sglang:subprocess,0.0,0.0,47.094,1.615
166.11,sglang:subprocess,0.0,0.0,47.262,1.615
166.611,sglang:subprocess,0.0,0.0,47.435,1.615
167.112,sglang:subprocess,0.0,0.0,47.606,1.615
167.612,sglang:subprocess,0.0,0.0,47.77,1.615
168.113,sglang:subprocess,0.0,0.0,47.943,1.615
168.614,sglang:subprocess,0.0,0.0,48.114,1.615
169.114,sglang:subprocess,0.0,0.0,48.284,1.615
169.615,sglang:subprocess,0.0,0.0,48.459,1.615
170.116,sglang:subprocess,0.0,0.0,48.632,1.615
170.616,sglang:subprocess,0.0,0.0,48.805,1.615
171.117,sglang:subprocess,0.0,0.0,48.978,1.615
171.618,sglang:subprocess,0.0,0.0,49.151,1.615
172.119,sglang:subprocess,0.0,0.0,49.319,1.615
172.619,sglang:subprocess,0.0,0.0,49.492,1.615
173.12,sglang:subprocess,0.0,0.0,49.66,1.615
173.621,sglang:subprocess,0.0,0.0,49.832,1.615
174.121,sglang:subprocess,0.0,0.0,50.006,1.615
174.622,sglang:subprocess,0.0,0.0,50.18,1.615
175.123,sglang:subprocess,0.0,0.0,50.352,1.615
175.624,sglang:subprocess,0.0,0.0,50.523,1.615
176.125,sglang:subprocess,0.0,0.0,50.695,1.615
176.625,sglang:subprocess,0.0,0.0,50.866,1.615
177.126,sglang:subprocess,0.0,0.0,51.035,1.615
177.627,sglang:subprocess,0.0,0.0,51.207,1.615
178.127,sglang:subprocess,0.0,0.0,51.368,1.615
178.628,sglang:subprocess,0.0,0.0,51.54,1.615
179.129,sglang:subprocess,0.0,0.0,51.712,1.615
179.629,sglang:subprocess,0.0,0.0,51.883,1.615
180.13,sglang:subprocess,0.0,0.0,52.06,1.615
180.631,sglang:subprocess,0.0,0.0,52.228,1.615
181.131,sglang:subprocess,0.0,0.0,52.399,1.615
181.633,sglang:subprocess,0.0,0.0,52.575,1.615
182.133,sglang:subprocess,0.0,0.0,52.744,1.615
182.634,sglang:subprocess,0.0,0.0,52.915,1.615
183.135,sglang:subprocess,0.0,0.0,53.084,1.615
183.637,sglang:subprocess,0.0,0.0,53.254,1.615
184.138,sglang:subprocess,0.0,0.0,53.429,1.615
184.638,sglang:subprocess,0.0,0.0,53.6,1.615
185.139,sglang:subprocess,0.0,0.0,53.771,1.615
185.64,sglang:subprocess,0.0,0.0,53.942,1.615
186.141,sglang:subprocess,0.0,0.0,54.11,1.615
186.642,sglang:subprocess,0.0,0.0,54.285,1.615
187.142,sglang:subprocess,0.0,0.0,54.459,1.615
187.643,sglang:subprocess,0.0,0.0,54.631,1.615
188.144,sglang:subprocess,0.0,0.0,54.791,1.615
188.645,sglang:subprocess,0.0,0.0,54.965,1.615
189.145,sglang:subprocess,0.0,0.0,55.136,1.615
189.646,sglang:subprocess,0.0,0.0,55.307,1.615
190.147,sglang:subprocess,0.0,0.0,55.483,1.615
190.647,sglang:subprocess,0.0,0.0,55.655,1.615
191.148,sglang:subprocess,0.0,0.0,55.824,1.615
191.649,sglang:subprocess,0.0,0.0,55.996,1.615
192.15,sglang:subprocess,0.0,0.0,56.17,1.615
192.65,sglang:subprocess,0.0,0.0,56.34,1.615
193.151,sglang:subprocess,0.0,0.0,56.512,1.615
193.652,sglang:subprocess,0.0,0.0,56.684,1.615
194.153,sglang:subprocess,0.0,0.0,56.855,1.615
194.653,sglang:subprocess,0.0,0.0,57.029,1.615
195.154,sglang:subprocess,0.0,0.0,57.199,1.615
195.655,sglang:subprocess,0.0,0.0,57.369,1.615
196.155,sglang:subprocess,0.0,0.0,57.538,1.615
196.656,sglang:subprocess,0.0,0.0,57.71,1.615
197.157,sglang:subprocess,0.0,0.0,57.88,1.615
197.658,sglang:subprocess,0.0,0.0,58.049,1.615
198.158,sglang:subprocess,0.0,0.0,58.22,1.615
198.659,sglang:subprocess,0.0,0.0,58.392,1.615
199.16,sglang:subprocess,0.0,0.0,58.566,1.615
199.661,sglang:subprocess,0.0,0.0,58.737,1.615
200.161,sglang:subprocess,0.0,0.0,58.913,1.615
200.662,sglang:subprocess,0.0,0.0,59.081,1.615
201.163,sglang:subprocess,0.0,0.0,59.251,1.615
201.663,sglang:subprocess,0.0,0.0,59.423,1.615
202.164,sglang:subprocess,0.0,0.0,59.598,1.615
202.665,sglang:subprocess,0.0,0.0,59.769,1.615
203.166,sglang:subprocess,0.0,0.0,59.939,1.615
203.666,sglang:subprocess,0.0,0.0,60.111,1.615
204.167,sglang:subprocess,0.0,0.0,60.28,1.615
204.668,sglang:subprocess,0.0,0.0,60.453,1.615
205.168,sglang:subprocess,0.0,0.0,60.624,1.615
205.669,sglang:subprocess,0.0,0.0,60.796,1.615
206.17,sglang:subprocess,0.0,0.0,60.968,1.615
206.67,sglang:subprocess,0.0,0.0,61.139,1.615
207.171,sglang:subprocess,0.0,0.0,61.312,1.615
207.672,sglang:subprocess,0.0,0.0,61.486,1.615
208.173,sglang:subprocess,0.0,0.0,61.657,1.615
208.674,sglang:subprocess,0.0,0.0,61.826,1.615
209.174,sglang:subprocess,0.0,0.0,61.998,1.615
209.675,sglang:subprocess,0.0,0.0,62.172,1.615
210.176,sglang:subprocess,0.0,0.0,62.348,1.615
210.677,sglang:subprocess,0.0,0.0,62.515,1.615
211.177,sglang:subprocess,0.0,0.0,62.689,1.615
211.678,sglang:subprocess,0.0,0.0,62.859,1.615
212.179,sglang:subprocess,0.0,0.0,63.033,1.615
212.679,sglang:subprocess,0.0,0.0,63.204,1.615
213.18,sglang:subprocess,0.0,0.0,63.375,1.615
213.681,sglang:subprocess,0.0,0.0,63.542,1.615
214.182,sglang:subprocess,0.0,0.0,63.717,1.615
214.682,sglang:subprocess,0.0,0.0,63.887,1.615
215.183,sglang:subprocess,0.0,0.0,64.062,1.615
215.684,sglang:subprocess,0.0,0.0,64.233,1.615
216.184,sglang:subprocess,0.0,0.0,64.403,1.615
216.685,sglang:subprocess,0.0,0.0,64.576,1.615
217.186,sglang:subprocess,0.0,0.0,64.747,1.615
217.686,sglang:subprocess,0.0,0.0,64.917,1.615
218.188,sglang:subprocess,0.0,0.0,65.081,1.615
218.688,sglang:subprocess,0.0,0.0,65.253,1.615
219.189,sglang:subprocess,0.0,0.0,65.423,1.615
219.69,sglang:subprocess,0.0,0.0,65.596,1.615
220.19,sglang:subprocess,0.0,0.0,65.769,1.615
220.691,sglang:subprocess,0.0,0.0,65.942,1.615
221.192,sglang:subprocess,0.0,0.0,66.114,1.615
221.692,sglang:subprocess,0.0,0.0,66.285,1.615
222.193,sglang:subprocess,0.0,0.0,66.455,1.615
222.694,sglang:subprocess,0.0,0.0,66.631,1.615
223.194,sglang:subprocess,0.0,0.0,66.8,1.615
223.695,sglang:subprocess,0.0,0.0,66.972,1.615
224.196,sglang:subprocess,0.0,0.0,67.142,1.615
224.697,sglang:subprocess,0.0,0.0,67.314,1.615
225.197,sglang:subprocess,0.0,0.0,67.485,1.615
225.698,sglang:subprocess,0.0,0.0,67.654,1.615
226.199,sglang:subprocess,0.0,0.0,67.827,1.615
226.7,sglang:subprocess,0.0,0.0,67.997,1.615
227.2,sglang:subprocess,0.0,0.0,68.167,1.615
227.701,sglang:subprocess,0.0,0.0,68.337,1.615
228.202,sglang:subprocess,0.0,0.0,68.506,1.615
228.703,sglang:subprocess,0.0,0.0,68.68,1.615
229.203,sglang:subprocess,0.0,0.0,68.852,1.615
229.704,sglang:subprocess,0.0,0.0,69.023,1.615
230.205,sglang:subprocess,0.0,0.0,69.197,1.615
230.705,sglang:subprocess,0.0,0.0,69.37,1.615
231.206,sglang:subprocess,0.0,0.0,69.541,1.615
231.707,sglang:subprocess,0.0,0.0,69.713,1.615
232.207,sglang:subprocess,0.0,0.0,69.886,1.615
232.708,sglang:subprocess,0.0,0.0,70.055,1.615
233.209,sglang:subprocess,0.0,0.0,70.226,1.615
233.709,sglang:subprocess,0.0,0.0,70.399,1.615
234.211,sglang:subprocess,0.0,0.0,70.569,1.615
234.711,sglang:subprocess,0.0,0.0,70.743,1.615
235.212,sglang:subprocess,0.0,0.0,70.913,1.615
235.713,sglang:subprocess,0.0,0.0,71.085,1.615
236.213,sglang:subprocess,0.0,0.0,71.249,1.615
236.714,sglang:subprocess,0.0,0.0,71.42,1.615
237.215,sglang:subprocess,0.0,0.0,71.592,1.615
237.715,sglang:subprocess,0.0,0.0,71.763,1.615
238.216,sglang:subprocess,0.0,0.0,71.933,1.615
238.717,sglang:subprocess,0.0,0.0,72.108,1.615
239.218,sglang:subprocess,0.0,0.0,72.28,1.615
239.718,sglang:subprocess,0.0,0.0,72.452,1.615
240.219,sglang:subprocess,0.0,0.0,72.627,1.615
240.72,sglang:subprocess,0.0,0.0,72.8,1.615
241.22,sglang:subprocess,0.0,0.0,72.97,1.615
241.721,sglang:subprocess,0.0,0.0,73.139,1.615
242.222,sglang:subprocess,0.0,0.0,73.311,1.615
242.722,sglang:subprocess,0.0,0.0,73.481,1.615
243.223,sglang:subprocess,0.0,0.0,73.654,1.615
243.724,sglang:subprocess,0.0,0.0,73.825,1.615
244.224,sglang:subprocess,0.0,0.0,73.996,1.615
244.726,sglang:subprocess,0.0,0.0,74.175,1.615
245.226,sglang:subprocess,0.0,0.0,74.343,1.615
245.727,sglang:subprocess,0.0,0.0,74.513,1.615
246.228,sglang:subprocess,0.0,0.0,74.682,1.615
246.728,sglang:subprocess,0.0,0.0,74.853,1.615
247.229,sglang:subprocess,0.0,0.0,75.023,1.615
247.73,sglang:subprocess,0.0,0.0,75.197,1.615
248.23,sglang:subprocess,0.0,0.0,75.369,1.615
248.731,sglang:subprocess,0.0,0.0,75.539,1.615
249.232,sglang:subprocess,0.0,0.0,75.709,1.615
249.733,sglang:subprocess,0.0,0.0,75.88,1.615
250.234,sglang:subprocess,0.0,0.0,76.055,1.615
250.734,sglang:subprocess,0.0,0.0,76.227,1.615
251.235,sglang:subprocess,0.0,0.0,76.4,1.615
251.736,sglang:subprocess,0.0,0.0,76.57,1.615
252.236,sglang:subprocess,0.0,0.0,76.743,1.615
252.737,sglang:subprocess,0.0,0.0,76.915,1.615
253.238,sglang:subprocess,0.0,0.0,77.086,1.615
253.738,sglang:subprocess,0.0,0.0,77.186,1.615
254.239,sglang:subprocess,0.0,0.0,77.354,1.615
254.74,sglang:subprocess,0.0,0.0,77.53,1.615
255.241,sglang:subprocess,0.0,0.0,77.702,1.615
255.742,sglang:subprocess,0.0,0.0,77.874,1.615
256.242,sglang:subprocess,0.0,0.0,78.046,1.615
256.743,sglang:subprocess,0.0,0.0,78.215,1.615
257.244,sglang:subprocess,0.0,0.0,78.381,1.615
257.744,sglang:subprocess,0.0,0.0,78.552,1.615
258.245,sglang:subprocess,0.0,0.0,78.722,1.615
258.746,sglang:subprocess,0.0,0.0,78.896,1.615
259.247,sglang:subprocess,0.0,0.0,79.062,1.615
259.747,sglang:subprocess,0.0,0.0,79.231,1.615
260.249,sglang:subprocess,0.0,0.0,79.415,1.615
260.749,sglang:subprocess,0.0,0.0,79.584,1.615
261.25,sglang:subprocess,0.0,0.0,79.757,1.615
261.751,sglang:subprocess,0.0,0.0,79.927,1.615
262.251,sglang:subprocess,0.0,0.0,79.972,2.186
262.752,sglang:subprocess,0.0,0.0,79.974,2.186
263.253,sglang:subprocess,0.0,0.0,79.976,2.186
263.753,sglang:subprocess,0.0,0.0,79.979,2.186
264.254,sglang:subprocess,0.0,0.0,80.094,2.186
264.755,sglang:subprocess,0.0,0.0,80.201,2.186
265.259,sglang:subprocess,0.0,0.0,81.131,2.188
265.761,sglang:subprocess,0.0,0.0,80.897,2.188
266.262,sglang:subprocess,0.0,0.0,81.078,2.188
266.766,sglang:subprocess,0.0,0.0,81.064,2.188
267.267,sglang:subprocess,0.0,0.0,81.008,2.188
267.768,sglang:subprocess,0.0,0.0,81.099,2.188
268.276,sglang:subprocess,0.0,0.0,81.076,2.188
268.777,sglang:subprocess,0.0,0.0,81.259,2.188
269.277,sglang:subprocess,0.0,0.0,81.318,2.19
269.778,sglang:subprocess,0.0,0.0,81.348,2.19
270.279,sglang:subprocess,0.0,0.0,81.359,4.301
270.782,sglang:subprocess,0.0,0.0,81.525,4.301
271.285,sglang:subprocess,0.0,0.0,81.504,4.301
271.789,sglang:subprocess,0.0,0.0,81.5,4.301
272.29,sglang:subprocess,0.0,0.0,81.451,4.301
272.793,sglang:subprocess,0.0,0.0,81.492,4.301
273.294,sglang:subprocess,0.0,0.0,81.451,4.301
273.796,sglang:subprocess,0.0,0.0,81.576,4.301
274.296,sglang:subprocess,0.0,0.0,81.468,4.301
274.797,sglang:subprocess,0.0,0.0,81.491,4.301
275.298,sglang:subprocess,0.0,0.0,81.171,5.69
275.799,sglang:subprocess,0.0,0.0,81.175,5.965
276.3,sglang:subprocess,0.0,0.0,81.176,6.18
276.8,sglang:subprocess,0.0,0.0,81.172,6.414
277.301,sglang:subprocess,0.0,0.0,81.634,7.506
277.802,sglang:subprocess,0.0,0.0,81.837,7.512
278.303,sglang:subprocess,0.0,0.0,81.836,7.512
278.803,sglang:subprocess,0.0,0.0,81.837,7.512
279.304,sglang:subprocess,0.0,0.0,81.837,7.512
279.805,sglang:subprocess,0.0,0.0,81.838,7.512
280.305,sglang:subprocess,0.0,0.0,81.841,7.512
280.806,sglang:subprocess,0.0,0.0,81.841,7.512
281.307,sglang:subprocess,0.0,0.0,81.842,7.512
281.808,sglang:subprocess,0.0,0.0,81.842,7.512
282.308,sglang:subprocess,0.0,0.0,81.931,9.426
282.809,sglang:subprocess,0.0,0.0,83.402,9.801
283.31,sglang:subprocess,0.0,0.0,83.403,10.309
283.81,sglang:subprocess,0.0,0.0,83.405,10.309
284.311,sglang:subprocess,0.0,0.0,83.411,11.522
284.812,sglang:subprocess,0.0,0.0,83.411,11.522
285.312,sglang:subprocess,0.0,0.0,83.411,11.522
285.813,sglang:subprocess,0.0,0.0,83.411,11.522
286.314,sglang:subprocess,0.0,0.0,83.409,12.713
286.815,sglang:subprocess,0.0,0.0,83.41,12.713
287.316,sglang:subprocess,0.0,0.0,83.409,12.713
287.816,sglang:subprocess,0.0,0.0,83.409,12.713
288.317,sglang:subprocess,0.0,0.0,83.41,13.924
288.818,sglang:subprocess,0.0,0.0,83.41,13.924
289.318,sglang:subprocess,0.0,0.0,83.41,13.924
289.819,sglang:subprocess,0.0,0.0,83.41,13.924
290.32,sglang:subprocess,0.0,0.0,83.416,15.135
290.82,sglang:subprocess,0.0,0.0,83.417,15.135
291.321,sglang:subprocess,0.0,0.0,83.416,15.135
291.822,sglang:subprocess,0.0,0.0,83.419,15.135
292.323,sglang:subprocess,0.0,0.0,83.42,16.326
292.823,sglang:subprocess,0.0,0.0,83.42,16.326
293.324,sglang:subprocess,0.0,0.0,83.421,16.326
293.825,sglang:subprocess,0.0,0.0,83.42,16.326
294.325,sglang:subprocess,0.0,0.0,83.42,17.518
294.826,sglang:subprocess,0.0,0.0,83.421,17.518
295.327,sglang:subprocess,0.0,0.0,83.421,17.518
295.828,sglang:subprocess,0.0,0.0,83.422,17.518
296.328,sglang:subprocess,0.0,0.0,83.417,18.729
296.829,sglang:subprocess,0.0,0.0,83.416,18.729
297.33,sglang:subprocess,0.0,0.0,83.416,18.729
297.831,sglang:subprocess,0.0,0.0,83.417,18.729
298.331,sglang:subprocess,0.0,0.0,83.419,19.94
298.832,sglang:subprocess,0.0,0.0,83.419,19.94
299.333,sglang:subprocess,0.0,0.0,83.419,19.94
299.833,sglang:subprocess,0.0,0.0,83.42,19.94
300.334,sglang:subprocess,0.0,0.0,83.427,21.131
300.835,sglang:subprocess,0.0,0.0,83.427,21.131
301.335,sglang:subprocess,0.0,0.0,83.428,21.131
301.836,sglang:subprocess,0.0,0.0,83.428,21.131
302.337,sglang:subprocess,0.0,0.0,83.429,22.344
302.838,sglang:subprocess,0.0,0.0,83.429,22.344
303.338,sglang:subprocess,0.0,0.0,83.428,22.344
303.839,sglang:subprocess,0.0,0.0,83.429,22.344
304.34,sglang:subprocess,0.0,0.0,83.431,23.555
304.84,sglang:subprocess,0.0,0.0,83.43,23.555
305.341,sglang:subprocess,0.0,0.0,83.431,23.555
305.842,sglang:subprocess,0.0,0.0,83.431,23.555
306.343,sglang:subprocess,0.0,0.0,83.428,23.555
306.843,sglang:subprocess,0.0,0.0,83.423,24.727
307.344,sglang:subprocess,0.0,0.0,83.423,24.727
307.845,sglang:subprocess,0.0,0.0,83.423,24.727
308.346,sglang:subprocess,0.0,0.0,83.424,24.727
308.846,sglang:subprocess,0.0,0.0,83.425,25.938
309.347,sglang:subprocess,0.0,0.0,83.426,25.938
309.848,sglang:subprocess,0.0,0.0,83.429,25.938
310.348,sglang:subprocess,0.0,0.0,83.431,25.938
310.849,sglang:subprocess,0.0,0.0,83.434,27.149
311.35,sglang:subprocess,0.0,0.0,83.433,27.149
311.85,sglang:subprocess,0.0,0.0,83.433,27.149
312.351,sglang:subprocess,0.0,0.0,83.435,27.149
312.852,sglang:subprocess,0.0,0.0,83.436,28.359
313.353,sglang:subprocess,0.0,0.0,83.437,28.359
313.854,sglang:subprocess,0.0,0.0,83.436,28.359
314.355,sglang:subprocess,0.0,0.0,83.437,28.359
314.856,sglang:subprocess,0.0,0.0,83.437,29.551
315.356,sglang:subprocess,0.0,0.0,83.438,29.551
315.857,sglang:subprocess,0.0,0.0,83.446,29.551
316.358,sglang:subprocess,0.0,0.0,83.438,29.551
316.858,sglang:subprocess,0.0,0.0,83.435,30.762
317.359,sglang:subprocess,0.0,0.0,83.436,30.762
317.859,sglang:subprocess,0.0,0.0,83.436,30.762
318.361,sglang:subprocess,0.0,0.0,83.437,30.762
318.861,sglang:subprocess,0.0,0.0,83.438,31.953
319.362,sglang:subprocess,0.0,0.0,83.438,31.953
319.863,sglang:subprocess,0.0,0.0,83.443,31.953
320.363,sglang:subprocess,0.0,0.0,83.441,31.953
320.864,sglang:subprocess,0.0,0.0,83.443,33.164
321.365,sglang:subprocess,0.0,0.0,83.443,33.164
321.865,sglang:subprocess,0.0,0.0,83.444,33.164
322.366,sglang:subprocess,0.0,0.0,83.444,33.164
322.867,sglang:subprocess,0.0,0.0,83.446,34.358
323.368,sglang:subprocess,0.0,0.0,83.446,34.358
323.868,sglang:subprocess,0.0,0.0,83.45,34.358
324.369,sglang:subprocess,0.0,0.0,83.448,34.358
324.87,sglang:subprocess,0.0,0.0,83.45,35.568
325.371,sglang:subprocess,0.0,0.0,83.45,35.568
325.871,sglang:subprocess,0.0,0.0,83.435,35.568
326.372,sglang:subprocess,0.0,0.0,83.432,35.568
326.872,sglang:subprocess,0.0,0.0,83.428,36.779
327.373,sglang:subprocess,0.0,0.0,83.428,36.779
327.874,sglang:subprocess,0.0,0.0,83.433,36.779
328.374,sglang:subprocess,0.0,0.0,83.432,36.779
328.876,sglang:subprocess,0.0,0.0,83.433,36.779
329.376,sglang:subprocess,0.0,0.0,83.433,37.971
329.877,sglang:subprocess,0.0,0.0,83.438,37.971
330.378,sglang:subprocess,0.0,0.0,83.438,37.971
330.878,sglang:subprocess,0.0,0.0,83.438,37.971
331.379,sglang:subprocess,0.0,0.0,83.439,39.162
331.88,sglang:subprocess,0.0,0.0,83.443,39.162
332.381,sglang:subprocess,0.0,0.0,83.439,39.162
332.882,sglang:subprocess,0.0,0.0,83.439,39.162
333.382,sglang:subprocess,0.0,0.0,83.439,40.373
333.883,sglang:subprocess,0.0,0.0,83.446,40.373
334.384,sglang:subprocess,0.0,0.0,83.441,40.373
334.885,sglang:subprocess,0.0,0.0,83.444,40.373
335.385,sglang:subprocess,0.0,0.0,83.444,41.584
335.886,sglang:subprocess,0.0,0.0,83.445,41.584
336.387,sglang:subprocess,0.0,0.0,83.442,41.584
336.888,sglang:subprocess,0.0,0.0,83.443,41.584
337.388,sglang:subprocess,0.0,0.0,83.446,42.776
337.889,sglang:subprocess,0.0,0.0,83.445,42.776
338.389,sglang:subprocess,0.0,0.0,83.445,42.776
338.89,sglang:subprocess,0.0,0.0,83.447,42.776
339.391,sglang:subprocess,0.0,0.0,83.448,43.986
339.892,sglang:subprocess,0.0,0.0,83.448,43.986
340.393,sglang:subprocess,0.0,0.0,83.451,43.986
340.893,sglang:subprocess,0.0,0.0,83.451,43.986
341.394,sglang:subprocess,0.0,0.0,83.452,45.197
341.895,sglang:subprocess,0.0,0.0,83.453,45.197
342.395,sglang:subprocess,0.0,0.0,83.453,45.197
342.896,sglang:subprocess,0.0,0.0,83.45,45.197
343.397,sglang:subprocess,0.0,0.0,83.451,46.391
343.897,sglang:subprocess,0.0,0.0,83.451,46.391
344.398,sglang:subprocess,0.0,0.0,83.451,46.391
344.899,sglang:subprocess,0.0,0.0,83.451,46.391
345.4,sglang:subprocess,0.0,0.0,83.453,47.582
345.9,sglang:subprocess,0.0,0.0,83.45,47.582
346.401,sglang:subprocess,0.0,0.0,83.45,47.582
346.902,sglang:subprocess,0.0,0.0,83.452,47.582
347.402,sglang:subprocess,0.0,0.0,83.453,48.793
347.903,sglang:subprocess,0.0,0.0,83.452,48.793
348.404,sglang:subprocess,0.0,0.0,83.452,48.793
348.904,sglang:subprocess,0.0,0.0,83.453,48.793
349.405,sglang:subprocess,0.0,0.0,83.454,50.004
349.906,sglang:subprocess,0.0,0.0,83.455,50.004
350.407,sglang:subprocess,0.0,0.0,83.459,50.004
350.908,sglang:subprocess,0.0,0.0,83.459,50.004
351.408,sglang:subprocess,0.0,0.0,83.459,50.004
351.909,sglang:subprocess,0.0,0.0,83.463,51.195
352.41,sglang:subprocess,0.0,0.0,83.463,51.195
352.91,sglang:subprocess,0.0,0.0,83.464,51.195
353.411,sglang:subprocess,0.0,0.0,83.464,51.195
353.912,sglang:subprocess,0.0,0.0,83.47,52.406
354.412,sglang:subprocess,0.0,0.0,83.471,52.406
354.913,sglang:subprocess,0.0,0.0,83.472,52.406
355.414,sglang:subprocess,0.0,0.0,83.474,52.406
355.915,sglang:subprocess,0.0,0.0,83.475,53.598
356.415,sglang:subprocess,0.0,0.0,83.476,53.598
356.916,sglang:subprocess,0.0,0.0,83.474,53.598
357.417,sglang:subprocess,0.0,0.0,83.468,53.598
357.917,sglang:subprocess,0.0,0.0,83.478,54.809
358.418,sglang:subprocess,0.0,0.0,83.477,54.809
358.919,sglang:subprocess,0.0,0.0,83.478,54.809
359.419,sglang:subprocess,0.0,0.0,83.478,54.809
359.92,sglang:subprocess,0.0,0.0,83.484,56.0
360.421,sglang:subprocess,0.0,0.0,83.486,56.0
360.922,sglang:subprocess,0.0,0.0,83.486,56.0
361.422,sglang:subprocess,0.0,0.0,83.486,56.0
361.923,sglang:subprocess,0.0,0.0,83.492,57.213
362.424,sglang:subprocess,0.0,0.0,83.493,57.213
362.924,sglang:subprocess,0.0,0.0,83.493,57.213
363.425,sglang:subprocess,0.0,0.0,83.466,57.213
363.926,sglang:subprocess,0.0,0.0,83.467,58.424
364.426,sglang:subprocess,0.0,0.0,83.467,58.424
364.927,sglang:subprocess,0.0,0.0,83.47,58.424
365.428,sglang:subprocess,0.0,0.0,83.465,58.424
365.929,sglang:subprocess,0.0,0.0,83.466,59.635
366.43,sglang:subprocess,0.0,0.0,83.466,59.635
366.93,sglang:subprocess,0.0,0.0,83.466,59.635
367.431,sglang:subprocess,0.0,0.0,83.467,59.635
367.932,sglang:subprocess,0.0,0.0,83.469,60.807
368.432,sglang:subprocess,0.0,0.0,83.469,60.807
368.933,sglang:subprocess,0.0,0.0,83.469,60.807
369.434,sglang:subprocess,0.0,0.0,83.468,60.807
369.934,sglang:subprocess,0.0,0.0,83.47,62.018
370.435,sglang:subprocess,0.0,0.0,83.473,62.018
370.936,sglang:subprocess,0.0,0.0,83.475,62.018
371.437,sglang:subprocess,0.0,0.0,83.477,62.018
371.937,sglang:subprocess,0.0,0.0,83.486,63.229
372.438,sglang:subprocess,0.0,0.0,83.479,63.229
372.939,sglang:subprocess,0.0,0.0,83.479,63.229
373.439,sglang:subprocess,0.0,0.0,83.476,63.229
373.941,sglang:subprocess,0.0,0.0,83.444,63.229
374.442,sglang:subprocess,0.0,0.0,83.446,64.42
374.942,sglang:subprocess,0.0,0.0,83.447,64.42
375.443,sglang:subprocess,0.0,0.0,83.448,64.42
375.944,sglang:subprocess,0.0,0.0,83.448,64.42
376.445,sglang:subprocess,0.0,0.0,83.449,65.631
376.946,sglang:subprocess,0.0,0.0,83.443,65.631
377.446,sglang:subprocess,0.0,0.0,83.444,65.631
377.947,sglang:subprocess,0.0,0.0,83.443,65.631
378.448,sglang:subprocess,0.0,0.0,83.445,66.842
378.948,sglang:subprocess,0.0,0.0,83.445,66.842
379.449,sglang:subprocess,0.0,0.0,83.447,66.842
379.95,sglang:subprocess,0.0,0.0,83.447,66.842
380.45,sglang:subprocess,0.0,0.0,83.452,68.033
380.951,sglang:subprocess,0.0,0.0,83.453,68.033
381.452,sglang:subprocess,0.0,0.0,83.452,68.033
381.953,sglang:subprocess,0.0,0.0,83.451,68.033
382.453,sglang:subprocess,0.0,0.0,83.455,68.738
382.954,sglang:subprocess,0.0,0.0,83.459,69.481
383.455,sglang:subprocess,0.0,0.0,83.463,70.381
383.955,sglang:subprocess,0.0,0.0,83.463,70.381
384.456,sglang:subprocess,0.0,0.0,83.463,70.381
384.957,sglang:subprocess,0.0,0.0,83.463,70.381
385.457,sglang:subprocess,0.0,0.0,83.463,70.381
385.958,sglang:subprocess,0.0,0.0,83.463,70.381
386.459,sglang:subprocess,0.0,0.0,83.463,70.381
386.96,sglang:subprocess,0.0,0.0,83.463,70.381
387.46,sglang:subprocess,0.0,0.0,83.463,70.381
387.962,sglang:subprocess,0.0,0.0,83.457,70.381
388.463,sglang:subprocess,0.0,0.0,83.458,70.381
388.964,sglang:subprocess,0.0,0.0,83.458,70.381
389.468,sglang:subprocess,0.0,0.0,83.458,70.381
389.969,sglang:subprocess,0.0,0.0,83.458,70.381
390.469,sglang:subprocess,0.0,0.0,83.462,70.381
390.97,sglang:subprocess,0.0,0.0,83.46,70.381
391.471,sglang:subprocess,0.0,0.0,83.461,70.381
391.972,sglang:subprocess,0.0,0.0,83.461,70.381
392.472,sglang:subprocess,0.0,0.0,83.461,70.381
392.973,sglang:subprocess,0.0,0.0,83.46,70.381
393.474,sglang:subprocess,0.0,0.0,83.461,70.381
393.974,sglang:subprocess,0.0,0.0,83.461,70.381
394.475,sglang:subprocess,0.0,0.0,83.462,70.381
394.976,sglang:subprocess,0.0,0.0,83.463,70.381
395.476,sglang:subprocess,0.0,0.0,83.463,70.381
395.977,sglang:subprocess,0.0,0.0,83.46,70.381
396.478,sglang:subprocess,0.0,0.0,83.46,70.381
396.979,sglang:subprocess,0.0,0.0,83.459,70.381
397.48,sglang:subprocess,0.0,0.0,83.459,70.381
397.98,sglang:subprocess,0.0,0.0,83.458,70.42
398.481,sglang:subprocess,0.0,0.0,83.458,70.42
398.981,sglang:subprocess,0.0,0.0,83.458,70.42
399.482,sglang:subprocess,0.0,0.0,83.458,70.42
399.983,sglang:subprocess,0.0,0.0,83.462,70.42
400.483,sglang:subprocess,0.0,0.0,83.463,70.42
400.984,sglang:subprocess,0.0,0.0,83.462,70.42
401.485,sglang:subprocess,0.0,0.0,83.462,70.42
401.986,sglang:subprocess,0.0,0.0,83.463,70.42
402.487,sglang:subprocess,0.0,0.0,83.463,70.42
402.987,sglang:subprocess,0.0,0.0,83.464,70.42
403.488,sglang:subprocess,0.0,0.0,83.464,70.42
403.989,sglang:subprocess,0.0,0.0,83.463,70.42
404.489,sglang:subprocess,0.0,0.0,83.463,70.42
404.99,sglang:subprocess,0.0,0.0,83.464,70.42
405.491,sglang:subprocess,0.0,0.0,83.464,70.42
405.991,sglang:subprocess,0.0,0.0,83.463,70.42
406.492,sglang:subprocess,0.0,0.0,83.463,70.42
406.993,sglang:subprocess,0.0,0.0,83.457,70.42
407.494,sglang:subprocess,0.0,0.0,83.457,70.42
407.994,sglang:subprocess,0.0,0.0,83.457,70.42
408.495,sglang:subprocess,0.0,0.0,83.457,70.42
408.996,sglang:subprocess,0.0,0.0,83.456,70.42
409.496,sglang:subprocess,0.0,0.0,83.456,70.42
409.997,sglang:subprocess,0.0,0.0,83.46,70.42
410.498,sglang:subprocess,0.0,0.0,83.46,70.42
410.998,sglang:subprocess,0.0,0.0,83.461,70.42
411.499,sglang:subprocess,0.0,0.0,83.461,70.42
412.0,sglang:subprocess,0.0,0.0,83.461,70.42
412.501,sglang:subprocess,0.0,0.0,83.462,70.42
413.001,sglang:subprocess,0.0,0.0,83.462,70.42
413.502,sglang:subprocess,0.0,0.0,83.462,70.42
414.003,sglang:subprocess,0.0,0.0,83.463,70.42
414.503,sglang:subprocess,0.0,0.0,83.463,70.42
415.004,sglang:subprocess,0.0,0.0,83.463,70.42
415.505,sglang:subprocess,0.0,0.0,83.463,70.42
416.005,sglang:subprocess,0.0,0.0,83.458,70.42
416.507,sglang:subprocess,0.0,0.0,83.458,70.42
417.008,sglang:subprocess,0.0,0.0,83.458,70.42
417.509,sglang:subprocess,0.0,0.0,83.458,70.42
418.01,sglang:subprocess,0.0,0.0,83.457,70.42
418.51,sglang:subprocess,0.0,0.0,83.457,70.42
419.011,sglang:subprocess,0.0,0.0,83.457,70.42
419.512,sglang:subprocess,0.0,0.0,83.457,70.42
420.012,sglang:subprocess,0.0,0.0,83.463,70.42
420.513,sglang:subprocess,0.0,0.0,83.463,70.42
421.014,sglang:subprocess,0.0,0.0,83.462,70.42
421.514,sglang:subprocess,0.0,0.0,83.462,70.42
422.015,sglang:subprocess,0.0,0.0,83.464,70.42
422.516,sglang:subprocess,0.0,0.0,83.464,70.42
423.017,sglang:subprocess,0.0,0.0,83.465,70.42
423.517,sglang:subprocess,0.0,0.0,83.464,70.42
424.018,sglang:subprocess,0.0,0.0,83.464,70.42
424.519,sglang:subprocess,0.0,0.0,83.464,70.42
425.019,sglang:subprocess,0.0,0.0,83.465,70.42
425.52,sglang:subprocess,0.0,0.0,83.465,70.42
426.021,sglang:subprocess,0.0,0.0,83.465,70.42
426.521,sglang:subprocess,0.0,0.0,83.465,70.42
427.022,sglang:subprocess,0.0,0.0,83.458,70.42
427.523,sglang:subprocess,0.0,0.0,83.459,70.42
428.023,sglang:subprocess,0.0,0.0,83.46,70.42
428.525,sglang:subprocess,0.0,0.0,83.46,70.42
429.025,sglang:subprocess,0.0,0.0,83.459,70.42
429.526,sglang:subprocess,0.0,0.0,83.459,70.42
430.027,sglang:subprocess,0.0,0.0,83.463,70.42
430.527,sglang:subprocess,0.0,0.0,83.464,70.42
431.028,sglang:subprocess,0.0,0.0,83.461,70.42
431.529,sglang:subprocess,0.0,0.0,83.461,70.42
432.029,sglang:subprocess,0.0,0.0,83.461,70.42
432.53,sglang:subprocess,0.0,0.0,83.462,70.42
433.031,sglang:subprocess,0.0,0.0,83.461,70.42
433.532,sglang:subprocess,0.0,0.0,83.461,70.42
434.032,sglang:subprocess,0.0,0.0,83.512,70.42
434.533,sglang:subprocess,0.0,0.0,83.563,70.42
435.034,sglang:subprocess,0.0,0.0,83.565,70.42
435.534,sglang:subprocess,0.0,0.0,83.565,70.42
436.035,sglang:subprocess,0.0,0.0,83.51,70.42
436.536,sglang:subprocess,0.0,0.0,83.511,70.42
437.036,sglang:subprocess,0.0,0.0,83.511,70.42
437.537,sglang:subprocess,0.0,0.0,83.511,70.42
438.038,sglang:subprocess,0.0,0.0,83.51,70.42
438.538,sglang:subprocess,0.0,0.0,83.512,70.42
439.04,sglang:subprocess,0.0,0.0,83.512,70.42
439.54,sglang:subprocess,0.0,0.0,83.513,70.42
440.041,sglang:subprocess,0.0,0.0,83.516,70.42
440.542,sglang:subprocess,0.0,0.0,83.517,70.42
441.042,sglang:subprocess,0.0,0.0,83.516,70.42
441.543,sglang:subprocess,0.0,0.0,83.516,70.42
442.044,sglang:subprocess,0.0,0.0,83.516,70.42
442.544,sglang:subprocess,0.0,0.0,83.517,70.42
443.045,sglang:subprocess,0.0,0.0,83.517,70.42
443.546,sglang:subprocess,0.0,0.0,83.517,70.42
444.047,sglang:subprocess,0.0,0.0,83.516,70.42
444.547,sglang:subprocess,0.0,0.0,83.544,70.42
445.048,sglang:subprocess,0.0,0.0,83.546,70.42
445.549,sglang:subprocess,0.0,0.0,83.546,70.42
446.049,sglang:subprocess,0.0,0.0,83.54,70.42
446.55,sglang:subprocess,0.0,0.0,83.541,70.42
447.051,sglang:subprocess,0.0,0.0,83.541,70.42
447.551,sglang:subprocess,0.0,0.0,83.541,70.42
448.052,sglang:subprocess,0.0,0.0,83.542,70.42
448.553,sglang:subprocess,0.0,0.0,83.542,70.42
449.053,sglang:subprocess,0.0,0.0,83.542,70.42
449.554,sglang:subprocess,0.0,0.0,83.542,70.42
450.055,sglang:subprocess,0.0,0.0,83.549,70.42
450.556,sglang:subprocess,0.0,0.0,83.548,70.42
451.056,sglang:subprocess,0.0,0.0,83.548,70.42
451.557,sglang:subprocess,0.0,0.0,83.548,70.42
452.058,sglang:subprocess,0.0,0.0,83.548,70.42
452.558,sglang:subprocess,0.0,0.0,83.548,70.42
453.059,sglang:subprocess,0.0,0.0,83.548,70.42
453.56,sglang:subprocess,0.0,0.0,83.547,70.42
454.06,sglang:subprocess,0.0,0.0,83.548,70.42
454.561,sglang:subprocess,0.0,0.0,83.55,70.42
455.062,sglang:subprocess,0.0,0.0,83.55,70.42
455.563,sglang:subprocess,0.0,0.0,83.549,70.42
456.063,sglang:subprocess,0.0,0.0,83.549,70.42
456.564,sglang:subprocess,0.0,0.0,83.549,70.42
457.065,sglang:subprocess,0.0,0.0,83.544,70.42
457.565,sglang:subprocess,0.0,0.0,83.545,70.42
458.066,sglang:subprocess,0.0,0.0,83.544,70.42
458.567,sglang:subprocess,0.0,0.0,83.545,70.42
459.067,sglang:subprocess,0.0,0.0,83.544,70.42
459.568,sglang:subprocess,0.0,0.0,83.543,70.42
460.069,sglang:subprocess,0.0,0.0,83.544,70.42
460.57,sglang:subprocess,0.0,0.0,83.545,70.42
461.07,sglang:subprocess,0.0,0.0,83.545,70.42
461.571,sglang:subprocess,0.0,0.0,83.545,70.42
462.072,sglang:subprocess,0.0,0.0,83.545,70.42
462.572,sglang:subprocess,0.0,0.0,83.545,70.42
463.073,sglang:subprocess,0.0,0.0,83.544,70.42
463.574,sglang:subprocess,0.0,0.0,83.545,70.42
464.074,sglang:subprocess,0.0,0.0,83.545,70.42
464.575,sglang:subprocess,0.0,0.0,83.546,70.42
465.076,sglang:subprocess,0.0,0.0,83.546,70.42
465.577,sglang:subprocess,0.0,0.0,83.546,70.42
466.077,sglang:subprocess,0.0,0.0,83.545,70.42
466.578,sglang:subprocess,0.0,0.0,83.545,70.42
467.079,sglang:subprocess,0.0,0.0,83.545,70.42
467.579,sglang:subprocess,0.0,0.0,83.545,70.42
468.08,sglang:subprocess,0.0,0.0,83.543,70.42
468.581,sglang:subprocess,0.0,0.0,83.546,70.42
469.081,sglang:subprocess,0.0,0.0,83.541,70.42
469.582,sglang:subprocess,0.0,0.0,83.541,70.42
470.083,sglang:subprocess,0.0,0.0,83.546,70.42
470.584,sglang:subprocess,0.0,0.0,83.546,70.42
471.084,sglang:subprocess,0.0,0.0,83.546,70.42
471.585,sglang:subprocess,0.0,0.0,83.546,70.42
472.086,sglang:subprocess,0.0,0.0,83.548,70.42
472.586,sglang:subprocess,0.0,0.0,83.548,70.42
473.087,sglang:subprocess,0.0,0.0,83.546,70.42
473.588,sglang:subprocess,0.0,0.0,83.546,70.42
474.088,sglang:subprocess,0.0,0.0,83.546,70.42
474.589,sglang:subprocess,0.0,0.0,83.546,70.42
475.09,sglang:subprocess,0.0,0.0,83.548,70.42
475.591,sglang:subprocess,0.0,0.0,83.548,70.42
476.091,sglang:subprocess,0.0,0.0,83.546,70.42
476.592,sglang:subprocess,0.0,0.0,83.547,70.42
477.093,sglang:subprocess,0.0,0.0,83.543,70.42
477.593,sglang:subprocess,0.0,0.0,83.543,70.42
478.094,sglang:subprocess,0.0,0.0,83.541,70.42
478.595,sglang:subprocess,0.0,0.0,83.542,70.42
479.095,sglang:subprocess,0.0,0.0,83.542,70.42
479.596,sglang:subprocess,0.0,0.0,83.542,70.42
480.097,sglang:subprocess,0.0,0.0,83.546,70.42
480.597,sglang:subprocess,0.0,0.0,83.546,70.42
481.098,sglang:subprocess,0.0,0.0,83.547,70.42
481.599,sglang:subprocess,0.0,0.0,83.547,70.42
482.1,sglang:subprocess,0.0,0.0,83.547,70.42
482.6,sglang:subprocess,0.0,0.0,83.547,70.42
483.101,sglang:subprocess,0.0,0.0,83.547,70.42
483.602,sglang:subprocess,0.0,0.0,83.546,70.42
484.102,sglang:subprocess,0.0,0.0,83.545,70.42
484.603,sglang:subprocess,0.0,0.0,83.546,70.42
485.104,sglang:subprocess,0.0,0.0,83.547,70.42
485.604,sglang:subprocess,0.0,0.0,83.548,70.42
486.105,sglang:subprocess,0.0,0.0,83.546,70.42
486.606,sglang:subprocess,0.0,0.0,83.546,70.42
487.107,sglang:subprocess,0.0,0.0,83.54,70.42
487.607,sglang:subprocess,0.0,0.0,83.54,70.42
488.108,sglang:subprocess,0.0,0.0,83.538,70.42
488.609,sglang:subprocess,0.0,0.0,83.539,70.42
489.109,sglang:subprocess,0.0,0.0,83.541,70.42
489.61,sglang:subprocess,0.0,0.0,83.541,70.42
490.111,sglang:subprocess,0.0,0.0,83.545,70.42
490.611,sglang:subprocess,0.0,0.0,83.546,70.42
491.112,sglang:subprocess,0.0,0.0,83.545,70.42
491.613,sglang:subprocess,0.0,0.0,83.545,70.42
492.114,sglang:subprocess,0.0,0.0,83.544,70.42
492.615,sglang:subprocess,0.0,0.0,83.545,70.42
493.115,sglang:subprocess,0.0,0.0,83.546,70.42
493.616,sglang:subprocess,0.0,0.0,83.546,70.42
494.117,sglang:subprocess,0.0,0.0,83.546,70.42
494.617,sglang:subprocess,0.0,0.0,83.546,70.42
495.118,sglang:subprocess,0.0,0.0,83.546,70.42
495.619,sglang:subprocess,0.0,0.0,83.546,70.42
496.119,sglang:subprocess,0.0,0.0,83.544,70.42
496.62,sglang:subprocess,0.0,0.0,83.544,70.42
497.121,sglang:subprocess,0.0,0.0,83.542,70.42
497.622,sglang:subprocess,0.0,0.0,83.543,70.42
498.122,sglang:subprocess,0.0,0.0,83.543,70.42
498.623,sglang:subprocess,0.0,0.0,83.543,70.42
499.124,sglang:subprocess,0.0,0.0,83.543,70.42
499.624,sglang:subprocess,0.0,0.0,83.545,70.42
500.125,sglang:subprocess,0.0,0.0,83.547,70.42
500.626,sglang:subprocess,0.0,0.0,83.547,70.42
501.126,sglang:subprocess,0.0,0.0,83.547,70.42
501.627,sglang:subprocess,0.0,0.0,83.548,70.42
502.128,sglang:subprocess,0.0,0.0,83.548,70.42
502.629,sglang:subprocess,0.0,0.0,83.548,70.42
503.13,sglang:subprocess,0.0,0.0,83.548,70.42
503.63,sglang:subprocess,0.0,0.0,83.548,70.42
504.131,sglang:subprocess,0.0,0.0,83.549,70.42
504.632,sglang:subprocess,0.0,0.0,83.549,70.42
505.132,sglang:subprocess,0.0,0.0,83.547,70.42
505.633,sglang:subprocess,0.0,0.0,83.549,70.42
506.134,sglang:subprocess,0.0,0.0,83.548,70.42
506.634,sglang:subprocess,0.0,0.0,83.541,70.42
507.135,sglang:subprocess,0.0,0.0,83.541,70.42
507.636,sglang:subprocess,0.0,0.0,83.542,70.42
508.137,sglang:subprocess,0.0,0.0,83.542,70.42
508.637,sglang:subprocess,0.0,0.0,83.542,70.42
509.138,sglang:subprocess,0.0,0.0,83.542,70.42
509.639,sglang:subprocess,0.0,0.0,83.543,70.42
510.139,sglang:subprocess,0.0,0.0,83.548,70.42
510.64,sglang:subprocess,0.0,0.0,83.548,70.42
511.141,sglang:subprocess,0.0,0.0,83.548,70.42
511.641,sglang:subprocess,0.0,0.0,83.548,70.42
512.142,sglang:subprocess,0.0,0.0,83.547,70.42
512.643,sglang:subprocess,0.0,0.0,83.547,70.42
513.144,sglang:subprocess,0.0,0.0,83.547,70.42
513.644,sglang:subprocess,0.0,0.0,83.546,70.42
514.145,sglang:subprocess,0.0,0.0,83.542,70.42
514.646,sglang:subprocess,0.0,0.0,83.542,70.42
515.146,sglang:subprocess,0.0,0.0,83.542,70.42
515.647,sglang:subprocess,0.0,0.0,83.543,70.42
516.148,sglang:subprocess,0.0,0.0,83.542,70.42
516.648,sglang:subprocess,0.0,0.0,83.542,70.42
517.149,sglang:subprocess,0.0,0.0,83.542,70.42
517.65,sglang:subprocess,0.0,0.0,83.543,70.42
518.151,sglang:subprocess,0.0,0.0,83.542,70.42
518.652,sglang:subprocess,0.0,0.0,83.542,70.42
519.152,sglang:subprocess,0.0,0.0,83.542,70.42
519.653,sglang:subprocess,0.0,0.0,83.544,70.42
520.154,sglang:subprocess,0.0,0.0,83.548,70.42
520.654,sglang:subprocess,0.0,0.0,83.549,70.42
521.155,sglang:subprocess,0.0,0.0,83.549,70.42
521.656,sglang:subprocess,0.0,0.0,83.55,70.42
522.156,sglang:subprocess,0.0,0.0,83.548,70.42
522.657,sglang:subprocess,0.0,0.0,83.548,70.42
523.159,sglang:subprocess,0.0,0.0,83.548,70.42
523.659,sglang:subprocess,0.0,0.0,83.548,70.42
524.16,sglang:subprocess,0.0,0.0,83.548,70.42
524.661,sglang:subprocess,0.0,0.0,83.548,70.42
525.161,sglang:subprocess,0.0,0.0,83.543,70.42
525.662,sglang:subprocess,0.0,0.0,83.543,70.42
526.163,sglang:subprocess,0.0,0.0,83.544,70.42
526.663,sglang:subprocess,0.0,0.0,83.543,70.42
527.164,sglang:subprocess,0.0,0.0,83.544,70.42
527.665,sglang:subprocess,0.0,0.0,83.543,70.42
528.166,sglang:subprocess,0.0,0.0,83.543,70.42
528.667,sglang:subprocess,0.0,0.0,83.543,70.42
529.167,sglang:subprocess,0.0,0.0,83.543,70.42
529.668,sglang:subprocess,0.0,0.0,83.543,70.42
530.169,sglang:subprocess,0.0,0.0,83.551,70.42
530.669,sglang:subprocess,0.0,0.0,83.552,70.42
531.17,sglang:subprocess,0.0,0.0,83.552,70.42
531.671,sglang:subprocess,0.0,0.0,83.552,70.42
532.171,sglang:subprocess,0.0,0.0,83.55,70.42
532.672,sglang:subprocess,0.0,0.0,83.55,70.42
533.172,sglang:subprocess,0.0,0.0,83.55,70.42
533.674,sglang:subprocess,0.0,0.0,83.55,70.42
534.174,sglang:subprocess,0.0,0.0,83.55,70.42
534.675,sglang:subprocess,0.0,0.0,83.55,70.42
535.176,sglang:subprocess,0.0,0.0,83.55,70.42
535.676,sglang:subprocess,0.0,0.0,83.551,70.42
536.177,sglang:subprocess,0.0,0.0,83.545,70.42
536.678,sglang:subprocess,0.0,0.0,83.545,70.42
537.178,sglang:subprocess,0.0,0.0,83.545,70.42
537.679,sglang:subprocess,0.0,0.0,83.545,70.42
538.18,sglang:subprocess,0.0,0.0,83.545,70.42
538.681,sglang:subprocess,0.0,0.0,83.544,70.42
539.181,sglang:subprocess,0.0,0.0,83.544,70.42
539.682,sglang:subprocess,0.0,0.0,83.545,70.42
540.183,sglang:subprocess,0.0,0.0,83.551,70.42
540.683,sglang:subprocess,0.0,0.0,83.551,70.42
541.184,sglang:subprocess,0.0,0.0,83.552,70.42
541.685,sglang:subprocess,0.0,0.0,83.552,70.42
542.185,sglang:subprocess,0.0,0.0,83.552,70.42
542.686,sglang:subprocess,0.0,0.0,83.551,70.42
543.187,sglang:subprocess,0.0,0.0,83.551,70.42
543.687,sglang:subprocess,0.0,0.0,83.552,70.42
544.188,sglang:subprocess,0.0,0.0,83.55,70.42
544.689,sglang:subprocess,0.0,0.0,83.551,70.42
545.19,sglang:subprocess,0.0,0.0,83.551,70.42
545.69,sglang:subprocess,0.0,0.0,83.551,70.42
546.191,sglang:subprocess,0.0,0.0,83.553,70.42
546.692,sglang:subprocess,0.0,0.0,83.547,70.42
547.192,sglang:subprocess,0.0,0.0,83.547,70.42
547.693,sglang:subprocess,0.0,0.0,83.547,70.42
548.194,sglang:subprocess,0.0,0.0,83.544,70.42
548.694,sglang:subprocess,0.0,0.0,83.544,70.42
549.195,sglang:subprocess,0.0,0.0,83.544,70.42
549.696,sglang:subprocess,0.0,0.0,83.544,70.42
550.197,sglang:subprocess,0.0,0.0,83.55,70.42
550.697,sglang:subprocess,0.0,0.0,83.551,70.42
551.198,sglang:subprocess,0.0,0.0,83.551,70.42
551.699,sglang:subprocess,0.0,0.0,83.551,70.42
552.199,sglang:subprocess,0.0,0.0,83.551,70.42
552.7,sglang:subprocess,0.0,0.0,83.552,70.42
553.201,sglang:subprocess,0.0,0.0,83.551,70.42
553.701,sglang:subprocess,0.0,0.0,83.551,70.42
554.202,sglang:subprocess,0.0,0.0,83.551,70.42
554.703,sglang:subprocess,0.0,0.0,83.551,70.42
555.204,sglang:subprocess,0.0,0.0,83.552,70.42
555.704,sglang:subprocess,0.0,0.0,83.554,70.42
556.205,sglang:subprocess,0.0,0.0,83.548,70.42
556.706,sglang:subprocess,0.0,0.0,83.548,70.42
557.206,sglang:subprocess,0.0,0.0,83.545,70.42
557.707,sglang:subprocess,0.0,0.0,83.545,70.42
558.208,sglang:subprocess,0.0,0.0,83.544,70.42
558.708,sglang:subprocess,0.0,0.0,83.544,70.42
559.209,sglang:subprocess,0.0,0.0,83.544,70.42
559.71,sglang:subprocess,0.0,0.0,83.545,70.42
560.211,sglang:subprocess,0.0,0.0,83.547,70.42
560.711,sglang:subprocess,0.0,0.0,83.547,70.42
561.212,sglang:subprocess,0.0,0.0,83.547,70.42
561.713,sglang:subprocess,0.0,0.0,83.547,70.42
562.213,sglang:subprocess,0.0,0.0,83.548,70.42
562.714,sglang:subprocess,0.0,0.0,83.547,70.42
563.215,sglang:subprocess,0.0,0.0,83.547,70.42
563.715,sglang:subprocess,0.0,0.0,83.547,70.42
564.216,sglang:subprocess,0.0,0.0,83.546,70.42
564.717,sglang:subprocess,0.0,0.0,83.547,70.42
565.218,sglang:subprocess,0.0,0.0,83.547,70.42
565.718,sglang:subprocess,0.0,0.0,83.546,70.42
566.219,sglang:subprocess,0.0,0.0,83.544,70.42
566.72,sglang:subprocess,0.0,0.0,83.545,70.42
567.22,sglang:subprocess,0.0,0.0,83.545,70.42
567.721,sglang:subprocess,0.0,0.0,83.545,70.42
568.222,sglang:subprocess,0.0,0.0,83.545,70.42
568.722,sglang:subprocess,0.0,0.0,83.545,70.42
569.223,sglang:subprocess,0.0,0.0,83.545,70.42
569.724,sglang:subprocess,0.0,0.0,83.545,70.42
570.225,sglang:subprocess,0.0,0.0,83.546,70.42
570.726,sglang:subprocess,0.0,0.0,83.549,70.42
571.226,sglang:subprocess,0.0,0.0,83.549,70.42
571.727,sglang:subprocess,0.0,0.0,83.549,70.42
572.227,sglang:subprocess,0.0,0.0,83.549,70.42
572.728,sglang:subprocess,0.0,0.0,83.548,70.42
573.229,sglang:subprocess,0.0,0.0,83.548,70.42
573.729,sglang:subprocess,0.0,0.0,83.548,70.42
574.23,sglang:subprocess,0.0,0.0,83.548,70.42
574.731,sglang:subprocess,0.0,0.0,83.55,70.42
575.231,sglang:subprocess,0.0,0.0,83.55,70.42
575.733,sglang:subprocess,0.0,0.0,83.544,70.42
576.233,sglang:subprocess,0.0,0.0,83.544,70.42
576.734,sglang:subprocess,0.0,0.0,83.544,70.42
577.235,sglang:subprocess,0.0,0.0,83.544,70.42
577.735,sglang:subprocess,0.0,0.0,83.544,70.42
578.236,sglang:subprocess,0.0,0.0,83.544,70.42
578.737,sglang:subprocess,0.0,0.0,83.544,70.42
579.237,sglang:subprocess,0.0,0.0,83.544,70.42
579.738,sglang:subprocess,0.0,0.0,83.544,70.42
580.239,sglang:subprocess,0.0,0.0,83.55,70.42
580.74,sglang:subprocess,0.0,0.0,83.549,70.42
581.24,sglang:subprocess,0.0,0.0,83.549,70.42
581.741,sglang:subprocess,0.0,0.0,83.55,70.42
582.242,sglang:subprocess,0.0,0.0,83.548,70.42
582.742,sglang:subprocess,0.0,0.0,83.55,70.42
583.243,sglang:subprocess,0.0,0.0,83.55,70.42
583.744,sglang:subprocess,0.0,0.0,83.55,70.42
584.244,sglang:subprocess,0.0,0.0,83.549,70.42
584.745,sglang:subprocess,0.0,0.0,83.55,70.42
585.246,sglang:subprocess,0.0,0.0,83.55,70.42
585.746,sglang:subprocess,0.0,0.0,83.551,70.42
586.247,sglang:subprocess,0.0,0.0,83.546,70.42
586.748,sglang:subprocess,0.0,0.0,83.545,70.42
587.249,sglang:subprocess,0.0,0.0,83.545,70.42
587.749,sglang:subprocess,0.0,0.0,83.545,70.42
588.25,sglang:subprocess,0.0,0.0,83.545,70.42
588.751,sglang:subprocess,0.0,0.0,83.544,70.42
589.251,sglang:subprocess,0.0,0.0,83.544,70.42
589.752,sglang:subprocess,0.0,0.0,83.544,70.42
590.253,sglang:subprocess,0.0,0.0,83.548,70.42
590.753,sglang:subprocess,0.0,0.0,83.548,70.42
591.254,sglang:subprocess,0.0,0.0,83.548,70.42
591.755,sglang:subprocess,0.0,0.0,83.548,70.42
592.256,sglang:subprocess,0.0,0.0,83.547,70.42
592.756,sglang:subprocess,0.0,0.0,83.547,70.42
593.257,sglang:subprocess,0.0,0.0,83.547,70.42
593.758,sglang:subprocess,0.0,0.0,83.547,70.42
594.258,sglang:subprocess,0.0,0.0,83.546,70.42
594.759,sglang:subprocess,0.0,0.0,83.546,70.42
595.26,sglang:subprocess,0.0,0.0,83.547,70.42
595.76,sglang:subprocess,0.0,0.0,83.548,70.42
596.261,sglang:subprocess,0.0,0.0,83.548,70.42
596.762,sglang:subprocess,0.0,0.0,83.545,70.42
597.263,sglang:subprocess,0.0,0.0,83.546,70.42
597.764,sglang:subprocess,0.0,0.0,83.545,70.42
598.264,sglang:subprocess,0.0,0.0,83.544,70.42
598.765,sglang:subprocess,0.0,0.0,83.544,70.42
599.266,sglang:subprocess,0.0,0.0,83.545,70.42
599.766,sglang:subprocess,0.0,0.0,83.545,70.42
600.267,sglang:subprocess,0.0,0.0,83.549,70.42
600.768,sglang:subprocess,0.0,0.0,83.55,70.42
601.268,sglang:subprocess,0.0,0.0,83.549,70.42
601.769,sglang:subprocess,0.0,0.0,83.55,70.42
602.27,sglang:subprocess,0.0,0.0,83.55,70.42
602.771,sglang:subprocess,0.0,0.0,83.55,70.42
603.271,sglang:subprocess,0.0,0.0,83.549,70.42
603.772,sglang:subprocess,0.0,0.0,83.548,70.42
604.273,sglang:subprocess,0.0,0.0,83.547,70.42
604.773,sglang:subprocess,0.0,0.0,83.548,70.42
605.274,sglang:subprocess,0.0,0.0,83.549,70.42
605.775,sglang:subprocess,0.0,0.0,83.549,70.42
606.275,sglang:subprocess,0.0,0.0,83.548,70.42
606.776,sglang:subprocess,0.0,0.0,83.543,70.42
607.277,sglang:subprocess,0.0,0.0,83.543,70.42
607.778,sglang:subprocess,0.0,0.0,83.543,70.42
608.278,sglang:subprocess,0.0,0.0,83.543,70.42
608.779,sglang:subprocess,0.0,0.0,83.543,70.42
609.28,sglang:subprocess,0.0,0.0,83.543,70.42
609.78,sglang:subprocess,0.0,0.0,83.542,70.42
610.281,sglang:subprocess,0.0,0.0,83.546,70.42
610.782,sglang:subprocess,0.0,0.0,83.544,70.42
611.282,sglang:subprocess,0.0,0.0,83.545,70.42
611.783,sglang:subprocess,0.0,0.0,83.545,70.42
612.284,sglang:subprocess,0.0,0.0,83.543,70.42
612.785,sglang:subprocess,0.0,0.0,83.544,70.42
613.285,sglang:subprocess,0.0,0.0,83.545,70.42
613.786,sglang:subprocess,0.0,0.0,83.546,70.42
614.287,sglang:subprocess,0.0,0.0,83.545,70.42
614.787,sglang:subprocess,0.0,0.0,83.545,70.42
615.288,sglang:subprocess,0.0,0.0,83.542,70.42
615.789,sglang:subprocess,0.0,0.0,83.543,70.42
616.289,sglang:subprocess,0.0,0.0,83.542,70.42
616.79,sglang:subprocess,0.0,0.0,83.542,70.42
617.291,sglang:subprocess,0.0,0.0,83.542,70.42
617.792,sglang:subprocess,0.0,0.0,83.542,70.42
618.293,sglang:subprocess,0.0,0.0,83.543,70.42
618.793,sglang:subprocess,0.0,0.0,83.542,70.42
619.294,sglang:subprocess,0.0,0.0,83.542,70.42
619.794,sglang:subprocess,0.0,0.0,83.543,70.42
620.295,sglang:subprocess,0.0,0.0,83.545,70.42
620.796,sglang:subprocess,0.0,0.0,83.547,70.42
621.297,sglang:subprocess,0.0,0.0,83.548,70.42
621.797,sglang:subprocess,0.0,0.0,83.548,70.42
622.298,sglang:subprocess,0.0,0.0,83.549,70.42
622.799,sglang:subprocess,0.0,0.0,83.549,70.42
623.3,sglang:subprocess,0.0,0.0,83.55,70.42
623.8,sglang:subprocess,0.0,0.0,83.549,70.42
624.301,sglang:subprocess,0.0,0.0,83.549,70.42
624.802,sglang:subprocess,0.0,0.0,83.549,70.42
625.302,sglang:subprocess,0.0,0.0,83.549,70.42
625.803,sglang:subprocess,0.0,0.0,83.549,70.42
626.304,sglang:subprocess,0.0,0.0,83.54,70.42
626.804,sglang:subprocess,0.0,0.0,83.541,70.42
627.305,sglang:subprocess,0.0,0.0,83.541,70.42
627.806,sglang:subprocess,0.0,0.0,83.542,70.42
628.307,sglang:subprocess,0.0,0.0,83.542,70.42
628.807,sglang:subprocess,0.0,0.0,83.542,70.42
629.308,sglang:subprocess,0.0,0.0,83.542,70.42
629.809,sglang:subprocess,0.0,0.0,83.542,70.42
630.309,sglang:subprocess,0.0,0.0,83.547,70.42
630.81,sglang:subprocess,0.0,0.0,83.546,70.42
631.311,sglang:subprocess,0.0,0.0,83.546,70.42
631.811,sglang:subprocess,0.0,0.0,83.546,70.42
632.312,sglang:subprocess,0.0,0.0,83.546,70.42
632.813,sglang:subprocess,0.0,0.0,83.545,70.42
633.314,sglang:subprocess,0.0,0.0,83.545,70.42
633.814,sglang:subprocess,0.0,0.0,83.543,70.42
634.315,sglang:subprocess,0.0,0.0,83.545,70.42
634.816,sglang:subprocess,0.0,0.0,83.542,70.42
635.316,sglang:subprocess,0.0,0.0,83.543,70.42
635.817,sglang:subprocess,0.0,0.0,83.543,70.42
636.318,sglang:subprocess,0.0,0.0,83.542,70.42
636.818,sglang:subprocess,0.0,0.0,83.542,70.42
637.319,sglang:subprocess,0.0,0.0,83.542,70.42
637.82,sglang:subprocess,0.0,0.0,83.544,70.42
638.32,sglang:subprocess,0.0,0.0,83.543,70.42
638.822,sglang:subprocess,0.0,0.0,83.543,70.42
639.322,sglang:subprocess,0.0,0.0,83.543,70.42
639.823,sglang:subprocess,0.0,0.0,83.543,70.42
640.324,sglang:subprocess,0.0,0.0,83.548,70.42
640.824,sglang:subprocess,0.0,0.0,83.549,70.42
641.325,sglang:subprocess,0.0,0.0,83.549,70.42
641.826,sglang:subprocess,0.0,0.0,83.551,70.42
642.326,sglang:subprocess,0.0,0.0,83.551,70.42
642.827,sglang:subprocess,0.0,0.0,83.551,70.42
643.329,sglang:subprocess,0.0,0.0,83.551,70.42
643.83,sglang:subprocess,0.0,0.0,83.551,70.42
644.33,sglang:subprocess,0.0,0.0,83.55,70.42
644.831,sglang:subprocess,0.0,0.0,83.551,70.42
645.332,sglang:subprocess,0.0,0.0,83.551,70.42
645.832,sglang:subprocess,0.0,0.0,83.552,70.42
646.333,sglang:subprocess,0.0,0.0,83.552,70.42
646.834,sglang:subprocess,0.0,0.0,83.552,70.42
647.334,sglang:subprocess,0.0,0.0,83.544,70.42
647.835,sglang:subprocess,0.0,0.0,83.543,70.42
648.336,sglang:subprocess,0.0,0.0,83.542,70.42
648.836,sglang:subprocess,0.0,0.0,83.541,70.42
649.337,sglang:subprocess,0.0,0.0,83.541,70.42
649.838,sglang:subprocess,0.0,0.0,83.543,70.42
650.339,sglang:subprocess,0.0,0.0,83.549,70.42
650.839,sglang:subprocess,0.0,0.0,83.55,70.42
651.34,sglang:subprocess,0.0,0.0,83.55,70.42
651.841,sglang:subprocess,0.0,0.0,83.55,70.42
652.341,sglang:subprocess,0.0,0.0,83.548,70.42
652.842,sglang:subprocess,0.0,0.0,83.55,70.42
653.343,sglang:subprocess,0.0,0.0,83.55,70.42
653.843,sglang:subprocess,0.0,0.0,83.551,70.42
654.345,sglang:subprocess,0.0,0.0,83.55,70.42
654.845,sglang:subprocess,0.0,0.0,83.551,70.42
655.346,sglang:subprocess,0.0,0.0,83.551,70.42
655.847,sglang:subprocess,0.0,0.0,83.551,70.42
656.347,sglang:subprocess,0.0,0.0,83.551,70.42
656.848,sglang:subprocess,0.0,0.0,83.55,70.42
657.349,sglang:subprocess,0.0,0.0,83.55,70.42
657.849,sglang:subprocess,0.0,0.0,83.542,70.42
658.35,sglang:subprocess,0.0,0.0,83.542,70.42
658.851,sglang:subprocess,0.0,0.0,83.542,70.42
659.351,sglang:subprocess,0.0,0.0,83.542,70.42
659.853,sglang:subprocess,0.0,0.0,83.542,70.42
660.353,sglang:subprocess,0.0,0.0,83.546,70.42
660.854,sglang:subprocess,0.0,0.0,83.547,70.42
661.354,sglang:subprocess,0.0,0.0,83.547,70.42
661.855,sglang:subprocess,0.0,0.0,83.547,70.42
662.356,sglang:subprocess,0.0,0.0,83.546,70.42
662.856,sglang:subprocess,0.0,0.0,83.546,70.42
663.357,sglang:subprocess,0.0,0.0,83.545,70.42
663.858,sglang:subprocess,0.0,0.0,83.545,70.42
664.358,sglang:subprocess,0.0,0.0,83.544,70.42
664.86,sglang:subprocess,0.0,0.0,83.544,70.42
665.36,sglang:subprocess,0.0,0.0,83.544,70.42
665.861,sglang:subprocess,0.0,0.0,83.545,70.42
666.362,sglang:subprocess,0.0,0.0,83.544,70.42
666.862,sglang:subprocess,0.0,0.0,83.542,70.42
667.363,sglang:subprocess,0.0,0.0,83.542,70.42
667.864,sglang:subprocess,0.0,0.0,83.543,70.42
668.364,sglang:subprocess,0.0,0.0,83.542,70.42
668.865,sglang:subprocess,0.0,0.0,83.542,70.42
669.366,sglang:subprocess,0.0,0.0,83.543,70.42
669.866,sglang:subprocess,0.0,0.0,83.544,70.42
670.367,sglang:subprocess,0.0,0.0,83.547,70.42
670.868,sglang:subprocess,0.0,0.0,83.548,70.42
671.369,sglang:subprocess,0.0,0.0,83.547,70.42
671.869,sglang:subprocess,0.0,0.0,83.554,70.42
672.37,sglang:subprocess,0.0,0.0,83.546,70.42
672.871,sglang:subprocess,0.0,0.0,83.547,70.42
673.371,sglang:subprocess,0.0,0.0,83.547,70.42
673.872,sglang:subprocess,0.0,0.0,83.55,70.42
674.373,sglang:subprocess,0.0,0.0,83.546,70.42
674.873,sglang:subprocess,0.0,0.0,83.546,70.42
675.374,sglang:subprocess,0.0,0.0,83.546,70.42
675.875,sglang:subprocess,0.0,0.0,83.546,70.42
676.376,sglang:subprocess,0.0,0.0,83.456,70.42
676.876,sglang:subprocess,0.0,0.0,83.456,70.42
677.377,sglang:subprocess,0.0,0.0,83.456,70.42
677.878,sglang:subprocess,0.0,0.0,83.462,70.42
678.379,sglang:subprocess,0.0,0.0,83.458,70.42
678.879,sglang:subprocess,0.0,0.0,83.458,70.42
679.38,sglang:subprocess,0.0,0.0,83.459,70.42
679.881,sglang:subprocess,0.0,0.0,83.458,70.42
680.381,sglang:subprocess,0.0,0.0,83.462,70.42
680.883,sglang:subprocess,0.0,0.0,83.463,70.42
681.383,sglang:subprocess,0.0,0.0,83.463,70.42
681.884,sglang:subprocess,0.0,0.0,83.464,70.42
682.385,sglang:subprocess,0.0,0.0,83.461,70.42
682.885,sglang:subprocess,0.0,0.0,83.461,70.42
683.386,sglang:subprocess,0.0,0.0,83.461,70.42
683.887,sglang:subprocess,0.0,0.0,83.461,70.42
684.387,sglang:subprocess,0.0,0.0,83.461,70.42
684.888,sglang:subprocess,0.0,0.0,83.462,70.42
685.389,sglang:subprocess,0.0,0.0,83.462,70.42
685.89,sglang:subprocess,0.0,0.0,83.454,70.42
686.39,sglang:subprocess,0.0,0.0,83.457,70.42
686.891,sglang:subprocess,0.0,0.0,83.456,70.42
687.392,sglang:subprocess,0.0,0.0,83.456,70.42
687.892,sglang:subprocess,0.0,0.0,83.455,70.42
688.393,sglang:subprocess,0.0,0.0,83.456,70.42
688.894,sglang:subprocess,0.0,0.0,83.457,70.42
689.394,sglang:subprocess,0.0,0.0,83.457,70.42
689.895,sglang:subprocess,0.0,0.0,83.456,70.42
690.396,sglang:subprocess,0.0,0.0,83.461,70.42
690.896,sglang:subprocess,0.0,0.0,83.463,70.42
691.398,sglang:subprocess,0.0,0.0,83.463,70.42
691.898,sglang:subprocess,0.0,0.0,83.462,70.42
692.399,sglang:subprocess,0.0,0.0,83.462,70.42
692.899,sglang:subprocess,0.0,0.0,83.463,70.42
693.4,sglang:subprocess,0.0,0.0,83.462,70.42
693.901,sglang:subprocess,0.0,0.0,83.462,70.42
694.401,sglang:subprocess,0.0,0.0,83.463,70.42
694.902,sglang:subprocess,0.0,0.0,83.462,70.42
695.403,sglang:subprocess,0.0,0.0,83.462,70.42
695.903,sglang:subprocess,0.0,0.0,83.462,70.42
696.404,sglang:subprocess,0.0,0.0,83.455,70.42
696.905,sglang:subprocess,0.0,0.0,83.456,70.42
697.406,sglang:subprocess,0.0,0.0,83.456,70.42
697.906,sglang:subprocess,0.0,0.0,83.456,70.42
698.407,sglang:subprocess,0.0,0.0,83.456,70.42
698.908,sglang:subprocess,0.0,0.0,83.455,70.42
699.408,sglang:subprocess,0.0,0.0,83.454,70.42
699.909,sglang:subprocess,0.0,0.0,83.457,70.42
700.41,sglang:subprocess,0.0,0.0,83.46,70.42
700.91,sglang:subprocess,0.0,0.0,83.462,70.42
701.411,sglang:subprocess,0.0,0.0,83.462,70.42
701.912,sglang:subprocess,0.0,0.0,83.461,70.42
702.413,sglang:subprocess,0.0,0.0,83.461,70.42
702.913,sglang:subprocess,0.0,0.0,83.46,70.42
703.414,sglang:subprocess,0.0,0.0,83.46,70.42
703.915,sglang:subprocess,0.0,0.0,83.46,70.42
704.415,sglang:subprocess,0.0,0.0,83.46,70.42
704.916,sglang:subprocess,0.0,0.0,83.459,70.42
705.417,sglang:subprocess,0.0,0.0,83.459,70.42
705.917,sglang:subprocess,0.0,0.0,83.462,70.42
706.418,sglang:subprocess,0.0,0.0,83.462,70.42
706.919,sglang:subprocess,0.0,0.0,83.456,70.42
707.42,sglang:subprocess,0.0,0.0,83.456,70.42
707.92,sglang:subprocess,0.0,0.0,83.456,70.42
708.421,sglang:subprocess,0.0,0.0,83.456,70.42
708.922,sglang:subprocess,0.0,0.0,83.456,70.42
709.422,sglang:subprocess,0.0,0.0,83.456,70.42
709.923,sglang:subprocess,0.0,0.0,83.453,70.42
710.424,sglang:subprocess,0.0,0.0,83.459,70.42
710.924,sglang:subprocess,0.0,0.0,83.461,70.42
711.425,sglang:subprocess,0.0,0.0,83.461,70.42
711.926,sglang:subprocess,0.0,0.0,83.461,70.42
712.427,sglang:subprocess,0.0,0.0,83.461,70.42
712.927,sglang:subprocess,0.0,0.0,83.461,70.42
713.428,sglang:subprocess,0.0,0.0,83.461,70.42
713.929,sglang:subprocess,0.0,0.0,83.461,70.42
714.429,sglang:subprocess,0.0,0.0,83.462,70.42
714.93,sglang:subprocess,0.0,0.0,83.462,70.42
715.431,sglang:subprocess,0.0,0.0,83.462,70.42
715.931,sglang:subprocess,0.0,0.0,83.453,70.42
716.432,sglang:subprocess,0.0,0.0,83.454,70.42
716.933,sglang:subprocess,0.0,0.0,83.455,70.42
717.434,sglang:subprocess,0.0,0.0,83.456,70.42
717.934,sglang:subprocess,0.0,0.0,83.455,70.42
718.435,sglang:subprocess,0.0,0.0,83.455,70.42
718.936,sglang:subprocess,0.0,0.0,83.455,70.42
719.436,sglang:subprocess,0.0,0.0,83.455,70.42
719.937,sglang:subprocess,0.0,0.0,83.455,70.42
720.438,sglang:subprocess,0.0,0.0,83.458,70.42
720.938,sglang:subprocess,0.0,0.0,83.46,70.42
721.439,sglang:subprocess,0.0,0.0,83.459,70.42
721.94,sglang:subprocess,0.0,0.0,83.459,70.42
722.44,sglang:subprocess,0.0,0.0,83.459,70.42
722.941,sglang:subprocess,0.0,0.0,83.459,70.42
723.442,sglang:subprocess,0.0,0.0,83.46,70.42
723.943,sglang:subprocess,0.0,0.0,83.459,70.42
724.443,sglang:subprocess,0.0,0.0,83.459,70.42
724.944,sglang:subprocess,0.0,0.0,83.46,70.42
725.445,sglang:subprocess,0.0,0.0,83.461,70.42
725.945,sglang:subprocess,0.0,0.0,83.461,70.42
726.446,sglang:subprocess,0.0,0.0,83.461,70.42
726.947,sglang:subprocess,0.0,0.0,83.457,70.42
727.447,sglang:subprocess,0.0,0.0,83.456,70.42
727.948,sglang:subprocess,0.0,0.0,83.455,70.42
728.449,sglang:subprocess,0.0,0.0,83.455,70.42
728.95,sglang:subprocess,0.0,0.0,83.456,70.42
729.45,sglang:subprocess,0.0,0.0,83.455,70.42
729.951,sglang:subprocess,0.0,0.0,83.456,70.42
730.452,sglang:subprocess,0.0,0.0,83.456,70.42
730.952,sglang:subprocess,0.0,0.0,83.457,70.42
731.453,sglang:subprocess,0.0,0.0,83.458,70.42
731.954,sglang:subprocess,0.0,0.0,83.459,70.42
732.454,sglang:subprocess,0.0,0.0,83.46,70.42
732.955,sglang:subprocess,0.0,0.0,83.46,70.42
733.456,sglang:subprocess,0.0,0.0,83.46,70.42
733.957,sglang:subprocess,0.0,0.0,83.458,70.42
734.457,sglang:subprocess,0.0,0.0,83.458,70.42
734.958,sglang:subprocess,0.0,0.0,83.514,70.42
735.459,sglang:subprocess,0.0,0.0,83.565,70.42
735.959,sglang:subprocess,0.0,0.0,83.565,70.42
736.46,sglang:subprocess,0.0,0.0,83.565,70.42
736.961,sglang:subprocess,0.0,0.0,83.566,70.42
737.461,sglang:subprocess,0.0,0.0,83.566,70.42
737.962,sglang:subprocess,0.0,0.0,83.565,70.42
738.463,sglang:subprocess,0.0,0.0,83.565,70.42
738.964,sglang:subprocess,0.0,0.0,83.565,70.42
739.465,sglang:subprocess,0.0,0.0,83.567,70.42
739.965,sglang:subprocess,0.0,0.0,83.566,70.42
740.466,sglang:subprocess,0.0,0.0,83.567,70.42
740.967,sglang:subprocess,0.0,0.0,83.567,70.42
741.467,sglang:subprocess,0.0,0.0,83.568,70.42
741.968,sglang:subprocess,0.0,0.0,83.565,70.42
742.469,sglang:subprocess,0.0,0.0,83.565,70.42
742.97,sglang:subprocess,0.0,0.0,83.565,70.42
743.47,sglang:subprocess,0.0,0.0,83.567,70.42
743.972,sglang:subprocess,0.0,0.0,83.568,70.42
744.472,sglang:subprocess,0.0,0.0,83.568,70.42
744.973,sglang:subprocess,0.0,0.0,83.567,70.42
745.474,sglang:subprocess,0.0,0.0,83.567,70.42
745.974,sglang:subprocess,0.0,0.0,83.561,70.42
746.475,sglang:subprocess,0.0,0.0,83.561,70.42
746.976,sglang:subprocess,0.0,0.0,83.562,70.42
747.476,sglang:subprocess,0.0,0.0,83.563,70.42
747.977,sglang:subprocess,0.0,0.0,83.563,70.42
748.478,sglang:subprocess,0.0,0.0,83.563,70.42
748.979,sglang:subprocess,0.0,0.0,83.563,70.42
749.479,sglang:subprocess,0.0,0.0,83.562,70.42
749.98,sglang:subprocess,0.0,0.0,83.565,70.42
750.481,sglang:subprocess,0.0,0.0,83.566,70.42
750.981,sglang:subprocess,0.0,0.0,83.566,70.42
751.482,sglang:subprocess,0.0,0.0,83.568,70.42
751.983,sglang:subprocess,0.0,0.0,83.567,70.42
752.483,sglang:subprocess,0.0,0.0,83.567,70.42
752.984,sglang:subprocess,0.0,0.0,83.567,70.42
753.485,sglang:subprocess,0.0,0.0,83.567,70.42
753.985,sglang:subprocess,0.0,0.0,83.565,70.42
754.486,sglang:subprocess,0.0,0.0,83.566,70.42
754.987,sglang:subprocess,0.0,0.0,83.565,70.42
755.488,sglang:subprocess,0.0,0.0,83.559,70.42
755.988,sglang:subprocess,0.0,0.0,83.562,70.42
756.489,sglang:subprocess,0.0,0.0,83.562,70.42
756.99,sglang:subprocess,0.0,0.0,83.562,70.42
757.49,sglang:subprocess,0.0,0.0,83.562,70.42
757.991,sglang:subprocess,0.0,0.0,83.562,70.42
758.492,sglang:subprocess,0.0,0.0,83.562,70.42
758.992,sglang:subprocess,0.0,0.0,83.563,70.42
759.493,sglang:subprocess,0.0,0.0,83.563,70.42
759.994,sglang:subprocess,0.0,0.0,83.566,70.42
760.495,sglang:subprocess,0.0,0.0,83.566,70.42
760.995,sglang:subprocess,0.0,0.0,83.569,70.42
761.496,sglang:subprocess,0.0,0.0,83.569,70.42
761.997,sglang:subprocess,0.0,0.0,83.568,70.42
762.497,sglang:subprocess,0.0,0.0,83.568,70.42
762.998,sglang:subprocess,0.0,0.0,83.568,70.42
763.499,sglang:subprocess,0.0,0.0,83.568,70.42
763.999,sglang:subprocess,0.0,0.0,83.569,70.42
764.5,sglang:subprocess,0.0,0.0,83.569,70.42
765.001,sglang:subprocess,0.0,0.0,83.569,70.42
765.502,sglang:subprocess,0.0,0.0,83.569,70.42
766.002,sglang:subprocess,0.0,0.0,83.569,70.42
766.503,sglang:subprocess,0.0,0.0,83.562,70.42
767.004,sglang:subprocess,0.0,0.0,83.562,70.42
767.504,sglang:subprocess,0.0,0.0,83.562,70.42
768.005,sglang:subprocess,0.0,0.0,83.564,70.42
768.506,sglang:subprocess,0.0,0.0,83.564,70.42
769.006,sglang:subprocess,0.0,0.0,83.563,70.42
769.507,sglang:subprocess,0.0,0.0,83.563,70.42
770.008,sglang:subprocess,0.0,0.0,83.568,70.42
770.509,sglang:subprocess,0.0,0.0,83.569,70.42
771.009,sglang:subprocess,0.0,0.0,83.57,70.42
771.51,sglang:subprocess,0.0,0.0,83.57,70.42
772.011,sglang:subprocess,0.0,0.0,83.568,70.42
772.511,sglang:subprocess,0.0,0.0,83.568,70.42
773.012,sglang:subprocess,0.0,0.0,83.569,70.42
773.513,sglang:subprocess,0.0,0.0,83.569,70.42
774.013,sglang:subprocess,0.0,0.0,83.568,70.42
774.514,sglang:subprocess,0.0,0.0,83.568,70.42
775.015,sglang:subprocess,0.0,0.0,83.568,70.42
775.516,sglang:subprocess,0.0,0.0,83.568,70.42
776.016,sglang:subprocess,0.0,0.0,83.569,70.42
776.517,sglang:subprocess,0.0,0.0,83.569,70.42
777.018,sglang:subprocess,0.0,0.0,83.569,70.42
777.518,sglang:subprocess,0.0,0.0,83.564,70.42
778.019,sglang:subprocess,0.0,0.0,83.564,70.42
778.52,sglang:subprocess,0.0,0.0,83.564,70.42
779.02,sglang:subprocess,0.0,0.0,83.564,70.42
779.521,sglang:subprocess,0.0,0.0,83.523,70.42
780.022,sglang:subprocess,0.0,0.0,83.526,70.42
780.523,sglang:subprocess,0.0,0.0,83.526,70.42
781.024,sglang:subprocess,0.0,0.0,83.527,70.42
781.524,sglang:subprocess,0.0,0.0,83.528,70.42
782.025,sglang:subprocess,0.0,0.0,83.527,70.42
782.525,sglang:subprocess,0.0,0.0,83.527,70.42
783.026,sglang:subprocess,0.0,0.0,83.527,70.42
783.527,sglang:subprocess,0.0,0.0,83.527,70.42
784.027,sglang:subprocess,0.0,0.0,83.527,70.42
784.528,sglang:subprocess,0.0,0.0,83.528,70.42
785.029,sglang:subprocess,0.0,0.0,83.527,70.42
785.529,sglang:subprocess,0.0,0.0,83.527,70.42
786.03,sglang:subprocess,0.0,0.0,83.528,70.42
786.531,sglang:subprocess,0.0,0.0,83.527,70.42
787.032,sglang:subprocess,0.0,0.0,83.527,70.42
787.533,sglang:subprocess,0.0,0.0,83.527,70.42
788.033,sglang:subprocess,0.0,0.0,83.523,70.42
788.534,sglang:subprocess,0.0,0.0,83.524,70.42
789.035,sglang:subprocess,0.0,0.0,83.523,70.42
789.535,sglang:subprocess,0.0,0.0,83.523,70.42
790.036,sglang:subprocess,0.0,0.0,83.525,70.42
790.537,sglang:subprocess,0.0,0.0,83.526,70.42
791.038,sglang:subprocess,0.0,0.0,83.526,70.42
791.538,sglang:subprocess,0.0,0.0,83.526,70.42
792.039,sglang:subprocess,0.0,0.0,83.525,70.42
792.54,sglang:subprocess,0.0,0.0,83.526,70.42
793.04,sglang:subprocess,0.0,0.0,83.527,70.42
793.541,sglang:subprocess,0.0,0.0,83.527,70.42
794.041,sglang:subprocess,0.0,0.0,83.528,70.42
794.542,sglang:subprocess,0.0,0.0,83.528,70.42
795.043,sglang:subprocess,0.0,0.0,83.527,70.42
795.543,sglang:subprocess,0.0,0.0,83.527,70.42
796.044,sglang:subprocess,0.0,0.0,83.526,70.42
796.545,sglang:subprocess,0.0,0.0,83.528,70.42
797.046,sglang:subprocess,0.0,0.0,83.526,70.42
797.547,sglang:subprocess,0.0,0.0,83.526,70.42
798.047,sglang:subprocess,0.0,0.0,83.526,70.42
798.548,sglang:subprocess,0.0,0.0,83.526,70.42
799.049,sglang:subprocess,0.0,0.0,83.526,70.42
799.549,sglang:subprocess,0.0,0.0,83.527,70.42
800.05,sglang:subprocess,0.0,0.0,83.528,70.42
800.551,sglang:subprocess,0.0,0.0,83.526,70.42
801.051,sglang:subprocess,0.0,0.0,83.527,70.42
801.552,sglang:subprocess,0.0,0.0,83.527,70.42
802.053,sglang:subprocess,0.0,0.0,83.526,70.42
802.554,sglang:subprocess,0.0,0.0,83.528,70.42
803.054,sglang:subprocess,0.0,0.0,83.528,70.42
803.555,sglang:subprocess,0.0,0.0,83.528,70.42
804.056,sglang:subprocess,0.0,0.0,83.527,70.42
804.556,sglang:subprocess,0.0,0.0,83.526,70.42
805.057,sglang:subprocess,0.0,0.0,83.525,70.42
805.558,sglang:subprocess,0.0,0.0,83.525,70.42
806.058,sglang:subprocess,0.0,0.0,83.523,70.42
806.559,sglang:subprocess,0.0,0.0,83.522,70.42
807.06,sglang:subprocess,0.0,0.0,83.522,70.42
807.561,sglang:subprocess,0.0,0.0,83.522,70.42
808.061,sglang:subprocess,0.0,0.0,83.523,70.42
808.562,sglang:subprocess,0.0,0.0,83.523,70.42
809.063,sglang:subprocess,0.0,0.0,83.522,70.42
809.563,sglang:subprocess,0.0,0.0,83.523,70.42
810.064,sglang:subprocess,0.0,0.0,83.526,70.42
810.565,sglang:subprocess,0.0,0.0,83.525,70.42
811.065,sglang:subprocess,0.0,0.0,83.527,70.42
811.566,sglang:subprocess,0.0,0.0,83.527,70.42
812.067,sglang:subprocess,0.0,0.0,83.526,70.42
812.568,sglang:subprocess,0.0,0.0,83.528,70.42
813.069,sglang:subprocess,0.0,0.0,83.527,70.42
813.569,sglang:subprocess,0.0,0.0,83.526,70.42
814.07,sglang:subprocess,0.0,0.0,83.527,70.42
814.57,sglang:subprocess,0.0,0.0,83.528,70.42
815.071,sglang:subprocess,0.0,0.0,83.527,70.42
815.572,sglang:subprocess,0.0,0.0,83.527,70.42
816.072,sglang:subprocess,0.0,0.0,83.519,70.42
816.573,sglang:subprocess,0.0,0.0,83.519,70.42
817.074,sglang:subprocess,0.0,0.0,83.52,70.42
817.575,sglang:subprocess,0.0,0.0,83.521,70.42
818.076,sglang:subprocess,0.0,0.0,83.52,70.42
818.576,sglang:subprocess,0.0,0.0,83.52,70.42
819.077,sglang:subprocess,0.0,0.0,83.52,70.42
819.578,sglang:subprocess,0.0,0.0,83.52,70.42
820.078,sglang:subprocess,0.0,0.0,83.525,70.42
820.579,sglang:subprocess,0.0,0.0,83.525,70.42
821.08,sglang:subprocess,0.0,0.0,83.528,70.42
821.58,sglang:subprocess,0.0,0.0,83.528,70.42
822.081,sglang:subprocess,0.0,0.0,83.526,70.42
822.582,sglang:subprocess,0.0,0.0,83.526,70.42
823.083,sglang:subprocess,0.0,0.0,83.526,70.42
823.588,sglang:subprocess,0.0,0.0,83.526,70.42
824.088,sglang:subprocess,0.0,0.0,83.525,70.42
824.589,sglang:subprocess,0.0,0.0,83.525,70.42
825.09,sglang:subprocess,0.0,0.0,83.527,70.42
825.59,sglang:subprocess,0.0,0.0,83.527,70.42
826.091,sglang:subprocess,0.0,0.0,83.522,70.42
826.592,sglang:subprocess,0.0,0.0,83.522,70.42
827.092,sglang:subprocess,0.0,0.0,83.521,70.42
827.593,sglang:subprocess,0.0,0.0,83.521,70.42
828.094,sglang:subprocess,0.0,0.0,83.522,70.42
828.595,sglang:subprocess,0.0,0.0,83.522,70.42
829.095,sglang:subprocess,0.0,0.0,83.524,70.42
829.596,sglang:subprocess,0.0,0.0,83.524,70.42
830.097,sglang:subprocess,0.0,0.0,83.527,70.42
830.597,sglang:subprocess,0.0,0.0,83.527,70.42
831.098,sglang:subprocess,0.0,0.0,83.53,70.42
831.599,sglang:subprocess,0.0,0.0,83.53,70.42
832.099,sglang:subprocess,0.0,0.0,83.528,70.42
832.6,sglang:subprocess,0.0,0.0,83.528,70.42
833.101,sglang:subprocess,0.0,0.0,83.528,70.42
833.602,sglang:subprocess,0.0,0.0,83.528,70.42
834.102,sglang:subprocess,0.0,0.0,83.528,70.42
834.603,sglang:subprocess,0.0,0.0,83.528,70.42
835.104,sglang:subprocess,0.0,0.0,83.529,70.42
835.604,sglang:subprocess,0.0,0.0,83.529,70.42
836.105,sglang:subprocess,0.0,0.0,83.53,70.42
836.606,sglang:subprocess,0.0,0.0,83.53,70.42
837.106,sglang:subprocess,0.0,0.0,83.525,70.42
837.607,sglang:subprocess,0.0,0.0,83.525,70.42
838.108,sglang:subprocess,0.0,0.0,83.523,70.42
838.609,sglang:subprocess,0.0,0.0,83.523,70.42
839.109,sglang:subprocess,0.0,0.0,83.523,70.42
839.61,sglang:subprocess,0.0,0.0,83.523,70.42
840.111,sglang:subprocess,0.0,0.0,83.525,70.42
840.611,sglang:subprocess,0.0,0.0,83.525,70.42
841.112,sglang:subprocess,0.0,0.0,83.526,70.42
841.613,sglang:subprocess,0.0,0.0,83.527,70.42
842.113,sglang:subprocess,0.0,0.0,83.524,70.42
842.614,sglang:subprocess,0.0,0.0,83.524,70.42
843.115,sglang:subprocess,0.0,0.0,83.524,70.42
843.616,sglang:subprocess,0.0,0.0,83.524,70.42
844.116,sglang:subprocess,0.0,0.0,83.524,70.42
844.617,sglang:subprocess,0.0,0.0,83.524,70.42
845.118,sglang:subprocess,0.0,0.0,83.524,70.42
845.618,sglang:subprocess,0.0,0.0,83.524,70.42
846.119,sglang:subprocess,0.0,0.0,83.525,70.42
846.62,sglang:subprocess,0.0,0.0,83.525,70.42
847.12,sglang:subprocess,0.0,0.0,83.522,70.42
847.621,sglang:subprocess,0.0,0.0,83.522,70.42
848.122,sglang:subprocess,0.0,0.0,83.523,70.42
848.622,sglang:subprocess,0.0,0.0,83.523,70.42
849.123,sglang:subprocess,0.0,0.0,83.522,70.42
849.624,sglang:subprocess,0.0,0.0,83.523,70.42
850.125,sglang:subprocess,0.0,0.0,83.524,70.42
850.625,sglang:subprocess,0.0,0.0,83.524,70.42
851.126,sglang:subprocess,0.0,0.0,83.525,70.42
851.627,sglang:subprocess,0.0,0.0,83.525,70.42
852.128,sglang:subprocess,0.0,0.0,83.524,70.42
852.628,sglang:subprocess,0.0,0.0,83.524,70.42
853.129,sglang:subprocess,0.0,0.0,83.524,70.42
853.63,sglang:subprocess,0.0,0.0,83.524,70.42
854.131,sglang:subprocess,0.0,0.0,83.525,70.42
854.631,sglang:subprocess,0.0,0.0,83.525,70.42
855.132,sglang:subprocess,0.0,0.0,83.525,70.42
855.633,sglang:subprocess,0.0,0.0,83.525,70.42
856.133,sglang:subprocess,0.0,0.0,83.522,70.42
856.634,sglang:subprocess,0.0,0.0,83.522,70.42
857.135,sglang:subprocess,0.0,0.0,83.523,70.42
857.635,sglang:subprocess,0.0,0.0,83.523,70.42
858.136,sglang:subprocess,0.0,0.0,83.523,70.42
858.637,sglang:subprocess,0.0,0.0,83.522,70.42
859.137,sglang:subprocess,0.0,0.0,83.522,70.42
859.638,sglang:subprocess,0.0,0.0,83.524,70.42
860.139,sglang:subprocess,0.0,0.0,83.525,70.42
860.64,sglang:subprocess,0.0,0.0,83.525,70.42
861.14,sglang:subprocess,0.0,0.0,83.526,70.42
861.641,sglang:subprocess,0.0,0.0,83.527,70.42
862.142,sglang:subprocess,0.0,0.0,83.525,70.42
862.642,sglang:subprocess,0.0,0.0,83.525,70.42
863.143,sglang:subprocess,0.0,0.0,83.526,70.42
863.644,sglang:subprocess,0.0,0.0,83.526,70.42
864.144,sglang:subprocess,0.0,0.0,83.526,70.42
864.646,sglang:subprocess,0.0,0.0,83.526,70.42
865.146,sglang:subprocess,0.0,0.0,83.532,70.42
865.647,sglang:subprocess,0.0,0.0,83.534,70.42
866.148,sglang:subprocess,0.0,0.0,83.527,70.42
866.648,sglang:subprocess,0.0,0.0,83.526,70.42
867.149,sglang:subprocess,0.0,0.0,83.526,70.42
867.65,sglang:subprocess,0.0,0.0,83.522,70.42
868.15,sglang:subprocess,0.0,0.0,83.521,70.42
868.651,sglang:subprocess,0.0,0.0,83.521,70.42
869.152,sglang:subprocess,0.0,0.0,83.521,70.42
869.652,sglang:subprocess,0.0,0.0,83.522,70.42
870.153,sglang:subprocess,0.0,0.0,83.523,70.42
870.654,sglang:subprocess,0.0,0.0,83.523,70.42
871.155,sglang:subprocess,0.0,0.0,83.524,70.42
871.655,sglang:subprocess,0.0,0.0,83.523,70.42
872.156,sglang:subprocess,0.0,0.0,83.522,70.42
872.657,sglang:subprocess,0.0,0.0,83.522,70.42
873.157,sglang:subprocess,0.0,0.0,83.522,70.42
873.658,sglang:subprocess,0.0,0.0,83.523,70.42
874.159,sglang:subprocess,0.0,0.0,83.522,70.42
874.66,sglang:subprocess,0.0,0.0,83.523,70.42
875.161,sglang:subprocess,0.0,0.0,83.523,70.42
875.662,sglang:subprocess,0.0,0.0,83.523,70.42
876.162,sglang:subprocess,0.0,0.0,83.526,70.42
876.663,sglang:subprocess,0.0,0.0,83.526,70.42
877.164,sglang:subprocess,0.0,0.0,83.526,70.42
877.664,sglang:subprocess,0.0,0.0,83.526,70.42
878.165,sglang:subprocess,0.0,0.0,83.523,70.42
878.666,sglang:subprocess,0.0,0.0,83.522,70.42
879.166,sglang:subprocess,0.0,0.0,83.522,70.42
879.667,sglang:subprocess,0.0,0.0,83.523,70.42
880.168,sglang:subprocess,0.0,0.0,83.524,70.42
880.669,sglang:subprocess,0.0,0.0,83.524,70.42
881.17,sglang:subprocess,0.0,0.0,83.525,70.42
881.67,sglang:subprocess,0.0,0.0,83.525,70.42
882.171,sglang:subprocess,0.0,0.0,83.524,70.42
882.671,sglang:subprocess,0.0,0.0,83.523,70.42
883.172,sglang:subprocess,0.0,0.0,83.523,70.42
883.673,sglang:subprocess,0.0,0.0,83.524,70.42
884.173,sglang:subprocess,0.0,0.0,83.523,70.42
884.674,sglang:subprocess,0.0,0.0,83.523,70.42
885.175,sglang:subprocess,0.0,0.0,83.523,70.42
885.676,sglang:subprocess,0.0,0.0,83.524,70.42
886.177,sglang:subprocess,0.0,0.0,83.526,70.42
886.677,sglang:subprocess,0.0,0.0,83.525,70.42
887.178,sglang:subprocess,0.0,0.0,83.525,70.42
887.679,sglang:subprocess,0.0,0.0,83.526,70.42
888.179,sglang:subprocess,0.0,0.0,83.524,70.42
888.68,sglang:subprocess,0.0,0.0,83.524,70.42
889.181,sglang:subprocess,0.0,0.0,83.524,70.42
889.681,sglang:subprocess,0.0,0.0,83.524,70.42
890.182,sglang:subprocess,0.0,0.0,83.526,70.42
890.683,sglang:subprocess,0.0,0.0,83.526,70.42
891.184,sglang:subprocess,0.0,0.0,83.526,70.42
891.684,sglang:subprocess,0.0,0.0,83.526,70.42
892.185,sglang:subprocess,0.0,0.0,83.524,70.42
892.686,sglang:subprocess,0.0,0.0,83.524,70.42
893.186,sglang:subprocess,0.0,0.0,83.525,70.42
893.687,sglang:subprocess,0.0,0.0,83.525,70.42
894.188,sglang:subprocess,0.0,0.0,83.524,70.42
894.688,sglang:subprocess,0.0,0.0,83.523,70.42
895.189,sglang:subprocess,0.0,0.0,83.523,70.42
895.69,sglang:subprocess,0.0,0.0,83.524,70.42
896.191,sglang:subprocess,0.0,0.0,83.525,70.42
896.691,sglang:subprocess,0.0,0.0,83.525,70.42
897.192,sglang:subprocess,0.0,0.0,83.525,70.42
897.693,sglang:subprocess,0.0,0.0,83.525,70.42
898.193,sglang:subprocess,0.0,0.0,83.522,70.42
898.694,sglang:subprocess,0.0,0.0,83.522,70.42
899.195,sglang:subprocess,0.0,0.0,83.523,70.42
899.695,sglang:subprocess,0.0,0.0,83.495,70.42
900.196,sglang:subprocess,0.0,0.0,83.5,70.42
900.697,sglang:subprocess,0.0,0.0,83.499,70.42
901.197,sglang:subprocess,0.0,0.0,83.499,70.42
901.698,sglang:subprocess,0.0,0.0,83.499,70.42
902.199,sglang:subprocess,0.0,0.0,83.499,70.42
902.7,sglang:subprocess,0.0,0.0,83.499,70.42
903.2,sglang:subprocess,0.0,0.0,83.499,70.42
903.701,sglang:subprocess,0.0,0.0,83.499,70.42
904.202,sglang:subprocess,0.0,0.0,83.499,70.42
904.702,sglang:subprocess,0.0,0.0,83.499,70.42
905.203,sglang:subprocess,0.0,0.0,83.493,70.42
905.704,sglang:subprocess,0.0,0.0,83.493,70.42
906.204,sglang:subprocess,0.0,0.0,83.494,70.42
906.705,sglang:subprocess,0.0,0.0,83.494,70.42
907.206,sglang:subprocess,0.0,0.0,83.494,70.42
907.707,sglang:subprocess,0.0,0.0,83.494,70.42
908.208,sglang:subprocess,0.0,0.0,83.494,70.42
908.709,sglang:subprocess,0.0,0.0,83.493,70.42
909.21,sglang:subprocess,0.0,0.0,83.493,70.42
909.71,sglang:subprocess,0.0,0.0,83.493,70.42
910.211,sglang:subprocess,0.0,0.0,83.498,70.42
910.712,sglang:subprocess,0.0,0.0,83.497,70.42
911.212,sglang:subprocess,0.0,0.0,83.499,70.42
911.713,sglang:subprocess,0.0,0.0,83.499,70.42
912.214,sglang:subprocess,0.0,0.0,83.498,70.42
912.715,sglang:subprocess,0.0,0.0,83.498,70.42
913.215,sglang:subprocess,0.0,0.0,83.498,70.42
913.716,sglang:subprocess,0.0,0.0,83.498,70.42
914.217,sglang:subprocess,0.0,0.0,83.499,70.42
914.717,sglang:subprocess,0.0,0.0,83.499,70.42
915.218,sglang:subprocess,0.0,0.0,83.499,70.42
915.719,sglang:subprocess,0.0,0.0,83.499,70.42
916.219,sglang:subprocess,0.0,0.0,83.492,70.42
916.72,sglang:subprocess,0.0,0.0,83.492,70.42
917.221,sglang:subprocess,0.0,0.0,83.492,70.42
917.722,sglang:subprocess,0.0,0.0,83.493,70.42
918.223,sglang:subprocess,0.0,0.0,83.492,70.42
918.723,sglang:subprocess,0.0,0.0,83.492,70.42
919.224,sglang:subprocess,0.0,0.0,83.493,70.42
919.725,sglang:subprocess,0.0,0.0,83.494,70.42
920.225,sglang:subprocess,0.0,0.0,83.497,70.42
920.726,sglang:subprocess,0.0,0.0,83.498,70.42
921.227,sglang:subprocess,0.0,0.0,83.499,70.42
921.727,sglang:subprocess,0.0,0.0,83.499,70.42
922.228,sglang:subprocess,0.0,0.0,83.499,70.42
922.729,sglang:subprocess,0.0,0.0,83.499,70.42
923.23,sglang:subprocess,0.0,0.0,83.5,70.42
923.73,sglang:subprocess,0.0,0.0,83.5,70.42
924.231,sglang:subprocess,0.0,0.0,83.502,70.42
924.732,sglang:subprocess,0.0,0.0,83.502,70.42
925.233,sglang:subprocess,0.0,0.0,83.502,70.42
925.734,sglang:subprocess,0.0,0.0,83.502,70.42
926.235,sglang:subprocess,0.0,0.0,83.498,70.42
926.735,sglang:subprocess,0.0,0.0,83.498,70.42
927.236,sglang:subprocess,0.0,0.0,83.498,70.42
927.737,sglang:subprocess,0.0,0.0,83.498,70.42
928.238,sglang:subprocess,0.0,0.0,83.498,70.42
928.738,sglang:subprocess,0.0,0.0,83.498,70.42
929.239,sglang:subprocess,0.0,0.0,83.498,70.42
929.74,sglang:subprocess,0.0,0.0,83.498,70.42
930.24,sglang:subprocess,0.0,0.0,83.499,70.42
930.741,sglang:subprocess,0.0,0.0,83.499,70.42
931.242,sglang:subprocess,0.0,0.0,83.499,70.42
931.742,sglang:subprocess,0.0,0.0,83.499,70.42
932.243,sglang:subprocess,0.0,0.0,83.499,70.42
932.744,sglang:subprocess,0.0,0.0,83.501,70.42
933.245,sglang:subprocess,0.0,0.0,83.501,70.42
933.746,sglang:subprocess,0.0,0.0,83.5,70.42
934.246,sglang:subprocess,0.0,0.0,83.5,70.42
934.747,sglang:subprocess,0.0,0.0,83.499,70.42
935.249,sglang:subprocess,0.0,0.0,83.497,70.42
935.749,sglang:subprocess,0.0,0.0,83.497,70.42
936.25,sglang:subprocess,0.0,0.0,83.498,70.42
936.751,sglang:subprocess,0.0,0.0,83.497,70.42
937.251,sglang:subprocess,0.0,0.0,83.497,70.42
937.752,sglang:subprocess,0.0,0.0,83.496,70.42
938.253,sglang:subprocess,0.0,0.0,83.497,70.42
938.754,sglang:subprocess,0.0,0.0,83.497,70.42
939.255,sglang:subprocess,0.0,0.0,83.497,70.42
939.755,sglang:subprocess,0.0,0.0,83.497,70.42
940.256,sglang:subprocess,0.0,0.0,83.502,70.42
940.757,sglang:subprocess,0.0,0.0,83.501,70.42
941.257,sglang:subprocess,0.0,0.0,83.501,70.42
941.758,sglang:subprocess,0.0,0.0,83.501,70.42
942.259,sglang:subprocess,0.0,0.0,83.502,70.42
942.759,sglang:subprocess,0.0,0.0,83.503,70.42
943.26,sglang:subprocess,0.0,0.0,83.502,70.42
943.761,sglang:subprocess,0.0,0.0,83.502,70.42
944.262,sglang:subprocess,0.0,0.0,83.502,70.42
944.763,sglang:subprocess,0.0,0.0,83.503,70.42
945.263,sglang:subprocess,0.0,0.0,83.503,70.42
945.764,sglang:subprocess,0.0,0.0,83.504,70.42
946.265,sglang:subprocess,0.0,0.0,83.503,70.42
946.765,sglang:subprocess,0.0,0.0,83.503,70.42
947.266,sglang:subprocess,0.0,0.0,83.499,70.42
947.767,sglang:subprocess,0.0,0.0,83.499,70.42
948.267,sglang:subprocess,0.0,0.0,83.498,70.42
948.768,sglang:subprocess,0.0,0.0,83.498,70.42
949.269,sglang:subprocess,0.0,0.0,83.498,70.42
949.77,sglang:subprocess,0.0,0.0,83.498,70.42
950.27,sglang:subprocess,0.0,0.0,83.499,70.42
950.771,sglang:subprocess,0.0,0.0,83.5,70.42
951.272,sglang:subprocess,0.0,0.0,83.501,70.42
951.772,sglang:subprocess,0.0,0.0,83.501,70.42
952.273,sglang:subprocess,0.0,0.0,83.5,70.42
952.774,sglang:subprocess,0.0,0.0,83.499,70.42
953.274,sglang:subprocess,0.0,0.0,83.5,70.42
953.775,sglang:subprocess,0.0,0.0,83.5,70.42
954.276,sglang:subprocess,0.0,0.0,83.499,70.42
954.777,sglang:subprocess,0.0,0.0,83.499,70.42
955.277,sglang:subprocess,0.0,0.0,83.5,70.42
955.778,sglang:subprocess,0.0,0.0,83.499,70.42
956.279,sglang:subprocess,0.0,0.0,83.5,70.42
956.779,sglang:subprocess,0.0,0.0,83.501,70.42
957.28,sglang:subprocess,0.0,0.0,83.496,70.42
957.781,sglang:subprocess,0.0,0.0,83.495,70.42
958.281,sglang:subprocess,0.0,0.0,83.495,70.42
958.782,sglang:subprocess,0.0,0.0,83.496,70.42
959.283,sglang:subprocess,0.0,0.0,83.496,70.42
959.784,sglang:subprocess,0.0,0.0,83.496,70.42
960.285,sglang:subprocess,0.0,0.0,83.497,70.42
960.785,sglang:subprocess,0.0,0.0,83.498,70.42
961.286,sglang:subprocess,0.0,0.0,83.499,70.42
961.787,sglang:subprocess,0.0,0.0,83.499,70.42
962.287,sglang:subprocess,0.0,0.0,83.499,70.42
962.788,sglang:subprocess,0.0,0.0,83.499,70.42
963.288,sglang:subprocess,0.0,0.0,83.498,70.42
963.789,sglang:subprocess,0.0,0.0,83.498,70.42
964.29,sglang:subprocess,0.0,0.0,83.498,70.42
964.791,sglang:subprocess,0.0,0.0,83.499,70.42
965.292,sglang:subprocess,0.0,0.0,83.499,70.42
965.792,sglang:subprocess,0.0,0.0,83.499,70.42
966.293,sglang:subprocess,0.0,0.0,83.498,70.42
966.794,sglang:subprocess,0.0,0.0,83.497,70.42
967.294,sglang:subprocess,0.0,0.0,83.497,70.42
967.795,sglang:subprocess,0.0,0.0,83.497,70.42
968.296,sglang:subprocess,0.0,0.0,83.497,70.42
968.796,sglang:subprocess,0.0,0.0,83.497,70.42
969.297,sglang:subprocess,0.0,0.0,83.498,70.42
969.798,sglang:subprocess,0.0,0.0,83.498,70.42
970.299,sglang:subprocess,0.0,0.0,83.501,70.42
970.799,sglang:subprocess,0.0,0.0,83.501,70.42
971.3,sglang:subprocess,0.0,0.0,83.5,70.42
971.801,sglang:subprocess,0.0,0.0,83.5,70.42
972.302,sglang:subprocess,0.0,0.0,83.5,70.42
972.802,sglang:subprocess,0.0,0.0,83.501,70.42
973.303,sglang:subprocess,0.0,0.0,83.502,70.42
973.804,sglang:subprocess,0.0,0.0,83.502,70.42
974.304,sglang:subprocess,0.0,0.0,83.502,70.42
974.805,sglang:subprocess,0.0,0.0,83.502,70.42
975.306,sglang:subprocess,0.0,0.0,83.503,70.42
975.807,sglang:subprocess,0.0,0.0,83.502,70.42
976.307,sglang:subprocess,0.0,0.0,83.502,70.42
976.808,sglang:subprocess,0.0,0.0,83.501,70.42
977.309,sglang:subprocess,0.0,0.0,83.497,70.42
977.81,sglang:subprocess,0.0,0.0,83.497,70.42
978.31,sglang:subprocess,0.0,0.0,83.497,70.42
978.811,sglang:subprocess,0.0,0.0,83.496,70.42
979.312,sglang:subprocess,0.0,0.0,83.497,70.42
979.812,sglang:subprocess,0.0,0.0,83.497,70.42
980.313,sglang:subprocess,0.0,0.0,83.496,70.42
980.814,sglang:subprocess,0.0,0.0,83.496,70.42
981.315,sglang:subprocess,0.0,0.0,83.497,70.42
981.815,sglang:subprocess,0.0,0.0,83.497,70.42
982.316,sglang:subprocess,0.0,0.0,83.497,70.42
982.817,sglang:subprocess,0.0,0.0,83.497,70.42
983.317,sglang:subprocess,0.0,0.0,83.497,70.42
983.818,sglang:subprocess,0.0,0.0,83.498,70.42
984.319,sglang:subprocess,0.0,0.0,83.499,70.42
984.819,sglang:subprocess,0.0,0.0,83.5,70.42
985.32,sglang:subprocess,0.0,0.0,83.5,70.42
985.821,sglang:subprocess,0.0,0.0,83.501,70.42
986.322,sglang:subprocess,0.0,0.0,83.5,70.42
986.822,sglang:subprocess,0.0,0.0,83.5,70.42
987.323,sglang:subprocess,0.0,0.0,83.5,70.42
987.824,sglang:subprocess,0.0,0.0,83.499,70.42
988.324,sglang:subprocess,0.0,0.0,83.498,70.42
988.825,sglang:subprocess,0.0,0.0,83.498,70.42
989.326,sglang:subprocess,0.0,0.0,83.496,70.42
989.826,sglang:subprocess,0.0,0.0,83.497,70.42
990.327,sglang:subprocess,0.0,0.0,83.497,70.42
990.828,sglang:subprocess,0.0,0.0,83.497,70.42
991.329,sglang:subprocess,0.0,0.0,83.498,70.42
991.83,sglang:subprocess,0.0,0.0,83.498,70.42
992.33,sglang:subprocess,0.0,0.0,83.498,70.42
992.831,sglang:subprocess,0.0,0.0,83.498,70.42
993.332,sglang:subprocess,0.0,0.0,83.498,70.42
993.832,sglang:subprocess,0.0,0.0,83.495,70.42
994.333,sglang:subprocess,0.0,0.0,83.495,70.42
994.834,sglang:subprocess,0.0,0.0,83.495,70.42
995.334,sglang:subprocess,0.0,0.0,83.495,70.42
995.835,sglang:subprocess,0.0,0.0,83.496,70.42
996.336,sglang:subprocess,0.0,0.0,83.498,70.42
996.837,sglang:subprocess,0.0,0.0,83.497,70.42
997.337,sglang:subprocess,0.0,0.0,83.497,70.42
997.838,sglang:subprocess,0.0,0.0,83.496,70.42
998.339,sglang:subprocess,0.0,0.0,83.496,70.42
998.839,sglang:subprocess,0.0,0.0,83.495,70.42
999.34,sglang:subprocess,0.0,0.0,83.496,70.42
999.841,sglang:subprocess,0.0,0.0,83.496,70.42
1000.341,sglang:subprocess,0.0,0.0,83.501,70.42
1000.842,sglang:subprocess,0.0,0.0,83.501,70.42
1001.343,sglang:subprocess,0.0,0.0,83.502,70.42
1001.844,sglang:subprocess,0.0,0.0,83.501,70.42
1002.345,sglang:subprocess,0.0,0.0,83.501,70.42
1002.845,sglang:subprocess,0.0,0.0,83.501,70.42
1003.346,sglang:subprocess,0.0,0.0,83.501,70.42
1003.847,sglang:subprocess,0.0,0.0,83.502,70.42
1004.347,sglang:subprocess,0.0,0.0,83.497,70.42
1004.848,sglang:subprocess,0.0,0.0,83.497,70.42
1005.349,sglang:subprocess,0.0,0.0,83.497,70.42
1005.849,sglang:subprocess,0.0,0.0,83.496,70.42
1006.35,sglang:subprocess,0.0,0.0,83.497,70.42
1006.851,sglang:subprocess,0.0,0.0,83.497,70.42
1007.352,sglang:subprocess,0.0,0.0,83.498,70.42
1007.852,sglang:subprocess,0.0,0.0,83.497,70.42
1008.353,sglang:subprocess,0.0,0.0,83.496,70.42
1008.854,sglang:subprocess,0.0,0.0,83.496,70.42
1009.354,sglang:subprocess,0.0,0.0,83.496,70.42
1009.855,sglang:subprocess,0.0,0.0,83.495,70.42
1010.356,sglang:subprocess,0.0,0.0,83.503,70.42
1010.856,sglang:subprocess,0.0,0.0,83.503,70.42
1011.357,sglang:subprocess,0.0,0.0,83.504,70.42
1011.858,sglang:subprocess,0.0,0.0,83.504,70.42
1012.359,sglang:subprocess,0.0,0.0,83.503,70.42
1012.86,sglang:subprocess,0.0,0.0,83.503,70.42
1013.36,sglang:subprocess,0.0,0.0,83.503,70.42
1013.861,sglang:subprocess,0.0,0.0,83.504,70.42
1014.362,sglang:subprocess,0.0,0.0,83.504,70.42
1014.862,sglang:subprocess,0.0,0.0,83.504,70.42
1015.363,sglang:subprocess,0.0,0.0,83.504,70.42
1015.864,sglang:subprocess,0.0,0.0,83.504,70.42
1016.364,sglang:subprocess,0.0,0.0,83.499,70.42
1016.865,sglang:subprocess,0.0,0.0,83.498,70.42
1017.366,sglang:subprocess,0.0,0.0,83.498,70.42
1017.867,sglang:subprocess,0.0,0.0,83.498,70.42
1018.367,sglang:subprocess,0.0,0.0,83.498,70.42
1018.868,sglang:subprocess,0.0,0.0,83.498,70.42
1019.369,sglang:subprocess,0.0,0.0,83.498,70.42
1019.869,sglang:subprocess,0.0,0.0,83.49,70.42
1020.37,sglang:subprocess,0.0,0.0,83.447,70.42
1020.871,sglang:subprocess,0.0,0.0,83.446,70.42
1021.371,sglang:subprocess,0.0,0.0,83.447,70.42
1021.872,sglang:subprocess,0.0,0.0,83.454,70.42
1022.373,sglang:subprocess,0.0,0.0,83.444,70.42
1022.874,sglang:subprocess,0.0,0.0,83.444,70.42
1023.374,sglang:subprocess,0.0,0.0,83.444,70.42
1023.875,sglang:subprocess,0.0,0.0,83.448,70.42
1024.376,sglang:subprocess,0.0,0.0,83.444,70.42
1024.876,sglang:subprocess,0.0,0.0,83.444,70.42
1025.377,sglang:subprocess,0.0,0.0,83.444,70.42
1025.878,sglang:subprocess,0.0,0.0,83.449,70.42
1026.378,sglang:subprocess,0.0,0.0,83.444,70.42
1026.879,sglang:subprocess,0.0,0.0,83.437,70.42
1027.38,sglang:subprocess,0.0,0.0,83.437,70.42
1027.881,sglang:subprocess,0.0,0.0,83.441,70.42
1028.382,sglang:subprocess,0.0,0.0,83.439,70.42
1028.882,sglang:subprocess,0.0,0.0,83.439,70.42
1029.383,sglang:subprocess,0.0,0.0,83.439,70.42
1029.884,sglang:subprocess,0.0,0.0,83.446,70.42
1030.384,sglang:subprocess,0.0,0.0,83.444,70.42
1030.885,sglang:subprocess,0.0,0.0,83.444,70.42
1031.386,sglang:subprocess,0.0,0.0,83.444,70.42
1031.886,sglang:subprocess,0.0,0.0,83.446,70.42
1032.387,sglang:subprocess,0.0,0.0,83.444,70.42
1032.888,sglang:subprocess,0.0,0.0,83.444,70.42
1033.389,sglang:subprocess,0.0,0.0,83.444,70.42
1033.889,sglang:subprocess,0.0,0.0,83.444,70.42
1034.39,sglang:subprocess,0.0,0.0,83.446,70.42
1034.891,sglang:subprocess,0.0,0.0,83.446,70.42
1035.391,sglang:subprocess,0.0,0.0,83.447,70.42
1035.892,sglang:subprocess,0.0,0.0,83.51,70.42
1036.393,sglang:subprocess,0.0,0.0,83.551,70.42
1036.893,sglang:subprocess,0.0,0.0,83.552,70.42
1037.394,sglang:subprocess,0.0,0.0,83.552,70.42
1037.895,sglang:subprocess,0.0,0.0,83.552,70.42
1038.396,sglang:subprocess,0.0,0.0,83.553,70.42
1038.897,sglang:subprocess,0.0,0.0,83.552,70.42
1039.397,sglang:subprocess,0.0,0.0,83.552,70.42
1039.898,sglang:subprocess,0.0,0.0,83.554,70.42
1040.399,sglang:subprocess,0.0,0.0,83.558,70.42
1040.899,sglang:subprocess,0.0,0.0,83.558,70.42
1041.4,sglang:subprocess,0.0,0.0,83.56,70.42
1041.901,sglang:subprocess,0.0,0.0,83.56,70.42
1042.401,sglang:subprocess,0.0,0.0,83.56,70.42
1042.902,sglang:subprocess,0.0,0.0,83.56,70.42
1043.403,sglang:subprocess,0.0,0.0,83.56,70.42
1043.904,sglang:subprocess,0.0,0.0,83.56,70.42
1044.404,sglang:subprocess,0.0,0.0,83.56,70.42
1044.905,sglang:subprocess,0.0,0.0,83.56,70.42
1045.406,sglang:subprocess,0.0,0.0,83.56,70.42
1045.907,sglang:subprocess,0.0,0.0,83.56,70.42
1046.407,sglang:subprocess,0.0,0.0,83.559,70.42
1046.908,sglang:subprocess,0.0,0.0,83.557,70.42
1047.409,sglang:subprocess,0.0,0.0,83.557,70.42
1047.909,sglang:subprocess,0.0,0.0,83.557,70.42
1048.41,sglang:subprocess,0.0,0.0,83.557,70.42
1048.911,sglang:subprocess,0.0,0.0,83.556,70.42
1049.412,sglang:subprocess,0.0,0.0,83.557,70.42
1049.912,sglang:subprocess,0.0,0.0,83.556,70.42
1050.413,sglang:subprocess,0.0,0.0,83.556,70.42
1050.914,sglang:subprocess,0.0,0.0,83.557,70.42
1051.414,sglang:subprocess,0.0,0.0,83.557,70.42
1051.915,sglang:subprocess,0.0,0.0,83.558,70.42
1052.416,sglang:subprocess,0.0,0.0,83.559,70.42
1052.916,sglang:subprocess,0.0,0.0,83.559,70.42
1053.417,sglang:subprocess,0.0,0.0,83.558,70.42
1053.918,sglang:subprocess,0.0,0.0,83.558,70.42
1054.419,sglang:subprocess,0.0,0.0,83.558,70.42
1054.92,sglang:subprocess,0.0,0.0,83.559,70.42
1055.42,sglang:subprocess,0.0,0.0,83.559,70.42
1055.921,sglang:subprocess,0.0,0.0,83.557,70.42
1056.422,sglang:subprocess,0.0,0.0,83.559,70.42
1056.922,sglang:subprocess,0.0,0.0,83.558,70.42
1057.423,sglang:subprocess,0.0,0.0,83.558,70.42
1057.924,sglang:subprocess,0.0,0.0,83.555,70.42
1058.424,sglang:subprocess,0.0,0.0,83.555,70.42
1058.925,sglang:subprocess,0.0,0.0,83.555,70.42
1059.426,sglang:subprocess,0.0,0.0,83.555,70.42
1059.927,sglang:subprocess,0.0,0.0,83.554,70.42
1060.428,sglang:subprocess,0.0,0.0,83.555,70.42
1060.928,sglang:subprocess,0.0,0.0,83.556,70.42
1061.429,sglang:subprocess,0.0,0.0,83.556,70.42
1061.93,sglang:subprocess,0.0,0.0,83.555,70.42
1062.43,sglang:subprocess,0.0,0.0,83.555,70.42
1062.931,sglang:subprocess,0.0,0.0,83.556,70.42
1063.431,sglang:subprocess,0.0,0.0,83.556,70.42
1063.932,sglang:subprocess,0.0,0.0,83.556,70.42
1064.433,sglang:subprocess,0.0,0.0,83.556,70.42
1064.934,sglang:subprocess,0.0,0.0,83.557,70.42
1065.435,sglang:subprocess,0.0,0.0,83.557,70.42
1065.935,sglang:subprocess,0.0,0.0,83.556,70.42
1066.436,sglang:subprocess,0.0,0.0,83.558,70.42
1066.937,sglang:subprocess,0.0,0.0,83.556,70.42
1067.437,sglang:subprocess,0.0,0.0,83.556,70.42
1067.938,sglang:subprocess,0.0,0.0,83.557,70.42
1068.439,sglang:subprocess,0.0,0.0,83.556,70.42
1068.939,sglang:subprocess,0.0,0.0,83.556,70.42
1069.44,sglang:subprocess,0.0,0.0,83.556,70.42
1069.941,sglang:subprocess,0.0,0.0,83.555,70.42
1070.442,sglang:subprocess,0.0,0.0,83.556,70.42
1070.942,sglang:subprocess,0.0,0.0,83.555,70.42
1071.443,sglang:subprocess,0.0,0.0,83.558,70.42
1071.944,sglang:subprocess,0.0,0.0,83.558,70.42
1072.444,sglang:subprocess,0.0,0.0,83.56,70.42
1072.945,sglang:subprocess,0.0,0.0,83.558,70.42
1073.446,sglang:subprocess,0.0,0.0,83.558,70.42
1073.946,sglang:subprocess,0.0,0.0,83.559,70.42
1074.447,sglang:subprocess,0.0,0.0,83.559,70.42
1074.948,sglang:subprocess,0.0,0.0,83.559,70.42
1075.449,sglang:subprocess,0.0,0.0,83.559,70.42
1075.95,sglang:subprocess,0.0,0.0,83.558,70.42
1076.45,sglang:subprocess,0.0,0.0,83.558,70.42
1076.951,sglang:subprocess,0.0,0.0,83.559,70.42
1077.452,sglang:subprocess,0.0,0.0,83.559,70.42
1077.952,sglang:subprocess,0.0,0.0,83.559,70.42
1078.453,sglang:subprocess,0.0,0.0,83.559,70.42
1078.954,sglang:subprocess,0.0,0.0,83.559,70.42
1079.454,sglang:subprocess,0.0,0.0,83.557,70.42
1079.955,sglang:subprocess,0.0,0.0,83.554,70.42
1080.456,sglang:subprocess,0.0,0.0,83.554,70.42
1080.957,sglang:subprocess,0.0,0.0,83.555,70.42
1081.457,sglang:subprocess,0.0,0.0,83.558,70.42
1081.958,sglang:subprocess,0.0,0.0,83.557,70.42
1082.459,sglang:subprocess,0.0,0.0,83.557,70.42
1082.959,sglang:subprocess,0.0,0.0,83.557,70.42
1083.46,sglang:subprocess,0.0,0.0,83.556,70.42
1083.961,sglang:subprocess,0.0,0.0,83.553,70.42
1084.461,sglang:subprocess,0.0,0.0,83.553,70.42
1084.962,sglang:subprocess,0.0,0.0,83.553,70.42
1085.463,sglang:subprocess,0.0,0.0,83.552,70.42
1085.964,sglang:subprocess,0.0,0.0,83.55,70.42
1086.465,sglang:subprocess,0.0,0.0,83.55,70.42
1086.965,sglang:subprocess,0.0,0.0,83.552,70.42
1087.466,sglang:subprocess,0.0,0.0,83.554,70.42
1087.967,sglang:subprocess,0.0,0.0,83.555,70.42
1088.467,sglang:subprocess,0.0,0.0,83.555,70.42
1088.968,sglang:subprocess,0.0,0.0,83.555,70.42
1089.468,sglang:subprocess,0.0,0.0,83.553,70.42
1089.969,sglang:subprocess,0.0,0.0,83.553,70.42
1090.47,sglang:subprocess,0.0,0.0,83.553,70.42
1090.971,sglang:subprocess,0.0,0.0,83.554,70.42
1091.472,sglang:subprocess,0.0,0.0,83.554,70.42
1091.972,sglang:subprocess,0.0,0.0,83.553,70.42
1092.473,sglang:subprocess,0.0,0.0,83.554,70.42
1092.974,sglang:subprocess,0.0,0.0,83.554,70.42
1093.474,sglang:subprocess,0.0,0.0,83.553,70.42
1093.975,sglang:subprocess,0.0,0.0,83.553,70.42
1094.476,sglang:subprocess,0.0,0.0,83.553,70.42
1094.976,sglang:subprocess,0.0,0.0,83.553,70.42
1095.477,sglang:subprocess,0.0,0.0,83.555,70.42
1095.978,sglang:subprocess,0.0,0.0,83.553,70.42
1096.479,sglang:subprocess,0.0,0.0,83.554,70.42
1096.979,sglang:subprocess,0.0,0.0,83.555,70.42
1097.48,sglang:subprocess,0.0,0.0,83.555,70.42
1097.981,sglang:subprocess,0.0,0.0,83.553,70.42
1098.481,sglang:subprocess,0.0,0.0,83.553,70.42
1098.982,sglang:subprocess,0.0,0.0,83.553,70.42
1099.483,sglang:subprocess,0.0,0.0,83.554,70.42
1099.983,sglang:subprocess,0.0,0.0,83.554,70.42
1100.484,sglang:subprocess,0.0,0.0,83.554,70.42
1100.985,sglang:subprocess,0.0,0.0,83.555,70.42
1101.486,sglang:subprocess,0.0,0.0,83.555,70.42
1101.987,sglang:subprocess,0.0,0.0,83.556,70.42
1102.487,sglang:subprocess,0.0,0.0,83.556,70.42
1102.988,sglang:subprocess,0.0,0.0,83.556,70.42
1103.489,sglang:subprocess,0.0,0.0,83.556,70.42
1103.989,sglang:subprocess,0.0,0.0,83.557,70.42
1104.49,sglang:subprocess,0.0,0.0,83.557,70.42
1104.991,sglang:subprocess,0.0,0.0,83.525,70.42
1105.491,sglang:subprocess,0.0,0.0,83.525,70.42
1105.992,sglang:subprocess,0.0,0.0,83.525,70.42
1106.493,sglang:subprocess,0.0,0.0,83.525,70.42
1106.994,sglang:subprocess,0.0,0.0,83.523,70.42
1107.494,sglang:subprocess,0.0,0.0,83.523,70.42
1107.995,sglang:subprocess,0.0,0.0,83.522,70.42
1108.496,sglang:subprocess,0.0,0.0,83.522,70.42
1108.996,sglang:subprocess,0.0,0.0,83.522,70.42
1109.497,sglang:subprocess,0.0,0.0,83.522,70.42
1109.998,sglang:subprocess,0.0,0.0,83.524,70.42
1110.498,sglang:subprocess,0.0,0.0,83.524,70.42
1110.999,sglang:subprocess,0.0,0.0,83.525,70.42
1111.5,sglang:subprocess,0.0,0.0,83.524,70.42
1112.001,sglang:subprocess,0.0,0.0,83.525,70.42
1112.502,sglang:subprocess,0.0,0.0,83.525,70.42
1113.002,sglang:subprocess,0.0,0.0,83.525,70.42
1113.503,sglang:subprocess,0.0,0.0,83.524,70.42
1114.004,sglang:subprocess,0.0,0.0,83.524,70.42
1114.504,sglang:subprocess,0.0,0.0,83.524,70.42
1115.005,sglang:subprocess,0.0,0.0,83.526,70.42
1115.506,sglang:subprocess,0.0,0.0,83.468,4.592
1116.006,sglang:subprocess,0.0,0.0,83.66,4.617
1116.507,sglang:subprocess,0.0,0.0,83.661,4.988
1117.008,sglang:subprocess,0.0,0.0,83.659,5.242
1117.509,sglang:subprocess,0.0,0.0,83.659,5.379
1118.01,sglang:subprocess,0.0,0.0,83.658,5.496
1118.51,sglang:subprocess,0.0,0.0,83.658,5.75
1119.011,sglang:subprocess,0.0,0.0,83.658,5.867
1119.512,sglang:subprocess,0.0,0.0,83.658,6.121
1120.012,sglang:subprocess,0.0,0.0,83.664,6.238
1120.513,sglang:subprocess,0.0,0.0,83.664,6.375
1121.014,sglang:subprocess,0.0,0.0,83.664,6.629
1121.514,sglang:subprocess,0.0,0.0,83.665,6.746
1122.015,sglang:subprocess,0.0,0.0,83.663,6.863
1122.516,sglang:subprocess,0.0,0.0,83.664,7.117
1123.017,sglang:subprocess,0.0,0.0,83.664,7.254
1123.518,sglang:subprocess,0.0,0.0,83.664,7.371
1124.018,sglang:subprocess,0.0,0.0,83.667,7.627
1124.519,sglang:subprocess,0.0,0.0,83.667,7.744
1125.02,sglang:subprocess,0.0,0.0,83.667,7.998
1125.52,sglang:subprocess,0.0,0.0,83.667,8.115
1126.021,sglang:subprocess,0.0,0.0,83.665,8.252
1126.522,sglang:subprocess,0.0,0.0,83.658,8.506
1127.022,sglang:subprocess,0.0,0.0,83.658,8.623
1127.523,sglang:subprocess,0.0,0.0,83.658,8.74
1128.024,sglang:subprocess,0.0,0.0,83.664,9.17
1128.525,sglang:subprocess,0.0,0.0,83.664,9.346
1129.025,sglang:subprocess,0.0,0.0,83.664,9.522
1129.526,sglang:subprocess,0.0,0.0,83.666,11.24
1130.027,sglang:subprocess,0.0,0.0,83.672,11.24
1130.527,sglang:subprocess,0.0,0.0,83.672,11.299
1131.028,sglang:subprocess,0.0,0.0,83.672,11.651
1131.529,sglang:subprocess,0.0,0.0,83.672,11.651
1132.029,sglang:subprocess,0.0,0.0,83.671,11.651
1132.53,sglang:subprocess,0.0,0.0,83.671,11.651
1133.031,sglang:subprocess,0.0,0.0,83.672,11.651
1133.532,sglang:subprocess,0.0,0.0,83.672,11.651
1134.033,sglang:subprocess,0.0,0.0,83.672,11.651
1134.533,sglang:subprocess,0.0,0.0,83.672,11.651
1135.034,sglang:subprocess,0.0,0.0,83.672,11.651
1135.535,sglang:subprocess,0.0,0.0,83.672,11.651
1136.035,sglang:subprocess,0.0,0.0,83.667,11.651
1136.536,sglang:subprocess,0.0,0.0,83.667,11.651
1137.037,sglang:subprocess,0.0,0.0,83.666,11.651
1137.537,sglang:subprocess,0.0,0.0,83.666,11.651
1138.038,sglang:subprocess,0.0,0.0,83.666,11.651
1138.539,sglang:subprocess,0.0,0.0,83.667,11.651
1139.04,sglang:subprocess,0.0,0.0,83.667,11.651
1139.54,sglang:subprocess,0.0,0.0,83.716,12.666
1140.041,sglang:subprocess,0.0,0.0,83.825,13.586
1140.542,sglang:subprocess,0.0,0.0,84.051,6.963
1141.043,sglang:subprocess,0.0,0.0,84.274,6.963
1141.543,sglang:subprocess,0.0,0.0,82.964,5.42
1142.044,sglang:subprocess,0.0,0.0,79.105,5.42
1142.545,sglang:subprocess,0.0,0.0,72.07,5.42
1143.045,sglang:subprocess,0.0,0.0,65.475,5.42
1143.546,sglang:subprocess,0.0,0.0,56.279,5.42
1144.047,sglang:subprocess,0.0,0.0,44.705,5.42
1144.548,sglang:subprocess,0.0,0.0,33.157,5.42
1145.049,sglang:subprocess,0.0,0.0,22.079,5.42
1145.55,sglang:subprocess,0.0,0.0,11.938,5.42
1146.447,sglang:subprocess,0.0,0.0,9.04,0.687
1146.947,sglang:subprocess,0.0,0.0,4.359,0.687
1147.448,sglang:subprocess,0.0,0.0,4.352,0.687
1147.949,sglang:subprocess,0.0,0.0,4.35,0.687
1148.449,sglang:subprocess,0.0,0.0,4.336,0.687
1148.801,init,0.0,0.0,3.463,0.687
