t_rel,phase,hbm_alloc_gib,hbm_peak_gib,host_used_gib,nvml_used_gib
4.579,init,0.0,0.0,3.239,0.687
5.087,init,0.0,0.0,3.246,0.687
5.603,init,0.0,0.0,3.25,0.687
6.185,init,0.0,0.0,3.249,0.687
6.686,init,0.0,0.0,3.251,0.687
7.186,init,0.0,0.0,3.251,0.687
7.687,init,0.0,0.0,3.262,0.687
8.206,init,0.0,0.0,3.273,0.687
8.707,init,0.0,0.0,3.298,0.687
9.288,init,0.0,0.0,3.317,0.687
9.789,init,0.0,0.0,3.353,0.687
10.29,init,0.0,0.0,3.392,0.687
10.805,init,0.0,0.0,3.428,0.687
11.312,init,0.0,0.0,3.44,0.687
11.813,init,0.0,0.0,3.46,0.687
12.319,init,0.0,0.0,3.474,0.687
12.82,init,0.0,0.0,3.495,0.687
13.346,load:text_encoder,0.0,0.0,3.698,1.098
13.847,load:text_encoder,0.0,0.0,3.757,1.098
14.348,load:text_encoder,3.142,62.133,3.834,63.248
14.849,load:text_encoder,3.142,62.133,3.834,63.248
15.349,load:text_encoder,3.142,62.133,3.834,63.248
15.85,load:text_encoder,3.142,62.133,3.835,63.248
16.351,load:text_encoder,3.142,62.133,3.836,63.248
16.852,load:text_encoder,3.142,62.133,3.835,63.248
17.352,load:text_encoder,3.386,62.133,3.835,63.248
17.853,load:text_encoder,3.386,62.133,3.838,63.248
18.354,load:text_encoder,3.386,62.133,3.837,63.248
18.855,load:text_encoder,3.386,62.133,3.837,63.248
19.355,load:text_encoder,3.386,62.133,3.838,63.248
19.856,load:text_encoder,3.386,62.133,3.837,63.248
20.357,load:text_encoder,3.386,62.133,3.838,63.248
20.857,load:text_encoder,3.386,62.133,3.838,63.248
21.358,load:text_encoder,3.386,62.133,3.838,63.248
21.859,load:text_encoder,3.63,62.133,3.841,63.248
22.36,load:text_encoder,3.63,62.133,3.841,63.248
22.861,load:text_encoder,3.63,62.133,3.841,63.248
23.361,load:text_encoder,3.64,62.133,3.841,63.248
23.862,load:text_encoder,3.806,62.133,3.843,63.248
24.363,load:text_encoder,4.539,62.133,3.843,63.248
24.863,load:text_encoder,4.539,62.133,3.843,63.248
25.364,load:text_encoder,4.539,62.133,3.843,63.248
25.865,load:text_encoder,4.627,62.133,3.846,63.248
26.366,load:text_encoder,4.705,62.133,3.844,63.248
26.867,load:text_encoder,5.203,62.133,3.844,63.248
27.367,load:text_encoder,5.447,62.133,3.846,63.248
27.868,load:text_encoder,5.447,62.133,3.847,63.248
28.369,load:text_encoder,5.535,62.133,3.846,63.248
28.87,load:text_encoder,5.535,62.133,3.846,63.248
29.37,load:text_encoder,5.867,62.133,3.846,63.248
29.871,load:text_encoder,6.355,62.133,3.848,63.248
30.372,load:text_encoder,6.355,62.133,3.846,63.248
30.872,load:text_encoder,6.355,62.133,3.846,63.248
31.373,load:text_encoder,6.443,62.133,3.846,63.248
31.874,load:text_encoder,6.531,62.133,3.848,63.248
32.375,load:text_encoder,7.263,62.133,3.846,63.248
32.876,load:text_encoder,7.263,62.133,3.846,63.248
33.377,load:text_encoder,7.263,62.133,3.846,63.248
33.877,load:text_encoder,7.273,62.133,3.849,63.248
34.379,load:text_encoder,7.439,62.133,3.85,63.248
34.879,load:text_encoder,8.172,62.133,3.851,63.248
35.38,load:text_encoder,8.172,62.133,3.85,63.248
35.881,load:text_encoder,8.172,62.133,3.85,63.248
36.382,load:text_encoder,8.181,62.133,3.851,63.248
36.882,load:text_encoder,8.181,62.133,3.85,63.248
37.383,load:text_encoder,8.591,62.133,3.85,63.248
37.884,load:text_encoder,9.08,62.133,3.848,63.248
38.385,load:text_encoder,9.08,62.133,3.848,63.248
38.886,load:text_encoder,9.08,62.133,3.848,63.248
39.386,load:text_encoder,9.089,62.133,3.85,63.248
39.887,load:text_encoder,9.5,62.133,3.849,63.248
40.388,load:text_encoder,9.988,62.133,3.852,63.248
40.888,load:text_encoder,9.988,62.133,3.852,63.248
41.389,load:text_encoder,9.988,62.133,3.852,63.248
41.89,load:text_encoder,10.076,62.133,3.854,63.248
42.391,load:text_encoder,10.164,62.133,3.856,63.248
42.891,load:text_encoder,10.896,62.133,3.854,63.248
43.392,load:text_encoder,10.896,62.133,3.855,63.248
43.893,load:text_encoder,10.896,62.133,3.855,63.248
44.394,load:text_encoder,10.906,62.133,3.858,63.248
44.895,load:text_encoder,10.906,62.133,3.856,63.248
45.395,load:text_encoder,11.316,62.133,3.856,63.248
45.896,load:text_encoder,11.804,62.133,3.854,63.248
46.397,load:text_encoder,11.804,62.133,3.856,63.248
46.898,load:text_encoder,11.814,62.133,3.855,63.248
47.398,load:text_encoder,11.814,62.133,3.856,63.248
47.899,load:text_encoder,12.224,62.133,3.846,63.248
48.4,load:text_encoder,12.713,62.133,3.851,63.248
48.9,load:text_encoder,12.713,62.133,3.844,63.248
49.402,load:text_encoder,12.713,62.133,3.845,63.248
49.903,load:text_encoder,12.801,62.133,3.847,63.248
50.403,load:text_encoder,12.888,62.133,3.852,63.248
50.904,load:text_encoder,13.621,62.133,3.85,63.248
51.405,load:text_encoder,13.621,62.133,3.851,63.248
51.906,load:text_encoder,13.621,62.133,3.847,63.248
52.406,load:text_encoder,13.631,62.133,3.854,63.248
52.907,load:text_encoder,13.797,62.133,3.855,63.248
53.408,load:text_encoder,14.529,62.133,3.855,63.248
53.909,load:text_encoder,14.529,62.133,3.855,63.248
54.409,load:text_encoder,14.529,62.133,3.859,63.248
54.91,load:text_encoder,14.617,62.133,3.857,63.248
55.411,load:text_encoder,14.705,62.133,3.848,63.248
55.912,load:text_encoder,15.437,62.133,3.85,63.248
56.413,load:text_encoder,15.437,62.133,3.855,63.248
56.913,load:text_encoder,15.437,62.133,3.853,63.248
57.414,load:text_encoder,15.525,62.133,3.855,63.248
57.915,load:text_encoder,15.525,62.133,3.856,63.248
58.416,load:text_encoder,16.346,62.133,3.863,63.248
58.916,load:text_encoder,16.346,62.133,3.853,63.248
59.417,load:text_encoder,16.346,62.133,3.855,63.248
59.918,load:text_encoder,16.433,62.133,3.855,63.248
60.419,load:text_encoder,16.521,62.133,3.861,63.248
60.92,load:text_encoder,17.254,62.133,3.862,63.248
61.42,load:text_encoder,17.254,62.133,3.862,63.248
61.921,load:text_encoder,17.254,62.133,3.864,63.248
62.422,load:text_encoder,17.264,62.133,3.864,63.248
62.923,load:text_encoder,17.264,62.133,3.863,63.248
63.423,load:text_encoder,17.43,62.133,3.863,63.248
63.924,load:text_encoder,18.162,62.133,3.866,63.248
64.425,load:text_encoder,18.162,62.133,3.869,63.248
64.926,load:text_encoder,18.162,62.133,3.87,63.248
65.426,load:text_encoder,18.25,62.133,3.87,63.248
65.927,load:text_encoder,18.338,62.133,3.871,63.248
66.428,load:text_encoder,19.07,62.133,3.872,63.248
66.929,load:text_encoder,19.07,62.133,3.869,63.248
67.43,load:text_encoder,19.07,62.133,3.869,63.248
67.93,load:text_encoder,19.158,62.133,3.868,63.248
68.431,load:text_encoder,19.246,62.133,3.871,63.248
68.932,load:text_encoder,19.978,62.133,3.872,63.248
69.433,load:text_encoder,19.978,62.133,3.872,63.248
69.933,load:text_encoder,19.978,62.133,3.873,63.248
70.434,load:text_encoder,19.988,62.133,3.877,63.248
70.935,load:text_encoder,20.154,62.133,3.873,63.248
71.435,load:text_encoder,20.887,62.133,3.874,63.248
71.936,load:text_encoder,23.123,62.133,3.881,63.248
72.437,load:text_encoder,23.611,62.133,3.878,63.248
72.938,load:text_encoder,27.244,62.133,3.884,63.248
73.438,load:text_encoder,29.061,62.133,3.89,63.248
73.939,load:text_encoder,29.979,62.133,3.892,63.248
74.44,load:text_encoder,30.389,62.133,3.892,63.248
74.941,load:text_encoder,30.877,62.133,3.894,63.248
75.441,load:text_encoder,31.795,62.133,3.897,63.248
75.943,load:text_encoder,32.205,62.133,3.885,63.248
76.444,load:text_encoder,32.694,62.133,3.885,63.248
76.945,load:text_encoder,32.694,62.133,3.886,63.248
77.445,load:text_encoder,32.703,62.133,3.886,63.248
77.946,load:text_encoder,32.869,62.133,3.888,63.248
78.447,load:text_encoder,33.602,62.133,3.888,63.248
78.947,load:text_encoder,33.602,62.133,3.889,63.248
79.448,load:text_encoder,34.51,62.133,3.891,63.248
79.949,load:text_encoder,34.52,62.133,3.896,63.248
80.45,load:text_encoder,34.686,62.133,3.891,63.248
80.95,load:text_encoder,35.418,62.133,3.893,63.248
81.451,load:text_encoder,35.418,62.133,3.893,63.248
81.952,load:text_encoder,35.418,62.133,3.895,63.248
82.453,load:text_encoder,35.428,62.133,3.892,63.248
82.954,load:text_encoder,35.594,62.133,3.893,63.248
83.455,load:text_encoder,36.326,62.133,3.895,63.248
83.955,load:text_encoder,37.41,62.133,3.901,63.248
84.456,load:text_encoder,38.319,62.133,3.902,63.248
84.957,load:text_encoder,39.051,62.133,3.899,63.248
85.458,load:text_encoder,39.051,62.133,3.9,63.248
85.958,load:text_encoder,39.051,62.133,3.914,63.248
86.459,load:text_encoder,39.061,62.133,3.892,63.248
86.961,load:text_encoder,39.471,62.133,3.896,63.248
87.462,load:text_encoder,39.959,62.133,3.897,63.248
87.963,load:text_encoder,39.959,62.133,3.905,63.248
88.464,load:text_encoder,40.047,62.133,3.9,63.248
88.964,load:text_encoder,40.125,62.133,3.904,63.248
89.465,load:text_encoder,40.868,62.133,3.904,63.248
89.966,load:text_encoder,40.868,62.133,3.905,63.248
90.466,load:text_encoder,40.877,62.133,3.907,63.248
90.967,load:text_encoder,40.877,62.133,3.906,63.248
91.468,load:text_encoder,41.776,62.133,3.907,63.248
91.969,load:text_encoder,41.776,62.133,3.909,63.248
92.469,load:text_encoder,41.776,62.133,3.909,63.248
92.971,load:text_encoder,41.864,62.133,3.91,63.248
93.471,load:text_encoder,42.684,62.133,3.907,63.248
93.972,load:text_encoder,42.684,62.133,3.911,63.248
94.473,load:text_encoder,42.772,62.133,3.912,63.248
94.974,load:text_encoder,42.86,62.133,3.912,63.248
95.474,load:text_encoder,43.592,62.133,3.911,63.248
95.975,load:text_encoder,43.592,62.133,3.915,63.248
96.476,load:text_encoder,43.592,62.133,3.912,63.248
96.976,load:text_encoder,43.602,62.133,3.914,63.248
97.477,load:text_encoder,43.768,62.133,3.914,63.248
97.978,load:text_encoder,44.5,62.133,3.913,63.248
98.479,load:text_encoder,44.5,62.133,3.914,63.248
98.98,load:text_encoder,44.5,62.133,3.914,63.248
99.481,load:text_encoder,44.51,62.133,3.913,63.248
99.981,load:text_encoder,44.676,62.133,3.914,63.248
100.482,load:text_encoder,45.409,62.133,3.913,63.248
100.983,load:text_encoder,45.409,62.133,3.914,63.248
101.484,load:text_encoder,45.409,62.133,3.915,63.248
101.984,load:text_encoder,45.418,62.133,3.914,63.248
102.485,load:text_encoder,45.584,62.133,3.916,63.248
102.986,load:text_encoder,46.317,62.133,3.919,63.248
103.487,load:text_encoder,46.317,62.133,3.918,63.248
103.988,load:text_encoder,46.317,62.133,3.919,63.248
104.489,load:text_encoder,46.405,62.133,3.917,63.248
104.989,load:text_encoder,46.483,62.133,3.918,63.248
105.49,load:text_encoder,47.225,62.133,3.918,63.248
105.991,load:text_encoder,47.225,62.133,3.916,63.248
106.492,load:text_encoder,48.133,62.133,3.917,63.248
106.992,load:text_encoder,50.868,62.133,3.922,63.248
107.493,load:text_encoder,54.491,62.133,3.931,63.248
107.994,load:text_encoder,58.134,62.133,3.938,63.248
108.495,load:text_encoder,61.478,62.133,3.945,63.248
110.17,load:text_encoder,62.133,62.133,3.83,63.25
110.671,run:text_encoder,62.176,62.176,4.061,63.363
111.172,run:text_encoder,62.745,63.028,4.476,64.244
111.673,run:text_encoder,62.745,63.028,4.485,64.244
112.174,run:text_encoder,62.766,63.028,4.531,64.244
112.674,run:text_encoder,63.421,63.629,4.617,64.889
113.288,free:text_encoder,0.028,64.336,4.574,65.592
113.789,load:vae_encoder,0.083,64.336,4.503,1.428
114.29,load:vae_encoder,0.631,64.336,4.508,4.223
114.79,load:vae_encoder,1.553,64.336,4.51,4.225
115.291,load:vae_encoder,3.054,64.336,4.515,4.264
115.792,load:vae_encoder,5.368,64.336,4.513,6.57
116.292,load:vae_encoder,8.557,64.336,4.523,9.756
116.793,run:vae_encoder,10.366,64.336,4.524,11.594
117.294,run:vae_encoder,10.292,64.336,4.622,11.91
117.95,free:vae_encoder,0.028,64.336,4.628,11.91
118.45,load:denoise,0.143,64.336,4.667,32.131
118.951,load:denoise,0.682,64.336,4.643,32.131
119.452,load:denoise,0.682,64.336,4.648,32.131
119.953,load:denoise,0.897,64.336,4.653,32.131
120.453,load:denoise,1.256,64.336,4.642,32.131
120.954,load:denoise,1.399,64.336,4.646,32.131
121.455,load:denoise,1.884,64.336,4.652,32.131
121.956,load:denoise,1.884,64.336,4.656,32.131
122.457,load:denoise,1.884,64.336,4.653,32.131
122.958,load:denoise,2.028,64.336,4.655,32.131
123.459,load:denoise,2.458,64.336,4.652,32.131
123.96,load:denoise,2.458,64.336,4.656,32.131
124.46,load:denoise,2.602,64.336,4.656,32.131
124.961,load:denoise,3.086,64.336,4.658,32.133
125.462,load:denoise,3.086,64.336,4.658,32.133
125.963,load:denoise,3.086,64.336,4.659,32.133
126.464,load:denoise,3.302,64.336,4.66,32.133
126.964,load:denoise,3.661,64.336,4.661,32.133
127.465,load:denoise,3.661,64.336,4.662,32.133
127.966,load:denoise,3.804,64.336,4.665,32.133
128.467,load:denoise,3.948,64.336,4.662,32.133
128.968,load:denoise,4.091,64.336,4.662,32.133
129.468,load:denoise,4.379,64.336,4.662,32.133
129.969,load:denoise,4.522,64.336,4.663,32.133
130.47,load:denoise,5.007,64.336,4.658,32.133
130.971,load:denoise,5.007,64.336,4.663,32.133
131.471,load:denoise,5.007,64.336,4.655,32.133
131.972,load:denoise,5.491,64.336,4.646,32.133
132.473,load:denoise,5.491,64.336,4.649,32.133
132.974,load:denoise,5.491,64.336,4.649,32.133
133.474,load:denoise,5.635,64.336,4.652,32.133
133.975,load:denoise,6.066,64.336,4.648,32.133
134.476,load:denoise,6.066,64.336,4.648,32.133
134.977,load:denoise,6.209,64.336,4.646,32.133
135.477,load:denoise,6.694,64.336,4.652,32.133
135.978,load:denoise,6.694,64.336,4.653,32.133
136.479,load:denoise,6.694,64.336,4.654,32.133
136.98,load:denoise,6.909,64.336,4.654,32.133
137.48,load:denoise,7.268,64.336,4.654,32.133
137.981,load:denoise,7.268,64.336,4.656,32.133
138.482,load:denoise,7.412,64.336,4.656,32.133
138.983,load:denoise,7.896,64.336,4.656,32.133
139.484,load:denoise,7.896,64.336,4.656,32.133
139.985,load:denoise,7.896,64.336,4.661,32.133
140.485,load:denoise,8.112,64.336,4.661,32.133
140.986,load:denoise,8.471,64.336,4.662,32.133
141.487,load:denoise,8.471,64.336,4.661,32.133
141.988,load:denoise,8.614,64.336,4.661,32.133
142.488,load:denoise,8.758,64.336,4.661,32.133
143.054,load:denoise,8.901,64.336,4.653,32.133
143.555,load:denoise,9.386,64.336,4.652,32.133
144.056,load:denoise,9.386,64.336,4.644,32.133
144.556,load:denoise,9.458,64.336,4.646,32.133
145.057,load:denoise,9.673,64.336,4.649,32.133
145.558,load:denoise,9.96,64.336,4.648,32.133
146.059,load:denoise,9.96,64.336,4.651,32.133
146.559,load:denoise,10.176,64.336,4.651,32.133
147.06,load:denoise,10.66,64.336,4.653,32.133
147.561,load:denoise,10.66,64.336,4.654,32.133
148.062,load:denoise,10.66,64.336,4.652,32.133
148.563,load:denoise,10.947,64.336,4.653,32.133
149.064,load:denoise,11.091,64.336,4.655,32.133
149.564,load:denoise,11.576,64.336,4.655,32.133
150.065,load:denoise,11.576,64.336,4.649,32.133
150.566,load:denoise,11.576,64.336,4.649,32.133
151.067,load:denoise,11.719,64.336,4.647,32.133
151.567,load:denoise,11.863,64.336,4.648,32.133
152.068,load:denoise,12.15,64.336,4.654,32.133
152.569,load:denoise,12.293,64.336,4.654,32.133
153.07,load:denoise,12.778,64.336,4.654,32.133
153.571,load:denoise,12.778,64.336,4.655,32.133
154.072,load:denoise,12.778,64.336,4.662,32.133
154.572,load:denoise,12.922,64.336,4.657,32.133
155.073,load:denoise,13.065,64.336,4.659,32.133
155.574,load:denoise,13.352,64.336,4.659,32.133
156.074,load:denoise,13.496,64.336,4.661,32.133
156.575,load:denoise,13.981,64.336,4.651,32.133
157.076,load:denoise,13.981,64.336,4.651,32.133
157.577,load:denoise,13.981,64.336,4.652,32.133
158.077,load:denoise,14.124,64.336,4.654,32.133
158.578,load:denoise,14.483,64.336,4.654,32.133
159.079,load:denoise,14.483,64.336,4.655,32.133
159.58,load:denoise,14.627,64.336,4.655,32.133
160.08,load:denoise,15.111,64.336,4.656,32.135
160.582,load:denoise,15.111,64.336,4.656,32.135
161.083,load:denoise,15.183,64.336,4.654,32.135
161.584,load:denoise,15.327,64.336,4.654,32.135
162.084,load:denoise,15.685,64.336,4.658,32.135
162.585,load:denoise,15.685,64.336,4.659,32.135
163.086,load:denoise,15.829,64.336,4.658,32.135
163.587,load:denoise,16.314,64.336,4.662,32.135
164.087,load:denoise,16.314,64.336,4.65,32.135
164.588,load:denoise,16.385,64.336,4.651,32.135
165.089,load:denoise,16.529,64.336,4.648,32.135
165.59,load:denoise,16.888,64.336,4.651,32.135
166.091,load:denoise,16.888,64.336,4.656,32.135
166.592,load:denoise,17.031,64.336,4.654,32.135
167.092,load:denoise,17.247,64.336,4.654,32.135
167.593,load:denoise,17.606,64.336,4.653,32.135
168.094,load:denoise,17.606,64.336,4.652,32.135
168.595,load:denoise,17.749,64.336,4.655,32.135
169.095,load:denoise,18.234,64.336,4.647,32.135
169.596,load:denoise,18.234,64.336,4.647,32.135
170.097,load:denoise,18.234,64.336,4.648,32.135
170.598,load:denoise,18.719,64.336,4.649,32.135
171.098,load:denoise,18.719,64.336,4.649,32.135
171.599,load:denoise,18.79,64.336,4.65,32.135
172.1,load:denoise,18.934,64.336,4.653,32.135
172.6,load:denoise,19.293,64.336,4.654,32.135
173.102,load:denoise,19.293,64.336,4.654,32.135
173.603,load:denoise,19.436,64.336,4.656,32.135
174.103,load:denoise,19.921,64.336,4.661,32.135
174.604,load:denoise,19.921,64.336,4.649,32.135
175.105,load:denoise,19.993,64.336,4.65,32.135
175.605,load:denoise,20.136,64.336,4.65,32.135
176.106,load:denoise,20.495,64.336,4.657,32.135
176.607,load:denoise,20.495,64.336,4.659,32.135
177.108,load:denoise,20.639,64.336,4.658,32.135
177.608,load:denoise,21.124,64.336,4.662,32.135
178.11,load:denoise,21.124,64.336,4.658,32.135
178.611,load:denoise,21.195,64.336,4.662,32.135
179.112,load:denoise,21.339,64.336,4.663,32.135
179.612,load:denoise,21.698,64.336,4.663,32.135
180.113,load:denoise,21.698,64.336,4.665,32.135
180.614,load:denoise,21.841,64.336,4.666,32.135
181.115,load:denoise,22.057,64.336,4.665,32.135
181.615,load:denoise,22.613,64.336,4.657,32.135
182.116,load:denoise,22.613,64.336,4.68,32.135
182.617,load:denoise,22.613,64.336,4.685,32.135
183.118,load:denoise,22.9,64.336,4.684,32.135
183.618,load:denoise,22.9,64.336,4.685,32.135
184.119,load:denoise,23.044,64.336,4.688,32.135
184.62,load:denoise,23.529,64.336,4.687,32.135
185.121,load:denoise,23.529,64.336,4.687,32.135
185.622,load:denoise,23.6,64.336,4.687,32.135
186.122,load:denoise,23.744,64.336,4.688,32.135
186.623,load:denoise,24.103,64.336,4.689,32.135
187.124,load:denoise,24.103,64.336,4.686,32.135
187.625,load:denoise,24.246,64.336,4.686,32.135
188.125,load:denoise,24.731,64.336,4.686,32.135
188.626,load:denoise,24.731,64.336,4.689,32.135
189.127,load:denoise,24.803,64.336,4.689,32.135
189.627,load:denoise,24.946,64.336,4.688,32.135
190.128,load:denoise,25.305,64.336,4.688,32.135
190.63,load:denoise,25.305,64.336,4.688,32.135
191.13,load:denoise,25.449,64.336,4.689,32.135
191.631,load:denoise,25.933,64.336,4.69,32.135
192.132,load:denoise,25.933,64.336,4.682,32.135
192.633,load:denoise,26.005,64.336,4.683,32.135
193.133,load:denoise,26.149,64.336,4.684,32.135
193.634,load:denoise,26.508,64.336,4.685,32.135
194.135,load:denoise,26.508,64.336,4.681,32.135
194.636,load:denoise,26.723,64.336,4.686,32.135
195.136,load:denoise,27.208,64.336,4.679,32.137
195.637,load:denoise,27.208,64.336,4.679,32.137
196.138,load:denoise,27.208,64.336,4.682,32.137
196.638,load:denoise,27.351,64.336,4.682,32.137
197.139,load:denoise,27.71,64.336,4.683,32.137
197.64,load:denoise,27.71,64.336,4.683,32.137
198.141,load:denoise,27.854,64.336,4.684,32.137
198.641,load:denoise,28.338,64.336,4.683,32.137
199.143,load:denoise,28.338,64.336,4.685,32.137
199.644,load:denoise,28.41,64.336,4.685,32.137
200.144,load:denoise,28.554,64.336,4.687,32.137
200.645,load:denoise,28.913,64.336,4.687,32.137
201.146,load:denoise,28.913,64.336,4.687,32.137
201.647,load:denoise,29.056,64.336,4.687,32.137
202.147,load:denoise,29.541,64.336,4.688,32.137
202.648,load:denoise,29.541,64.336,4.688,32.137
203.149,load:denoise,29.613,64.336,4.689,32.137
203.65,load:denoise,29.756,64.336,4.689,32.137
204.151,load:denoise,30.115,64.336,4.689,32.137
204.652,load:denoise,30.115,64.336,4.69,32.137
205.152,load:denoise,30.33,64.336,4.691,32.137
205.653,load:denoise,30.474,64.336,4.691,32.137
206.154,load:denoise,30.833,64.336,4.691,32.137
206.655,load:denoise,30.833,64.336,4.696,32.137
207.155,load:denoise,30.976,64.336,4.694,32.215
207.656,load:denoise,31.461,64.336,4.688,32.703
208.157,load:denoise,31.461,64.336,4.686,32.703
208.658,load:denoise,31.461,64.336,4.689,32.703
209.158,load:denoise,31.946,64.336,4.689,33.192
209.659,load:denoise,31.946,64.336,4.688,33.192
210.16,load:denoise,32.018,64.336,4.68,33.27
210.661,load:denoise,32.161,64.336,4.686,33.406
211.161,load:denoise,32.52,64.336,4.686,33.758
211.663,load:denoise,32.52,64.336,4.69,33.758
212.164,load:denoise,32.664,64.336,4.682,33.914
212.664,load:denoise,33.148,64.336,4.686,34.383
213.165,load:denoise,33.148,64.336,4.685,34.383
213.666,load:denoise,33.22,64.336,4.686,34.461
214.167,load:denoise,33.364,64.336,4.688,34.598
214.667,load:denoise,33.723,64.336,4.689,34.969
215.168,load:denoise,33.723,64.336,4.682,34.969
215.669,load:denoise,34.351,64.336,4.684,35.594
216.17,load:denoise,34.351,64.336,4.685,35.594
216.67,load:denoise,34.351,64.336,4.685,35.594
217.172,load:denoise,34.423,64.336,4.687,35.672
217.672,load:denoise,34.566,64.336,4.688,35.809
218.173,load:denoise,34.925,64.336,4.691,36.16
218.674,load:denoise,34.925,64.336,4.692,36.16
219.175,load:denoise,35.14,64.336,4.692,36.375
219.675,load:denoise,35.284,64.336,4.693,36.531
220.176,load:denoise,35.84,64.336,4.686,37.078
220.677,load:denoise,35.84,64.336,4.685,37.078
221.178,load:denoise,35.84,64.336,4.688,37.078
221.678,load:denoise,36.127,64.336,4.689,37.371
222.179,load:denoise,36.127,64.336,4.69,37.371
222.68,load:denoise,36.756,64.336,4.692,37.996
223.181,load:denoise,36.756,64.336,4.694,37.996
223.681,load:denoise,36.756,64.336,4.695,37.996
224.182,load:denoise,36.827,64.336,4.699,38.074
224.683,load:denoise,37.043,64.336,4.699,38.289
225.184,load:denoise,37.33,64.336,4.703,38.582
225.685,load:denoise,37.33,64.336,4.692,38.582
226.185,load:denoise,37.958,64.336,4.697,39.209
226.686,load:denoise,37.958,64.336,4.698,39.209
227.187,load:denoise,37.958,64.336,4.698,39.209
227.688,load:denoise,38.03,64.336,4.693,39.268
228.188,load:denoise,38.245,64.336,4.697,39.483
228.689,load:denoise,38.532,64.336,4.7,39.776
229.19,load:denoise,38.532,64.336,4.704,39.776
229.691,load:denoise,39.161,64.336,4.704,40.401
230.192,load:denoise,39.161,64.336,4.69,40.401
230.693,load:denoise,39.161,64.336,4.695,40.401
231.193,load:denoise,39.232,64.336,4.699,40.479
231.694,load:denoise,39.448,64.336,4.699,40.693
232.195,load:denoise,39.735,64.336,4.701,40.986
232.696,load:denoise,39.735,64.336,4.702,40.986
233.196,load:denoise,39.95,64.336,4.706,41.201
233.697,load:denoise,40.435,64.336,4.697,41.67
234.198,load:denoise,40.435,64.336,4.687,41.67
234.699,load:denoise,40.435,64.336,4.689,41.67
235.199,load:denoise,40.65,64.336,4.693,41.885
235.7,load:denoise,40.937,64.336,4.697,42.178
236.201,load:denoise,40.937,64.336,4.692,42.178
236.702,load:denoise,41.566,64.336,4.692,42.803
237.202,load:denoise,41.566,64.336,4.697,42.803
237.704,load:denoise,41.566,64.336,4.698,42.803
238.205,load:denoise,41.637,64.336,4.697,42.881
238.706,load:denoise,41.853,64.336,4.711,43.096
239.206,load:denoise,42.14,64.336,4.711,43.389
239.707,load:denoise,42.14,64.336,4.697,43.389
240.208,load:denoise,42.768,64.336,4.699,44.014
240.708,load:denoise,42.768,64.336,4.704,44.014
241.209,load:denoise,42.768,64.336,4.702,44.014
241.71,load:denoise,42.84,64.336,4.702,44.092
242.211,load:denoise,43.055,64.336,4.704,44.307
242.712,load:denoise,43.342,64.336,4.705,44.58
243.213,load:denoise,43.342,64.336,4.705,44.58
243.713,load:denoise,43.558,64.336,4.707,44.795
244.214,load:denoise,43.701,64.336,4.698,44.951
244.715,load:denoise,44.06,64.336,4.7,45.303
245.216,load:denoise,44.06,64.336,4.704,45.303
245.716,load:denoise,44.204,64.336,4.705,45.44
246.217,load:denoise,44.688,64.336,4.699,45.928
246.718,load:denoise,44.688,64.336,4.699,45.928
247.219,load:denoise,45.173,64.336,4.701,46.416
247.719,load:denoise,45.173,64.336,4.701,46.416
248.22,load:denoise,45.173,64.336,4.701,46.416
248.721,load:denoise,45.245,64.336,4.702,46.494
249.222,load:denoise,45.46,64.336,4.702,46.709
249.722,load:denoise,45.747,64.336,4.704,46.983
250.223,load:denoise,45.747,64.336,4.702,46.983
250.724,load:denoise,46.375,64.336,4.704,47.627
251.225,load:denoise,46.375,64.336,4.704,47.627
251.726,load:denoise,46.375,64.336,4.704,47.627
252.226,load:denoise,46.447,64.336,4.695,47.686
252.727,load:denoise,46.663,64.336,4.698,47.901
253.228,load:denoise,46.95,64.336,4.699,48.193
253.729,load:denoise,46.95,64.336,4.704,48.193
254.229,load:denoise,47.578,64.336,4.71,48.818
254.73,load:denoise,47.578,64.336,4.706,48.818
255.231,load:denoise,47.578,64.336,4.706,48.818
255.732,load:denoise,47.65,64.336,4.708,48.897
256.233,load:denoise,47.865,64.336,4.74,49.111
256.734,load:denoise,48.152,64.336,4.697,49.404
257.234,load:denoise,48.152,64.336,4.699,49.404
257.735,load:denoise,48.368,64.336,4.709,49.619
258.236,load:denoise,48.511,64.336,4.705,49.756
258.737,load:denoise,49.068,64.336,4.697,50.303
259.237,load:denoise,49.068,64.336,4.706,50.303
259.738,load:denoise,49.068,64.336,4.7,50.303
260.239,load:denoise,49.355,64.336,4.702,50.596
260.74,load:denoise,49.355,64.336,4.701,50.596
261.24,load:denoise,49.983,64.336,4.706,51.223
261.741,load:denoise,49.983,64.336,4.704,51.223
262.242,load:denoise,49.983,64.336,4.703,51.223
262.743,load:denoise,50.055,64.336,4.705,51.301
263.244,load:denoise,50.27,64.336,4.706,51.516
263.745,load:denoise,50.557,64.336,4.708,51.809
264.245,load:denoise,50.557,64.336,4.709,51.809
264.746,load:denoise,51.185,64.336,4.708,52.434
265.247,load:denoise,51.185,64.336,4.708,52.434
265.747,load:denoise,51.185,64.336,4.712,52.434
266.248,load:denoise,51.257,64.336,4.71,52.492
266.749,load:denoise,51.472,64.336,4.709,52.727
267.25,load:denoise,51.76,64.336,4.711,53.0
267.751,load:denoise,51.76,64.336,4.714,53.0
268.252,load:denoise,52.388,64.336,4.712,53.625
268.752,load:denoise,52.388,64.336,4.712,53.625
269.253,load:denoise,52.388,64.336,4.712,53.625
269.757,load:denoise,52.46,64.336,4.716,53.703
270.257,load:denoise,52.675,64.336,4.719,53.918
270.758,load:denoise,52.962,64.336,4.72,54.211
271.259,load:denoise,52.962,64.336,4.72,54.211
271.76,load:denoise,53.177,64.336,4.721,54.426
272.26,load:denoise,53.662,64.336,4.713,54.914
272.761,load:denoise,53.662,64.336,4.713,54.914
273.262,load:denoise,53.662,64.336,4.714,54.914
273.763,load:denoise,53.877,64.336,4.717,55.129
274.263,load:denoise,54.165,64.336,4.718,55.402
274.764,load:denoise,54.165,64.336,4.718,55.402
275.265,load:denoise,54.793,64.336,4.719,56.027
275.765,load:denoise,54.793,64.336,4.72,56.027
276.267,load:denoise,54.793,64.336,4.72,56.027
276.768,load:denoise,54.865,64.336,4.72,56.106
277.268,load:denoise,55.08,64.336,4.72,56.32
277.769,load:denoise,55.367,64.336,4.722,56.613
278.27,load:denoise,55.367,64.336,4.711,56.613
278.771,load:denoise,55.995,64.336,4.711,57.238
279.271,load:denoise,55.995,64.336,4.71,57.238
279.772,load:denoise,55.995,64.336,4.713,57.238
280.273,load:denoise,56.067,64.336,4.715,57.317
280.774,load:denoise,56.282,64.336,4.715,57.531
281.275,load:denoise,56.569,64.336,4.717,57.805
281.776,load:denoise,56.569,64.336,4.718,57.805
282.276,load:denoise,56.785,64.336,4.718,58.02
282.777,load:denoise,56.928,64.336,4.719,58.176
283.278,load:denoise,57.287,64.336,4.72,58.527
283.778,load:denoise,57.287,64.336,4.722,58.527
284.279,load:denoise,57.431,64.336,4.723,58.684
284.78,load:denoise,57.646,64.336,4.716,58.899
285.281,load:denoise,58.005,64.336,4.706,59.25
285.781,load:denoise,58.005,64.336,4.71,59.25
286.282,load:denoise,58.149,64.336,4.715,59.387
286.783,load:denoise,58.364,64.336,4.716,59.602
287.284,load:denoise,58.723,64.336,4.716,59.973
287.784,load:denoise,58.723,64.336,4.716,59.973
288.285,load:denoise,58.866,64.336,4.72,60.109
288.786,load:denoise,59.351,64.336,4.72,60.598
289.287,load:denoise,59.351,64.336,4.719,60.598
289.788,load:denoise,59.351,64.336,4.72,60.598
290.288,load:denoise,59.836,64.336,4.729,61.086
290.789,load:denoise,59.836,64.336,4.726,61.086
291.29,load:denoise,59.908,64.336,4.723,61.145
291.791,load:denoise,60.051,64.336,4.726,61.301
292.292,load:denoise,60.41,64.336,4.72,61.652
292.792,load:denoise,60.41,64.336,4.719,61.652
293.293,load:denoise,60.554,64.336,4.721,61.789
293.794,load:denoise,61.038,64.336,4.723,62.277
294.295,load:denoise,61.038,64.336,4.727,62.277
294.796,load:denoise,61.11,64.336,4.728,62.356
295.297,load:denoise,61.254,64.336,4.727,62.492
295.797,load:denoise,61.612,64.336,4.728,62.863
296.298,load:denoise,61.612,64.336,4.73,62.863
296.799,load:denoise,61.756,64.336,4.73,63.0
297.3,run:denoise,63.053,68.771,4.798,71.928
297.8,run:denoise,63.053,68.771,4.798,71.928
298.301,run:denoise,65.712,68.771,4.791,71.928
298.802,run:denoise,64.308,68.771,4.792,71.928
299.303,run:denoise,63.053,68.771,4.792,71.928
299.803,run:denoise,63.053,68.771,4.792,71.928
300.304,run:denoise,65.712,68.771,4.798,71.928
300.805,run:denoise,64.727,68.771,4.797,71.928
301.306,run:denoise,63.053,68.771,4.797,71.928
301.807,run:denoise,63.053,68.771,4.797,71.928
302.308,run:denoise,65.712,68.771,4.799,71.928
302.808,run:denoise,64.727,68.771,4.799,71.928
303.309,run:denoise,63.053,68.771,4.799,71.928
303.81,run:denoise,63.053,68.771,4.8,71.928
304.311,run:denoise,65.712,68.771,4.801,71.928
304.811,run:denoise,64.727,68.771,4.802,71.928
305.312,run:denoise,63.053,68.771,4.802,71.928
305.813,run:denoise,63.053,68.771,4.802,71.928
306.314,run:denoise,65.712,68.771,4.8,71.928
306.815,run:denoise,64.727,68.771,4.8,71.928
307.316,run:denoise,63.053,68.771,4.8,71.928
307.816,run:denoise,63.053,68.771,4.8,71.928
308.317,run:denoise,65.712,68.771,4.802,71.928
308.818,run:denoise,64.308,68.771,4.801,71.928
309.319,run:denoise,61.802,68.771,4.801,71.928
309.819,run:denoise,61.802,68.771,4.801,71.928
310.32,run:denoise,61.802,68.771,4.8,71.928
310.821,run:denoise,61.802,68.771,4.801,71.928
311.322,run:denoise,61.802,68.771,4.801,71.928
311.823,run:denoise,61.802,68.771,4.801,71.928
312.324,run:denoise,61.802,68.771,4.801,71.928
312.824,run:denoise,61.802,68.771,4.8,71.928
313.325,run:denoise,61.802,68.771,4.8,71.928
313.827,run:denoise,61.802,68.771,4.801,71.928
314.328,run:denoise,61.802,68.771,4.801,71.928
314.829,run:denoise,61.802,68.771,4.8,71.928
315.329,run:denoise,61.802,68.771,4.801,71.928
315.83,run:denoise,61.802,68.771,4.801,71.928
316.331,run:denoise,61.802,68.771,4.767,71.928
316.832,run:denoise,61.802,68.771,4.767,71.928
317.333,run:denoise,64.741,68.785,4.767,71.928
317.834,run:denoise,63.067,68.785,4.767,71.928
318.334,run:denoise,63.067,68.785,4.766,71.928
318.835,run:denoise,65.726,68.785,4.766,71.928
319.336,run:denoise,64.741,68.785,4.766,71.928
319.837,run:denoise,63.067,68.785,4.764,71.928
320.337,run:denoise,63.067,68.785,4.765,71.928
320.838,run:denoise,65.726,68.785,4.764,71.928
321.339,run:denoise,64.322,68.785,4.764,71.928
321.84,run:denoise,63.067,68.785,4.771,71.928
322.341,run:denoise,63.067,68.785,4.771,71.928
322.842,run:denoise,63.486,68.785,4.77,71.928
323.343,run:denoise,66.136,68.785,4.77,71.928
323.843,run:denoise,63.067,68.785,4.771,71.928
324.344,run:denoise,63.067,68.785,4.771,71.928
324.845,run:denoise,63.067,68.785,4.771,71.928
325.346,run:denoise,66.011,68.785,4.771,71.928
325.846,run:denoise,63.067,68.785,4.771,71.928
326.347,run:denoise,63.067,68.785,4.77,71.928
326.849,run:denoise,63.067,68.785,4.771,71.928
327.349,run:denoise,66.011,68.785,4.771,71.928
327.85,run:denoise,63.067,68.785,4.771,71.928
328.351,run:denoise,63.067,68.785,4.771,71.928
328.852,run:denoise,63.067,68.785,4.772,71.928
329.352,run:denoise,61.802,68.785,4.772,71.928
329.853,run:denoise,63.066,68.785,4.772,71.928
330.354,run:denoise,68.785,68.785,4.772,71.928
330.854,run:denoise,68.785,68.785,4.772,71.928
331.355,run:denoise,64.322,68.785,4.772,71.928
331.856,run:denoise,64.741,68.785,4.772,71.928
332.357,run:denoise,68.785,68.785,4.77,71.928
332.858,run:denoise,68.785,68.785,4.772,71.928
333.359,run:denoise,64.322,68.785,4.771,71.928
333.86,run:denoise,66.011,68.785,4.772,71.928
334.36,run:denoise,68.785,68.785,4.772,71.928
334.861,run:denoise,68.785,68.785,4.773,71.928
335.362,run:denoise,64.322,68.785,4.773,71.928
335.863,run:denoise,65.802,68.785,4.773,71.928
336.369,run:denoise,68.785,68.785,4.773,71.928
336.87,run:denoise,68.785,68.785,4.772,71.928
337.372,run:denoise,65.159,68.785,4.772,71.928
337.872,run:denoise,66.011,68.785,4.772,71.928
338.373,run:denoise,63.067,68.785,4.772,71.928
338.874,run:denoise,63.067,68.785,4.773,71.928
339.374,run:denoise,63.067,68.785,4.773,71.928
339.875,run:denoise,66.011,68.785,4.773,71.928
340.376,run:denoise,63.067,68.785,4.772,71.928
340.877,run:denoise,63.067,68.785,4.773,71.928
341.377,run:denoise,63.067,68.785,4.773,71.928
341.878,run:denoise,65.383,68.785,4.773,71.928
342.379,run:denoise,63.067,68.785,4.773,71.928
342.88,run:denoise,63.067,68.785,4.773,71.928
343.38,run:denoise,63.067,68.785,4.773,71.928
343.881,run:denoise,65.726,68.785,4.775,71.928
344.382,run:denoise,63.067,68.785,4.774,71.928
344.883,run:denoise,63.067,68.785,4.773,71.928
345.383,run:denoise,63.067,68.785,4.774,71.928
345.884,run:denoise,65.726,68.785,4.774,71.928
346.385,run:denoise,67.67,68.785,4.773,71.928
346.886,run:denoise,63.067,68.785,4.774,71.928
347.386,run:denoise,63.067,68.785,4.774,71.928
347.888,run:denoise,65.726,68.785,4.774,71.928
348.388,run:denoise,64.741,68.785,4.772,71.928
348.889,run:denoise,63.067,68.785,4.773,71.928
349.39,run:denoise,63.067,68.785,4.773,71.928
349.891,run:denoise,62.689,68.785,4.773,71.928
350.391,run:denoise,66.011,68.785,4.773,71.928
350.892,run:denoise,68.785,68.785,4.773,71.928
351.393,run:denoise,68.785,68.785,4.773,71.928
351.894,run:denoise,63.486,68.785,4.773,71.928
352.394,run:denoise,65.802,68.785,4.772,71.928
352.896,run:denoise,68.785,68.785,4.773,71.928
353.397,run:denoise,68.785,68.785,4.773,71.928
353.897,run:denoise,65.857,68.785,4.773,71.928
354.399,run:denoise,65.174,68.785,4.775,71.928
354.9,run:denoise,68.785,68.785,4.775,71.928
355.4,run:denoise,68.785,68.785,4.775,71.928
355.901,run:denoise,68.785,68.785,4.775,71.928
356.402,run:denoise,65.159,68.785,4.775,71.928
356.903,run:denoise,68.785,68.785,4.775,71.928
357.403,run:denoise,68.785,68.785,4.775,71.928
357.904,run:denoise,63.067,68.785,4.775,71.928
358.412,run:denoise,65.726,68.785,4.784,71.928
358.913,run:denoise,63.067,68.785,4.775,71.928
359.414,run:denoise,63.067,68.785,4.775,71.928
359.915,run:denoise,63.067,68.785,4.775,71.928
360.415,run:denoise,65.726,68.785,4.765,71.928
360.916,run:denoise,65.578,68.785,4.765,71.928
361.417,run:denoise,63.067,68.785,4.767,71.928
361.918,run:denoise,63.067,68.785,4.768,71.928
362.418,run:denoise,65.726,68.785,4.768,71.928
362.919,run:denoise,65.159,68.785,4.768,71.928
363.42,run:denoise,63.067,68.785,4.77,71.928
363.921,run:denoise,63.067,68.785,4.77,71.928
364.422,run:denoise,65.726,68.785,4.771,71.928
364.923,run:denoise,64.741,68.785,4.77,71.928
365.423,run:denoise,63.067,68.785,4.771,71.928
365.924,run:denoise,63.067,68.785,4.771,71.928
366.425,run:denoise,65.726,68.785,4.771,71.928
366.926,run:denoise,64.322,68.785,4.772,71.928
367.426,run:denoise,63.067,68.785,4.772,71.928
367.927,run:denoise,63.067,68.785,4.772,71.928
368.429,run:denoise,65.726,68.785,4.771,71.928
368.929,run:denoise,64.322,68.785,4.771,71.928
369.43,run:denoise,63.067,68.785,4.771,71.928
369.931,run:denoise,62.689,68.785,4.771,71.928
370.431,run:denoise,63.067,68.785,4.769,71.928
370.932,run:denoise,66.429,68.785,4.769,71.928
371.433,run:denoise,65.578,68.785,4.771,71.928
371.934,run:denoise,65.578,68.785,4.771,71.928
372.435,run:denoise,65.578,68.785,4.771,71.928
372.935,run:denoise,65.174,68.785,4.772,71.928
373.436,run:denoise,65.578,68.785,4.772,71.928
373.937,run:denoise,65.578,68.785,4.778,71.928
374.438,run:denoise,65.578,68.785,4.772,71.928
374.939,run:denoise,65.167,68.785,4.772,71.928
375.44,run:denoise,65.578,68.785,4.772,71.928
375.94,run:denoise,65.578,68.785,4.773,71.928
376.441,run:denoise,65.578,68.785,4.773,71.928
376.942,run:denoise,65.726,68.785,4.772,71.928
377.443,run:denoise,65.578,68.785,4.772,71.928
377.943,run:denoise,63.067,68.785,4.777,71.928
378.444,run:denoise,63.067,68.785,4.771,71.928
378.946,run:denoise,65.726,68.785,4.771,71.928
379.446,run:denoise,64.741,68.785,4.771,71.928
379.947,run:denoise,63.067,68.785,4.771,71.928
380.448,run:denoise,63.067,68.785,4.769,71.928
380.949,run:denoise,65.726,68.785,4.77,71.928
381.449,run:denoise,64.741,68.785,4.77,71.928
381.95,run:denoise,63.067,68.785,4.775,71.928
382.451,run:denoise,63.067,68.785,4.769,71.928
382.952,run:denoise,65.726,68.785,4.768,71.928
383.452,run:denoise,64.322,68.785,4.77,71.928
383.953,run:denoise,63.067,68.785,4.774,71.928
384.454,run:denoise,63.067,68.785,4.771,71.928
384.955,run:denoise,64.322,68.785,4.771,71.928
385.455,run:denoise,66.136,68.785,4.772,71.928
385.956,run:denoise,63.067,68.785,4.772,71.928
386.457,run:denoise,63.067,68.785,4.772,71.928
386.958,run:denoise,63.486,68.785,4.772,71.928
387.458,run:denoise,65.726,68.785,4.773,71.928
387.959,run:denoise,63.067,68.785,4.777,71.928
388.46,run:denoise,63.067,68.785,4.772,71.928
388.961,run:denoise,63.067,68.785,4.771,71.928
389.462,run:denoise,66.011,68.785,4.772,71.928
389.963,run:denoise,62.689,68.785,4.777,71.928
390.463,run:denoise,63.067,68.785,4.774,71.928
390.964,run:denoise,65.578,68.785,4.773,71.928
391.465,run:denoise,65.167,68.785,4.774,71.928
391.966,run:denoise,65.578,68.785,4.78,71.928
392.466,run:denoise,65.578,68.785,4.773,71.928
392.967,run:denoise,65.578,68.785,4.772,71.928
393.468,run:denoise,65.159,68.785,4.773,71.928
393.969,run:denoise,65.578,68.785,4.774,71.928
394.47,run:denoise,65.578,68.785,4.774,71.928
394.971,run:denoise,65.578,68.785,4.773,71.928
395.472,run:denoise,64.043,68.785,4.773,71.928
395.972,run:denoise,65.159,68.785,4.771,71.928
396.473,run:denoise,65.578,68.785,4.771,71.928
396.974,run:denoise,65.578,68.785,4.771,71.928
397.474,run:denoise,64.043,68.785,4.771,71.928
397.975,run:denoise,64.322,68.785,4.771,71.928
398.476,run:denoise,63.067,68.785,4.772,71.928
398.977,run:denoise,63.067,68.785,4.771,71.928
399.477,run:denoise,64.043,68.785,4.772,71.928
399.979,run:denoise,64.322,68.785,4.77,71.928
400.48,run:denoise,63.067,68.785,4.77,71.928
400.98,run:denoise,63.067,68.785,4.77,71.928
401.481,run:denoise,63.486,68.785,4.771,71.928
401.982,run:denoise,66.136,68.785,4.77,71.928
402.483,run:denoise,63.067,68.785,4.771,71.928
402.983,run:denoise,63.067,68.785,4.77,71.928
403.484,run:denoise,63.067,68.785,4.77,71.928
403.985,run:denoise,66.429,68.785,4.77,71.928
404.486,run:denoise,63.067,68.785,4.77,71.928
404.987,run:denoise,63.067,68.785,4.769,71.928
405.488,run:denoise,63.067,68.785,4.77,71.928
405.988,run:denoise,66.011,68.785,4.771,71.928
406.49,run:denoise,63.067,68.785,4.772,71.928
406.991,run:denoise,63.067,68.785,4.772,71.928
407.492,run:denoise,63.067,68.785,4.771,71.928
407.993,run:denoise,66.011,68.785,4.771,71.928
408.493,run:denoise,63.067,68.785,4.771,71.928
408.994,run:denoise,63.067,68.785,4.771,71.928
409.495,run:denoise,63.067,68.785,4.771,71.928
409.996,run:denoise,61.815,68.785,4.77,71.928
410.496,run:denoise,63.067,68.785,4.771,71.928
410.997,run:denoise,65.578,68.785,4.771,71.928
411.498,run:denoise,65.578,68.785,4.771,71.928
411.999,run:denoise,64.043,68.785,4.769,71.928
412.499,run:denoise,65.578,68.785,4.77,71.928
413.0,run:denoise,65.578,68.785,4.77,71.928
413.501,run:denoise,65.578,68.785,4.77,71.928
414.002,run:denoise,64.043,68.785,4.771,71.928
414.502,run:denoise,64.741,68.785,4.772,71.928
415.003,run:denoise,65.578,68.785,4.771,71.928
415.505,run:denoise,65.578,68.785,4.771,71.928
416.005,run:denoise,64.043,68.785,4.77,71.928
416.506,run:denoise,66.569,68.785,4.77,71.928
417.007,run:denoise,65.578,68.785,4.77,71.928
417.507,run:denoise,65.578,68.785,4.771,71.928
418.008,run:denoise,64.043,68.785,4.772,71.928
418.509,run:denoise,66.429,68.785,4.777,71.928
419.01,run:denoise,63.067,68.785,4.776,71.928
419.51,run:denoise,63.067,68.785,4.777,71.928
420.011,run:denoise,63.067,68.785,4.777,71.928
420.513,run:denoise,66.011,68.785,4.777,71.928
421.013,run:denoise,63.067,68.785,4.778,71.928
421.514,run:denoise,63.067,68.785,4.778,71.928
422.015,run:denoise,63.067,68.785,4.778,71.928
422.516,run:denoise,66.011,68.785,4.778,71.928
423.016,run:denoise,63.067,68.785,4.778,71.928
423.517,run:denoise,63.067,68.785,4.778,71.928
424.018,run:denoise,63.067,68.785,4.779,71.928
424.519,run:denoise,66.011,68.785,4.779,71.928
425.019,run:denoise,63.067,68.785,4.779,71.928
425.52,run:denoise,63.067,68.785,4.779,71.928
426.021,run:denoise,63.067,68.785,4.779,71.928
426.522,run:denoise,65.174,68.785,4.779,71.928
427.023,run:denoise,63.067,68.785,4.779,71.928
427.524,run:denoise,63.067,68.785,4.779,71.928
428.024,run:denoise,63.067,68.785,4.779,71.928
428.525,run:denoise,65.726,68.785,4.778,71.928
429.026,run:denoise,63.067,68.785,4.777,71.928
429.527,run:denoise,63.067,68.785,4.777,71.928
430.027,run:denoise,63.067,68.785,4.777,71.928
430.528,run:denoise,62.772,68.785,4.777,71.928
431.03,run:denoise,65.159,68.785,4.777,71.928
431.53,run:denoise,65.578,68.785,4.777,71.928
432.031,run:denoise,65.578,68.785,4.776,71.928
432.532,run:denoise,64.043,68.785,4.779,71.928
433.033,run:denoise,65.726,68.785,4.778,71.928
433.533,run:denoise,65.578,68.785,4.778,71.928
434.034,run:denoise,65.578,68.785,4.767,71.928
434.535,run:denoise,64.043,68.785,4.771,71.928
435.036,run:denoise,66.569,68.785,4.771,71.928
435.536,run:denoise,65.578,68.785,4.77,71.928
436.037,run:denoise,65.578,68.785,4.769,71.928
436.538,run:denoise,64.043,68.785,4.769,71.928
437.039,run:denoise,66.848,68.785,4.77,71.928
437.539,run:denoise,65.578,68.785,4.77,71.928
438.04,run:denoise,65.578,68.785,4.769,71.928
438.541,run:denoise,63.067,68.785,4.77,71.928
439.042,run:denoise,66.011,68.785,4.77,71.928
439.542,run:denoise,63.067,68.785,4.77,71.928
440.043,run:denoise,63.067,68.785,4.769,71.928
440.544,run:denoise,63.067,68.785,4.769,71.928
441.045,run:denoise,66.011,68.785,4.77,71.928
441.546,run:denoise,63.067,68.785,4.77,71.928
442.047,run:denoise,63.067,68.785,4.77,71.928
442.548,run:denoise,63.067,68.785,4.771,71.928
443.048,run:denoise,65.802,68.785,4.771,71.928
443.549,run:denoise,63.067,68.785,4.77,71.928
444.05,run:denoise,63.067,68.785,4.772,71.928
444.551,run:denoise,63.067,68.785,4.773,71.928
445.051,run:denoise,65.726,68.785,4.772,71.928
445.552,run:denoise,63.067,68.785,4.772,71.928
446.053,run:denoise,63.067,68.785,4.773,71.928
446.554,run:denoise,63.067,68.785,4.774,71.928
447.055,run:denoise,65.726,68.785,4.773,71.928
447.556,run:denoise,65.578,68.785,4.773,71.928
448.057,run:denoise,63.067,68.785,4.773,71.928
448.557,run:denoise,63.067,68.785,4.774,71.928
449.058,run:denoise,65.726,68.785,4.773,71.928
449.559,run:denoise,66.554,68.785,4.773,71.928
450.06,run:denoise,63.067,68.785,4.772,71.928
450.56,run:denoise,62.689,68.785,4.772,71.928
451.061,run:denoise,64.043,68.785,4.772,71.928
451.562,run:denoise,66.569,68.785,4.772,71.928
452.064,run:denoise,65.578,68.785,4.773,71.928
452.564,run:denoise,65.578,68.785,4.776,71.928
453.065,run:denoise,64.043,68.785,4.775,71.928
453.566,run:denoise,66.569,68.785,4.775,71.928
454.067,run:denoise,65.578,68.785,4.774,71.928
454.567,run:denoise,65.578,68.785,4.774,71.928
455.068,run:denoise,64.322,68.785,4.774,71.928
455.569,run:denoise,66.429,68.785,4.774,71.928
456.07,run:denoise,65.578,68.785,4.774,71.928
456.57,run:denoise,65.578,68.785,4.774,71.928
457.072,run:denoise,65.578,68.785,4.774,71.928
457.572,run:denoise,66.429,68.785,4.774,71.928
458.073,run:denoise,65.578,68.785,4.772,71.928
458.574,run:denoise,63.067,68.785,4.772,71.928
459.075,run:denoise,63.067,68.785,4.773,71.928
459.575,run:denoise,65.167,68.785,4.773,71.928
460.076,run:denoise,63.067,68.785,4.774,71.928
460.577,run:denoise,63.067,68.785,4.773,71.928
461.078,run:denoise,63.067,68.785,4.774,71.928
461.578,run:denoise,65.726,68.785,4.774,71.928
462.079,run:denoise,63.067,68.785,4.773,71.928
462.581,run:denoise,63.067,68.785,4.775,71.928
463.081,run:denoise,63.067,68.785,4.775,71.928
463.582,run:denoise,65.726,68.785,4.775,71.928
464.083,run:denoise,63.067,68.785,4.775,71.928
464.584,run:denoise,63.067,68.785,4.777,71.928
465.084,run:denoise,63.067,68.785,4.776,71.928
465.585,run:denoise,65.726,68.785,4.776,71.928
466.086,run:denoise,67.67,68.785,4.776,71.928
466.587,run:denoise,63.067,68.785,4.777,71.928
467.088,run:denoise,63.067,68.785,4.777,71.928
467.589,run:denoise,65.726,68.785,4.777,71.928
468.09,run:denoise,65.159,68.785,4.776,71.928
468.591,run:denoise,63.067,68.785,4.776,71.928
469.091,run:denoise,63.067,68.785,4.777,71.928
469.592,run:denoise,65.726,68.785,4.777,71.928
470.093,run:denoise,64.741,68.785,4.777,71.928
470.594,run:denoise,62.689,68.785,4.777,71.928
471.094,run:denoise,63.067,68.785,4.777,71.928
471.595,run:denoise,64.043,68.785,4.777,71.928
472.096,run:denoise,66.569,68.785,4.777,71.928
472.597,run:denoise,65.578,68.785,4.777,71.928
473.098,run:denoise,65.578,68.785,4.778,71.928
473.599,run:denoise,64.043,68.785,4.777,71.928
474.099,run:denoise,66.848,68.785,4.766,71.928
474.6,run:denoise,65.578,68.785,4.767,71.928
475.101,run:denoise,65.578,68.785,4.77,71.928
475.602,run:denoise,65.578,68.785,4.77,71.928
476.102,run:denoise,66.429,68.785,4.771,71.928
476.603,run:denoise,65.578,68.785,4.771,71.928
477.104,run:denoise,65.578,68.785,4.772,71.928
477.605,run:denoise,65.578,68.785,4.772,71.928
478.106,run:denoise,65.383,68.785,4.772,71.928
478.607,run:denoise,63.067,68.785,4.801,71.928
479.108,run:denoise,63.067,68.785,4.774,71.928
479.608,run:denoise,63.067,68.785,4.774,71.928
480.109,run:denoise,65.174,68.785,4.773,71.928
480.61,run:denoise,63.067,68.785,4.773,71.928
481.111,run:denoise,63.067,68.785,4.774,71.928
481.611,run:denoise,63.067,68.785,4.774,71.928
482.112,run:denoise,65.726,68.785,4.774,71.928
482.613,run:denoise,63.067,68.785,4.774,71.928
483.114,run:denoise,63.067,68.785,4.775,71.928
483.615,run:denoise,63.067,68.785,4.775,71.928
484.116,run:denoise,65.726,68.785,4.776,71.928
484.617,run:denoise,63.067,68.785,4.776,71.928
485.117,run:denoise,63.067,68.785,4.777,71.928
485.618,run:denoise,63.067,68.785,4.777,71.928
486.119,run:denoise,65.726,68.785,4.777,71.928
486.62,run:denoise,67.67,68.785,4.777,71.928
487.12,run:denoise,63.067,68.785,4.776,71.928
487.621,run:denoise,63.067,68.785,4.775,71.928
488.122,run:denoise,65.726,68.785,4.764,71.928
488.623,run:denoise,64.741,68.785,4.764,71.928
489.124,run:denoise,63.067,68.785,4.762,71.928
489.625,run:denoise,63.067,68.785,4.764,71.928
490.126,run:denoise,65.726,68.785,4.768,71.928
490.626,run:denoise,61.802,68.785,4.768,71.928
491.127,run:denoise,63.067,68.785,4.772,71.928
491.628,run:denoise,65.578,68.785,4.772,71.928
492.128,run:denoise,64.043,68.785,4.773,71.928
492.629,run:denoise,66.848,68.785,4.774,71.928
493.13,run:denoise,65.578,68.785,4.774,71.928
493.631,run:denoise,65.578,68.785,4.774,71.928
494.132,run:denoise,63.904,68.785,4.773,71.928
494.633,run:denoise,66.429,68.785,4.773,71.928
495.134,run:denoise,65.578,68.785,4.775,71.928
495.634,run:denoise,65.578,68.785,4.775,71.928
496.135,run:denoise,65.578,68.785,4.776,71.928
496.636,run:denoise,66.011,68.785,4.776,71.928
497.137,run:denoise,65.578,68.785,4.776,71.928
497.638,run:denoise,65.578,68.785,4.777,71.928
498.139,run:denoise,65.578,68.785,4.777,71.928
498.641,run:denoise,65.383,68.785,4.777,71.928
499.141,run:denoise,63.067,68.785,4.776,71.928
499.642,run:denoise,63.067,68.785,4.776,71.928
500.143,run:denoise,63.067,68.785,4.776,71.928
500.644,run:denoise,65.726,68.785,4.776,71.928
501.144,run:denoise,63.067,68.785,4.775,71.928
501.645,run:denoise,63.067,68.785,4.775,71.928
502.146,run:denoise,63.067,68.785,4.765,71.928
502.647,run:denoise,65.726,68.785,4.765,71.928
503.147,run:denoise,63.067,68.785,4.766,71.928
503.648,run:denoise,63.067,68.785,4.771,71.928
504.149,run:denoise,63.067,68.785,4.773,71.928
504.65,run:denoise,65.726,68.785,4.774,71.928
505.151,run:denoise,65.159,68.785,4.774,71.928
505.653,run:denoise,63.067,68.785,4.773,71.928
506.154,run:denoise,63.067,68.785,4.773,71.928
506.655,run:denoise,65.726,68.785,4.772,71.928
507.156,run:denoise,65.578,68.785,4.773,71.928
507.656,run:denoise,63.067,68.785,4.772,71.928
508.157,run:denoise,63.067,68.785,4.772,71.928
508.658,run:denoise,65.726,68.785,4.772,71.928
509.159,run:denoise,64.741,68.785,4.772,71.928
509.66,run:denoise,63.067,68.785,4.772,71.928
510.161,run:denoise,63.067,68.785,4.771,71.928
510.662,run:denoise,63.504,68.785,4.771,71.928
511.162,run:denoise,63.878,68.785,4.771,71.928
511.663,run:denoise,65.578,68.785,4.773,71.928
512.164,run:denoise,65.578,68.785,4.772,71.928
512.665,run:denoise,64.043,68.785,4.772,71.928
513.165,run:denoise,66.848,68.785,4.772,71.928
513.666,run:denoise,65.578,68.785,4.773,71.928
514.167,run:denoise,65.578,68.785,4.772,71.928
514.668,run:denoise,64.322,68.785,4.773,71.928
515.169,run:denoise,66.848,68.785,4.774,71.928
515.67,run:denoise,65.578,68.785,4.774,71.928
516.17,run:denoise,65.578,68.785,4.773,71.928
516.671,run:denoise,65.578,68.785,4.773,71.928
517.172,run:denoise,66.429,68.785,4.774,71.928
517.673,run:denoise,65.578,68.785,4.774,71.928
518.174,run:denoise,65.578,68.785,4.774,71.928
518.674,run:denoise,65.578,68.785,4.774,71.928
519.175,run:denoise,65.167,68.785,4.775,71.928
519.676,run:denoise,63.067,68.785,4.776,71.928
520.177,run:denoise,63.067,68.785,4.775,71.928
520.678,run:denoise,63.067,68.785,4.776,71.928
521.179,run:denoise,65.726,68.785,4.776,71.928
521.679,run:denoise,63.067,68.785,4.775,71.928
522.18,run:denoise,63.067,68.785,4.775,71.928
522.681,run:denoise,63.067,68.785,4.776,71.928
523.182,run:denoise,65.726,68.785,4.776,71.928
523.682,run:denoise,63.067,68.785,4.777,71.928
524.183,run:denoise,63.067,68.785,4.778,71.928
524.684,run:denoise,63.067,68.785,4.778,71.928
525.185,run:denoise,65.726,68.785,4.778,71.928
525.685,run:denoise,65.159,68.785,4.779,71.928
526.186,run:denoise,63.067,68.785,4.779,71.928
526.687,run:denoise,63.067,68.785,4.779,71.928
527.188,run:denoise,65.726,68.785,4.779,71.928
527.688,run:denoise,64.741,68.785,4.779,71.928
528.189,run:denoise,63.067,68.785,4.78,71.928
528.69,run:denoise,63.067,68.785,4.778,71.928
529.191,run:denoise,65.726,68.785,4.778,71.928
529.691,run:denoise,64.741,68.785,4.777,71.928
530.193,run:denoise,63.067,68.785,4.776,71.928
530.693,run:denoise,63.067,68.785,4.776,71.928
531.194,run:denoise,62.772,68.785,4.776,71.928
531.695,run:denoise,66.569,68.785,4.776,71.928
532.196,run:denoise,65.578,68.785,4.778,71.928
532.696,run:denoise,65.578,68.785,4.778,71.928
533.197,run:denoise,64.043,68.785,4.777,71.928
533.698,run:denoise,66.848,68.785,4.777,71.928
534.199,run:denoise,65.578,68.785,4.778,71.928
534.699,run:denoise,65.578,68.785,4.778,71.928
535.201,run:denoise,65.578,68.785,4.778,71.928
535.701,run:denoise,66.429,68.785,4.779,71.928
536.202,run:denoise,65.578,68.785,4.776,71.928
536.703,run:denoise,65.578,68.785,4.776,71.928
537.204,run:denoise,65.578,68.785,4.776,71.928
537.704,run:denoise,65.167,68.785,4.775,71.928
538.205,run:denoise,65.578,68.785,4.775,71.928
538.706,run:denoise,65.578,68.785,4.774,71.928
539.207,run:denoise,63.067,68.785,4.774,71.928
539.707,run:denoise,65.726,68.785,4.774,71.928
540.208,run:denoise,63.067,68.785,4.774,71.928
540.71,run:denoise,63.067,68.785,4.774,71.928
541.21,run:denoise,63.067,68.785,4.774,71.928
541.711,run:denoise,65.726,68.785,4.774,71.928
542.212,run:denoise,63.067,68.785,4.765,71.928
542.712,run:denoise,63.067,68.785,4.765,71.928
543.213,run:denoise,63.067,68.785,4.766,71.928
543.714,run:denoise,65.726,68.785,4.767,71.928
544.215,run:denoise,65.159,68.785,4.771,71.928
544.715,run:denoise,63.067,68.785,4.772,71.928
545.216,run:denoise,63.067,68.785,4.772,71.928
545.718,run:denoise,65.726,68.785,4.772,71.928
546.218,run:denoise,65.159,68.785,4.772,71.928
546.719,run:denoise,63.067,68.785,4.774,71.928
547.22,run:denoise,63.067,68.785,4.774,71.928
547.721,run:denoise,65.726,68.785,4.774,71.928
548.221,run:denoise,64.741,68.785,4.774,71.928
548.722,run:denoise,63.067,68.785,4.774,71.928
549.223,run:denoise,63.067,68.785,4.774,71.928
549.724,run:denoise,65.726,68.785,4.775,71.928
550.224,run:denoise,64.741,68.785,4.774,71.928
550.725,run:denoise,63.067,68.785,4.774,71.928
551.226,run:denoise,62.689,68.785,4.774,71.928
551.727,run:denoise,64.043,68.785,4.773,71.928
552.227,run:denoise,66.569,68.785,4.775,71.928
552.728,run:denoise,65.578,68.785,4.776,71.928
553.229,run:denoise,65.578,68.785,4.776,71.928
553.73,run:denoise,64.043,68.785,4.775,71.928
554.23,run:denoise,66.848,68.785,4.776,71.928
554.731,run:denoise,65.578,68.785,4.776,71.928
555.232,run:denoise,65.578,68.785,4.776,71.928
555.733,run:denoise,64.322,68.785,4.777,71.928
556.234,run:denoise,66.848,68.785,4.766,71.928
556.735,run:denoise,65.578,68.785,4.766,71.928
557.236,run:denoise,65.578,68.785,4.766,71.928
557.737,run:denoise,65.578,68.785,4.766,71.928
558.237,run:denoise,66.429,68.785,4.766,71.928
558.738,run:denoise,65.578,68.785,4.766,71.928
559.239,run:denoise,63.067,68.785,4.766,71.928
559.74,run:denoise,63.067,68.785,4.766,71.928
560.24,run:denoise,66.011,68.785,4.766,71.928
560.741,run:denoise,63.067,68.785,4.765,71.928
561.243,run:denoise,63.067,68.785,4.766,71.928
561.743,run:denoise,63.067,68.785,4.766,71.928
562.244,run:denoise,66.011,68.785,4.765,71.928
562.745,run:denoise,63.067,68.785,4.765,71.928
563.246,run:denoise,63.067,68.785,4.766,71.928
563.747,run:denoise,63.067,68.785,4.766,71.928
564.247,run:denoise,66.011,68.785,4.768,71.928
564.748,run:denoise,63.067,68.785,4.767,71.928
565.249,run:denoise,63.067,68.785,4.767,71.928
565.75,run:denoise,63.067,68.785,4.767,71.928
566.25,run:denoise,65.802,68.785,4.767,71.928
566.752,run:denoise,63.067,68.785,4.765,71.928
567.253,run:denoise,63.067,68.785,4.766,71.928
567.753,run:denoise,63.067,68.785,4.766,71.928
568.254,run:denoise,65.167,68.785,4.765,71.928
568.755,run:denoise,63.067,68.785,4.765,71.928
569.256,run:denoise,63.067,68.785,4.765,71.928
569.756,run:denoise,63.067,68.785,4.766,71.928
570.257,run:denoise,65.726,68.785,4.764,71.928
570.758,run:denoise,63.067,68.785,4.765,71.928
571.259,run:denoise,62.689,68.785,4.765,71.928
571.76,run:denoise,63.067,68.785,4.765,71.928
572.261,run:denoise,64.043,68.785,4.767,71.928
572.762,run:denoise,65.159,68.785,4.766,71.928
573.263,run:denoise,65.578,68.785,4.766,71.928
573.763,run:denoise,65.578,68.785,4.767,71.928
574.264,run:denoise,64.043,68.785,4.77,71.928
574.765,run:denoise,65.159,68.785,4.769,71.928
575.266,run:denoise,65.578,68.785,4.769,71.928
575.766,run:denoise,65.578,68.785,4.769,71.928
576.267,run:denoise,64.043,68.785,4.769,71.928
576.768,run:denoise,64.322,68.785,4.768,71.928
577.269,run:denoise,65.578,68.785,4.768,71.928
577.77,run:denoise,65.578,68.785,4.768,71.928
578.271,run:denoise,64.043,68.785,4.769,71.928
578.771,run:denoise,66.136,68.785,4.769,71.928
579.272,run:denoise,63.067,68.785,4.769,71.928
579.773,run:denoise,63.067,68.785,4.769,71.928
580.274,run:denoise,63.486,68.785,4.768,71.928
580.774,run:denoise,64.322,68.785,4.77,71.928
581.275,run:denoise,63.067,68.785,4.754,71.928
581.776,run:denoise,63.067,68.785,4.755,71.928
582.277,run:denoise,64.322,68.785,4.76,71.928
582.778,run:denoise,66.136,68.785,4.762,71.928
583.279,run:denoise,63.067,68.785,4.763,71.928
583.78,run:denoise,63.067,68.785,4.763,71.928
584.28,run:denoise,63.486,68.785,4.765,71.928
584.781,run:denoise,66.136,68.785,4.766,71.928
585.282,run:denoise,63.067,68.785,4.767,71.928
585.783,run:denoise,63.067,68.785,4.767,71.928
586.283,run:denoise,63.486,68.785,4.768,71.928
586.784,run:denoise,66.136,68.785,4.769,71.928
587.285,run:denoise,63.067,68.785,4.768,71.928
587.786,run:denoise,63.067,68.785,4.768,71.928
588.287,run:denoise,63.067,68.785,4.769,71.928
588.788,run:denoise,66.429,68.785,4.769,71.928
589.288,run:denoise,63.067,68.785,4.768,71.928
589.789,run:denoise,63.067,68.785,4.768,71.928
590.29,run:denoise,63.067,68.785,4.768,71.928
590.791,run:denoise,66.011,68.785,4.769,71.928
591.291,run:denoise,62.689,68.785,4.769,71.928
591.792,run:denoise,63.067,68.785,4.769,71.928
592.293,run:denoise,65.578,68.785,4.769,71.928
592.794,run:denoise,65.167,68.785,4.77,71.928
593.298,run:denoise,65.578,68.785,4.77,71.928
593.799,run:denoise,65.578,68.785,4.769,71.928
594.3,run:denoise,65.578,68.785,4.768,71.928
594.801,run:denoise,65.167,68.785,4.769,71.928
595.301,run:denoise,65.578,68.785,4.769,71.928
595.802,run:denoise,65.578,68.785,4.769,71.928
596.303,run:denoise,65.578,68.785,4.768,71.928
596.804,run:denoise,65.167,68.785,4.768,71.928
597.304,run:denoise,65.578,68.785,4.769,71.928
597.806,run:denoise,65.578,68.785,4.769,71.928
598.307,run:denoise,65.578,68.785,4.769,71.928
598.808,run:denoise,65.167,68.785,4.769,71.928
599.309,run:denoise,67.67,68.785,4.769,71.928
599.81,run:denoise,63.067,68.785,4.769,71.928
600.31,run:denoise,63.067,68.785,4.769,71.928
600.811,run:denoise,65.726,68.785,4.768,71.928
601.312,run:denoise,65.578,68.785,4.768,71.928
601.813,run:denoise,63.067,68.785,4.769,71.928
602.314,run:denoise,63.067,68.785,4.769,71.928
602.814,run:denoise,65.726,68.785,4.769,71.928
603.316,run:denoise,65.857,68.785,4.769,71.928
603.816,run:denoise,63.067,68.785,4.769,71.928
604.317,run:denoise,63.067,68.785,4.768,71.928
604.818,run:denoise,65.726,68.785,4.77,71.928
605.319,run:denoise,65.159,68.785,4.77,71.928
605.819,run:denoise,63.067,68.785,4.77,71.928
606.32,run:denoise,63.067,68.785,4.769,71.928
606.821,run:denoise,65.726,68.785,4.77,71.928
607.322,run:denoise,64.741,68.785,4.769,71.928
607.822,run:denoise,63.067,68.785,4.77,71.928
608.324,run:denoise,63.067,68.785,4.768,71.928
608.825,run:denoise,65.726,68.785,4.769,71.928
609.325,run:denoise,64.741,68.785,4.768,71.928
609.826,run:denoise,63.067,68.785,4.768,71.928
610.327,run:denoise,63.067,68.785,4.769,71.928
610.828,run:denoise,65.726,68.785,4.769,71.928
611.328,run:denoise,61.802,68.785,4.769,71.928
611.829,run:denoise,63.067,68.785,4.769,71.928
612.33,run:denoise,65.578,68.785,4.769,71.928
612.831,run:denoise,64.043,68.785,4.769,71.928
613.332,run:denoise,66.848,68.785,4.77,71.928
613.834,run:denoise,65.578,68.785,4.77,71.928
614.335,run:denoise,65.578,68.785,4.77,71.928
614.836,run:denoise,64.043,68.785,4.769,71.928
615.337,run:denoise,66.848,68.785,4.77,71.928
615.837,run:denoise,65.578,68.785,4.77,71.928
616.338,run:denoise,65.578,68.785,4.769,71.928
616.839,run:denoise,63.486,68.785,4.77,71.928
617.34,run:denoise,66.848,68.785,4.768,71.928
617.84,run:denoise,65.578,68.785,4.769,71.928
618.341,run:denoise,65.578,68.785,4.769,71.928
618.843,run:denoise,63.067,68.785,4.769,71.928
619.343,run:denoise,65.167,68.785,4.769,71.928
619.844,run:denoise,63.067,68.785,4.769,71.928
620.345,run:denoise,63.067,68.785,4.77,71.928
620.846,run:denoise,63.067,68.785,4.77,71.928
621.346,run:denoise,66.011,68.785,4.771,71.928
621.847,run:denoise,63.067,68.785,4.772,71.928
622.348,run:denoise,63.067,68.785,4.77,71.928
622.849,run:denoise,63.067,68.785,4.771,71.928
623.349,run:denoise,66.011,68.785,4.771,71.928
623.851,run:denoise,63.067,68.785,4.771,71.928
624.351,run:denoise,63.067,68.785,4.771,71.928
624.852,run:denoise,63.067,68.785,4.771,71.928
625.353,run:denoise,66.011,68.785,4.772,71.928
625.854,run:denoise,63.067,68.785,4.771,71.928
626.354,run:denoise,63.067,68.785,4.771,71.928
626.855,run:denoise,63.067,68.785,4.771,71.928
627.356,run:denoise,66.011,68.785,4.773,71.928
627.857,run:denoise,63.067,68.785,4.773,71.928
628.357,run:denoise,63.067,68.785,4.771,71.928
628.858,run:denoise,63.067,68.785,4.771,71.928
629.36,run:denoise,65.174,68.785,4.771,71.928
629.86,run:denoise,63.067,68.785,4.77,71.928
630.361,run:denoise,63.067,68.785,4.772,71.928
630.862,run:denoise,63.067,68.785,4.772,71.928
631.363,run:denoise,63.504,68.785,4.771,71.928
631.863,run:denoise,63.067,68.785,4.771,71.928
632.364,run:denoise,65.578,68.785,4.771,71.928
632.865,run:denoise,65.578,68.785,4.771,71.928
633.366,run:denoise,64.043,68.785,4.77,71.928
633.866,run:denoise,65.578,68.785,4.77,71.928
634.368,run:denoise,65.578,68.785,4.771,71.928
634.869,run:denoise,65.578,68.785,4.771,71.928
635.37,run:denoise,64.043,68.785,4.773,71.928
635.87,run:denoise,68.785,68.785,4.772,71.928
636.371,run:denoise,65.578,68.785,4.771,71.928
636.872,run:denoise,65.578,68.785,4.771,71.928
637.373,run:denoise,64.043,68.785,4.772,71.928
637.873,run:denoise,65.159,68.785,4.773,71.928
638.374,run:denoise,65.578,68.785,4.773,71.928
638.875,run:denoise,65.578,68.785,4.773,71.928
639.376,run:denoise,64.043,68.785,4.772,71.928
639.876,run:denoise,64.322,68.785,4.772,71.928
640.377,run:denoise,63.067,68.785,4.771,71.928
640.878,run:denoise,63.067,68.785,4.771,71.928
641.378,run:denoise,65.726,68.785,4.773,71.928
641.879,run:denoise,64.322,68.785,4.773,71.928
642.38,run:denoise,63.067,68.785,4.772,71.928
642.881,run:denoise,63.067,68.785,4.772,71.928
643.382,run:denoise,65.726,68.785,4.772,71.928
643.882,run:denoise,64.322,68.785,4.772,71.928
644.383,run:denoise,63.067,68.785,4.774,71.928
644.884,run:denoise,63.067,68.785,4.774,71.928
645.385,run:denoise,64.322,68.785,4.774,71.928
645.886,run:denoise,64.322,68.785,4.774,71.928
646.387,run:denoise,63.067,68.785,4.774,71.928
646.887,run:denoise,63.067,68.785,4.774,71.928
647.388,run:denoise,63.486,68.785,4.774,71.928
647.889,run:denoise,66.136,68.785,4.774,71.928
648.39,run:denoise,63.067,68.785,4.774,71.928
648.89,run:denoise,63.067,68.785,4.774,71.928
649.391,run:denoise,63.486,68.785,4.774,71.928
649.892,run:denoise,66.136,68.785,4.774,71.928
650.393,run:denoise,63.067,68.785,4.772,71.928
650.894,run:denoise,63.067,68.785,4.772,71.928
651.395,run:denoise,63.067,68.785,4.774,71.928
651.895,run:denoise,63.066,68.785,4.775,71.928
652.396,run:denoise,65.578,68.785,4.766,71.928
652.897,run:denoise,65.578,68.785,4.766,71.928
653.398,run:denoise,65.578,68.785,4.766,71.928
653.898,run:denoise,65.383,68.785,4.771,71.928
654.399,run:denoise,65.578,68.785,4.773,71.928
654.9,run:denoise,65.578,68.785,4.774,71.928
655.401,run:denoise,65.578,68.785,4.774,71.928
655.902,run:denoise,65.167,68.785,4.773,71.928
656.403,run:denoise,65.578,68.785,4.774,71.928
656.904,run:denoise,65.578,68.785,4.774,71.928
657.404,run:denoise,65.578,68.785,4.775,71.928
657.905,run:denoise,65.167,68.785,4.774,71.928
658.406,run:denoise,65.578,68.785,4.775,71.928
658.907,run:denoise,65.578,68.785,4.775,71.928
659.407,run:denoise,65.578,68.785,4.775,71.928
659.908,run:denoise,65.726,68.785,4.776,71.928
660.409,run:denoise,63.067,68.785,4.776,71.928
660.91,run:denoise,63.067,68.785,4.776,71.928
661.411,run:denoise,63.067,68.785,4.776,71.928
661.912,run:denoise,65.726,68.785,4.777,71.928
662.412,run:denoise,63.067,68.785,4.784,71.928
662.913,run:denoise,63.067,68.785,4.783,71.928
663.414,run:denoise,63.067,68.785,4.779,71.928
663.915,run:denoise,65.726,68.785,4.778,71.928
664.415,run:denoise,63.067,68.785,4.778,71.928
664.916,run:denoise,63.067,68.785,4.778,71.928
665.417,run:denoise,63.067,68.785,4.778,71.928
665.918,run:denoise,65.726,68.785,4.779,71.928
666.418,run:denoise,65.857,68.785,4.78,71.928
666.919,run:denoise,63.067,68.785,4.781,71.928
667.42,run:denoise,63.067,68.785,4.781,71.928
667.921,run:denoise,65.726,68.785,4.782,71.928
668.421,run:denoise,65.159,68.785,4.781,71.928
668.922,run:denoise,63.067,68.785,4.781,71.928
669.423,run:denoise,63.067,68.785,4.782,71.928
669.924,run:denoise,65.726,68.785,4.781,71.928
670.424,run:denoise,64.741,68.785,4.78,71.928
670.926,run:denoise,63.067,68.785,4.78,71.928
671.426,run:denoise,63.067,68.785,4.78,71.928
671.927,run:denoise,62.772,68.785,4.782,71.928
672.428,run:denoise,66.569,68.785,4.781,71.928
672.929,run:denoise,65.578,68.785,4.781,71.928
673.429,run:denoise,65.578,68.785,4.781,71.928
673.93,run:denoise,64.043,68.785,4.783,71.928
674.431,run:denoise,66.569,68.785,4.779,71.928
674.932,run:denoise,65.578,68.785,4.779,71.928
675.433,run:denoise,65.578,68.785,4.78,71.928
675.934,run:denoise,64.043,68.785,4.781,71.928
676.435,run:denoise,66.848,68.785,4.779,71.928
676.936,run:denoise,65.578,68.785,4.781,71.928
677.436,run:denoise,65.578,68.785,4.781,71.928
677.937,run:denoise,64.043,68.785,4.782,71.928
678.438,run:denoise,66.848,68.785,4.781,71.928
678.939,run:denoise,65.578,68.785,4.782,71.928
679.439,run:denoise,65.578,68.785,4.782,71.928
679.94,run:denoise,63.067,68.785,4.783,71.928
680.441,run:denoise,66.011,68.785,4.783,71.928
680.942,run:denoise,63.067,68.785,4.783,71.928
681.443,run:denoise,63.067,68.785,4.784,71.928
681.944,run:denoise,63.067,68.785,4.784,71.928
682.444,run:denoise,66.011,68.785,4.784,71.928
682.945,run:denoise,63.067,68.785,4.784,71.928
683.446,run:denoise,63.067,68.785,4.784,71.928
683.947,run:denoise,63.067,68.785,4.784,71.928
684.447,run:denoise,66.011,68.785,4.785,71.928
684.948,run:denoise,63.067,68.785,4.785,71.928
685.449,run:denoise,63.067,68.785,4.785,71.928
685.95,run:denoise,63.067,68.785,4.787,71.928
686.451,run:denoise,66.011,68.785,4.784,71.928
686.952,run:denoise,63.067,68.785,4.784,71.928
687.453,run:denoise,63.067,68.785,4.785,71.928
687.953,run:denoise,63.067,68.785,4.79,71.928
688.454,run:denoise,66.011,68.785,4.783,71.928
688.955,run:denoise,63.067,68.785,4.783,71.928
689.456,run:denoise,63.067,68.785,4.783,71.928
689.956,run:denoise,63.067,68.785,4.788,71.928
690.457,run:denoise,65.383,68.785,4.784,71.928
690.958,run:denoise,63.067,68.785,4.784,71.928
691.459,run:denoise,63.067,68.785,4.784,71.928
691.96,run:denoise,62.689,68.785,4.781,71.928
692.461,run:denoise,64.043,68.785,4.783,71.928
692.961,run:denoise,65.578,68.785,4.783,71.928
693.462,run:denoise,65.578,68.785,4.783,71.928
693.963,run:denoise,65.578,68.785,4.787,71.928
694.464,run:denoise,64.043,68.785,4.783,71.928
694.964,run:denoise,65.578,68.785,4.783,71.928
695.465,run:denoise,65.578,68.785,4.784,71.928
695.966,run:denoise,65.578,68.785,4.788,71.928
696.467,run:denoise,64.043,68.785,4.785,71.928
696.974,run:denoise,67.67,68.785,4.785,71.928
697.475,run:denoise,65.578,68.785,4.785,71.928
697.975,run:denoise,65.578,68.785,4.784,71.928
698.476,run:denoise,64.043,68.785,4.784,71.928
698.977,run:denoise,65.578,68.785,4.785,71.928
699.478,run:denoise,65.578,68.785,4.785,71.928
699.978,run:denoise,63.067,68.785,4.785,71.928
700.479,run:denoise,65.726,68.785,4.785,71.928
700.98,run:denoise,64.741,68.785,4.786,71.928
701.481,run:denoise,63.067,68.785,4.786,71.928
701.982,run:denoise,63.067,68.785,4.785,71.928
702.483,run:denoise,65.726,68.785,4.787,71.928
702.983,run:denoise,64.741,68.785,4.786,71.928
703.484,run:denoise,63.067,68.785,4.786,71.928
703.985,run:denoise,63.067,68.785,4.786,71.928
704.486,run:denoise,65.726,68.785,4.788,71.928
704.986,run:denoise,64.741,68.785,4.788,71.928
705.487,run:denoise,63.067,68.785,4.788,71.928
705.988,run:denoise,63.067,68.785,4.786,71.928
706.489,run:denoise,65.726,68.785,4.788,71.928
706.989,run:denoise,64.322,68.785,4.788,71.928
707.49,run:denoise,63.067,68.785,4.788,71.928
707.991,run:denoise,63.067,68.785,4.788,71.928
708.492,run:denoise,64.322,68.785,4.788,71.928
708.992,run:denoise,64.322,68.785,4.788,71.928
709.493,run:denoise,63.067,68.785,4.788,71.928
709.994,run:denoise,63.067,68.785,4.787,71.928
710.495,run:denoise,63.486,68.785,4.787,71.928
710.995,run:denoise,66.136,68.785,4.786,71.928
711.496,run:denoise,63.067,68.785,4.786,71.928
711.997,run:denoise,62.689,68.785,4.785,71.928
712.498,run:denoise,63.067,68.785,4.786,71.928
712.999,run:denoise,66.429,68.785,4.786,71.928
713.5,run:denoise,65.578,68.785,4.786,71.928
714.001,run:denoise,65.578,68.785,4.787,71.928
714.501,run:denoise,65.578,68.785,4.788,71.928
715.002,run:denoise,65.167,68.785,4.787,71.928
715.503,run:denoise,65.578,68.785,4.787,71.928
716.004,run:denoise,65.578,68.785,4.787,71.928
716.504,run:denoise,65.578,68.785,4.785,71.928
717.005,run:denoise,65.167,68.785,4.785,71.928
717.506,run:denoise,65.578,68.785,4.785,71.928
718.007,run:denoise,65.578,68.785,4.784,71.928
718.508,run:denoise,65.578,68.785,4.786,71.928
719.009,run:denoise,65.167,68.785,4.787,71.928
719.511,run:denoise,65.578,68.785,4.787,71.928
720.012,run:denoise,63.067,68.785,4.786,71.928
720.513,run:denoise,63.067,68.785,4.786,71.928
721.013,run:denoise,65.174,68.785,4.787,71.928
721.514,run:denoise,63.067,68.785,4.787,71.928
722.015,run:denoise,63.067,68.785,4.788,71.928
722.516,run:denoise,63.067,68.785,4.788,71.928
723.017,run:denoise,65.726,68.785,4.789,71.928
723.518,run:denoise,63.067,68.785,4.789,71.928
724.019,run:denoise,63.067,68.785,4.789,71.928
724.519,run:denoise,63.067,68.785,4.789,71.928
725.02,run:denoise,65.726,68.785,4.791,71.928
725.521,run:denoise,63.067,68.785,4.791,71.928
726.022,run:denoise,63.067,68.785,4.79,71.928
726.522,run:denoise,63.067,68.785,4.79,71.928
727.023,run:denoise,65.726,68.785,4.787,71.928
727.524,run:denoise,63.067,68.785,4.787,71.928
728.025,run:denoise,63.067,68.785,4.786,71.928
728.526,run:denoise,63.067,68.785,4.786,71.928
729.027,run:denoise,65.726,68.785,4.787,71.928
729.528,run:denoise,65.159,68.785,4.787,71.928
730.028,run:denoise,63.067,68.785,4.786,71.928
730.529,run:denoise,63.067,68.785,4.786,71.928
731.03,run:denoise,65.726,68.785,4.786,71.928
731.531,run:denoise,66.554,68.785,4.786,71.928
732.031,run:denoise,62.689,68.785,4.787,71.928
732.532,run:denoise,63.067,68.785,4.787,71.928
733.033,run:denoise,64.043,68.785,4.787,71.928
733.534,run:denoise,66.136,68.785,4.788,71.928
734.035,run:denoise,65.578,68.785,4.787,71.928
734.536,run:denoise,65.578,68.785,4.787,71.928
735.037,run:denoise,64.043,68.785,4.787,71.928
735.537,run:denoise,65.726,68.785,4.788,71.928
736.038,run:denoise,65.578,68.785,4.776,71.928
736.539,run:denoise,65.578,68.785,4.776,71.928
737.04,run:denoise,64.043,68.785,4.778,71.928
737.54,run:denoise,66.569,68.785,4.776,71.928
738.041,run:denoise,65.578,68.785,4.776,71.928
738.542,run:denoise,65.578,68.785,4.776,71.928
739.043,run:denoise,64.043,68.785,4.779,71.928
739.544,run:denoise,66.569,68.785,4.779,71.928
740.045,run:denoise,63.067,68.785,4.779,71.928
740.546,run:denoise,63.067,68.785,4.779,71.928
741.046,run:denoise,63.486,68.785,4.781,71.928
741.547,run:denoise,66.136,68.785,4.781,71.928
742.048,run:denoise,63.067,68.785,4.781,71.928
742.548,run:denoise,63.067,68.785,4.781,71.928
743.049,run:denoise,63.486,68.785,4.782,71.928
743.551,run:denoise,66.136,68.785,4.782,71.928
744.051,run:denoise,63.067,68.785,4.782,71.928
744.552,run:denoise,63.067,68.785,4.783,71.928
745.053,run:denoise,63.067,68.785,4.784,71.928
745.554,run:denoise,65.726,68.785,4.784,71.928
746.054,run:denoise,63.067,68.785,4.782,71.928
746.555,run:denoise,63.067,68.785,4.782,71.928
747.056,run:denoise,63.067,68.785,4.783,71.928
747.557,run:denoise,66.848,68.785,4.783,71.928
748.057,run:denoise,63.067,68.785,4.783,71.928
748.558,run:denoise,63.067,68.785,4.783,71.928
749.06,run:denoise,63.067,68.785,4.784,71.928
749.56,run:denoise,66.011,68.785,4.784,71.928
750.061,run:denoise,63.067,68.785,4.784,71.928
750.562,run:denoise,63.067,68.785,4.785,71.928
751.063,run:denoise,63.067,68.785,4.784,71.928
751.563,run:denoise,66.011,68.785,4.784,71.928
752.064,run:denoise,62.689,68.785,4.783,71.928
752.565,run:denoise,63.067,68.785,4.783,71.928
753.065,run:denoise,65.578,68.785,4.784,71.928
753.566,run:denoise,65.167,68.785,4.783,71.928
754.068,run:denoise,65.578,68.785,4.784,71.928
754.568,run:denoise,65.578,68.785,4.784,71.928
755.069,run:denoise,65.578,68.785,4.786,71.928
755.57,run:denoise,65.167,68.785,4.785,71.928
756.071,run:denoise,65.578,68.785,4.785,71.928
756.571,run:denoise,65.578,68.785,4.785,71.928
757.072,run:denoise,65.578,68.785,4.786,71.928
757.573,run:denoise,65.159,68.785,4.785,71.928
758.074,run:denoise,65.578,68.785,4.783,71.928
758.574,run:denoise,65.578,68.785,4.783,71.928
759.075,run:denoise,65.578,68.785,4.783,71.928
759.577,run:denoise,65.159,68.785,4.784,71.928
760.078,run:denoise,64.741,68.785,4.783,71.928
760.578,run:denoise,63.067,68.785,4.783,71.928
761.079,run:denoise,63.067,68.785,4.783,71.928
761.58,run:denoise,65.726,68.785,4.784,71.928
762.081,run:denoise,65.159,68.785,4.782,71.928
762.581,run:denoise,63.067,68.785,4.782,71.928
763.082,run:denoise,63.067,68.785,4.784,71.928
763.583,run:denoise,65.726,68.785,4.785,71.928
764.084,run:denoise,64.741,68.785,4.785,71.928
764.585,run:denoise,63.067,68.785,4.785,71.928
765.086,run:denoise,63.067,68.785,4.785,71.928
765.586,run:denoise,65.726,68.785,4.786,71.928
766.087,run:denoise,64.741,68.785,4.786,71.928
766.588,run:denoise,63.067,68.785,4.787,71.928
767.089,run:denoise,63.067,68.785,4.787,71.928
767.589,run:denoise,65.726,68.785,4.785,71.928
768.09,run:denoise,64.741,68.785,4.785,71.928
768.591,run:denoise,63.067,68.785,4.785,71.928
769.092,run:denoise,63.067,68.785,4.785,71.928
769.593,run:denoise,65.726,68.785,4.784,71.928
770.094,run:denoise,64.741,68.785,4.782,71.928
770.594,run:denoise,63.067,68.785,4.782,71.928
771.095,run:denoise,63.067,68.785,4.783,71.928
771.596,run:denoise,65.726,68.785,4.784,71.928
772.097,run:denoise,61.802,68.785,4.783,71.928
772.597,run:denoise,63.067,68.785,4.783,71.928
773.098,run:denoise,65.578,68.785,4.783,71.928
773.599,run:denoise,64.322,68.785,4.784,71.928
774.1,run:denoise,66.848,68.785,4.783,71.928
774.6,run:denoise,65.578,68.785,4.784,71.928
775.102,run:denoise,65.578,68.785,4.785,71.928
775.603,run:denoise,64.322,68.785,4.784,71.928
776.103,run:denoise,66.429,68.785,4.783,71.928
776.604,run:denoise,65.578,68.785,4.783,71.928
777.105,run:denoise,65.578,68.785,4.783,71.928
777.606,run:denoise,65.578,68.785,4.784,71.928
778.106,run:denoise,66.429,68.785,4.783,71.928
778.607,run:denoise,65.578,68.785,4.813,71.928
779.108,run:denoise,65.578,68.785,4.795,71.928
779.609,run:denoise,65.578,68.785,4.796,71.928
780.11,run:denoise,64.322,68.785,4.797,71.928
780.611,run:denoise,63.067,68.785,4.797,71.928
781.112,run:denoise,63.067,68.785,4.797,71.928
781.612,run:denoise,63.067,68.785,4.797,71.928
782.113,run:denoise,66.011,68.785,4.797,71.928
782.614,run:denoise,63.067,68.785,4.798,71.928
783.115,run:denoise,63.067,68.785,4.797,71.928
783.615,run:denoise,63.067,68.785,4.798,71.928
784.116,run:denoise,66.011,68.785,4.797,71.928
784.617,run:denoise,63.067,68.785,4.798,71.928
785.118,run:denoise,63.067,68.785,4.797,71.928
785.619,run:denoise,63.067,68.785,4.797,71.928
786.12,run:denoise,66.011,68.785,4.796,71.928
786.621,run:denoise,63.067,68.785,4.796,71.928
787.121,run:denoise,63.067,68.785,4.795,71.928
787.622,run:denoise,63.067,68.785,4.794,71.928
788.123,run:denoise,65.174,68.785,4.796,71.928
788.624,run:denoise,63.067,68.785,4.794,71.928
789.124,run:denoise,63.067,68.785,4.794,71.928
789.625,run:denoise,63.067,68.785,4.795,71.928
790.126,run:denoise,65.726,68.785,4.794,71.928
790.627,run:denoise,63.067,68.785,4.794,71.928
791.128,run:denoise,63.067,68.785,4.794,71.928
791.629,run:denoise,63.067,68.785,4.794,71.928
792.129,run:denoise,63.504,68.785,4.793,71.928
792.63,run:denoise,63.067,68.785,4.794,71.928
793.131,run:denoise,65.578,68.785,4.794,71.928
793.632,run:denoise,65.578,68.785,4.794,71.928
794.132,run:denoise,64.043,68.785,4.798,71.928
794.633,run:denoise,65.857,68.785,4.798,71.928
795.134,run:denoise,65.578,68.785,4.797,71.928
795.635,run:denoise,65.578,68.785,4.795,71.928
796.136,run:denoise,64.043,68.785,4.795,71.928
796.637,run:denoise,67.67,68.785,4.796,71.928
797.137,run:denoise,65.578,68.785,4.792,71.928
797.638,run:denoise,65.578,68.785,4.792,71.928
798.139,run:denoise,64.043,68.785,4.792,71.928
798.64,run:denoise,65.159,68.785,4.793,71.928
799.14,run:denoise,65.578,68.785,4.793,71.928
799.641,run:denoise,65.578,68.785,4.793,71.928
800.142,run:denoise,64.043,68.785,4.793,71.928
800.643,run:denoise,64.322,68.785,4.793,71.928
801.144,run:denoise,63.067,68.785,4.793,71.928
801.645,run:denoise,63.067,68.785,4.793,71.928
802.146,run:denoise,65.726,68.785,4.794,71.928
802.646,run:denoise,64.322,68.785,4.794,71.928
803.147,run:denoise,63.067,68.785,4.794,71.928
803.648,run:denoise,63.067,68.785,4.794,71.928
804.149,run:denoise,65.726,68.785,4.794,71.928
804.649,run:denoise,64.322,68.785,4.794,71.928
805.15,run:denoise,63.067,68.785,4.794,71.928
805.651,run:denoise,63.067,68.785,4.794,71.928
806.152,run:denoise,64.322,68.785,4.794,71.928
806.653,run:denoise,64.322,68.785,4.794,71.928
807.154,run:denoise,63.067,68.785,4.793,71.928
807.654,run:denoise,63.067,68.785,4.794,71.928
808.155,run:denoise,63.486,68.785,4.783,71.928
808.656,run:denoise,66.136,68.785,4.783,71.928
809.157,run:denoise,63.067,68.785,4.783,71.928
809.657,run:denoise,63.067,68.785,4.783,71.928
810.158,run:denoise,63.486,68.785,4.783,71.928
810.659,run:denoise,66.136,68.785,4.783,71.928
811.16,run:denoise,63.067,68.785,4.784,71.928
811.661,run:denoise,63.067,68.785,4.784,71.928
812.162,run:denoise,63.485,68.785,4.785,71.928
812.663,run:denoise,63.485,68.785,4.785,71.928
813.163,run:denoise,65.578,68.785,4.784,71.928
813.664,run:denoise,65.578,68.785,4.784,71.928
814.165,run:denoise,65.578,68.785,4.784,71.928
814.666,run:denoise,65.802,68.785,4.784,71.928
815.167,run:denoise,65.578,68.785,4.784,71.928
815.667,run:denoise,65.578,68.785,4.784,71.928
816.168,run:denoise,65.578,68.785,4.784,71.928
816.669,run:denoise,65.167,68.785,4.784,71.928
817.17,run:denoise,65.578,68.785,4.784,71.928
817.671,run:denoise,65.578,68.785,4.784,71.928
818.172,run:denoise,65.578,68.785,4.785,71.928
818.672,run:denoise,65.167,68.785,4.785,71.928
819.173,run:denoise,65.578,68.785,4.784,71.928
819.674,run:denoise,65.578,68.785,4.784,71.928
820.175,run:denoise,65.578,68.785,4.784,71.928
820.675,run:denoise,65.726,68.785,4.784,71.928
821.176,run:denoise,63.067,68.785,4.784,71.928
821.678,run:denoise,63.067,68.785,4.784,71.928
822.179,run:denoise,63.067,68.785,4.784,71.928
822.679,run:denoise,65.726,68.785,4.785,71.928
823.18,run:denoise,63.067,68.785,4.786,71.928
823.681,run:denoise,63.067,68.785,4.786,71.928
824.182,run:denoise,63.067,68.785,4.786,71.928
824.682,run:denoise,65.726,68.785,4.786,71.928
825.183,run:denoise,63.067,68.785,4.786,71.928
825.684,run:denoise,63.067,68.785,4.786,71.928
826.185,run:denoise,63.067,68.785,4.785,71.928
826.685,run:denoise,65.726,68.785,4.785,71.928
827.187,run:denoise,63.067,68.785,4.785,71.928
827.687,run:denoise,63.067,68.785,4.784,71.928
828.188,run:denoise,63.067,68.785,4.784,71.928
828.689,run:denoise,65.726,68.785,4.782,71.928
829.19,run:denoise,65.159,68.785,4.782,71.928
829.69,run:denoise,63.067,68.785,4.782,71.928
830.191,run:denoise,63.067,68.785,4.782,71.928
830.692,run:denoise,65.726,68.785,4.782,71.928
831.193,run:denoise,66.554,68.785,4.782,71.928
831.694,run:denoise,63.067,68.785,4.782,71.928
832.195,run:denoise,63.067,68.785,4.781,71.928
832.696,run:denoise,62.772,68.785,4.783,71.928
833.196,run:denoise,64.741,68.785,4.783,71.928
833.697,run:denoise,65.578,68.785,4.783,71.928
834.198,run:denoise,65.578,68.785,4.783,71.928
834.699,run:denoise,64.043,68.785,4.783,71.928
835.199,run:denoise,66.136,68.785,4.783,71.928
835.7,run:denoise,65.578,68.785,4.783,71.928
836.201,run:denoise,65.578,68.785,4.782,71.928
836.702,run:denoise,64.043,68.785,4.782,71.928
837.202,run:denoise,66.569,68.785,4.783,71.928
837.704,run:denoise,65.578,68.785,4.783,71.928
838.205,run:denoise,65.578,68.785,4.783,71.928
838.705,run:denoise,64.043,68.785,4.785,71.928
839.206,run:denoise,66.569,68.785,4.785,71.928
839.707,run:denoise,65.578,68.785,4.785,71.928
840.208,run:denoise,65.578,68.785,4.785,71.928
840.708,run:denoise,63.486,68.785,4.786,71.928
841.209,run:denoise,66.136,68.785,4.786,71.928
841.71,run:denoise,63.067,68.785,4.786,71.928
842.211,run:denoise,63.067,68.785,4.786,71.928
842.712,run:denoise,63.486,68.785,4.786,71.928
843.213,run:denoise,66.136,68.785,4.785,71.928
843.714,run:denoise,63.067,68.785,4.785,71.928
844.214,run:denoise,63.067,68.785,4.786,71.928
844.715,run:denoise,63.486,68.785,4.785,71.928
845.216,run:denoise,66.136,68.785,4.785,71.928
845.717,run:denoise,63.067,68.785,4.785,71.928
846.217,run:denoise,63.067,68.785,4.785,71.928
846.718,run:denoise,63.067,68.785,4.787,71.928
847.219,run:denoise,66.848,68.785,4.786,71.928
847.72,run:denoise,63.067,68.785,4.786,71.928
848.22,run:denoise,63.067,68.785,4.777,71.928
848.721,run:denoise,63.067,68.785,4.779,71.928
849.222,run:denoise,66.011,68.785,4.778,71.928
849.723,run:denoise,63.067,68.785,4.779,71.928
850.223,run:denoise,63.067,68.785,4.78,71.928
850.724,run:denoise,63.067,68.785,4.78,71.928
851.225,run:denoise,66.011,68.785,4.78,71.928
851.726,run:denoise,63.067,68.785,4.78,71.928
852.226,run:denoise,63.067,68.785,4.781,71.928
852.727,run:denoise,62.689,68.785,4.782,71.928
853.229,run:denoise,65.167,68.785,4.782,71.928
853.729,run:denoise,65.578,68.785,4.782,71.928
854.23,run:denoise,65.578,68.785,4.782,71.928
854.731,run:denoise,65.578,68.785,4.782,71.928
855.232,run:denoise,65.167,68.785,4.782,71.928
855.732,run:denoise,65.578,68.785,4.782,71.928
856.233,run:denoise,65.578,68.785,4.781,71.928
856.734,run:denoise,65.578,68.785,4.782,71.928
857.235,run:denoise,65.167,68.785,4.782,71.928
857.735,run:denoise,65.578,68.785,4.782,71.928
858.237,run:denoise,65.578,68.785,4.78,71.928
858.738,run:denoise,65.578,68.785,4.78,71.928
859.238,run:denoise,65.167,68.785,4.78,71.928
859.739,run:denoise,65.578,68.785,4.78,71.928
860.24,run:denoise,65.578,68.785,4.78,71.928
860.741,run:denoise,63.067,68.785,4.78,71.928
861.241,run:denoise,65.726,68.785,4.781,71.928
861.742,run:denoise,65.159,68.785,4.781,71.928
862.243,run:denoise,63.067,68.785,4.78,71.928
862.744,run:denoise,63.067,68.785,4.781,71.928
863.244,run:denoise,65.726,68.785,4.781,71.928
863.746,run:denoise,65.578,68.785,4.781,71.928
864.246,run:denoise,63.067,68.785,4.782,71.928
864.747,run:denoise,63.067,68.785,4.783,71.928
865.248,run:denoise,65.726,68.785,4.782,71.928
865.749,run:denoise,67.67,68.785,4.782,71.928
866.249,run:denoise,63.067,68.785,4.782,71.928
866.75,run:denoise,63.067,68.785,4.783,71.928
867.251,run:denoise,65.726,68.785,4.783,71.928
867.752,run:denoise,64.741,68.785,4.783,71.928
868.252,run:denoise,63.067,68.785,4.784,71.928
868.754,run:denoise,63.067,68.785,4.784,71.928
869.255,run:denoise,65.726,68.785,4.785,71.928
869.755,run:denoise,64.741,68.785,4.785,71.928
870.256,run:denoise,63.067,68.785,4.783,71.928
870.757,run:denoise,63.067,68.785,4.783,71.928
871.258,run:denoise,65.726,68.785,4.785,71.928
871.758,run:denoise,64.741,68.785,4.785,71.928
872.259,run:denoise,63.067,68.785,4.785,71.928
872.76,run:denoise,62.689,68.785,4.785,71.928
873.261,run:denoise,64.043,68.785,4.785,71.928
873.761,run:denoise,66.569,68.785,4.786,71.928
874.262,run:denoise,65.578,68.785,4.785,71.928
874.763,run:denoise,65.578,68.785,4.785,71.928
875.264,run:denoise,64.043,68.785,4.784,71.928
875.764,run:denoise,66.569,68.785,4.784,71.928
876.265,run:denoise,65.578,68.785,4.785,71.928
876.766,run:denoise,65.578,68.785,4.785,71.928
877.267,run:denoise,64.043,68.785,4.784,71.928
877.767,run:denoise,66.848,68.785,4.784,71.928
878.268,run:denoise,65.578,68.785,4.785,71.928
878.769,run:denoise,65.578,68.785,4.784,71.928
879.27,run:denoise,64.043,68.785,4.786,71.928
879.771,run:denoise,66.848,68.785,4.786,71.928
880.272,run:denoise,65.578,68.785,4.785,71.928
880.773,run:denoise,63.067,68.785,4.785,71.928
881.273,run:denoise,63.067,68.785,4.785,71.928
881.774,run:denoise,66.848,68.785,4.784,71.928
882.275,run:denoise,63.067,68.785,4.785,71.928
882.776,run:denoise,63.067,68.785,4.785,71.928
883.276,run:denoise,63.067,68.785,4.786,71.928
883.777,run:denoise,65.802,68.785,4.786,71.928
884.279,run:denoise,63.067,68.785,4.787,71.928
884.78,run:denoise,63.067,68.785,4.786,71.928
885.28,run:denoise,63.067,68.785,4.787,71.928
885.781,run:denoise,66.011,68.785,4.788,71.928
886.282,run:denoise,63.067,68.785,4.787,71.928
886.783,run:denoise,63.067,68.785,4.787,71.928
887.283,run:denoise,63.067,68.785,4.787,71.928
887.784,run:denoise,66.011,68.785,4.787,71.928
888.285,run:denoise,63.067,68.785,4.787,71.928
888.785,run:denoise,63.067,68.785,4.786,71.928
889.286,run:denoise,63.067,68.785,4.786,71.928
889.788,run:denoise,66.011,68.785,4.786,71.928
890.288,run:denoise,63.067,68.785,4.785,71.928
890.789,run:denoise,63.067,68.785,4.785,71.928
891.29,run:denoise,63.067,68.785,4.786,71.928
891.791,run:denoise,66.011,68.785,4.786,71.928
892.291,run:denoise,63.067,68.785,4.785,71.928
892.792,run:denoise,62.689,68.785,4.786,71.928
893.293,run:denoise,63.067,68.785,4.787,71.928
893.794,run:denoise,65.167,68.785,4.787,71.928
894.294,run:denoise,65.578,68.785,4.788,71.928
894.796,run:denoise,65.578,68.785,4.788,71.928
895.297,run:denoise,65.578,68.785,4.787,71.928
895.797,run:denoise,65.167,68.785,4.786,71.928
896.298,run:denoise,65.578,68.785,4.785,71.928
896.799,run:denoise,65.578,68.785,4.785,71.928
897.3,run:denoise,65.578,68.785,4.785,71.928
897.8,run:denoise,65.726,68.785,4.785,71.928
898.301,run:denoise,65.578,68.785,4.785,71.928
898.802,run:denoise,65.578,68.785,4.785,71.928
899.303,run:denoise,65.578,68.785,4.786,71.928
899.804,run:denoise,65.726,68.785,4.786,71.928
900.305,run:denoise,65.578,68.785,4.786,71.928
900.805,run:denoise,63.067,68.785,4.786,71.928
901.306,run:denoise,63.067,68.785,4.786,71.928
901.807,run:denoise,65.726,68.785,4.787,71.928
902.308,run:denoise,67.67,68.785,4.787,71.928
902.808,run:denoise,63.067,68.785,4.787,71.928
903.309,run:denoise,63.067,68.785,4.787,71.928
903.81,run:denoise,65.726,68.785,4.787,71.928
904.311,run:denoise,65.578,68.785,4.787,71.928
904.812,run:denoise,63.067,68.785,4.787,71.928
905.313,run:denoise,63.067,68.785,4.786,71.928
905.814,run:denoise,65.726,68.785,4.787,71.928
906.314,run:denoise,64.741,68.785,4.786,71.928
906.815,run:denoise,63.067,68.785,4.786,71.928
907.316,run:denoise,63.067,68.785,4.784,71.928
907.817,run:denoise,65.726,68.785,4.784,71.928
908.317,run:denoise,64.741,68.785,4.784,71.928
908.818,run:denoise,63.067,68.785,4.783,71.928
909.319,run:denoise,63.067,68.785,4.783,71.928
909.82,run:denoise,65.726,68.785,4.785,71.928
910.321,run:denoise,64.741,68.785,4.785,71.928
910.822,run:denoise,63.067,68.785,4.784,71.928
911.322,run:denoise,63.067,68.785,4.785,71.928
911.823,run:denoise,65.726,68.785,4.784,71.928
912.324,run:denoise,64.741,68.785,4.783,71.928
912.825,run:denoise,62.689,68.785,4.783,71.928
913.326,run:denoise,63.067,68.785,4.783,71.928
913.826,run:denoise,64.043,68.785,4.784,71.928
914.327,run:denoise,66.569,68.785,4.783,71.928
914.828,run:denoise,65.578,68.785,4.784,71.928
915.329,run:denoise,65.578,68.785,4.785,71.928
915.83,run:denoise,64.043,68.785,4.785,71.928
916.331,run:denoise,66.848,68.785,4.769,71.928
916.832,run:denoise,65.578,68.785,4.768,71.928
917.332,run:denoise,65.578,68.785,4.768,71.928
917.833,run:denoise,64.043,68.785,4.769,71.928
918.334,run:denoise,66.848,68.785,4.769,71.928
918.834,run:denoise,65.578,68.785,4.768,71.928
919.335,run:denoise,65.578,68.785,4.769,71.928
919.836,run:denoise,64.043,68.785,4.769,71.928
920.337,run:denoise,66.848,68.785,4.77,71.928
920.838,run:denoise,63.067,68.785,4.769,71.928
921.339,run:denoise,63.067,68.785,4.769,71.928
921.839,run:denoise,63.067,68.785,4.767,71.928
922.34,run:denoise,66.011,68.785,4.767,71.928
922.841,run:denoise,63.067,68.785,4.768,71.928
923.342,run:denoise,63.067,68.785,4.768,71.928
923.842,run:denoise,63.067,68.785,4.769,71.928
924.343,run:denoise,66.011,68.785,4.768,71.928
924.844,run:denoise,63.067,68.785,4.769,71.928
925.345,run:denoise,63.067,68.785,4.769,71.928
925.845,run:denoise,63.067,68.785,4.769,71.928
926.346,run:denoise,66.011,68.785,4.767,71.928
926.847,run:denoise,63.067,68.785,4.767,71.928
927.348,run:denoise,63.067,68.785,4.767,71.928
927.848,run:denoise,63.067,68.785,4.768,71.928
928.349,run:denoise,66.011,68.785,4.767,71.928
928.85,run:denoise,63.067,68.785,4.767,71.928
929.351,run:denoise,63.067,68.785,4.767,71.928
929.852,run:denoise,63.067,68.785,4.768,71.928
930.352,run:denoise,66.011,68.785,4.768,71.928
930.853,run:denoise,63.067,68.785,4.767,71.928
931.354,run:denoise,63.067,68.785,4.768,71.928
931.855,run:denoise,63.067,68.785,4.768,71.928
932.356,run:denoise,66.011,68.785,4.767,71.928
932.857,run:denoise,62.689,68.785,4.768,71.928
933.357,run:denoise,63.067,68.785,4.768,71.928
933.858,run:denoise,65.578,68.785,4.768,71.928
934.359,run:denoise,65.167,68.785,4.769,71.928
934.86,run:denoise,65.578,68.785,4.768,71.928
935.36,run:denoise,65.578,68.785,4.768,71.928
935.861,run:denoise,65.578,68.785,4.77,71.928
936.363,run:denoise,65.159,68.785,4.769,71.928
936.863,run:denoise,65.578,68.785,4.769,71.928
937.364,run:denoise,65.578,68.785,4.769,71.928
937.865,run:denoise,65.578,68.785,4.767,71.928
938.365,run:denoise,64.043,68.785,4.768,71.928
938.866,run:denoise,65.578,68.785,4.768,71.928
939.367,run:denoise,65.578,68.785,4.768,71.928
939.868,run:denoise,65.578,68.785,4.768,71.928
940.368,run:denoise,64.043,68.785,4.769,71.928
940.869,run:denoise,64.741,68.785,4.77,71.928
941.37,run:denoise,63.067,68.785,4.77,71.928
941.871,run:denoise,63.067,68.785,4.77,71.928
942.372,run:denoise,65.726,68.785,4.768,71.928
942.873,run:denoise,64.741,68.785,4.768,71.928
943.374,run:denoise,63.067,68.785,4.77,71.928
943.874,run:denoise,63.067,68.785,4.77,71.928
944.375,run:denoise,65.726,68.785,4.769,71.928
944.876,run:denoise,64.741,68.785,4.769,71.928
945.377,run:denoise,63.067,68.785,4.769,71.928
945.877,run:denoise,63.067,68.785,4.77,71.928
946.378,run:denoise,65.726,68.785,4.771,71.928
946.88,run:denoise,64.741,68.785,4.771,71.928
947.381,run:denoise,63.067,68.785,4.771,71.928
947.881,run:denoise,63.067,68.785,4.771,71.928
948.382,run:denoise,65.726,68.785,4.772,71.928
948.883,run:denoise,64.741,68.785,4.772,71.928
949.383,run:denoise,63.067,68.785,4.772,71.928
949.884,run:denoise,63.067,68.785,4.772,71.928
950.385,run:denoise,65.726,68.785,4.77,71.928
950.886,run:denoise,64.322,68.785,4.769,71.928
951.386,run:denoise,63.067,68.785,4.769,71.928
951.887,run:denoise,63.067,68.785,4.769,71.928
952.388,run:denoise,65.726,68.785,4.769,71.928
952.889,run:denoise,61.802,68.785,4.77,71.928
953.389,run:denoise,63.067,68.785,4.77,71.928
953.89,run:denoise,65.578,68.785,4.77,71.928
954.391,run:denoise,64.043,68.785,4.772,71.928
954.892,run:denoise,66.848,68.785,4.771,71.928
955.392,run:denoise,65.578,68.785,4.771,71.928
955.893,run:denoise,65.578,68.785,4.771,71.928
956.394,run:denoise,64.322,68.785,4.771,71.928
956.895,run:denoise,66.848,68.785,4.771,71.928
957.396,run:denoise,65.578,68.785,4.771,71.928
957.897,run:denoise,65.578,68.785,4.771,71.928
958.398,run:denoise,65.578,68.785,4.771,71.928
958.898,run:denoise,66.429,68.785,4.77,71.928
959.399,run:denoise,65.578,68.785,4.77,71.928
959.9,run:denoise,65.578,68.785,4.771,71.928
960.401,run:denoise,65.578,68.785,4.772,71.928
960.901,run:denoise,66.011,68.785,4.772,71.928
961.402,run:denoise,63.067,68.785,4.772,71.928
961.903,run:denoise,63.067,68.785,4.773,71.928
962.404,run:denoise,63.067,68.785,4.772,71.928
962.905,run:denoise,66.011,68.785,4.772,71.928
963.409,run:denoise,63.067,68.785,4.772,71.928
963.91,run:denoise,63.067,68.785,4.773,71.928
964.411,run:denoise,63.067,68.785,4.774,71.928
964.911,run:denoise,66.011,68.785,4.773,71.928
965.412,run:denoise,63.067,68.785,4.773,71.928
965.913,run:denoise,63.067,68.785,4.773,71.928
966.414,run:denoise,63.067,68.785,4.776,71.928
966.914,run:denoise,66.011,68.785,4.775,71.928
967.415,run:denoise,63.067,68.785,4.775,71.928
967.917,run:denoise,63.067,68.785,4.775,71.928
968.417,run:denoise,63.067,68.785,4.774,71.928
968.918,run:denoise,66.011,68.785,4.773,71.928
969.419,run:denoise,63.067,68.785,4.773,71.928
969.92,run:denoise,63.067,68.785,4.773,71.928
970.42,run:denoise,63.067,68.785,4.773,71.928
970.921,run:denoise,66.011,68.785,4.773,71.928
971.422,run:denoise,63.067,68.785,4.773,71.928
971.923,run:denoise,63.067,68.785,4.774,71.928
972.423,run:denoise,63.067,68.785,4.776,71.928
972.925,run:denoise,61.815,68.785,4.775,71.928
973.425,run:denoise,63.067,68.785,4.775,71.928
973.926,run:denoise,65.578,68.785,4.775,71.928
974.427,run:denoise,65.578,68.785,4.775,71.928
974.928,run:denoise,65.726,68.785,4.774,71.928
975.428,run:denoise,65.578,68.785,4.774,71.928
975.929,run:denoise,65.578,68.785,4.774,71.928
976.43,run:denoise,65.578,68.785,4.772,71.928
976.931,run:denoise,65.726,68.785,4.774,71.928
977.431,run:denoise,65.578,68.785,4.774,71.928
977.932,run:denoise,65.578,68.785,4.774,71.928
978.433,run:denoise,65.578,68.785,4.774,71.928
978.934,run:denoise,64.043,68.785,4.775,71.928
979.434,run:denoise,65.578,68.785,4.775,71.928
979.935,run:denoise,65.578,68.785,4.775,71.928
980.436,run:denoise,65.578,68.785,4.773,71.928
980.937,run:denoise,64.601,68.785,4.774,71.928
981.437,run:denoise,64.741,68.785,4.774,71.928
981.938,run:denoise,63.067,68.785,4.781,71.928
982.439,run:denoise,63.067,68.785,4.775,71.928
982.94,run:denoise,65.726,68.785,4.776,71.928
983.441,run:denoise,65.159,68.785,4.776,71.928
983.942,run:denoise,63.067,68.785,4.781,71.928
984.443,run:denoise,63.067,68.785,4.777,71.928
984.943,run:denoise,65.726,68.785,4.776,71.928
985.444,run:denoise,64.741,68.785,4.777,71.928
985.945,run:denoise,63.067,68.785,4.777,71.928
986.446,run:denoise,63.067,68.785,4.777,71.928
986.946,run:denoise,65.726,68.785,4.777,71.928
987.447,run:denoise,64.741,68.785,4.777,71.928
987.948,run:denoise,63.067,68.785,4.778,71.928
988.45,run:denoise,63.067,68.785,4.777,71.928
988.951,run:denoise,65.726,68.785,4.778,71.928
989.452,run:denoise,64.741,68.785,4.778,71.928
989.953,run:denoise,63.067,68.785,4.779,71.928
990.453,run:denoise,63.067,68.785,4.776,71.928
990.954,run:denoise,65.726,68.785,4.776,71.928
991.455,run:denoise,64.741,68.785,4.776,71.928
991.956,run:denoise,63.067,68.785,4.783,71.928
992.456,run:denoise,63.067,68.785,4.777,71.928
992.957,run:denoise,63.504,68.785,4.777,71.928
993.458,run:denoise,63.878,68.785,4.777,71.928
993.959,run:denoise,65.578,68.785,4.776,71.928
994.46,run:denoise,65.578,68.785,4.777,71.928
994.961,run:denoise,64.043,68.785,4.778,71.928
995.462,run:denoise,66.848,68.785,4.778,71.928
995.962,run:denoise,65.578,68.785,4.782,71.928
996.463,run:denoise,65.578,68.785,4.776,71.928
996.964,run:denoise,64.043,68.785,4.777,71.928
997.465,run:denoise,66.848,68.785,4.777,71.928
997.965,run:denoise,65.578,68.785,4.784,71.928
998.466,run:denoise,65.578,68.785,4.777,71.928
998.968,run:denoise,65.578,68.785,4.777,71.928
999.468,run:denoise,66.848,68.785,4.777,71.928
999.969,run:denoise,65.578,68.785,4.776,71.928
1000.47,run:denoise,65.578,68.785,4.776,71.928
1000.971,run:denoise,63.486,68.785,4.776,71.928
1001.471,run:denoise,66.011,68.785,4.776,71.928
1001.972,run:denoise,63.067,68.785,4.776,71.928
1002.473,run:denoise,63.067,68.785,4.777,71.928
1002.974,run:denoise,63.067,68.785,4.777,71.928
1003.474,run:denoise,66.011,68.785,4.777,71.928
1003.975,run:denoise,63.067,68.785,4.777,71.928
1004.477,run:denoise,63.067,68.785,4.785,71.928
1004.977,run:denoise,63.067,68.785,4.785,71.928
1005.478,run:denoise,66.011,68.785,4.786,71.928
1005.979,run:denoise,63.067,68.785,4.786,71.928
1006.48,run:denoise,63.067,68.785,4.786,71.928
1006.98,run:denoise,63.067,68.785,4.786,71.928
1007.481,run:denoise,66.011,68.785,4.786,71.928
1007.982,run:denoise,63.067,68.785,4.786,71.928
1008.483,run:denoise,63.067,68.785,4.786,71.928
1008.983,run:denoise,63.067,68.785,4.787,71.928
1009.485,run:denoise,66.011,68.785,4.787,71.928
1009.986,run:denoise,63.067,68.785,4.787,71.928
1010.486,run:denoise,63.067,68.785,4.787,71.928
1010.987,run:denoise,63.067,68.785,4.788,71.928
1011.488,run:denoise,66.011,68.785,4.79,71.928
1011.989,run:denoise,63.067,68.785,4.789,71.928
1012.489,run:denoise,63.067,68.785,4.791,71.928
1012.99,run:denoise,63.067,68.785,4.791,71.928
1013.491,run:denoise,62.71,68.785,4.794,71.928
1013.992,run:denoise,65.578,68.785,4.782,71.928
1014.493,run:denoise,65.578,68.785,4.783,71.928
1014.994,run:denoise,65.578,68.785,4.782,71.928
1015.494,run:denoise,65.159,68.785,4.786,71.928
1015.995,run:denoise,65.578,68.785,4.786,71.928
1016.496,run:denoise,65.578,68.785,4.786,71.928
1016.997,run:denoise,65.578,68.785,4.786,71.928
1017.497,run:denoise,64.043,68.785,4.787,71.928
1017.998,run:denoise,65.578,68.785,4.787,71.928
1018.499,run:denoise,65.578,68.785,4.787,71.928
1019.0,run:denoise,65.578,68.785,4.787,71.928
1019.5,run:denoise,64.043,68.785,4.788,71.928
1020.002,run:denoise,65.578,68.785,4.787,71.928
1020.502,run:denoise,65.578,68.785,4.787,71.928
1021.003,run:denoise,65.578,68.785,4.788,71.928
1021.504,run:denoise,65.726,68.785,4.789,71.928
1022.005,run:denoise,64.741,68.785,4.789,71.928
1022.505,run:denoise,63.067,68.785,4.789,71.928
1023.006,run:denoise,63.067,68.785,4.789,71.928
1023.507,run:denoise,65.726,68.785,4.79,71.928
1024.008,run:denoise,64.741,68.785,4.791,71.928
1024.508,run:denoise,63.067,68.785,4.791,71.928
1025.01,run:denoise,63.067,68.785,4.79,71.928
1025.51,run:denoise,65.726,68.785,4.792,71.928
1026.011,run:denoise,64.741,68.785,4.793,71.928
1026.512,run:denoise,63.067,68.785,4.793,71.928
1027.013,run:denoise,63.067,68.785,4.792,71.928
1027.513,run:denoise,65.726,68.785,4.793,71.928
1028.014,run:denoise,64.741,68.785,4.791,71.928
1028.515,run:denoise,63.067,68.785,4.791,71.928
1029.015,run:denoise,63.067,68.785,4.792,71.928
1029.516,run:denoise,65.726,68.785,4.793,71.928
1030.017,run:denoise,64.741,68.785,4.793,71.928
1030.518,run:denoise,63.067,68.785,4.793,71.928
1031.019,run:denoise,63.067,68.785,4.793,71.928
1031.52,run:denoise,65.726,68.785,4.793,71.928
1032.021,run:denoise,64.322,68.785,4.792,71.928
1032.521,run:denoise,63.067,68.785,4.793,71.928
1033.022,run:denoise,63.067,68.785,4.792,71.928
1033.523,run:denoise,62.772,68.785,4.792,71.928
1034.024,run:denoise,66.848,68.785,4.791,71.928
1034.524,run:denoise,65.578,68.785,4.791,71.928
1035.025,run:denoise,65.578,68.785,4.792,71.928
1035.528,run:denoise,64.322,68.785,4.793,71.928
1036.029,run:denoise,66.848,68.785,4.793,71.928
1036.529,run:denoise,65.578,68.785,4.793,71.928
1037.03,run:denoise,65.578,68.785,4.792,71.928
1037.531,run:denoise,64.741,68.785,4.793,71.928
1038.032,run:denoise,66.848,68.785,4.793,71.928
1038.532,run:denoise,65.578,68.785,4.793,71.928
1039.033,run:denoise,65.578,68.785,4.793,71.928
1039.534,run:denoise,63.486,68.785,4.794,71.928
1040.035,run:denoise,66.848,68.785,4.793,71.928
1040.535,run:denoise,65.578,68.785,4.793,71.928
1041.037,run:denoise,65.578,68.785,4.793,71.928
1041.537,run:denoise,63.067,68.785,4.792,71.928
1042.038,run:denoise,66.011,68.785,4.791,71.928
1042.539,run:denoise,63.067,68.785,4.791,71.928
1043.04,run:denoise,63.067,68.785,4.792,71.928
1043.54,run:denoise,63.067,68.785,4.793,71.928
1044.041,run:denoise,66.011,68.785,4.792,71.928
1044.542,run:denoise,63.067,68.785,4.792,71.928
1045.043,run:denoise,63.067,68.785,4.792,71.928
1045.543,run:denoise,63.067,68.785,4.793,71.928
1046.045,run:denoise,66.011,68.785,4.793,71.928
1046.545,run:denoise,63.067,68.785,4.793,71.928
1047.046,run:denoise,63.067,68.785,4.793,71.928
1047.547,run:denoise,63.067,68.785,4.792,71.928
1048.048,run:denoise,66.011,68.785,4.791,71.928
1048.549,run:denoise,63.067,68.785,4.791,71.928
1049.049,run:denoise,63.067,68.785,4.791,71.928
1049.55,run:denoise,63.067,68.785,4.79,71.928
1050.051,run:denoise,66.011,68.785,4.791,71.928
1050.551,run:denoise,63.067,68.785,4.792,71.928
1051.053,run:denoise,63.067,68.785,4.792,71.928
1051.554,run:denoise,63.067,68.785,4.792,71.928
1052.054,run:denoise,66.011,68.785,4.792,71.928
1052.555,run:denoise,63.067,68.785,4.792,71.928
1053.056,run:denoise,63.067,68.785,4.792,71.928
1053.557,run:denoise,62.689,68.785,4.793,71.928
1054.057,run:denoise,65.167,68.785,4.794,71.928
1054.558,run:denoise,65.578,68.785,4.794,71.928
1055.059,run:denoise,65.578,68.785,4.795,71.928
1055.56,run:denoise,65.578,68.785,4.795,71.928
1056.06,run:denoise,65.167,68.785,4.796,71.928
1056.562,run:denoise,65.578,68.785,4.796,71.928
1057.062,run:denoise,65.578,68.785,4.796,71.928
1057.563,run:denoise,65.578,68.785,4.796,71.928
1058.064,run:denoise,65.726,68.785,4.795,71.928
1058.565,run:denoise,65.578,68.785,4.795,71.928
1059.065,run:denoise,65.578,68.785,4.795,71.928
1059.566,run:denoise,65.578,68.785,4.796,71.928
1060.067,run:denoise,65.726,68.785,4.797,71.928
1060.568,run:denoise,65.578,68.785,4.797,71.928
1061.068,run:denoise,65.578,68.785,4.797,71.928
1061.57,run:denoise,63.067,68.785,4.797,71.928
1062.07,run:denoise,65.726,68.785,4.795,71.928
1062.571,run:denoise,66.554,68.785,4.796,71.928
1063.072,run:denoise,63.067,68.785,4.796,71.928
1063.573,run:denoise,63.067,68.785,4.797,71.928
1064.074,run:denoise,65.726,68.785,4.796,71.928
1064.574,run:denoise,67.67,68.785,4.796,71.928
1065.075,run:denoise,63.067,68.785,4.796,71.928
1065.576,run:denoise,63.067,68.785,4.796,71.928
1066.076,run:denoise,65.726,68.785,4.788,71.928
1066.577,run:denoise,65.159,68.785,4.788,71.928
1067.079,run:denoise,63.067,68.785,4.787,71.928
1067.579,run:denoise,63.067,68.785,4.787,71.928
1068.08,run:denoise,65.726,68.785,4.787,71.928
1068.581,run:denoise,64.741,68.785,4.787,71.928
1069.081,run:denoise,63.067,68.785,4.787,71.928
1069.582,run:denoise,63.067,68.785,4.788,71.928
1070.083,run:denoise,65.726,68.785,4.785,71.928
1070.584,run:denoise,64.741,68.785,4.785,71.928
1071.084,run:denoise,63.067,68.785,4.785,71.928
1071.585,run:denoise,63.067,68.785,4.786,71.928
1072.087,run:denoise,65.726,68.785,4.787,71.928
1072.588,run:denoise,64.741,68.785,4.787,71.928
1073.088,run:denoise,63.067,68.785,4.787,71.928
1073.589,run:denoise,62.689,68.785,4.787,71.928
1074.09,run:denoise,64.043,68.785,4.787,71.928
1074.591,run:denoise,66.569,68.785,4.787,71.928
1075.091,run:denoise,65.578,68.785,4.786,71.928
1075.592,run:denoise,65.578,68.785,4.786,71.928
1076.093,run:denoise,64.043,68.785,4.786,71.928
1076.594,run:denoise,66.848,68.785,4.786,71.928
1077.095,run:denoise,65.578,68.785,4.786,71.928
1077.596,run:denoise,65.578,68.785,4.786,71.928
1078.096,run:denoise,64.043,68.785,4.783,71.928
1078.597,run:denoise,66.848,68.785,4.786,71.928
1079.098,run:denoise,65.578,68.785,4.785,71.928
1079.599,run:denoise,65.578,68.785,4.785,71.928
1080.099,run:denoise,64.043,68.785,4.785,71.928
1080.6,run:denoise,66.848,68.785,4.785,71.928
1081.101,run:denoise,65.578,68.785,4.785,71.928
1081.602,run:denoise,63.067,68.785,4.785,71.928
1082.102,run:denoise,63.067,68.785,4.787,71.928
1082.604,run:denoise,66.429,68.785,4.789,71.928
1083.105,run:denoise,63.067,68.785,4.788,71.928
1083.605,run:denoise,63.067,68.785,4.788,71.928
1084.106,run:denoise,63.486,68.785,4.789,71.928
1084.607,run:denoise,66.136,68.785,4.789,71.928
1085.108,run:denoise,63.067,68.785,4.789,71.928
1085.608,run:denoise,63.067,68.785,4.789,71.928
1086.109,run:denoise,63.067,68.785,4.788,71.928
1086.61,run:denoise,66.569,68.785,4.79,71.928
1087.111,run:denoise,63.067,68.785,4.79,71.928
1087.612,run:denoise,63.067,68.785,4.79,71.928
1088.113,run:denoise,63.067,68.785,4.79,71.928
1088.613,run:denoise,66.011,68.785,4.79,71.928
1089.114,run:denoise,63.067,68.785,4.79,71.928
1089.615,run:denoise,63.067,68.785,4.79,71.928
1090.116,run:denoise,63.067,68.785,4.786,71.928
1090.616,run:denoise,66.011,68.785,4.785,71.928
1091.117,run:denoise,63.067,68.785,4.786,71.928
1091.618,run:denoise,63.067,68.785,4.786,71.928
1092.119,run:denoise,63.067,68.785,4.786,71.928
1092.619,run:denoise,66.011,68.785,4.789,71.928
1093.121,run:denoise,63.067,68.785,4.788,71.928
1093.621,run:denoise,62.689,68.785,4.788,71.928
1094.122,run:denoise,63.067,68.785,4.787,71.928
1094.623,run:denoise,65.167,68.785,4.787,71.928
1095.124,run:denoise,65.578,68.785,4.787,71.928
1095.624,run:denoise,65.578,68.785,4.787,71.928
1096.125,run:denoise,65.578,68.785,4.787,71.928
1096.626,run:denoise,65.167,68.785,4.788,71.928
1097.127,run:denoise,65.578,68.785,4.785,71.928
1097.627,run:denoise,65.578,68.785,4.785,71.928
1098.129,run:denoise,65.578,68.785,4.784,71.928
1098.63,run:denoise,65.167,68.785,4.785,71.928
1099.13,run:denoise,65.578,68.785,4.785,71.928
1099.631,run:denoise,65.578,68.785,4.785,71.928
1100.132,run:denoise,65.578,68.785,4.785,71.928
1100.632,run:denoise,65.167,68.785,4.786,71.928
1101.133,run:denoise,65.578,68.785,4.786,71.928
1101.634,run:denoise,63.067,68.785,4.786,71.928
1102.135,run:denoise,63.067,68.785,4.784,71.928
1102.635,run:denoise,65.726,68.785,4.786,71.928
1103.137,run:denoise,63.067,68.785,4.786,71.928
1103.638,run:denoise,63.067,68.785,4.786,71.928
1104.138,run:denoise,63.067,68.785,4.787,71.928
1104.639,run:denoise,65.726,68.785,4.788,71.928
1105.14,run:denoise,63.067,68.785,4.789,71.928
1105.64,run:denoise,63.067,68.785,4.789,71.928
1106.141,run:denoise,63.067,68.785,4.788,71.928
1106.642,run:denoise,65.726,68.785,4.788,71.928
1107.143,run:denoise,63.067,68.785,4.788,71.928
1107.643,run:denoise,63.067,68.785,4.788,71.928
1108.144,run:denoise,63.067,68.785,4.787,71.928
1108.646,run:denoise,65.726,68.785,4.789,71.928
1109.146,run:denoise,63.067,68.785,4.788,71.928
1109.647,run:denoise,63.067,68.785,4.788,71.928
1110.148,run:denoise,63.067,68.785,4.787,71.928
1110.649,run:denoise,65.726,68.785,4.787,71.928
1111.149,run:denoise,65.578,68.785,4.787,71.928
1111.65,run:denoise,63.067,68.785,4.787,71.928
1112.151,run:denoise,63.067,68.785,4.786,71.928
1112.652,run:denoise,65.726,68.785,4.787,71.928
1113.152,run:denoise,65.159,68.785,4.786,71.928
1113.654,run:denoise,62.689,68.785,4.786,71.928
1114.155,run:denoise,63.067,68.785,4.785,71.928
1114.655,run:denoise,64.043,68.785,4.785,71.928
1115.156,run:denoise,67.67,68.785,4.786,71.928
1115.657,run:denoise,65.578,68.785,4.786,71.928
1116.158,run:denoise,65.578,68.785,4.785,71.928
1116.658,run:denoise,64.043,68.785,4.785,71.928
1117.159,run:denoise,65.159,68.785,4.786,71.928
1117.66,run:denoise,65.578,68.785,4.786,71.928
1118.16,run:denoise,65.578,68.785,4.786,71.928
1118.661,run:denoise,64.043,68.785,4.786,71.928
1119.163,run:denoise,66.136,68.785,4.787,71.928
1119.663,run:denoise,65.578,68.785,4.787,71.928
1120.164,run:denoise,65.578,68.785,4.786,71.928
1120.665,run:denoise,64.043,68.785,4.786,71.928
1121.166,run:denoise,64.741,68.785,4.788,71.928
1121.666,run:denoise,63.067,68.785,4.788,71.928
1122.167,run:denoise,63.067,68.785,4.788,71.928
1122.668,run:denoise,65.726,68.785,4.788,71.928
1123.169,run:denoise,64.322,68.785,4.788,71.928
1123.669,run:denoise,63.067,68.785,4.789,71.928
1124.171,run:denoise,63.067,68.785,4.779,71.928
1124.672,run:denoise,65.726,68.785,4.779,71.928
1125.172,run:denoise,64.322,68.785,4.782,71.928
1125.673,run:denoise,63.067,68.785,4.782,71.928
1126.174,run:denoise,63.067,68.785,4.781,71.928
1126.675,run:denoise,65.726,68.785,4.781,71.928
1127.175,run:denoise,64.322,68.785,4.782,71.928
1127.676,run:denoise,63.067,68.785,4.782,71.928
1128.177,run:denoise,63.067,68.785,4.781,71.928
1128.677,run:denoise,64.601,68.785,4.782,71.928
1129.179,run:denoise,64.322,68.785,4.784,71.928
1129.68,run:denoise,63.067,68.785,4.784,71.928
1130.18,run:denoise,63.067,68.785,4.784,71.928
1130.681,run:denoise,64.322,68.785,4.784,71.928
1131.182,run:denoise,64.322,68.785,4.783,71.928
1131.683,run:denoise,63.067,68.785,4.783,71.928
1132.183,run:denoise,63.067,68.785,4.785,71.928
1132.684,run:denoise,63.486,68.785,4.785,71.928
1133.185,run:denoise,66.136,68.785,4.785,71.928
1133.686,run:denoise,62.689,68.785,4.785,71.928
1134.186,run:denoise,63.067,68.785,4.786,71.928
1134.688,run:denoise,65.578,68.785,4.786,71.928
1135.189,run:denoise,66.429,68.785,4.785,71.928
1135.689,run:denoise,65.578,68.785,4.785,71.928
1136.19,run:denoise,65.578,68.785,4.778,71.928
1136.691,run:denoise,65.578,68.785,4.776,71.928
1137.192,run:denoise,66.429,68.785,4.779,71.928
1137.692,run:denoise,65.578,68.785,4.777,71.928
1138.193,run:denoise,65.578,68.785,4.78,71.928
1138.694,run:denoise,65.578,68.785,4.78,71.928
1139.195,run:denoise,66.429,68.785,4.782,71.928
1139.696,run:denoise,65.578,68.785,4.782,71.928
1140.197,run:denoise,65.578,68.785,4.782,71.928
1140.697,run:denoise,65.578,68.785,4.783,71.928
1141.198,run:denoise,66.429,68.785,4.782,71.928
1141.699,run:denoise,63.067,68.785,4.782,71.928
1142.2,run:denoise,63.067,68.785,4.781,71.928
1142.7,run:denoise,63.067,68.785,4.782,71.928
1143.201,run:denoise,66.011,68.785,4.782,71.928
1143.702,run:denoise,63.067,68.785,4.782,71.928
1144.203,run:denoise,63.067,68.785,4.784,71.928
1144.703,run:denoise,63.067,68.785,4.784,71.928
1145.205,run:denoise,66.011,68.785,4.784,71.928
1145.706,run:denoise,63.067,68.785,4.784,71.928
1146.206,run:denoise,63.067,68.785,4.784,71.928
1146.707,run:denoise,63.067,68.785,4.783,71.928
1147.208,run:denoise,66.011,68.785,4.784,71.928
1147.709,run:denoise,63.067,68.785,4.784,71.928
1148.209,run:denoise,63.067,68.785,4.783,71.928
1148.71,run:denoise,63.067,68.785,4.783,71.928
1149.211,run:denoise,66.011,68.785,4.785,71.928
1149.712,run:denoise,63.067,68.785,4.785,71.928
1150.213,run:denoise,63.067,68.785,4.783,71.928
1150.714,run:denoise,63.067,68.785,4.784,71.928
1151.214,run:denoise,65.174,68.785,4.784,71.928
1151.715,run:denoise,63.067,68.785,4.784,71.928
1152.216,run:denoise,63.067,68.785,4.784,71.928
1152.717,run:denoise,63.067,68.785,4.784,71.928
1153.217,run:denoise,65.167,68.785,4.784,71.928
1153.718,run:denoise,62.689,68.785,4.786,71.928
1154.219,run:denoise,63.067,68.785,4.785,71.928
1154.72,run:denoise,65.578,68.785,4.784,71.928
1155.221,run:denoise,64.043,68.785,4.784,71.928
1155.722,run:denoise,65.578,68.785,4.785,71.928
1156.223,run:denoise,65.578,68.785,4.785,71.928
1156.723,run:denoise,65.578,68.785,4.785,71.928
1157.224,run:denoise,64.043,68.785,4.744,71.928
1157.725,run:denoise,65.578,68.785,4.743,71.928
1158.226,run:denoise,65.578,68.785,4.745,71.928
1158.726,run:denoise,65.578,68.785,4.744,71.928
1159.227,run:denoise,64.043,68.785,4.745,71.928
1159.728,run:denoise,65.578,68.785,4.745,71.928
1160.229,run:denoise,65.578,68.785,4.745,71.928
1160.73,run:denoise,65.578,68.785,4.745,71.928
1161.231,run:denoise,64.043,68.785,4.745,71.928
1161.731,run:denoise,64.741,68.785,4.747,71.928
1162.232,run:denoise,63.067,68.785,4.745,71.928
1162.733,run:denoise,63.067,68.785,4.745,71.928
1163.234,run:denoise,65.726,68.785,4.745,71.928
1163.734,run:denoise,64.741,68.785,4.746,71.928
1164.235,run:denoise,63.067,68.785,4.744,71.928
1164.736,run:denoise,63.067,68.785,4.744,71.928
1165.237,run:denoise,65.726,68.785,4.745,71.928
1165.738,run:denoise,64.741,68.785,4.745,71.928
1166.239,run:denoise,63.067,68.785,4.744,71.928
1166.74,run:denoise,63.067,68.785,4.743,71.928
1167.24,run:denoise,65.726,68.785,4.743,71.928
1167.741,run:denoise,64.741,68.785,4.743,71.928
1168.242,run:denoise,63.067,68.785,4.743,71.928
1168.743,run:denoise,63.067,68.785,4.743,71.928
1169.243,run:denoise,65.726,68.785,4.743,71.928
1169.744,run:denoise,64.741,68.785,4.745,71.928
1170.245,run:denoise,63.067,68.785,4.746,71.928
1170.746,run:denoise,63.067,68.785,4.745,71.928
1171.247,run:denoise,65.726,68.785,4.745,71.928
1171.748,run:denoise,64.741,68.785,4.744,71.928
1172.249,run:denoise,63.067,68.785,4.745,71.928
1172.749,run:denoise,63.067,68.785,4.744,71.928
1173.25,run:denoise,65.726,68.785,4.744,71.928
1173.751,run:denoise,61.802,68.785,4.745,71.928
1174.252,run:denoise,63.067,68.785,4.743,71.928
1174.752,run:denoise,65.578,68.785,4.743,71.928
1175.253,run:denoise,64.043,68.785,4.743,71.928
1175.754,run:denoise,66.848,68.785,4.744,71.928
1176.255,run:denoise,65.578,68.785,4.743,71.928
1176.756,run:denoise,65.578,68.785,4.743,71.928
1177.257,run:denoise,64.043,68.785,4.743,71.928
1177.758,run:denoise,66.848,68.785,4.744,71.928
1178.258,run:denoise,65.578,68.785,4.744,71.928
1178.759,run:denoise,65.578,68.785,4.744,71.928
1179.26,run:denoise,64.043,68.785,4.744,71.928
1179.761,run:denoise,66.848,68.785,4.745,71.928
1180.261,run:denoise,65.578,68.785,4.744,71.928
1180.762,run:denoise,65.578,68.785,4.745,71.928
1181.263,run:denoise,64.043,68.785,4.745,71.928
1181.764,run:denoise,66.136,68.785,4.745,71.928
1182.264,run:denoise,63.067,68.785,4.745,71.928
1182.765,run:denoise,63.067,68.785,4.746,71.928
1183.266,run:denoise,63.067,68.785,4.746,71.928
1183.767,run:denoise,66.848,68.785,4.747,71.928
1184.267,run:denoise,63.067,68.785,4.747,71.928
1184.768,run:denoise,63.067,68.785,4.747,71.928
1185.269,run:denoise,63.067,68.785,4.748,71.928
1185.77,run:denoise,66.848,68.785,4.746,71.928
1186.271,run:denoise,63.067,68.785,4.746,71.928
1186.772,run:denoise,63.067,68.785,4.746,71.928
1187.273,run:denoise,63.067,68.785,4.746,71.928
1187.773,run:denoise,66.011,68.785,4.746,71.928
1188.274,run:denoise,63.067,68.785,4.746,71.928
1188.775,run:denoise,63.067,68.785,4.746,71.928
1189.276,run:denoise,63.067,68.785,4.745,71.928
1189.777,run:denoise,66.011,68.785,4.745,71.928
1190.277,run:denoise,63.067,68.785,4.746,71.928
1190.778,run:denoise,63.067,68.785,4.746,71.928
1191.279,run:denoise,63.067,68.785,4.746,71.928
1191.78,run:denoise,66.011,68.785,4.746,71.928
1192.281,run:denoise,63.067,68.785,4.745,71.928
1192.782,run:denoise,63.067,68.785,4.745,71.928
1193.282,run:denoise,63.067,68.785,4.745,71.928
1193.783,run:denoise,61.815,68.785,4.745,71.928
1194.284,run:denoise,63.067,68.785,4.747,71.928
1194.785,run:denoise,65.578,68.785,4.747,71.928
1195.285,run:denoise,65.578,68.785,4.747,71.928
1195.786,run:denoise,65.167,68.785,4.747,71.928
1196.287,run:denoise,65.578,68.785,4.746,71.928
1196.788,run:denoise,65.578,68.785,4.745,71.928
1197.289,run:denoise,65.578,68.785,4.745,71.928
1197.79,run:denoise,65.167,68.785,4.745,71.928
1198.291,run:denoise,65.578,68.785,4.746,71.928
1198.792,run:denoise,65.578,68.785,4.746,71.928
1199.292,run:denoise,65.578,68.785,4.746,71.928
1199.793,run:denoise,65.167,68.785,4.746,71.928
1200.294,run:denoise,65.578,68.785,4.745,71.928
1200.795,run:denoise,65.578,68.785,4.745,71.928
1201.295,run:denoise,65.578,68.785,4.745,71.928
1201.796,run:denoise,65.167,68.785,4.745,71.928
1202.297,run:denoise,63.067,68.785,4.746,71.928
1202.798,run:denoise,63.067,68.785,4.746,71.928
1203.299,run:denoise,63.067,68.785,4.746,71.928
1203.8,run:denoise,65.726,68.785,4.746,71.928
1204.3,run:denoise,63.067,68.785,4.747,71.928
1204.801,run:denoise,63.067,68.785,4.746,71.928
1205.302,run:denoise,63.067,68.785,4.746,71.928
1205.803,run:denoise,65.726,68.785,4.746,71.928
1206.303,run:denoise,63.067,68.785,4.748,71.928
1206.804,run:denoise,63.067,68.785,4.747,71.928
1207.305,run:denoise,63.067,68.785,4.747,71.928
1207.806,run:denoise,65.726,68.785,4.747,71.928
1208.312,run:denoise,63.067,68.785,4.746,71.928
1208.812,run:denoise,63.067,68.785,4.746,71.928
1209.313,run:denoise,63.067,68.785,4.746,71.928
1209.814,run:denoise,65.726,68.785,4.746,71.928
1210.315,run:denoise,65.578,68.785,4.746,71.928
1210.815,run:denoise,63.067,68.785,4.746,71.928
1211.316,run:denoise,63.067,68.785,4.746,71.928
1211.817,run:denoise,65.726,68.785,4.746,71.928
1212.318,run:denoise,67.67,68.785,4.745,71.928
1212.819,run:denoise,63.067,68.785,4.745,71.928
1213.32,run:denoise,63.067,68.785,4.746,71.928
1213.82,run:denoise,63.504,68.785,4.746,71.928
1214.321,run:denoise,63.066,68.785,4.747,71.928
1214.822,run:denoise,65.578,68.785,4.747,71.928
1215.323,run:denoise,65.578,68.785,4.747,71.928
1215.823,run:denoise,64.043,68.785,4.747,71.928
1216.324,run:denoise,64.741,68.785,4.747,71.928
1216.825,run:denoise,65.578,68.785,4.747,71.928
1217.326,run:denoise,65.578,68.785,4.747,71.928
1217.827,run:denoise,64.043,68.785,4.748,71.928
1218.328,run:denoise,64.741,68.785,4.747,71.928
1218.828,run:denoise,65.578,68.785,4.747,71.928
1219.329,run:denoise,65.578,68.785,4.747,71.928
1219.83,run:denoise,64.043,68.785,4.748,71.928
1220.331,run:denoise,64.741,68.785,4.751,71.928
1220.831,run:denoise,65.578,68.785,4.75,71.928
1221.332,run:denoise,65.578,68.785,4.751,71.928
1221.833,run:denoise,64.043,68.785,4.751,71.928
1222.334,run:denoise,64.322,68.785,4.751,71.928
1222.834,run:denoise,63.067,68.785,4.752,71.928
1223.336,run:denoise,63.067,68.785,4.752,71.928
1223.837,run:denoise,65.726,68.785,4.752,71.928
1224.337,run:denoise,64.741,68.785,4.752,71.928
1224.838,run:denoise,63.067,68.785,4.753,71.928
1225.339,run:denoise,63.067,68.785,4.753,71.928
1225.84,run:denoise,65.726,68.785,4.753,71.928
1226.34,run:denoise,64.322,68.785,4.752,71.928
1226.841,run:denoise,63.067,68.785,4.752,71.928
1227.342,run:denoise,63.067,68.785,4.753,71.928
1227.843,run:denoise,65.717,68.785,4.753,71.928
1228.344,run:denoise,64.322,68.785,4.752,71.928
1228.845,run:denoise,63.067,68.785,4.75,71.928
1229.345,run:denoise,63.067,68.785,4.75,71.928
1229.846,run:denoise,64.601,68.785,4.75,71.928
1230.347,run:denoise,64.322,68.785,4.75,71.928
1230.848,run:denoise,63.067,68.785,4.75,71.928
1231.348,run:denoise,63.067,68.785,4.749,71.928
1231.849,run:denoise,63.486,68.785,4.75,71.928
1232.35,run:denoise,66.136,68.785,4.748,71.928
1232.851,run:denoise,63.067,68.785,4.747,71.928
1233.351,run:denoise,63.067,68.785,4.747,71.928
1233.852,run:denoise,63.485,68.785,4.748,71.928
1234.353,run:denoise,63.46,68.785,4.749,71.928
1234.854,run:denoise,65.578,68.785,4.751,71.928
1235.354,run:denoise,65.578,68.785,4.751,71.928
1235.855,run:denoise,65.578,68.785,4.751,71.928
1236.356,run:denoise,66.429,68.785,4.75,71.928
1236.857,run:denoise,65.578,68.785,4.749,71.928
1237.357,run:denoise,65.578,68.785,4.749,71.928
1237.858,run:denoise,65.578,68.785,4.749,71.928
1238.359,run:denoise,66.429,68.785,4.749,71.928
1238.86,run:denoise,65.578,68.785,4.749,71.928
1239.361,run:denoise,65.578,68.785,4.749,71.928
1239.862,run:denoise,65.578,68.785,4.749,71.928
1240.362,run:denoise,66.429,68.785,4.748,71.928
1240.863,run:denoise,65.578,68.785,4.749,71.928
1241.364,run:denoise,65.578,68.785,4.75,71.928
1241.865,run:denoise,65.578,68.785,4.75,71.928
1242.365,run:denoise,66.011,68.785,4.748,71.928
1242.866,run:denoise,63.067,68.785,4.748,71.928
1243.367,run:denoise,63.067,68.785,4.749,71.928
1243.868,run:denoise,63.067,68.785,4.751,71.928
1244.369,run:denoise,66.011,68.785,4.75,71.928
1244.87,run:denoise,63.067,68.785,4.75,71.928
1245.371,run:denoise,63.067,68.785,4.75,71.928
1245.871,run:denoise,63.067,68.785,4.75,71.928
1246.372,run:denoise,66.011,68.785,4.749,71.928
1246.873,run:denoise,63.067,68.785,4.75,71.928
1247.374,run:denoise,63.067,68.785,4.75,71.928
1247.874,run:denoise,63.067,68.785,4.75,71.928
1248.375,run:denoise,66.011,68.785,4.751,71.928
1248.876,run:denoise,63.067,68.785,4.749,71.928
1249.377,run:denoise,63.067,68.785,4.749,71.928
1249.878,run:denoise,63.067,68.785,4.749,71.928
1250.379,run:denoise,66.011,68.785,4.75,71.928
1250.88,run:denoise,63.067,68.785,4.75,71.928
1251.38,run:denoise,63.067,68.785,4.752,71.928
1251.881,run:denoise,63.067,68.785,4.752,71.928
1252.382,run:denoise,66.011,68.785,4.752,71.928
1252.883,run:denoise,63.067,68.785,4.752,71.928
1253.383,run:denoise,63.067,68.785,4.752,71.928
1253.884,run:denoise,63.067,68.785,4.752,71.928
1254.386,run:denoise,62.71,68.785,4.753,71.928
1254.886,run:denoise,65.578,68.785,4.753,71.928
1255.387,run:denoise,65.578,68.785,4.753,71.928
1255.888,run:denoise,65.578,68.785,4.753,71.928
1256.389,run:denoise,65.167,68.785,4.743,71.928
1256.889,run:denoise,65.578,68.785,4.745,71.928
1257.39,run:denoise,65.578,68.785,4.746,71.928
1257.891,run:denoise,65.578,68.785,4.745,71.928
1258.392,run:denoise,65.167,68.785,4.746,71.928
1258.892,run:denoise,65.578,68.785,4.746,71.928
1259.393,run:denoise,65.578,68.785,4.747,71.928
1259.894,run:denoise,65.578,68.785,4.747,71.928
1260.395,run:denoise,65.167,68.785,4.746,71.928
1260.895,run:denoise,65.578,68.785,4.747,71.928
1261.396,run:denoise,65.578,68.785,4.748,71.928
1261.897,run:denoise,65.578,68.785,4.748,71.928
1262.398,run:denoise,65.726,68.785,4.75,71.928
1262.898,run:denoise,65.578,68.785,4.75,71.928
1263.399,run:denoise,63.067,68.785,4.751,71.928
1263.9,run:denoise,63.067,68.785,4.752,71.928
1264.401,run:denoise,65.726,68.785,4.753,71.928
1264.902,run:denoise,63.067,68.785,4.753,71.928
1265.403,run:denoise,63.067,68.785,4.753,71.928
1265.903,run:denoise,63.067,68.785,4.753,71.928
1266.404,run:denoise,65.726,68.785,4.754,71.928
1266.905,run:denoise,63.067,68.785,4.754,71.928
1267.406,run:denoise,63.067,68.785,4.751,71.928
1267.906,run:denoise,63.067,68.785,4.751,71.928
1268.407,run:denoise,65.726,68.785,4.752,71.928
1268.908,run:denoise,65.578,68.785,4.752,71.928
1269.409,run:denoise,63.067,68.785,4.752,71.928
1269.91,run:denoise,63.067,68.785,4.752,71.928
1270.411,run:denoise,65.726,68.785,4.753,71.928
1270.912,run:denoise,67.67,68.785,4.753,71.928
1271.412,run:denoise,63.067,68.785,4.754,71.928
1271.913,run:denoise,63.067,68.785,4.754,71.928
1272.414,run:denoise,65.726,68.785,4.753,71.928
1272.915,run:denoise,65.578,68.785,4.752,71.928
1273.415,run:denoise,63.067,68.785,4.754,71.928
1273.916,run:denoise,63.067,68.785,4.753,71.928
1282.258,load:decode,0.073,68.785,4.671,1.369
1282.759,load:decode,0.284,68.785,4.672,1.531
1283.259,load:decode,0.926,68.785,4.677,4.283
1283.76,load:decode,1.848,68.785,4.679,4.283
1284.261,load:decode,3.161,68.785,4.681,4.381
1284.762,load:decode,5.663,68.785,4.679,6.883
1285.262,load:decode,8.852,68.785,4.688,10.068
1285.763,run:decode,10.35,68.785,4.78,11.578
1286.264,run:decode,14.995,68.785,4.855,16.719
1286.765,run:decode,15.074,68.785,4.855,16.797
1287.266,run:decode,15.1,68.785,4.854,16.856
1287.766,run:decode,15.192,68.785,4.856,16.934
1288.267,run:decode,15.126,68.785,4.855,17.168
1288.768,run:decode,15.194,68.785,4.855,17.168
1289.268,run:decode,15.259,68.785,4.856,17.168
1289.77,run:decode,15.351,68.785,4.855,17.168
1290.27,run:decode,15.392,68.785,4.854,17.324
1290.771,run:decode,15.447,68.785,4.855,17.324
1291.272,run:decode,15.556,68.785,4.855,17.324
1291.773,run:decode,15.593,68.785,4.855,17.363
1292.273,run:decode,15.482,68.785,4.855,17.617
1292.774,run:decode,15.531,68.785,4.855,17.617
1293.275,run:decode,15.602,68.785,4.855,17.617
1293.776,run:decode,15.705,68.785,4.858,17.617
1294.276,run:decode,15.56,68.785,4.859,17.774
1294.777,run:decode,15.618,68.785,4.86,17.774
1295.279,run:decode,15.635,68.785,4.86,17.774
1295.779,run:decode,15.759,68.785,4.86,17.774
1296.28,run:decode,15.635,68.785,4.859,17.949
1296.781,run:decode,15.679,68.785,4.859,17.949
1297.282,run:decode,15.761,68.785,4.86,17.949
1297.782,run:decode,15.846,68.785,4.86,17.949
1298.283,run:decode,15.918,68.785,4.86,17.949
1298.784,run:decode,15.784,68.785,4.859,17.949
1299.285,run:decode,15.862,68.785,4.859,17.949
1299.785,run:decode,15.929,68.785,4.86,17.949
1300.287,run:decode,15.972,68.785,4.861,17.949
1300.787,run:decode,11.781,68.785,5.42,18.711
1301.288,run:decode,11.781,68.785,6.315,18.711
1301.789,run:decode,11.781,68.785,6.699,18.711
1302.29,run:decode,11.781,68.785,7.224,18.711
1302.79,run:decode,11.781,68.785,8.037,18.711
1303.291,run:decode,11.781,68.785,8.832,18.711
1303.792,run:decode,11.781,68.785,6.685,18.711
1304.293,run:decode,11.781,68.785,6.898,18.711
1304.794,run:decode,11.781,68.785,6.427,18.711
1305.341,init,0.074,68.785,5.392,1.397
1305.841,encode_mp4,0.074,68.785,5.79,1.397
1306.342,encode_mp4,0.074,68.785,6.013,1.397
1306.844,encode_mp4,0.074,68.785,6.267,1.397
1307.345,encode_mp4,0.074,68.785,6.271,1.397
1307.846,encode_mp4,0.074,68.785,6.253,1.397
1308.347,encode_mp4,0.074,68.785,6.284,1.397
1308.756,init,0.074,68.785,5.422,1.397
