t_rel,phase,hbm_alloc_gib,hbm_peak_gib,host_used_gib,nvml_used_gib
4.053,init,0.0,0.0,3.328,0.687
4.554,init,0.0,0.0,3.334,0.687
5.083,init,0.0,0.0,3.341,0.687
5.658,init,0.0,0.0,3.354,0.687
6.159,init,0.0,0.0,3.344,0.687
6.661,init,0.0,0.0,3.358,0.687
7.182,init,0.0,0.0,3.374,0.687
7.708,init,0.0,0.0,3.403,0.687
8.21,init,0.0,0.0,3.428,0.687
8.711,init,0.0,0.0,3.481,0.687
9.213,init,0.0,0.0,3.524,0.687
9.718,init,0.0,0.0,3.534,0.687
10.243,init,0.0,0.0,3.555,0.687
10.91,free:before_encode,0.0,0.0,3.576,0.687
11.508,load:text_encoder,0.0,0.0,3.857,1.098
12.01,load:text_encoder,0.0,0.0,3.913,1.098
19.539,load:text_encoder,3.142,62.133,3.93,63.234
20.04,load:text_encoder,3.63,62.133,3.93,63.234
20.541,load:text_encoder,3.63,62.133,3.93,63.234
21.042,load:text_encoder,3.64,62.133,3.93,63.234
21.542,load:text_encoder,3.64,62.133,3.93,63.234
22.043,load:text_encoder,4.05,62.133,3.932,63.234
22.544,load:text_encoder,4.539,62.133,3.933,63.234
23.045,load:text_encoder,4.539,62.133,3.933,63.234
23.546,load:text_encoder,4.539,62.133,3.933,63.234
24.046,load:text_encoder,4.627,62.133,3.934,63.234
24.547,load:text_encoder,4.714,62.133,3.935,63.234
25.048,load:text_encoder,5.447,62.133,3.934,63.234
25.548,load:text_encoder,5.447,62.133,3.936,63.234
26.049,load:text_encoder,5.447,62.133,3.935,63.234
26.55,load:text_encoder,5.457,62.133,3.937,63.234
27.051,load:text_encoder,5.623,62.133,3.936,63.234
27.552,load:text_encoder,6.355,62.133,3.937,63.234
28.052,load:text_encoder,6.355,62.133,3.938,63.234
28.553,load:text_encoder,6.355,62.133,3.94,63.234
29.054,load:text_encoder,6.443,62.133,3.939,63.234
29.555,load:text_encoder,6.443,62.133,3.939,63.234
30.055,load:text_encoder,6.531,62.133,3.941,63.234
30.556,load:text_encoder,7.263,62.133,3.944,63.234
31.057,load:text_encoder,7.263,62.133,3.942,63.234
31.557,load:text_encoder,7.273,62.133,3.942,63.234
32.058,load:text_encoder,7.273,62.133,3.944,63.234
32.559,load:text_encoder,7.439,62.133,3.94,63.234
33.06,load:text_encoder,8.172,62.133,3.94,63.234
33.561,load:text_encoder,8.172,62.133,3.941,63.234
34.062,load:text_encoder,8.172,62.133,3.943,63.234
34.562,load:text_encoder,8.259,62.133,3.942,63.234
35.063,load:text_encoder,8.338,62.133,3.942,63.234
35.564,load:text_encoder,9.08,62.133,3.943,63.234
36.064,load:text_encoder,9.08,62.133,3.941,63.234
36.565,load:text_encoder,9.08,62.133,3.942,63.234
37.066,load:text_encoder,9.089,62.133,3.942,63.234
37.567,load:text_encoder,9.256,62.133,3.942,63.234
38.067,load:text_encoder,9.988,62.133,3.942,63.234
38.568,load:text_encoder,9.988,62.133,3.945,63.234
39.069,load:text_encoder,9.988,62.133,3.945,63.234
39.57,load:text_encoder,9.998,62.133,3.945,63.234
40.071,load:text_encoder,9.998,62.133,3.944,63.234
40.571,load:text_encoder,10.408,62.133,3.936,63.234
41.072,load:text_encoder,10.896,62.133,3.938,63.234
41.573,load:text_encoder,10.896,62.133,3.938,63.234
42.074,load:text_encoder,10.984,62.133,3.94,63.234
42.574,load:text_encoder,10.984,62.133,3.943,63.234
43.075,load:text_encoder,11.316,62.133,3.947,63.234
43.576,load:text_encoder,11.804,62.133,3.944,63.234
44.077,load:text_encoder,11.804,62.133,3.934,63.234
44.578,load:text_encoder,11.804,62.133,3.938,63.234
45.078,load:text_encoder,11.814,62.133,3.937,63.234
45.579,load:text_encoder,11.98,62.133,3.941,63.234
46.08,load:text_encoder,12.713,62.133,3.942,63.234
46.581,load:text_encoder,12.713,62.133,3.944,63.234
47.081,load:text_encoder,12.713,62.133,3.944,63.234
47.582,load:text_encoder,12.801,62.133,3.946,63.234
48.083,load:text_encoder,12.888,62.133,3.944,63.234
48.584,load:text_encoder,13.621,62.133,3.956,63.234
49.084,load:text_encoder,13.621,62.133,3.95,63.234
49.585,load:text_encoder,13.621,62.133,3.947,63.234
50.086,load:text_encoder,13.631,62.133,3.942,63.234
50.587,load:text_encoder,13.797,62.133,3.948,63.234
51.088,load:text_encoder,14.529,62.133,3.939,63.234
51.588,load:text_encoder,14.529,62.133,3.942,63.234
52.089,load:text_encoder,14.529,62.133,3.943,63.234
52.59,load:text_encoder,14.539,62.133,3.944,63.234
53.091,load:text_encoder,14.705,62.133,3.943,63.234
53.591,load:text_encoder,15.437,62.133,3.944,63.234
54.092,load:text_encoder,15.437,62.133,3.945,63.234
54.593,load:text_encoder,15.437,62.133,3.946,63.234
55.094,load:text_encoder,15.447,62.133,3.95,63.234
55.595,load:text_encoder,15.613,62.133,3.95,63.234
56.096,load:text_encoder,16.346,62.133,3.947,63.234
56.597,load:text_encoder,16.346,62.133,3.946,63.234
57.098,load:text_encoder,16.346,62.133,3.947,63.234
57.598,load:text_encoder,16.355,62.133,3.947,63.234
58.099,load:text_encoder,16.521,62.133,3.95,63.234
58.6,load:text_encoder,17.254,62.133,3.95,63.234
59.1,load:text_encoder,17.254,62.133,3.952,63.234
59.601,load:text_encoder,17.254,62.133,3.951,63.234
60.102,load:text_encoder,17.264,62.133,3.953,63.234
60.603,load:text_encoder,17.43,62.133,3.956,63.234
61.103,load:text_encoder,18.162,62.133,3.953,63.234
61.605,load:text_encoder,18.162,62.133,3.955,63.234
62.105,load:text_encoder,18.162,62.133,3.954,63.234
62.606,load:text_encoder,18.25,62.133,3.955,63.234
63.107,load:text_encoder,18.25,62.133,3.957,63.234
63.607,load:text_encoder,18.826,62.133,3.958,63.234
64.108,load:text_encoder,19.07,62.133,3.961,63.234
64.609,load:text_encoder,19.07,62.133,3.956,63.234
65.11,load:text_encoder,19.158,62.133,3.958,63.234
65.61,load:text_encoder,19.158,62.133,3.968,63.234
66.111,load:text_encoder,19.49,62.133,3.959,63.234
66.612,load:text_encoder,19.978,62.133,3.961,63.234
67.113,load:text_encoder,19.978,62.133,3.962,63.234
67.614,load:text_encoder,19.988,62.133,3.966,63.234
68.115,load:text_encoder,19.988,62.133,3.963,63.234
68.616,load:text_encoder,20.398,62.133,3.962,63.234
69.116,load:text_encoder,21.971,62.133,3.966,63.234
69.617,load:text_encoder,23.611,62.133,3.968,63.234
70.118,load:text_encoder,24.695,62.133,3.971,63.234
70.618,load:text_encoder,25.604,62.133,3.973,63.234
71.119,load:text_encoder,26.336,62.133,3.976,63.234
71.62,load:text_encoder,26.336,62.133,3.975,63.234
72.121,load:text_encoder,26.336,62.133,3.966,63.234
72.622,load:text_encoder,26.346,62.133,3.97,63.234
73.123,load:text_encoder,26.756,62.133,3.973,63.234
73.623,load:text_encoder,27.244,62.133,3.972,63.234
74.124,load:text_encoder,27.244,62.133,3.974,63.234
74.625,load:text_encoder,27.244,62.133,3.975,63.234
75.126,load:text_encoder,27.254,62.133,3.976,63.234
75.626,load:text_encoder,27.42,62.133,3.978,63.234
76.127,load:text_encoder,28.152,62.133,3.978,63.234
76.628,load:text_encoder,29.061,62.133,3.984,63.234
77.129,load:text_encoder,30.057,62.133,3.983,63.234
77.629,load:text_encoder,30.389,62.133,3.988,63.234
78.13,load:text_encoder,30.877,62.133,3.989,63.234
78.631,load:text_encoder,30.887,62.133,3.989,63.234
79.132,load:text_encoder,31.795,62.133,3.994,63.234
79.633,load:text_encoder,32.449,62.133,3.991,63.234
80.134,load:text_encoder,32.694,62.133,3.993,63.234
80.634,load:text_encoder,32.694,62.133,3.994,63.234
81.135,load:text_encoder,32.703,62.133,3.994,63.234
81.636,load:text_encoder,32.869,62.133,3.994,63.234
82.137,load:text_encoder,33.602,62.133,3.995,63.234
82.637,load:text_encoder,34.51,62.133,3.995,63.234
83.138,load:text_encoder,34.52,62.133,3.998,63.234
83.639,load:text_encoder,34.676,62.133,3.998,63.234
84.139,load:text_encoder,35.418,62.133,4.001,63.234
84.641,load:text_encoder,35.418,62.133,3.998,63.234
85.142,load:text_encoder,35.428,62.133,4.0,63.234
85.642,load:text_encoder,35.594,62.133,4.0,63.234
86.143,load:text_encoder,36.326,62.133,4.0,63.234
86.644,load:text_encoder,37.41,62.133,4.003,63.234
87.144,load:text_encoder,38.153,62.133,3.995,63.234
87.645,load:text_encoder,39.051,62.133,3.995,63.234
88.146,load:text_encoder,39.051,62.133,3.997,63.234
88.647,load:text_encoder,39.061,62.133,3.996,63.234
89.147,load:text_encoder,39.061,62.133,3.998,63.234
89.648,load:text_encoder,39.959,62.133,3.999,63.234
90.149,load:text_encoder,39.959,62.133,4.0,63.234
90.65,load:text_encoder,39.959,62.133,4.004,63.234
91.151,load:text_encoder,39.969,62.133,4.005,63.234
91.652,load:text_encoder,40.379,62.133,4.004,63.234
92.152,load:text_encoder,40.868,62.133,4.005,63.234
92.653,load:text_encoder,40.868,62.133,4.006,63.234
93.154,load:text_encoder,40.955,62.133,4.006,63.234
93.655,load:text_encoder,41.287,62.133,4.008,63.234
94.155,load:text_encoder,41.776,62.133,4.007,63.234
94.656,load:text_encoder,41.776,62.133,4.008,63.234
95.157,load:text_encoder,41.786,62.133,4.008,63.234
95.658,load:text_encoder,42.684,62.133,4.004,63.234
96.159,load:text_encoder,42.684,62.133,4.008,63.234
96.66,load:text_encoder,42.694,62.133,4.009,63.234
97.16,load:text_encoder,42.86,62.133,4.007,63.234
97.661,load:text_encoder,43.592,62.133,4.012,63.234
98.162,load:text_encoder,43.592,62.133,4.014,63.234
98.663,load:text_encoder,43.602,62.133,4.009,63.234
99.163,load:text_encoder,43.768,62.133,4.011,63.234
99.664,load:text_encoder,44.5,62.133,4.016,63.234
100.165,load:text_encoder,44.5,62.133,4.018,63.234
100.665,load:text_encoder,44.51,62.133,4.025,63.234
101.166,load:text_encoder,44.51,62.133,4.022,63.234
101.668,load:text_encoder,45.165,62.133,4.03,63.234
102.168,load:text_encoder,45.409,62.133,4.024,63.234
102.669,load:text_encoder,45.409,62.133,4.026,63.234
103.17,load:text_encoder,45.418,62.133,4.026,63.234
103.67,load:text_encoder,45.584,62.133,4.029,63.234
104.171,load:text_encoder,46.317,62.133,4.031,63.234
104.672,load:text_encoder,46.317,62.133,4.026,63.234
105.173,load:text_encoder,46.317,62.133,4.028,63.234
105.673,load:text_encoder,46.405,62.133,4.03,63.234
106.174,load:text_encoder,47.225,62.133,4.03,63.234
106.675,load:text_encoder,47.225,62.133,4.029,63.234
107.176,load:text_encoder,47.313,62.133,4.021,63.234
107.677,load:text_encoder,49.042,62.133,4.03,63.234
108.178,load:text_encoder,50.858,62.133,4.016,63.234
108.679,load:text_encoder,51.776,62.133,4.019,63.234
109.18,load:text_encoder,54.491,62.133,4.023,63.234
109.681,load:text_encoder,57.216,62.133,4.033,63.234
110.181,load:text_encoder,59.94,62.133,4.041,63.234
110.682,load:text_encoder,60.848,62.133,4.038,63.234
111.183,load:text_encoder,60.848,62.133,4.039,63.234
111.684,load:text_encoder,61.024,62.133,4.049,63.234
112.184,load:text_encoder,61.223,62.133,4.038,63.234
112.685,load:text_encoder,61.469,62.133,4.037,63.234
113.186,load:text_encoder,61.696,62.133,4.044,63.236
113.686,load:text_encoder,61.958,62.133,4.051,63.236
114.187,load:text_encoder,62.125,62.133,4.048,63.236
115.827,load:text_encoder,62.133,62.133,3.928,63.236
116.328,run:text_encoder:0,62.133,62.133,4.055,63.311
116.829,run:text_encoder:1,62.149,62.153,4.38,63.359
117.329,run:text_encoder:9,62.146,62.153,4.381,63.361
117.83,load:vae_encoder,0.283,62.153,4.386,3.645
118.331,load:vae_encoder,1.221,62.153,4.378,3.645
118.832,load:vae_encoder,1.971,62.153,4.384,3.645
119.332,load:vae_encoder,2.831,62.153,4.388,4.051
119.899,load:vae_encoder,4.723,62.153,4.386,5.942
120.4,load:vae_encoder,7.724,62.153,4.394,8.942
120.901,load:vae_encoder,9.718,62.153,4.391,10.934
121.412,load:vae_encoder,10.285,62.153,4.395,11.49
121.913,load:denoise,0.125,62.153,4.383,32.068
122.413,load:denoise,0.663,62.153,4.385,32.068
122.914,load:denoise,0.663,62.153,4.382,32.068
123.415,load:denoise,0.807,62.153,4.388,32.068
123.915,load:denoise,1.237,62.153,4.392,32.068
124.416,load:denoise,1.237,62.153,4.396,32.068
124.917,load:denoise,1.866,62.153,4.394,32.068
125.418,load:denoise,1.866,62.153,4.395,32.068
125.919,load:denoise,1.937,62.153,4.396,32.068
126.42,load:denoise,2.44,62.153,4.397,32.068
126.921,load:denoise,2.44,62.153,4.397,32.068
127.422,load:denoise,2.583,62.153,4.398,32.068
127.922,load:denoise,3.068,62.153,4.401,32.068
128.423,load:denoise,3.068,62.153,4.403,32.068
128.924,load:denoise,3.14,62.153,4.402,32.068
129.425,load:denoise,3.355,62.153,4.403,32.068
129.926,load:denoise,3.642,62.153,4.405,32.068
130.426,load:denoise,3.786,62.153,4.405,32.068
130.927,load:denoise,3.929,62.153,4.405,32.068
131.428,load:denoise,4.073,62.153,4.396,32.068
131.928,load:denoise,4.36,62.153,4.391,32.068
132.429,load:denoise,4.504,62.153,4.389,32.068
132.93,load:denoise,4.988,62.153,4.38,32.068
133.431,load:denoise,4.988,62.153,4.38,32.068
133.931,load:denoise,5.473,62.153,4.381,32.068
134.432,load:denoise,5.473,62.153,4.38,32.068
134.933,load:denoise,5.473,62.153,4.381,32.068
135.434,load:denoise,5.688,62.153,4.382,32.068
135.934,load:denoise,6.047,62.153,4.383,32.068
136.436,load:denoise,6.047,62.153,4.385,32.068
136.936,load:denoise,6.676,62.153,4.385,32.068
137.437,load:denoise,6.676,62.153,4.385,32.068
137.938,load:denoise,6.676,62.153,4.386,32.068
138.438,load:denoise,6.819,62.153,4.388,32.068
138.939,load:denoise,7.25,62.153,4.387,32.068
139.44,load:denoise,7.25,62.153,4.388,32.068
139.941,load:denoise,7.393,62.153,4.39,32.068
140.441,load:denoise,7.878,62.153,4.39,32.068
140.942,load:denoise,7.878,62.153,4.391,32.068
141.443,load:denoise,7.95,62.153,4.392,32.068
141.944,load:denoise,8.165,62.153,4.397,32.068
142.445,load:denoise,8.452,62.153,4.396,32.068
142.945,load:denoise,8.596,62.153,4.397,32.068
143.446,load:denoise,8.668,62.153,4.396,32.068
143.947,load:denoise,8.883,62.153,4.398,32.068
144.448,load:denoise,9.368,62.153,4.392,32.068
144.948,load:denoise,9.368,62.153,4.393,32.068
145.449,load:denoise,9.511,62.153,4.394,32.068
145.95,load:denoise,9.942,62.153,4.395,32.068
146.451,load:denoise,9.942,62.153,4.396,32.068
146.951,load:denoise,10.085,62.153,4.397,32.068
147.452,load:denoise,10.642,62.153,4.396,32.068
147.953,load:denoise,10.642,62.153,4.395,32.068
148.454,load:denoise,10.929,62.153,4.398,32.068
148.955,load:denoise,10.929,62.153,4.398,32.068
149.455,load:denoise,11.073,62.153,4.398,32.068
149.956,load:denoise,11.557,62.153,4.399,32.068
150.457,load:denoise,11.557,62.153,4.402,32.068
150.958,load:denoise,11.629,62.153,4.402,32.068
151.458,load:denoise,11.844,62.153,4.402,32.068
151.959,load:denoise,12.131,62.153,4.401,32.068
152.46,load:denoise,12.275,62.153,4.4,32.068
152.96,load:denoise,12.76,62.153,4.4,32.068
153.461,load:denoise,12.76,62.153,4.401,32.068
153.962,load:denoise,12.831,62.153,4.402,32.068
154.463,load:denoise,12.975,62.153,4.401,32.068
154.964,load:denoise,13.334,62.153,4.401,32.068
155.465,load:denoise,13.334,62.153,4.404,32.068
156.005,load:denoise,13.477,62.153,4.394,32.068
156.506,load:denoise,13.962,62.153,4.398,32.068
157.006,load:denoise,13.962,62.153,4.397,32.068
157.507,load:denoise,14.106,62.153,4.398,32.068
158.008,load:denoise,14.465,62.153,4.4,32.068
158.508,load:denoise,14.465,62.153,4.401,32.068
159.009,load:denoise,14.608,62.153,4.401,32.068
159.51,load:denoise,15.093,62.153,4.402,32.068
160.011,load:denoise,15.093,62.153,4.401,32.068
160.512,load:denoise,15.165,62.153,4.403,32.068
161.013,load:denoise,15.38,62.153,4.403,32.068
161.513,load:denoise,15.667,62.153,4.402,32.068
162.014,load:denoise,15.811,62.153,4.401,32.068
162.515,load:denoise,16.295,62.153,4.402,32.068
163.016,load:denoise,16.295,62.153,4.403,32.068
163.516,load:denoise,16.295,62.153,4.403,32.068
164.017,load:denoise,16.511,62.153,4.402,32.068
164.518,load:denoise,16.87,62.153,4.403,32.068
165.019,load:denoise,16.87,62.153,4.405,32.068
165.52,load:denoise,17.013,62.153,4.404,32.068
166.02,load:denoise,17.228,62.153,4.405,32.068
166.521,load:denoise,17.587,62.153,4.406,32.068
167.022,load:denoise,18.7,62.153,4.401,32.068
167.523,load:denoise,19.274,62.153,4.404,32.068
168.023,load:denoise,19.418,62.153,4.39,32.068
168.524,load:denoise,19.903,62.153,4.389,32.068
169.025,load:denoise,19.903,62.153,4.388,32.068
169.526,load:denoise,20.046,62.153,4.387,32.068
170.026,load:denoise,20.477,62.153,4.388,32.068
170.527,load:denoise,20.477,62.153,4.388,32.068
171.028,load:denoise,20.621,62.153,4.389,32.068
171.529,load:denoise,21.105,62.153,4.389,32.068
172.03,load:denoise,21.105,62.153,4.39,32.068
172.53,load:denoise,21.177,62.153,4.392,32.068
173.031,load:denoise,21.321,62.153,4.392,32.068
173.532,load:denoise,21.679,62.153,4.391,32.068
174.033,load:denoise,21.823,62.153,4.393,32.068
174.533,load:denoise,21.967,62.153,4.393,32.068
175.034,load:denoise,22.11,62.153,4.392,32.068
175.535,load:denoise,22.595,62.153,4.384,32.068
176.036,load:denoise,22.595,62.153,4.383,32.068
176.536,load:denoise,22.882,62.153,4.386,32.068
177.037,load:denoise,22.882,62.153,4.386,32.068
177.538,load:denoise,23.51,62.153,4.386,32.068
178.039,load:denoise,23.51,62.153,4.388,32.068
178.539,load:denoise,23.51,62.153,4.387,32.068
179.04,load:denoise,23.654,62.153,4.389,32.068
179.541,load:denoise,23.797,62.153,4.391,32.068
180.042,load:denoise,24.084,62.153,4.389,32.068
180.543,load:denoise,24.228,62.153,4.39,32.068
181.043,load:denoise,24.713,62.153,4.391,32.068
181.544,load:denoise,24.713,62.153,4.39,32.068
182.045,load:denoise,24.784,62.153,4.39,32.068
182.546,load:denoise,24.928,62.153,4.389,32.068
183.046,load:denoise,25.287,62.153,4.392,32.068
183.547,load:denoise,25.287,62.153,4.392,32.068
184.048,load:denoise,25.915,62.153,4.391,32.068
184.549,load:denoise,25.915,62.153,4.391,32.068
185.05,load:denoise,25.915,62.153,4.391,32.068
185.551,load:denoise,26.059,62.153,4.392,32.068
186.051,load:denoise,26.489,62.153,4.393,32.068
186.552,load:denoise,26.489,62.153,4.394,32.068
187.053,load:denoise,26.633,62.153,4.395,32.068
187.554,load:denoise,27.189,62.153,4.388,32.068
188.054,load:denoise,27.189,62.153,4.389,32.068
188.555,load:denoise,27.189,62.153,4.391,32.068
189.056,load:denoise,27.405,62.153,4.393,32.068
189.557,load:denoise,27.692,62.153,4.394,32.068
190.057,load:denoise,27.835,62.153,4.393,32.068
190.558,load:denoise,28.32,62.153,4.393,32.068
191.059,load:denoise,28.32,62.153,4.393,32.068
191.56,load:denoise,28.32,62.153,4.396,32.068
192.061,load:denoise,28.464,62.153,4.394,32.068
192.561,load:denoise,28.894,62.153,4.395,32.068
193.062,load:denoise,28.894,62.153,4.397,32.068
193.563,load:denoise,29.523,62.153,4.397,32.068
194.064,load:denoise,29.523,62.153,4.396,32.068
194.564,load:denoise,29.666,62.153,4.396,32.068
195.065,load:denoise,30.097,62.153,4.399,32.068
195.566,load:denoise,30.24,62.153,4.4,32.068
196.067,load:denoise,30.456,62.153,4.399,32.068
196.568,load:denoise,30.815,62.153,4.4,32.068
197.069,load:denoise,30.959,62.153,4.401,32.213
197.57,load:denoise,31.444,62.153,4.393,32.699
198.07,load:denoise,31.444,62.153,4.393,32.699
198.571,load:denoise,31.928,62.153,4.396,33.186
199.072,load:denoise,31.928,62.153,4.396,33.186
199.572,load:denoise,31.928,62.153,4.396,33.186
200.073,load:denoise,32.073,62.153,4.396,33.33
200.574,load:denoise,32.505,62.153,4.396,33.762
201.075,load:denoise,32.505,62.153,4.395,33.762
201.576,load:denoise,32.649,62.153,4.396,33.906
202.077,load:denoise,33.134,62.153,4.397,34.393
202.577,load:denoise,33.134,62.153,4.397,34.393
203.078,load:denoise,33.206,62.153,4.398,34.465
203.579,load:denoise,33.423,62.153,4.398,34.682
204.08,load:denoise,33.71,62.153,4.398,34.969
204.58,load:denoise,33.855,62.153,4.397,35.113
205.081,load:denoise,34.339,62.153,4.399,35.6
205.585,load:denoise,34.339,62.153,4.4,35.6
206.085,load:denoise,34.339,62.153,4.4,35.6
206.587,load:denoise,34.484,62.153,4.4,35.744
207.087,load:denoise,34.915,62.153,4.403,36.176
207.588,load:denoise,34.915,62.153,4.403,36.176
208.089,load:denoise,35.06,62.153,4.403,36.32
208.589,load:denoise,35.277,62.153,4.404,36.537
209.093,load:denoise,35.349,62.153,4.397,36.609
209.594,load:denoise,35.834,62.153,4.397,37.096
210.095,load:denoise,35.834,62.153,4.397,37.096
210.596,load:denoise,36.121,62.153,4.399,37.383
211.096,load:denoise,36.265,62.153,4.397,37.527
211.597,load:denoise,36.75,62.153,4.398,38.014
212.098,load:denoise,36.75,62.153,4.398,38.014
212.599,load:denoise,36.967,62.153,4.399,38.231
213.099,load:denoise,37.326,62.153,4.399,38.59
213.6,load:denoise,37.471,62.153,4.401,38.734
214.101,load:denoise,37.955,62.153,4.401,39.221
214.602,load:denoise,38.028,62.153,4.401,39.293
215.103,load:denoise,38.532,62.153,4.402,39.797
215.604,load:denoise,38.532,62.153,4.405,39.797
216.104,load:denoise,39.161,62.153,4.404,40.428
216.605,load:denoise,39.161,62.153,4.405,40.428
217.106,load:denoise,39.233,62.153,4.404,40.5
217.607,load:denoise,39.45,62.153,4.406,40.717
218.107,load:denoise,39.737,62.153,4.406,41.004
218.609,load:denoise,39.882,62.153,4.408,41.149
219.109,load:denoise,40.439,62.153,4.4,41.707
219.61,load:denoise,40.439,62.153,4.4,41.707
220.111,load:denoise,40.511,62.153,4.4,41.779
220.612,load:denoise,40.655,62.153,4.402,41.924
221.112,load:denoise,40.942,62.153,4.401,42.211
221.613,load:denoise,41.087,62.153,4.403,42.356
222.114,load:denoise,41.572,62.153,4.403,42.844
222.615,load:denoise,41.572,62.153,4.404,42.844
223.116,load:denoise,41.716,62.153,4.404,42.988
223.617,load:denoise,42.148,62.153,4.407,43.42
224.117,load:denoise,42.292,62.153,4.408,43.565
224.618,load:denoise,42.777,62.153,4.39,44.051
225.119,load:denoise,42.777,62.153,4.392,44.051
225.62,load:denoise,42.922,62.153,4.397,44.195
226.12,load:denoise,43.353,62.153,4.399,44.627
226.621,load:denoise,43.353,62.153,4.4,44.627
227.122,load:denoise,43.57,62.153,4.4,44.844
227.622,load:denoise,43.715,62.153,4.405,44.988
228.124,load:denoise,44.074,62.153,4.405,45.348
228.625,load:denoise,44.074,62.153,4.406,45.348
229.146,load:denoise,44.218,62.153,4.398,45.492
229.647,load:denoise,44.703,62.153,4.398,45.979
230.148,load:denoise,44.703,62.153,4.402,45.979
230.648,load:denoise,45.188,62.153,4.399,46.465
231.149,load:denoise,45.188,62.153,4.399,46.465
231.65,load:denoise,45.188,62.153,4.398,46.465
232.151,load:denoise,45.332,62.153,4.399,46.609
232.651,load:denoise,45.477,62.153,4.399,46.754
233.152,load:denoise,45.764,62.153,4.4,47.041
233.653,load:denoise,45.909,62.153,4.401,47.186
234.154,load:denoise,46.393,62.153,4.4,47.672
234.655,load:denoise,46.393,62.153,4.4,47.672
235.155,load:denoise,46.393,62.153,4.4,47.672
235.656,load:denoise,46.538,62.153,4.401,47.817
236.157,load:denoise,46.969,62.153,4.401,48.248
236.658,load:denoise,46.969,62.153,4.402,48.248
237.158,load:denoise,47.114,62.153,4.402,48.393
237.659,load:denoise,47.599,62.153,4.404,48.879
238.16,load:denoise,47.599,62.153,4.404,48.879
238.661,load:denoise,47.599,62.153,4.404,48.879
239.162,load:denoise,47.815,62.153,4.404,49.096
239.663,load:denoise,48.175,62.153,4.406,49.455
240.163,load:denoise,48.175,62.153,4.403,49.455
240.664,load:denoise,48.319,62.153,4.404,49.6
241.165,load:denoise,48.464,62.153,4.405,49.744
241.698,load:denoise,48.608,62.153,4.399,49.889
242.199,load:denoise,49.093,62.153,4.399,50.375
242.7,load:denoise,49.093,62.153,4.399,50.375
243.201,load:denoise,49.38,62.153,4.401,50.662
243.702,load:denoise,49.38,62.153,4.401,50.662
244.202,load:denoise,49.525,62.153,4.385,50.807
244.703,load:denoise,50.009,62.153,4.386,51.293
245.204,load:denoise,50.009,62.153,4.386,51.293
245.705,load:denoise,50.082,62.153,4.391,51.365
246.206,load:denoise,50.226,62.153,4.39,51.51
246.707,load:denoise,50.586,62.153,4.391,51.869
247.207,load:denoise,50.73,62.153,4.391,52.014
247.708,load:denoise,51.215,62.153,4.394,52.5
248.209,load:denoise,51.215,62.153,4.398,52.5
248.709,load:denoise,51.215,62.153,4.397,52.5
249.21,load:denoise,51.359,62.153,4.398,52.645
249.711,load:denoise,51.504,62.153,4.399,52.789
250.212,load:denoise,51.791,62.153,4.374,53.076
250.712,load:denoise,51.936,62.153,4.373,53.221
251.213,load:denoise,52.42,62.153,4.373,53.707
251.714,load:denoise,52.42,62.153,4.374,53.707
252.215,load:denoise,52.42,62.153,4.374,53.707
252.716,load:denoise,52.637,62.153,4.373,53.924
253.217,load:denoise,52.996,62.153,4.375,54.283
253.717,load:denoise,52.996,62.153,4.376,54.283
254.218,load:denoise,53.141,62.153,4.377,54.428
254.719,load:denoise,53.698,62.153,4.366,54.988
255.22,load:denoise,53.698,62.153,4.367,54.988
255.72,load:denoise,53.698,62.153,4.368,54.988
256.221,load:denoise,53.842,62.153,4.368,55.133
256.722,load:denoise,54.202,62.153,4.369,55.492
257.223,load:denoise,54.202,62.153,4.369,55.492
257.723,load:denoise,54.831,62.153,4.369,56.123
258.224,load:denoise,54.831,62.153,4.36,56.123
258.725,load:denoise,54.831,62.153,4.361,56.123
259.226,load:denoise,54.903,62.153,4.362,56.195
259.727,load:denoise,55.12,62.153,4.362,56.412
260.228,load:denoise,55.407,62.153,4.367,56.699
260.728,load:denoise,55.552,62.153,4.367,56.844
261.229,load:denoise,56.036,62.153,4.367,57.33
261.73,load:denoise,56.036,62.153,4.368,57.33
262.231,load:denoise,56.036,62.153,4.366,57.33
262.731,load:denoise,56.181,62.153,4.366,57.475
263.232,load:denoise,56.326,62.153,4.366,57.619
263.734,load:denoise,56.613,62.153,4.366,57.906
264.234,load:denoise,56.757,62.153,4.37,58.051
264.735,load:denoise,56.902,62.153,4.37,58.195
265.236,load:denoise,57.046,62.153,4.37,58.34
265.737,load:denoise,57.333,62.153,4.37,58.627
266.237,load:denoise,57.478,62.153,4.372,58.772
266.738,load:denoise,58.054,62.153,4.365,59.348
267.239,load:denoise,58.775,62.153,4.368,60.068
267.74,load:denoise,58.919,62.153,4.369,60.213
268.24,load:denoise,59.404,62.153,4.37,60.699
268.741,load:denoise,59.404,62.153,4.371,60.699
269.242,load:denoise,59.889,62.153,4.372,61.186
269.743,load:denoise,59.889,62.153,4.372,61.186
270.243,load:denoise,59.889,62.153,4.373,61.186
270.745,load:denoise,60.033,62.153,4.374,61.33
271.245,load:denoise,60.178,62.153,4.374,61.475
271.746,load:denoise,60.465,62.153,4.374,61.762
272.247,load:denoise,60.609,62.153,4.369,61.906
272.747,load:denoise,61.094,62.153,4.368,62.393
273.248,load:denoise,61.094,62.153,4.368,62.393
273.749,load:denoise,61.094,62.153,4.369,62.393
274.25,load:denoise,61.239,62.153,4.369,62.537
274.75,load:denoise,61.383,62.153,4.368,62.682
275.251,load:denoise,61.67,62.153,4.37,62.969
275.752,load:denoise,61.815,62.153,4.371,63.113
276.253,run:denoise:0,61.843,62.153,4.37,63.131
276.754,run:denoise:0,67.174,68.924,4.487,72.354
277.255,run:denoise:0,68.924,68.924,4.49,72.354
277.756,run:denoise:0,68.924,68.924,4.491,72.354
278.256,run:denoise:0,64.893,68.924,4.487,72.354
278.757,run:denoise:0,68.924,68.924,4.486,72.354
279.258,run:denoise:0,68.924,68.924,4.487,72.354
279.758,run:denoise:0,64.893,68.924,4.489,72.354
280.259,run:denoise:0,68.924,68.924,4.49,72.354
280.76,run:denoise:0,66.23,68.924,4.49,72.354
281.261,run:denoise:0,68.924,68.924,4.491,72.354
281.762,run:denoise:0,68.924,68.924,4.49,72.354
282.263,run:denoise:0,65.145,68.924,4.491,72.354
282.763,run:denoise:0,68.924,68.924,4.49,72.354
283.264,run:denoise:0,68.924,68.924,4.49,72.354
283.765,run:denoise:0,64.893,68.924,4.489,72.354
284.266,run:denoise:0,68.924,68.924,4.481,72.354
284.766,run:denoise:0,66.657,68.924,4.482,72.354
285.267,run:denoise:0,63.76,68.924,4.482,72.354
285.768,run:denoise:0,68.924,68.924,4.483,72.354
286.27,run:denoise:0,62.99,68.924,4.486,72.354
286.771,run:denoise:0,62.99,68.924,4.491,72.354
287.271,run:denoise:0,62.99,68.924,4.492,72.354
287.772,run:denoise:0,62.99,68.924,4.493,72.354
288.273,run:denoise:0,62.99,68.924,4.485,72.354
288.774,run:denoise:0,62.99,68.924,4.488,72.354
289.274,run:denoise:0,62.99,68.924,4.489,72.354
289.775,run:denoise:0,62.99,68.924,4.489,72.354
290.276,run:denoise:0,62.99,68.924,4.49,72.354
290.777,run:denoise:0,62.99,68.924,4.489,72.354
291.277,run:denoise:0,62.99,68.924,4.489,72.354
291.779,run:denoise:0,62.99,68.924,4.49,72.354
292.28,run:denoise:0,64.906,69.316,4.5,73.361
292.78,run:denoise:0,64.906,69.316,4.501,73.361
293.281,run:denoise:0,69.316,69.316,4.502,73.361
293.782,run:denoise:0,66.418,69.316,4.502,73.361
294.282,run:denoise:0,65.284,69.316,4.501,73.361
294.783,run:denoise:0,69.316,69.316,4.501,73.361
295.284,run:denoise:0,66.243,69.316,4.501,73.361
295.785,run:denoise:0,69.316,69.316,4.501,73.361
296.285,run:denoise:0,69.316,69.316,4.501,73.361
296.787,run:denoise:0,65.537,69.316,4.501,73.361
297.288,run:denoise:0,69.316,69.316,4.501,73.361
297.788,run:denoise:0,69.316,69.316,4.501,73.361
298.289,run:denoise:0,65.284,69.316,4.502,73.361
298.79,run:denoise:0,69.316,69.316,4.501,73.361
299.29,run:denoise:0,66.621,69.316,4.502,73.361
299.791,run:denoise:0,69.316,69.316,4.501,73.361
300.292,run:denoise:0,69.316,69.316,4.5,73.361
300.793,run:denoise:0,65.537,69.316,4.501,73.361
301.293,run:denoise:0,69.316,69.316,4.501,73.361
301.795,run:denoise:0,69.316,69.316,4.501,73.361
302.295,run:denoise:0,65.284,69.316,4.502,73.361
302.796,run:denoise:0,63.773,69.316,4.502,73.361
303.297,run:denoise:0,66.054,69.316,4.502,73.361
303.798,run:denoise:0,64.906,69.316,4.502,73.361
304.298,run:denoise:0,64.906,69.316,4.491,73.361
304.799,run:denoise:0,64.906,69.316,4.497,73.361
305.3,run:denoise:0,64.906,69.316,4.498,73.361
305.801,run:denoise:0,64.906,69.316,4.498,73.361
306.301,run:denoise:0,64.906,69.316,4.499,73.361
306.802,run:denoise:0,64.906,69.316,4.5,73.361
307.303,run:denoise:0,64.906,69.316,4.499,73.361
307.804,run:denoise:0,64.906,69.316,4.5,73.361
308.305,run:denoise:0,64.906,69.316,4.5,73.361
308.806,run:denoise:0,64.906,69.316,4.499,73.361
309.306,run:denoise:0,64.906,69.316,4.499,73.361
309.807,run:denoise:0,64.906,69.316,4.499,73.361
310.308,run:denoise:0,69.316,69.316,4.493,73.361
310.809,run:denoise:0,66.62,69.316,4.497,73.361
311.309,run:denoise:0,69.316,69.316,4.497,73.361
311.81,run:denoise:0,69.316,69.316,4.499,73.361
312.311,run:denoise:0,65.537,69.316,4.499,73.361
312.812,run:denoise:0,69.316,69.316,4.5,73.361
313.313,run:denoise:0,69.316,69.316,4.5,73.361
313.814,run:denoise:0,65.284,69.316,4.5,73.361
314.314,run:denoise:0,69.316,69.316,4.502,73.361
314.815,run:denoise:0,66.62,69.316,4.502,73.361
315.316,run:denoise:0,69.316,69.316,4.502,73.361
315.817,run:denoise:0,69.316,69.316,4.503,73.361
316.317,run:denoise:0,65.537,69.316,4.502,73.361
316.818,run:denoise:0,69.316,69.316,4.502,73.361
317.319,run:denoise:0,69.316,69.316,4.502,73.361
317.82,run:denoise:0,65.284,69.316,4.503,73.361
318.321,run:denoise:0,69.316,69.316,4.502,73.361
318.822,run:denoise:0,66.62,69.316,4.504,73.361
319.322,run:denoise:0,69.316,69.316,4.503,73.361
319.823,run:denoise:0,64.15,69.316,4.502,73.361
320.325,run:denoise:0,65.284,69.316,4.494,73.361
320.825,run:denoise:0,64.906,69.316,4.501,73.361
321.326,run:denoise:0,64.906,69.316,4.501,73.361
321.827,run:denoise:0,64.906,69.316,4.503,73.361
322.328,run:denoise:0,64.906,69.316,4.499,73.361
322.829,run:denoise:0,64.906,69.316,4.501,73.361
323.33,run:denoise:0,64.906,69.316,4.502,73.361
323.83,run:denoise:0,64.906,69.316,4.502,73.361
324.331,run:denoise:0,64.906,69.316,4.502,73.361
324.832,run:denoise:0,64.906,69.316,4.502,73.361
325.333,run:denoise:0,64.906,69.316,4.502,73.361
325.833,run:denoise:0,64.906,69.316,4.502,73.361
326.334,run:denoise:0,64.906,69.316,4.505,73.361
326.835,run:denoise:0,64.906,69.316,4.506,73.361
327.336,run:denoise:0,64.906,69.316,4.506,73.361
327.837,run:denoise:0,65.284,69.316,4.511,73.361
328.338,run:denoise:0,69.316,69.316,4.505,73.361
328.838,run:denoise:0,66.167,69.316,4.505,73.361
329.339,run:denoise:0,66.04,69.316,4.505,73.361
329.84,run:denoise:0,69.316,69.316,4.506,73.361
330.341,run:denoise:0,66.054,69.316,4.505,73.361
330.841,run:denoise:0,69.316,69.316,4.504,73.361
331.342,run:denoise:0,69.316,69.316,4.506,73.361
331.843,run:denoise:0,65.284,69.316,4.508,73.361
332.344,run:denoise:0,69.316,69.316,4.505,73.361
332.844,run:denoise:0,65.662,69.316,4.505,73.361
333.346,run:denoise:0,65.284,69.316,4.504,73.361
333.847,run:denoise:0,69.316,69.316,4.51,73.361
334.347,run:denoise:0,66.054,69.316,4.505,73.361
334.848,run:denoise:0,69.316,69.316,4.505,73.361
335.349,run:denoise:0,69.316,69.316,4.506,73.361
335.85,run:denoise:0,65.537,69.316,4.513,73.361
336.35,run:denoise:0,69.316,69.316,4.505,73.361
336.851,run:denoise:0,66.04,69.316,4.505,73.361
337.352,run:denoise:0,63.773,69.316,4.505,73.361
337.853,run:denoise:0,65.662,69.316,4.51,73.361
338.354,run:denoise:0,64.906,69.316,4.505,73.361
338.855,run:denoise:0,64.906,69.316,4.505,73.361
339.356,run:denoise:0,64.906,69.316,4.506,73.361
339.856,run:denoise:0,64.906,69.316,4.505,73.361
340.357,run:denoise:0,64.906,69.316,4.505,73.361
340.858,run:denoise:0,64.906,69.316,4.505,73.361
341.359,run:denoise:0,64.906,69.316,4.505,73.361
341.859,run:denoise:0,64.906,69.316,4.51,73.361
342.36,run:denoise:0,64.906,69.316,4.504,73.361
342.861,run:denoise:0,64.906,69.316,4.505,73.361
343.362,run:denoise:0,64.906,69.316,4.506,73.361
343.862,run:denoise:0,64.906,69.316,4.506,73.361
344.363,run:denoise:0,64.906,69.316,4.506,73.361
344.864,run:denoise:0,64.906,69.316,4.505,73.361
345.364,run:denoise:0,64.906,69.316,4.505,73.361
345.865,run:denoise:0,64.906,69.316,4.505,73.361
346.366,run:denoise:0,69.316,69.316,4.505,73.361
346.867,run:denoise:0,66.243,69.316,4.505,73.361
347.367,run:denoise:0,69.316,69.316,4.506,73.361
347.868,run:denoise:0,69.316,69.316,4.508,73.361
348.369,run:denoise:0,65.537,69.316,4.508,73.361
348.87,run:denoise:0,69.316,69.316,4.508,73.361
349.371,run:denoise:0,69.316,69.316,4.509,73.361
349.872,run:denoise:0,65.284,69.316,4.508,73.361
350.373,run:denoise:0,69.316,69.316,4.507,73.361
350.873,run:denoise:0,66.62,69.316,4.507,73.361
351.374,run:denoise:0,69.316,69.316,4.507,73.361
351.875,run:denoise:0,69.316,69.316,4.507,73.361
352.376,run:denoise:0,66.552,69.316,4.507,73.361
352.876,run:denoise:0,69.316,69.316,4.507,73.361
353.377,run:denoise:0,69.316,69.316,4.508,73.361
353.878,run:denoise:0,65.284,69.316,4.506,73.361
354.379,run:denoise:0,69.316,69.316,4.506,73.361
354.88,run:denoise:0,67.187,69.316,4.506,73.361
355.38,run:denoise:0,69.316,69.316,4.507,73.361
355.881,run:denoise:0,63.773,69.316,4.507,73.361
356.382,run:denoise:0,64.151,69.316,4.507,73.361
356.883,run:denoise:0,64.906,69.316,4.508,73.361
357.383,run:denoise:0,64.906,69.316,4.511,73.361
357.884,run:denoise:0,64.906,69.316,4.51,73.361
358.385,run:denoise:0,64.906,69.316,4.51,73.361
358.886,run:denoise:0,64.906,69.316,4.51,73.361
359.387,run:denoise:0,64.906,69.316,4.51,73.361
359.888,run:denoise:0,64.906,69.316,4.509,73.361
360.388,run:denoise:0,64.906,69.316,4.506,73.361
360.889,run:denoise:0,64.906,69.316,4.506,73.361
361.39,run:denoise:0,64.906,69.316,4.506,73.361
361.891,run:denoise:0,64.906,69.316,4.507,73.361
362.391,run:denoise:0,64.906,69.316,4.507,73.361
362.892,run:denoise:0,64.906,69.316,4.506,73.361
363.393,run:denoise:0,64.906,69.316,4.506,73.361
363.894,run:denoise:0,64.906,69.316,4.503,73.361
364.395,run:denoise:0,69.316,69.316,4.504,73.361
364.896,run:denoise:0,64.907,69.316,4.504,73.361
365.396,run:denoise:0,65.284,69.316,4.504,73.361
365.897,run:denoise:0,69.316,69.316,4.506,73.361
366.398,run:denoise:0,66.054,69.316,4.506,73.361
366.899,run:denoise:0,69.316,69.316,4.506,73.361
367.399,run:denoise:0,69.316,69.316,4.506,73.361
367.9,run:denoise:0,65.537,69.316,4.506,73.361
368.401,run:denoise:0,69.316,69.316,4.507,73.361
368.902,run:denoise:0,69.316,69.316,4.507,73.361
369.403,run:denoise:0,65.284,69.316,4.507,73.361
369.904,run:denoise:0,69.316,69.316,4.504,73.361
370.404,run:denoise:0,66.243,69.316,4.504,73.361
370.905,run:denoise:0,69.316,69.316,4.504,73.361
371.406,run:denoise:0,69.316,69.316,4.504,73.361
371.906,run:denoise:0,65.537,69.316,4.502,73.361
372.407,run:denoise:0,69.316,69.316,4.502,73.361
372.908,run:denoise:0,69.316,69.316,4.503,73.361
373.409,run:denoise:0,65.284,69.316,4.503,73.361
373.909,run:denoise:0,63.773,69.316,4.504,73.361
374.41,run:denoise:0,66.054,69.316,4.504,73.361
374.911,run:denoise:0,64.906,69.316,4.504,73.361
375.412,run:denoise:0,64.906,69.316,4.504,73.361
375.913,run:denoise:0,64.906,69.316,4.504,73.361
376.414,run:denoise:0,64.906,69.316,4.504,73.361
376.914,run:denoise:0,64.906,69.316,4.504,73.361
377.415,run:denoise:0,64.906,69.316,4.504,73.361
377.916,run:denoise:0,64.906,69.316,4.503,73.361
378.417,run:denoise:0,64.906,69.316,4.503,73.361
378.917,run:denoise:0,64.906,69.316,4.503,73.361
379.418,run:denoise:0,64.906,69.316,4.504,73.361
379.919,run:denoise:0,64.906,69.316,4.504,73.361
380.42,run:denoise:0,64.906,69.316,4.504,73.361
380.921,run:denoise:0,64.906,69.316,4.504,73.361
381.422,run:denoise:0,69.316,69.316,4.504,73.361
381.922,run:denoise:0,66.62,69.316,4.504,73.361
382.423,run:denoise:0,69.316,69.316,4.504,73.361
382.924,run:denoise:0,69.316,69.316,4.504,73.361
383.424,run:denoise:0,66.243,69.316,4.504,73.361
383.925,run:denoise:0,69.316,69.316,4.504,73.361
384.426,run:denoise:0,69.316,69.316,4.504,73.361
384.927,run:denoise:0,65.284,69.316,4.505,73.361
385.427,run:denoise:0,69.316,69.316,4.505,73.361
385.928,run:denoise:0,67.051,69.316,4.504,73.361
386.429,run:denoise:0,64.907,69.316,4.504,73.361
386.93,run:denoise:0,69.316,69.316,4.504,73.361
387.43,run:denoise:0,66.054,69.316,4.504,73.361
387.931,run:denoise:0,69.316,69.316,4.507,73.361
388.432,run:denoise:0,69.316,69.316,4.507,73.361
388.933,run:denoise:0,65.284,69.316,4.506,73.361
389.433,run:denoise:0,69.316,69.316,4.506,73.361
389.934,run:denoise:0,67.555,69.316,4.506,73.361
390.436,run:denoise:0,65.284,69.316,4.506,73.361
390.936,run:denoise:0,63.773,69.316,4.506,73.361
391.437,run:denoise:0,66.047,69.316,4.506,73.361
391.938,run:denoise:0,64.906,69.316,4.507,73.361
392.438,run:denoise:0,64.906,69.316,4.508,73.361
392.939,run:denoise:0,64.906,69.316,4.507,73.361
393.44,run:denoise:0,64.906,69.316,4.507,73.361
393.941,run:denoise:0,64.906,69.316,4.508,73.361
394.441,run:denoise:0,64.906,69.316,4.508,73.361
394.942,run:denoise:0,64.906,69.316,4.507,73.361
395.443,run:denoise:0,64.906,69.316,4.507,73.361
395.944,run:denoise:0,64.906,69.316,4.509,73.361
396.445,run:denoise:0,64.906,69.316,4.509,73.361
396.946,run:denoise:0,64.906,69.316,4.509,73.361
397.447,run:denoise:0,64.906,69.316,4.508,73.361
397.947,run:denoise:0,65.537,69.316,4.506,73.361
398.449,run:denoise:0,69.316,69.316,4.508,73.361
398.949,run:denoise:0,69.316,69.316,4.507,73.361
399.45,run:denoise:0,65.284,69.316,4.507,73.361
399.951,run:denoise:0,69.316,69.316,4.506,73.361
400.452,run:denoise:0,66.62,69.316,4.506,73.361
400.953,run:denoise:0,69.316,69.316,4.505,73.361
401.454,run:denoise:0,69.316,69.316,4.505,73.361
401.954,run:denoise:0,65.537,69.316,4.505,73.361
402.455,run:denoise:0,69.316,69.316,4.505,73.361
402.956,run:denoise:0,69.316,69.316,4.506,73.361
403.457,run:denoise:0,65.284,69.316,4.506,73.361
403.957,run:denoise:0,69.316,69.316,4.506,73.361
404.458,run:denoise:0,66.809,69.316,4.507,73.361
404.959,run:denoise:0,69.316,69.316,4.507,73.361
405.46,run:denoise:0,69.316,69.316,4.507,73.361
405.961,run:denoise:0,66.544,69.316,4.506,73.361
406.462,run:denoise:0,69.316,69.316,4.505,73.361
406.962,run:denoise:0,69.316,69.316,4.506,73.361
407.463,run:denoise:0,63.773,69.316,4.506,73.361
407.964,run:denoise:0,65.662,69.316,4.507,73.361
408.465,run:denoise:0,64.906,69.316,4.508,73.361
408.965,run:denoise:0,64.906,69.316,4.508,73.361
409.466,run:denoise:0,64.906,69.316,4.508,73.361
409.967,run:denoise:0,64.906,69.316,4.508,73.361
410.468,run:denoise:0,64.906,69.316,4.509,73.361
410.969,run:denoise:0,64.906,69.316,4.508,73.361
411.47,run:denoise:0,64.906,69.316,4.508,73.361
411.971,run:denoise:0,64.906,69.316,4.509,73.361
412.471,run:denoise:0,64.906,69.316,4.509,73.361
412.972,run:denoise:0,64.906,69.316,4.509,73.361
413.473,run:denoise:1,64.544,69.316,4.534,72.723
413.974,run:denoise:1,68.953,69.316,4.534,72.723
414.474,run:denoise:1,66.447,69.316,4.535,72.723
414.975,run:denoise:1,68.953,69.316,4.534,72.723
415.477,run:denoise:1,68.953,69.316,4.534,72.723
415.977,run:denoise:1,65.691,69.316,4.532,72.723
416.478,run:denoise:1,68.953,69.316,4.531,72.723
416.979,run:denoise:1,68.953,69.316,4.531,72.723
417.479,run:denoise:1,64.921,69.316,4.533,72.723
417.98,run:denoise:1,68.953,69.316,4.535,72.723
418.481,run:denoise:1,65.299,69.316,4.533,72.723
418.982,run:denoise:1,64.921,69.316,4.534,72.723
419.483,run:denoise:1,68.953,69.316,4.535,72.723
419.983,run:denoise:1,65.691,69.316,4.535,72.723
420.485,run:denoise:1,68.953,69.316,4.535,72.723
420.985,run:denoise:1,68.953,69.316,4.535,72.723
421.486,run:denoise:1,64.67,69.316,4.535,72.723
421.987,run:denoise:1,68.953,69.316,4.535,72.723
422.488,run:denoise:1,65.677,69.316,4.536,72.723
422.988,run:denoise:1,64.921,69.316,4.537,72.723
423.489,run:denoise:1,63.019,69.316,4.537,72.723
423.99,run:denoise:1,63.019,69.316,4.537,72.723
424.491,run:denoise:1,63.019,69.316,4.536,72.723
424.991,run:denoise:1,63.019,69.316,4.536,72.723
425.492,run:denoise:1,63.019,69.316,4.536,72.723
425.993,run:denoise:1,63.019,69.316,4.536,72.723
426.494,run:denoise:1,63.019,69.316,4.534,72.723
426.995,run:denoise:1,63.019,69.316,4.534,72.723
427.496,run:denoise:1,63.019,69.316,4.534,72.723
427.996,run:denoise:1,63.019,69.316,4.536,72.723
428.497,run:denoise:1,63.019,69.316,4.537,72.723
428.998,run:denoise:1,64.935,69.344,4.535,73.731
429.499,run:denoise:1,64.935,69.344,4.535,73.731
429.999,run:denoise:1,69.344,69.344,4.536,73.731
430.5,run:denoise:1,65.565,69.344,4.534,73.731
431.001,run:denoise:1,69.344,69.344,4.535,73.731
431.502,run:denoise:1,69.344,69.344,4.535,73.731
432.003,run:denoise:1,65.313,69.344,4.534,73.731
432.504,run:denoise:1,69.344,69.344,4.534,73.731
433.004,run:denoise:1,67.215,69.344,4.534,73.731
433.505,run:denoise:1,69.344,69.344,4.534,73.731
434.006,run:denoise:1,69.344,69.344,4.532,73.731
434.507,run:denoise:1,66.082,69.344,4.533,73.731
435.007,run:denoise:1,69.344,69.344,4.534,73.731
435.508,run:denoise:1,69.344,69.344,4.534,73.731
436.009,run:denoise:1,65.313,69.344,4.533,73.731
436.51,run:denoise:1,69.344,69.344,4.533,73.731
437.011,run:denoise:1,67.08,69.344,4.533,73.731
437.512,run:denoise:1,65.313,69.344,4.534,73.731
438.013,run:denoise:1,69.344,69.344,4.533,73.731
438.513,run:denoise:1,66.082,69.344,4.533,73.731
439.014,run:denoise:1,69.344,69.344,4.533,73.731
439.515,run:denoise:1,64.179,69.344,4.533,73.731
440.015,run:denoise:1,66.698,69.344,4.534,73.731
440.516,run:denoise:1,64.935,69.344,4.535,73.731
441.017,run:denoise:1,64.935,69.344,4.534,73.731
441.518,run:denoise:1,64.935,69.344,4.534,73.731
442.019,run:denoise:1,64.935,69.344,4.533,73.731
442.52,run:denoise:1,64.935,69.344,4.534,73.731
443.021,run:denoise:1,64.935,69.344,4.535,73.731
443.521,run:denoise:1,64.935,69.344,4.535,73.731
444.022,run:denoise:1,64.935,69.344,4.548,73.731
444.523,run:denoise:1,64.935,69.344,4.548,73.731
445.023,run:denoise:1,64.935,69.344,4.549,73.731
445.524,run:denoise:1,64.935,69.344,4.549,73.731
446.025,run:denoise:1,64.935,69.344,4.551,73.731
446.526,run:denoise:1,69.344,69.344,4.551,73.731
447.027,run:denoise:1,69.344,69.344,4.551,73.731
447.528,run:denoise:1,65.565,69.344,4.55,73.731
448.028,run:denoise:1,69.344,69.344,4.55,73.731
448.529,run:denoise:1,69.344,69.344,4.55,73.731
449.03,run:denoise:1,65.313,69.344,4.55,73.731
449.531,run:denoise:1,69.344,69.344,4.55,73.731
450.031,run:denoise:1,66.649,69.344,4.548,73.731
450.532,run:denoise:1,69.344,69.344,4.548,73.731
451.033,run:denoise:1,69.344,69.344,4.551,73.731
451.533,run:denoise:1,66.649,69.344,4.551,73.731
452.035,run:denoise:1,69.344,69.344,4.55,73.731
452.535,run:denoise:1,69.344,69.344,4.551,73.731
453.036,run:denoise:1,65.313,69.344,4.55,73.731
453.537,run:denoise:1,69.344,69.344,4.55,73.731
454.038,run:denoise:1,67.077,69.344,4.549,73.731
454.538,run:denoise:1,64.557,69.344,4.549,73.731
455.039,run:denoise:1,69.344,69.344,4.548,73.731
455.54,run:denoise:1,66.083,69.344,4.549,73.731
456.041,run:denoise:1,63.802,69.344,4.548,73.731
456.541,run:denoise:1,65.691,69.344,4.549,73.731
457.043,run:denoise:1,64.935,69.344,4.549,73.731
457.543,run:denoise:1,64.935,69.344,4.549,73.731
458.044,run:denoise:1,64.935,69.344,4.548,73.731
458.545,run:denoise:1,64.935,69.344,4.548,73.731
459.046,run:denoise:1,64.935,69.344,4.547,73.731
459.546,run:denoise:1,64.935,69.344,4.547,73.731
460.047,run:denoise:1,64.935,69.344,4.547,73.731
460.548,run:denoise:1,64.935,69.344,4.548,73.731
461.049,run:denoise:1,64.935,69.344,4.548,73.731
461.55,run:denoise:1,64.935,69.344,4.55,73.731
462.05,run:denoise:1,64.57,69.344,4.549,73.731
462.551,run:denoise:1,64.935,69.344,4.549,73.731
463.052,run:denoise:1,64.935,69.344,4.548,73.731
463.553,run:denoise:1,64.935,69.344,4.548,73.731
464.053,run:denoise:1,68.336,69.344,4.549,73.731
464.554,run:denoise:1,65.313,69.344,4.549,73.731
465.055,run:denoise:1,69.344,69.344,4.549,73.731
465.555,run:denoise:1,66.272,69.344,4.549,73.731
466.056,run:denoise:1,69.344,69.344,4.549,73.731
466.557,run:denoise:1,69.344,69.344,4.549,73.731
467.058,run:denoise:1,65.565,69.344,4.549,73.731
467.559,run:denoise:1,69.344,69.344,4.549,73.731
468.06,run:denoise:1,69.344,69.344,4.548,73.731
468.561,run:denoise:1,65.313,69.344,4.548,73.731
469.061,run:denoise:1,69.344,69.344,4.55,73.731
469.562,run:denoise:1,66.649,69.344,4.55,73.731
470.063,run:denoise:1,69.344,69.344,4.549,73.731
470.563,run:denoise:1,69.344,69.344,4.549,73.731
471.064,run:denoise:1,66.069,69.344,4.549,73.731
471.565,run:denoise:1,69.344,69.344,4.549,73.731
472.066,run:denoise:1,69.344,69.344,4.548,73.731
472.567,run:denoise:1,65.313,69.344,4.548,73.731
473.068,run:denoise:1,69.344,69.344,4.548,73.731
473.569,run:denoise:1,63.019,69.344,4.55,73.731
474.069,run:denoise:1,64.179,69.344,4.55,73.731
474.57,run:denoise:1,64.935,69.344,4.55,73.731
475.071,run:denoise:1,64.935,69.344,4.55,73.731
475.572,run:denoise:1,64.935,69.344,4.551,73.731
476.072,run:denoise:1,64.935,69.344,4.549,73.731
476.573,run:denoise:1,64.935,69.344,4.549,73.731
477.074,run:denoise:1,64.935,69.344,4.549,73.731
477.575,run:denoise:1,64.935,69.344,4.551,73.731
478.076,run:denoise:1,64.935,69.344,4.551,73.731
478.577,run:denoise:1,64.935,69.344,4.551,73.731
479.078,run:denoise:1,64.935,69.344,4.551,73.731
479.578,run:denoise:1,64.935,69.344,4.551,73.731
480.079,run:denoise:1,64.935,69.344,4.549,73.731
480.58,run:denoise:1,64.935,69.344,4.55,73.731
481.08,run:denoise:1,64.935,69.344,4.55,73.731
481.581,run:denoise:1,64.935,69.344,4.55,73.731
482.082,run:denoise:1,64.935,69.344,4.548,73.731
482.583,run:denoise:1,64.935,69.344,4.549,73.731
483.084,run:denoise:1,69.344,69.344,4.549,73.731
483.585,run:denoise:1,66.272,69.344,4.548,73.731
484.086,run:denoise:1,69.344,69.344,4.549,73.731
484.587,run:denoise:1,69.344,69.344,4.549,73.731
485.087,run:denoise:1,65.565,69.344,4.549,73.731
485.588,run:denoise:1,69.344,69.344,4.55,73.731
486.089,run:denoise:1,69.344,69.344,4.55,73.731
486.589,run:denoise:1,65.313,69.344,4.55,73.731
487.09,run:denoise:1,69.344,69.344,4.549,73.731
487.591,run:denoise:1,66.272,69.344,4.554,73.731
488.092,run:denoise:1,69.344,69.344,4.553,73.731
488.593,run:denoise:1,69.344,69.344,4.553,73.731
489.094,run:denoise:1,65.565,69.344,4.553,73.731
489.594,run:denoise:1,69.344,69.344,4.537,73.731
490.095,run:denoise:1,69.344,69.344,4.543,73.731
490.596,run:denoise:1,65.313,69.344,4.543,73.731
491.097,run:denoise:1,69.344,69.344,4.544,73.731
491.597,run:denoise:1,66.649,69.344,4.546,73.731
492.098,run:denoise:1,69.344,69.344,4.54,73.731
492.599,run:denoise:1,64.179,69.344,4.543,73.731
493.1,run:denoise:1,65.312,69.344,4.543,73.731
493.601,run:denoise:1,64.935,69.344,4.546,73.731
494.102,run:denoise:1,64.935,69.344,4.546,73.731
494.602,run:denoise:1,64.935,69.344,4.547,73.731
495.103,run:denoise:1,64.935,69.344,4.547,73.731
495.604,run:denoise:1,64.935,69.344,4.549,73.731
496.105,run:denoise:1,64.935,69.344,4.549,73.731
496.605,run:denoise:1,64.935,69.344,4.549,73.731
497.106,run:denoise:1,64.935,69.344,4.549,73.731
497.607,run:denoise:1,64.935,69.344,4.549,73.731
498.108,run:denoise:1,64.935,69.344,4.552,73.731
498.609,run:denoise:1,64.935,69.344,4.552,73.731
499.11,run:denoise:1,64.935,69.344,4.551,73.731
499.61,run:denoise:1,64.935,69.344,4.552,73.731
500.111,run:denoise:1,64.935,69.344,4.543,73.731
500.612,run:denoise:1,64.935,69.344,4.546,73.731
501.113,run:denoise:1,69.344,69.344,4.546,73.731
501.613,run:denoise:1,67.216,69.344,4.548,73.731
502.114,run:denoise:1,66.446,69.344,4.543,73.731
502.615,run:denoise:1,69.344,69.344,4.543,73.731
503.116,run:denoise:1,66.083,69.344,4.543,73.731
503.617,run:denoise:1,69.344,69.344,4.545,73.731
504.118,run:denoise:1,69.344,69.344,4.543,73.731
504.618,run:denoise:1,65.313,69.344,4.543,73.731
505.119,run:denoise:1,69.344,69.344,4.544,73.731
505.62,run:denoise:1,66.068,69.344,4.545,73.731
506.121,run:denoise:1,65.313,69.344,4.545,73.731
506.621,run:denoise:1,69.344,69.344,4.546,73.731
507.122,run:denoise:1,66.272,69.344,4.546,73.731
507.623,run:denoise:1,69.344,69.344,4.547,73.731
508.124,run:denoise:1,69.344,69.344,4.543,73.731
508.624,run:denoise:1,65.565,69.344,4.543,73.731
509.126,run:denoise:1,69.344,69.344,4.544,73.731
509.626,run:denoise:1,69.344,69.344,4.545,73.731
510.127,run:denoise:1,64.935,69.344,4.547,73.731
510.628,run:denoise:1,64.179,69.344,4.547,73.731
511.129,run:denoise:1,64.935,69.344,4.548,73.731
511.629,run:denoise:1,64.935,69.344,4.55,73.731
512.13,run:denoise:1,64.935,69.344,4.549,73.731
512.631,run:denoise:1,64.935,69.344,4.55,73.731
513.132,run:denoise:1,64.935,69.344,4.551,73.731
513.632,run:denoise:1,64.935,69.344,4.551,73.731
514.134,run:denoise:1,64.935,69.344,4.55,73.731
514.635,run:denoise:1,64.935,69.344,4.551,73.731
515.135,run:denoise:1,64.935,69.344,4.552,73.731
515.636,run:denoise:1,64.935,69.344,4.552,73.731
516.137,run:denoise:1,64.935,69.344,4.551,73.731
516.638,run:denoise:1,64.935,69.344,4.551,73.731
517.138,run:denoise:1,64.935,69.344,4.553,73.731
517.639,run:denoise:1,64.935,69.344,4.553,73.731
518.14,run:denoise:1,69.344,69.344,4.554,73.731
518.641,run:denoise:1,67.584,69.344,4.554,73.731
519.142,run:denoise:1,65.313,69.344,4.554,73.731
519.643,run:denoise:1,69.344,69.344,4.554,73.731
520.143,run:denoise:1,66.083,69.344,4.554,73.731
520.644,run:denoise:1,69.344,69.344,4.554,73.731
521.145,run:denoise:1,69.344,69.344,4.554,73.731
521.645,run:denoise:1,65.565,69.344,4.554,73.731
522.146,run:denoise:1,69.344,69.344,4.555,73.731
522.647,run:denoise:1,69.344,69.344,4.556,73.731
523.148,run:denoise:1,65.313,69.344,4.555,73.731
523.648,run:denoise:1,69.344,69.344,4.555,73.731
524.149,run:denoise:1,66.272,69.344,4.553,73.731
524.651,run:denoise:1,69.344,69.344,4.553,73.731
525.151,run:denoise:1,69.344,69.344,4.553,73.731
525.652,run:denoise:1,65.565,69.344,4.553,73.731
526.153,run:denoise:1,69.344,69.344,4.553,73.731
526.653,run:denoise:1,69.344,69.344,4.553,73.731
527.154,run:denoise:1,64.935,69.344,4.553,73.731
527.655,run:denoise:1,64.179,69.344,4.554,73.731
528.156,run:denoise:1,64.935,69.344,4.552,73.731
528.656,run:denoise:1,64.935,69.344,4.552,73.731
529.157,run:denoise:1,64.935,69.344,4.552,73.731
529.659,run:denoise:1,64.935,69.344,4.553,73.731
530.159,run:denoise:1,64.935,69.344,4.554,73.731
530.66,run:denoise:1,64.935,69.344,4.554,73.731
531.161,run:denoise:1,64.935,69.344,4.555,73.731
531.662,run:denoise:1,64.935,69.344,4.555,73.731
532.162,run:denoise:1,64.935,69.344,4.555,73.731
532.663,run:denoise:1,64.935,69.344,4.555,73.731
533.164,run:denoise:1,64.935,69.344,4.555,73.731
533.665,run:denoise:1,64.935,69.344,4.555,73.731
534.165,run:denoise:1,69.344,69.344,4.555,73.731
534.666,run:denoise:1,66.083,69.344,4.556,73.731
535.168,run:denoise:1,69.344,69.344,4.555,73.731
535.668,run:denoise:1,69.344,69.344,4.555,73.731
536.169,run:denoise:1,65.565,69.344,4.556,73.731
536.67,run:denoise:1,69.344,69.344,4.555,73.731
537.171,run:denoise:1,69.344,69.344,4.555,73.731
537.671,run:denoise:1,65.313,69.344,4.555,73.731
538.172,run:denoise:1,69.344,69.344,4.556,73.731
538.673,run:denoise:1,66.272,69.344,4.556,73.731
539.174,run:denoise:1,69.344,69.344,4.556,73.731
539.674,run:denoise:1,69.344,69.344,4.557,73.731
540.176,run:denoise:1,65.565,69.344,4.559,73.731
540.676,run:denoise:1,69.344,69.344,4.558,73.731
541.177,run:denoise:1,69.344,69.344,4.559,73.731
541.678,run:denoise:1,65.313,69.344,4.559,73.731
542.178,run:denoise:1,69.344,69.344,4.56,73.731
542.679,run:denoise:1,66.649,69.344,4.559,73.731
543.18,run:denoise:1,69.344,69.344,4.559,73.731
543.681,run:denoise:1,63.802,69.344,4.559,73.731
544.181,run:denoise:1,64.179,69.344,4.559,73.731
544.682,run:denoise:1,64.935,69.344,4.556,73.731
545.183,run:denoise:1,64.935,69.344,4.556,73.731
545.684,run:denoise:1,64.935,69.344,4.556,73.731
546.185,run:denoise:1,64.935,69.344,4.556,73.731
546.686,run:denoise:1,64.935,69.344,4.555,73.731
547.186,run:denoise:1,64.935,69.344,4.555,73.731
547.687,run:denoise:1,64.935,69.344,4.555,73.731
548.188,run:denoise:1,64.935,69.344,4.554,73.731
548.689,run:denoise:1,64.935,69.344,4.555,73.731
549.189,run:denoise:1,64.935,69.344,4.555,73.731
549.69,run:denoise:1,64.935,69.344,4.555,73.731
550.191,run:denoise:1,69.344,69.344,4.554,73.731
550.692,run:denoise:1,66.083,69.344,4.556,73.731
551.193,run:denoise:1,69.344,69.344,4.556,73.731
551.694,run:denoise:1,69.344,69.344,4.555,73.731
552.194,run:denoise:1,65.565,69.344,4.554,73.731
552.695,run:denoise:1,69.344,69.344,4.554,73.731
553.196,run:denoise:1,69.344,69.344,4.554,73.731
553.697,run:denoise:1,65.313,69.344,4.555,73.731
554.197,run:denoise:1,69.344,69.344,4.554,73.731
554.698,run:denoise:1,66.649,69.344,4.554,73.731
555.199,run:denoise:1,69.344,69.344,4.554,73.731
555.7,run:denoise:1,69.344,69.344,4.554,73.731
556.201,run:denoise:1,65.565,69.344,4.554,73.731
556.702,run:denoise:1,69.344,69.344,4.555,73.731
557.202,run:denoise:1,69.344,69.344,4.554,73.731
557.703,run:denoise:1,65.313,69.344,4.554,73.731
558.204,run:denoise:1,69.344,69.344,4.555,73.731
558.705,run:denoise:1,67.216,69.344,4.554,73.731
559.205,run:denoise:1,69.344,69.344,4.554,73.731
559.706,init,63.019,69.344,4.554,73.731
560.207,init,63.019,69.344,4.555,73.731
560.708,init,63.019,69.344,4.557,73.731
561.209,init,63.019,69.344,4.557,73.731
561.71,init,63.019,69.344,4.557,73.731
562.21,init,63.019,69.344,4.556,73.731
562.711,init,63.019,69.344,4.555,73.731
563.212,init,63.019,69.344,4.557,73.731
563.713,init,63.019,69.344,4.557,73.731
564.213,init,63.019,69.344,4.555,73.731
564.714,init,63.019,69.344,4.555,73.731
565.215,run:denoise:2,64.572,69.344,4.579,72.865
565.716,run:denoise:2,68.981,69.344,4.58,72.865
566.217,run:denoise:2,65.833,69.344,4.581,72.865
566.718,run:denoise:2,63.817,69.344,4.58,72.865
567.218,run:denoise:2,68.981,69.344,4.581,72.865
567.72,run:denoise:2,65.72,69.344,4.581,72.865
568.22,run:denoise:2,68.981,69.344,4.581,72.865
568.721,run:denoise:2,68.981,69.344,4.58,72.865
569.222,run:denoise:2,64.95,69.344,4.581,72.865
569.723,run:denoise:2,68.981,69.344,4.581,72.865
570.223,run:denoise:2,65.706,69.344,4.581,72.865
570.725,run:denoise:2,64.95,69.344,4.583,72.865
571.225,run:denoise:2,68.981,69.344,4.583,72.865
571.726,run:denoise:2,65.909,69.344,4.583,72.865
572.227,run:denoise:2,68.981,69.344,4.583,72.865
572.728,run:denoise:2,68.981,69.344,4.581,72.865
573.228,run:denoise:2,65.202,69.344,4.581,72.865
573.729,run:denoise:2,68.981,69.344,4.581,72.865
574.23,run:denoise:2,67.973,69.344,4.581,72.865
574.73,run:denoise:2,64.95,69.344,4.583,72.865
575.231,run:denoise:2,63.047,69.344,4.583,72.865
575.733,run:denoise:2,63.047,69.344,4.583,72.865
576.233,run:denoise:2,63.047,69.344,4.583,72.865
576.734,run:denoise:2,63.047,69.344,4.582,72.865
577.235,run:denoise:2,63.047,69.344,4.581,72.865
577.736,run:denoise:2,63.047,69.344,4.581,72.865
578.236,run:denoise:2,63.047,69.344,4.583,72.865
578.737,run:denoise:2,63.047,69.344,4.583,72.865
579.238,run:denoise:2,63.047,69.344,4.583,72.865
579.738,run:denoise:2,63.047,69.344,4.583,72.865
580.239,run:denoise:2,63.047,69.344,4.582,72.865
580.74,run:denoise:2,64.963,69.373,4.582,72.865
581.241,run:denoise:2,64.963,69.373,4.581,72.865
581.742,run:denoise:2,69.373,69.373,4.583,72.865
582.243,run:denoise:2,65.594,69.373,4.582,72.865
582.743,run:denoise:2,69.373,69.373,4.58,72.865
583.244,run:denoise:2,69.373,69.373,4.58,72.865
583.745,run:denoise:2,65.341,69.373,4.58,72.865
584.246,run:denoise:2,69.373,69.373,4.58,72.865
584.746,run:denoise:2,66.678,69.373,4.58,72.865
585.247,run:denoise:2,69.373,69.373,4.579,72.865
585.748,run:denoise:2,69.373,69.373,4.579,72.865
586.249,run:denoise:2,65.594,69.373,4.579,72.865
586.75,run:denoise:2,69.373,69.373,4.579,72.865
587.251,run:denoise:2,69.373,69.373,4.579,72.865
587.752,run:denoise:2,65.341,69.373,4.579,72.865
588.252,run:denoise:2,69.373,69.373,4.579,72.865
588.753,run:denoise:2,66.224,69.373,4.58,72.865
589.254,run:denoise:2,66.475,69.373,4.58,72.865
589.755,run:denoise:2,69.373,69.373,4.579,72.865
590.255,run:denoise:2,66.105,69.373,4.58,72.865
590.756,run:denoise:2,69.373,69.373,4.579,72.865
591.257,run:denoise:2,63.83,69.373,4.58,72.865
591.758,run:denoise:2,64.208,69.373,4.58,72.865
592.259,run:denoise:2,64.963,69.373,4.58,72.865
592.76,run:denoise:2,64.963,69.373,4.58,72.865
593.26,run:denoise:2,64.963,69.373,4.58,72.865
593.761,run:denoise:2,64.963,69.373,4.58,72.865
594.262,run:denoise:2,64.963,69.373,4.579,72.865
594.763,run:denoise:2,64.963,69.373,4.579,72.865
595.263,run:denoise:2,64.963,69.373,4.58,72.865
595.764,run:denoise:2,64.963,69.373,4.58,72.865
596.265,run:denoise:2,64.963,69.373,4.58,72.865
596.766,run:denoise:2,64.963,69.373,4.575,72.865
597.267,run:denoise:2,64.963,69.373,4.574,72.865
597.768,run:denoise:2,64.963,69.373,4.574,72.865
598.269,run:denoise:2,64.963,69.373,4.573,72.865
598.769,run:denoise:2,69.373,69.373,4.573,72.865
599.27,run:denoise:2,65.341,69.373,4.575,72.865
599.771,run:denoise:2,69.373,69.373,4.574,72.865
600.272,run:denoise:2,68.365,69.373,4.574,72.865
600.772,run:denoise:2,65.341,69.373,4.574,72.865
601.273,run:denoise:2,69.373,69.373,4.575,72.865
601.774,run:denoise:2,66.3,69.373,4.576,72.865
602.275,run:denoise:2,69.373,69.373,4.577,72.865
602.776,run:denoise:2,69.373,69.373,4.576,72.865
603.276,run:denoise:2,65.594,69.373,4.577,72.865
603.777,run:denoise:2,69.373,69.373,4.576,72.865
604.278,run:denoise:2,69.373,69.373,4.575,72.865
604.779,run:denoise:2,65.341,69.373,4.575,72.865
605.279,run:denoise:2,69.373,69.373,4.575,72.865
605.78,run:denoise:2,66.678,69.373,4.575,72.865
606.281,run:denoise:2,69.373,69.373,4.575,72.865
606.782,run:denoise:2,69.373,69.373,4.575,72.865
607.283,run:denoise:2,65.594,69.373,4.574,72.865
607.784,run:denoise:2,69.373,69.373,4.574,72.865
608.284,run:denoise:2,63.83,69.373,4.574,72.865
608.785,run:denoise:2,64.208,69.373,4.573,72.865
609.286,run:denoise:2,64.963,69.373,4.576,72.865
609.786,run:denoise:2,64.963,69.373,4.576,72.865
610.287,run:denoise:2,64.963,69.373,4.549,72.865
610.788,run:denoise:2,64.963,69.373,4.547,72.865
611.289,run:denoise:2,64.963,69.373,4.547,72.865
611.789,run:denoise:2,64.963,69.373,4.546,72.865
612.291,run:denoise:2,64.963,69.373,4.545,72.865
612.791,run:denoise:2,64.963,69.373,4.545,72.865
613.292,run:denoise:2,64.963,69.373,4.545,72.865
613.793,run:denoise:2,64.963,69.373,4.545,72.865
614.294,run:denoise:2,64.963,69.373,4.545,72.865
614.794,run:denoise:2,64.963,69.373,4.545,72.865
615.295,run:denoise:2,64.963,69.373,4.545,72.865
615.796,run:denoise:2,64.963,69.373,4.546,72.865
616.297,run:denoise:2,64.963,69.373,4.545,72.865
616.797,run:denoise:2,69.373,69.373,4.545,72.865
617.299,run:denoise:2,65.594,69.373,4.545,72.865
617.799,run:denoise:2,69.373,69.373,4.546,72.865
618.3,run:denoise:2,69.373,69.373,4.546,72.865
618.801,run:denoise:2,65.341,69.373,4.546,72.865
619.302,run:denoise:2,69.373,69.373,4.546,72.865
619.802,run:denoise:2,67.245,69.373,4.546,72.865
620.303,run:denoise:2,66.475,69.373,4.545,72.865
620.804,run:denoise:2,69.373,69.373,4.546,72.865
621.305,run:denoise:2,66.111,69.373,4.546,72.865
621.805,run:denoise:2,69.373,69.373,4.546,72.865
622.306,run:denoise:2,69.373,69.373,4.545,72.865
622.807,run:denoise:2,65.341,69.373,4.545,72.865
623.307,run:denoise:2,69.373,69.373,4.545,72.865
623.808,run:denoise:2,65.341,69.373,4.546,72.865
624.309,run:denoise:2,65.341,69.373,4.547,72.865
624.81,run:denoise:2,69.373,69.373,4.546,72.865
625.31,run:denoise:2,66.111,69.373,4.547,72.865
625.811,run:denoise:2,69.373,69.373,4.548,72.865
626.312,run:denoise:2,63.83,69.373,4.548,72.865
626.813,run:denoise:2,64.208,69.373,4.549,72.865
627.313,run:denoise:2,64.963,69.373,4.55,72.865
627.815,run:denoise:2,64.963,69.373,4.55,72.865
628.315,run:denoise:2,64.963,69.373,4.551,72.865
628.816,run:denoise:2,64.963,69.373,4.549,72.865
629.317,run:denoise:2,64.963,69.373,4.549,72.865
629.818,run:denoise:2,64.963,69.373,4.549,72.865
630.318,run:denoise:2,64.963,69.373,4.548,72.865
630.819,run:denoise:2,64.963,69.373,4.548,72.865
631.32,run:denoise:2,64.963,69.373,4.548,72.865
631.821,run:denoise:2,64.963,69.373,4.549,72.865
632.321,run:denoise:2,64.963,69.373,4.548,72.865
632.823,run:denoise:2,64.963,69.373,4.548,72.865
633.323,run:denoise:2,64.963,69.373,4.55,72.865
633.824,run:denoise:2,64.963,69.373,4.55,72.865
634.325,run:denoise:2,64.963,69.373,4.55,72.865
634.826,run:denoise:2,64.963,69.373,4.55,72.865
635.326,run:denoise:2,66.609,69.373,4.551,72.865
635.827,run:denoise:2,69.373,69.373,4.552,72.865
636.328,run:denoise:2,69.373,69.373,4.549,72.865
636.829,run:denoise:2,65.341,69.373,4.549,72.865
637.329,run:denoise:2,69.373,69.373,4.549,72.865
637.83,run:denoise:2,67.612,69.373,4.55,72.865
638.331,run:denoise:2,65.341,69.373,4.551,72.865
638.832,run:denoise:2,69.373,69.373,4.55,72.865
639.333,run:denoise:2,66.111,69.373,4.55,72.865
639.834,run:denoise:2,69.373,69.373,4.55,72.865
640.334,run:denoise:2,69.373,69.373,4.55,72.865
640.835,run:denoise:2,65.594,69.373,4.55,72.865
641.336,run:denoise:2,69.373,69.373,4.549,72.865
641.836,run:denoise:2,68.365,69.373,4.556,72.865
642.337,run:denoise:2,65.341,69.373,4.549,72.865
642.838,run:denoise:2,69.373,69.373,4.55,72.865
643.339,run:denoise:2,66.3,69.373,4.549,72.865
643.84,run:denoise:2,69.373,69.373,4.549,72.865
644.341,run:denoise:2,69.373,69.373,4.548,72.865
644.841,run:denoise:2,63.83,69.373,4.547,72.865
645.342,run:denoise:2,65.719,69.373,4.547,72.865
645.843,run:denoise:2,64.963,69.373,4.552,72.865
646.344,run:denoise:2,64.963,69.373,4.549,72.865
646.844,run:denoise:2,64.963,69.373,4.548,72.865
647.345,run:denoise:2,64.963,69.373,4.549,72.865
647.846,run:denoise:2,64.963,69.373,4.551,72.865
648.347,run:denoise:2,64.963,69.373,4.549,72.865
648.848,run:denoise:2,64.963,69.373,4.549,72.865
649.349,run:denoise:2,64.963,69.373,4.549,72.865
649.849,run:denoise:2,64.963,69.373,4.557,72.865
650.35,run:denoise:2,64.963,69.373,4.55,72.865
650.851,run:denoise:2,64.963,69.373,4.55,72.865
651.352,run:denoise:2,64.963,69.373,4.55,72.865
651.852,run:denoise:2,64.963,69.373,4.554,72.865
652.353,run:denoise:2,64.963,69.373,4.549,72.865
652.854,run:denoise:2,69.373,69.373,4.549,72.865
653.355,run:denoise:2,65.719,69.373,4.549,72.865
653.856,run:denoise:2,65.341,69.373,4.555,72.865
654.357,run:denoise:2,69.373,69.373,4.55,72.865
654.857,run:denoise:2,66.3,69.373,4.55,72.865
655.358,run:denoise:2,69.373,69.373,4.55,72.865
655.859,run:denoise:2,69.373,69.373,4.549,72.865
656.36,run:denoise:2,65.594,69.373,4.549,72.865
656.86,run:denoise:2,69.373,69.373,4.55,72.865
657.361,run:denoise:2,69.373,69.373,4.55,72.865
657.862,run:denoise:2,65.341,69.373,4.555,72.865
658.363,run:denoise:2,69.373,69.373,4.556,72.865
658.864,run:denoise:2,66.678,69.373,4.555,72.865
659.365,run:denoise:2,69.373,69.373,4.555,72.865
659.866,run:denoise:2,69.373,69.373,4.554,72.865
660.366,run:denoise:2,65.594,69.373,4.553,72.865
660.867,run:denoise:2,69.373,69.373,4.553,72.865
661.368,run:denoise:2,69.373,69.373,4.553,72.865
661.868,run:denoise:2,65.341,69.373,4.551,72.865
662.369,run:denoise:2,63.83,69.373,4.551,72.865
662.87,run:denoise:2,66.3,69.373,4.552,72.865
663.371,run:denoise:2,64.963,69.373,4.553,72.865
663.871,run:denoise:2,64.963,69.373,4.553,72.865
664.373,run:denoise:2,64.963,69.373,4.552,72.865
664.873,run:denoise:2,64.963,69.373,4.552,72.865
665.374,run:denoise:2,64.963,69.373,4.552,72.865
665.875,run:denoise:2,64.963,69.373,4.551,72.865
666.376,run:denoise:2,64.963,69.373,4.552,72.865
666.876,run:denoise:2,64.963,69.373,4.552,72.865
667.377,run:denoise:2,64.963,69.373,4.551,72.865
667.878,run:denoise:2,64.963,69.373,4.553,72.865
668.379,run:denoise:2,64.963,69.373,4.552,72.865
668.879,run:denoise:2,64.963,69.373,4.553,72.865
669.381,run:denoise:2,64.963,69.373,4.554,72.865
669.881,run:denoise:2,69.373,69.373,4.552,72.865
670.382,run:denoise:2,66.097,69.373,4.553,72.865
670.883,run:denoise:2,65.341,69.373,4.553,72.865
671.384,run:denoise:2,69.373,69.373,4.553,72.865
671.884,run:denoise:2,66.3,69.373,4.553,72.865
672.385,run:denoise:2,69.373,69.373,4.552,72.865
672.886,run:denoise:2,69.373,69.373,4.553,72.865
673.386,run:denoise:2,65.594,69.373,4.553,72.865
673.887,run:denoise:2,69.373,69.373,4.553,72.865
674.388,run:denoise:2,69.373,69.373,4.555,72.865
674.889,run:denoise:2,65.341,69.373,4.553,72.865
675.39,run:denoise:2,69.373,69.373,4.553,72.865
675.891,run:denoise:2,66.678,69.373,4.553,72.865
676.391,run:denoise:2,69.373,69.373,4.552,72.865
676.892,run:denoise:2,69.373,69.373,4.552,72.865
677.393,run:denoise:2,65.594,69.373,4.553,72.865
677.894,run:denoise:2,69.373,69.373,4.553,72.865
678.394,run:denoise:2,69.373,69.373,4.555,72.865
678.895,run:denoise:2,65.341,69.373,4.554,72.865
679.396,run:denoise:2,63.83,69.373,4.554,72.865
679.897,run:denoise:2,66.3,69.373,4.553,72.865
680.398,run:denoise:2,64.963,69.373,4.553,72.865
680.899,run:denoise:2,64.963,69.373,4.553,72.865
681.399,run:denoise:2,64.963,69.373,4.554,72.865
681.9,run:denoise:2,64.963,69.373,4.553,72.865
682.401,run:denoise:2,64.963,69.373,4.552,72.865
682.902,run:denoise:2,64.963,69.373,4.552,72.865
683.402,run:denoise:2,64.963,69.373,4.553,72.865
683.903,run:denoise:2,64.963,69.373,4.552,72.865
684.404,run:denoise:2,64.963,69.373,4.553,72.865
684.905,run:denoise:2,64.963,69.373,4.552,72.865
685.406,run:denoise:2,64.963,69.373,4.552,72.865
685.907,run:denoise:2,69.373,69.373,4.553,72.865
686.407,run:denoise:2,66.3,69.373,4.554,72.865
686.908,run:denoise:2,69.373,69.373,4.553,72.865
687.409,run:denoise:2,69.373,69.373,4.553,72.865
687.91,run:denoise:2,65.594,69.373,4.553,72.865
688.41,run:denoise:2,69.373,69.373,4.553,72.865
688.911,run:denoise:2,69.373,69.373,4.552,72.865
689.412,run:denoise:2,65.341,69.373,4.552,72.865
689.913,run:denoise:2,69.373,69.373,4.55,72.865
690.414,run:denoise:2,66.678,69.373,4.552,72.865
690.915,run:denoise:2,69.373,69.373,4.552,72.865
691.415,run:denoise:2,69.373,69.373,4.552,72.865
691.916,run:denoise:2,66.609,69.373,4.553,72.865
692.417,run:denoise:2,69.373,69.373,4.552,72.865
692.918,run:denoise:2,69.373,69.373,4.552,72.865
693.418,run:denoise:2,65.341,69.373,4.552,72.865
693.919,run:denoise:2,69.373,69.373,4.551,72.865
694.42,run:denoise:2,67.245,69.373,4.551,72.865
694.921,run:denoise:2,69.373,69.373,4.551,72.865
695.422,run:denoise:2,63.83,69.373,4.552,72.865
695.923,run:denoise:2,66.098,69.373,4.551,72.865
696.423,run:denoise:2,64.963,69.373,4.552,72.865
696.924,run:denoise:2,64.963,69.373,4.553,72.865
697.425,run:denoise:2,64.963,69.373,4.553,72.865
697.926,run:denoise:2,64.963,69.373,4.553,72.865
698.426,run:denoise:2,64.963,69.373,4.554,72.865
698.927,run:denoise:2,64.963,69.373,4.553,72.865
699.428,run:denoise:2,64.963,69.373,4.553,72.865
699.929,run:denoise:2,64.963,69.373,4.552,72.865
700.43,run:denoise:2,64.963,69.373,4.552,72.865
700.931,run:denoise:2,64.963,69.373,4.552,72.865
701.431,run:denoise:2,64.963,69.373,4.552,72.865
701.932,run:denoise:2,69.373,69.373,4.552,72.865
702.433,run:denoise:2,66.111,69.373,4.553,72.865
702.934,run:denoise:2,69.373,69.373,4.554,72.865
703.434,run:denoise:2,69.373,69.373,4.554,72.865
703.935,run:denoise:2,65.594,69.373,4.554,72.865
704.436,run:denoise:2,69.373,69.373,4.554,72.865
704.937,run:denoise:2,69.373,69.373,4.554,72.865
705.437,run:denoise:2,65.341,69.373,4.554,72.865
705.939,run:denoise:2,69.373,69.373,4.555,72.865
706.439,run:denoise:2,66.678,69.373,4.555,72.865
706.941,run:denoise:2,69.373,69.373,4.558,72.865
707.442,run:denoise:2,69.373,69.373,4.557,72.865
707.943,run:denoise:2,65.594,69.373,4.556,72.865
708.444,run:denoise:2,69.373,69.373,4.556,72.865
708.944,run:denoise:2,69.373,69.373,4.555,72.865
709.445,run:denoise:2,65.341,69.373,4.555,72.865
709.946,run:denoise:2,69.373,69.373,4.555,72.865
710.447,run:denoise:2,67.245,69.373,4.556,72.865
710.948,run:denoise:2,66.097,69.373,4.557,72.865
711.449,init,63.047,69.373,4.557,72.865
711.949,init,63.047,69.373,4.556,72.865
712.45,init,63.047,69.373,4.556,72.865
712.951,init,63.047,69.373,4.555,72.865
713.452,init,63.047,69.373,4.555,72.865
713.952,init,63.047,69.373,4.554,72.865
714.453,init,63.047,69.373,4.554,72.865
714.954,init,63.047,69.373,4.555,72.865
715.455,init,63.047,69.373,4.555,72.865
715.956,init,63.047,69.373,4.554,72.865
716.457,init,63.047,69.373,4.555,72.865
716.958,run:denoise:3,64.979,69.373,4.585,72.629
717.458,run:denoise:3,69.01,69.373,4.587,72.629
717.959,run:denoise:3,65.734,69.373,4.586,72.629
718.46,run:denoise:3,64.979,69.373,4.587,72.629
718.961,run:denoise:3,69.01,69.373,4.586,72.629
719.461,run:denoise:3,65.937,69.373,4.587,72.629
719.962,run:denoise:3,69.01,69.373,4.587,72.629
720.464,run:denoise:3,69.01,69.373,4.587,72.629
720.964,run:denoise:3,65.231,69.373,4.587,72.629
721.465,run:denoise:3,69.01,69.373,4.587,72.629
721.966,run:denoise:3,69.01,69.373,4.588,72.629
722.466,run:denoise:3,64.979,69.373,4.588,72.629
722.967,run:denoise:3,69.01,69.373,4.588,72.629
723.468,run:denoise:3,66.315,69.373,4.588,72.629
723.969,run:denoise:3,69.01,69.373,4.587,72.629
724.469,run:denoise:3,69.01,69.373,4.587,72.629
724.97,run:denoise:3,65.231,69.373,4.587,72.629
725.472,run:denoise:3,69.01,69.373,4.587,72.629
725.972,run:denoise:3,69.01,69.373,4.587,72.629
726.473,run:denoise:3,64.978,69.373,4.587,72.629
726.974,run:denoise:3,63.076,69.373,4.588,72.629
727.474,run:denoise:3,63.076,69.373,4.588,72.629
727.975,run:denoise:3,63.076,69.373,4.588,72.629
728.476,run:denoise:3,63.076,69.373,4.589,72.629
728.977,run:denoise:3,63.076,69.373,4.589,72.629
729.478,run:denoise:3,63.076,69.373,4.589,72.629
729.978,run:denoise:3,63.076,69.373,4.588,72.629
730.479,run:denoise:3,63.076,69.373,4.588,72.629
730.98,run:denoise:3,63.076,69.373,4.588,72.629
731.481,run:denoise:3,63.076,69.373,4.587,72.629
731.982,run:denoise:3,63.076,69.373,4.586,72.629
732.483,run:denoise:3,64.992,69.401,4.586,72.629
732.983,run:denoise:3,64.992,69.401,4.584,72.629
733.484,run:denoise:3,69.401,69.401,4.586,72.629
733.985,run:denoise:3,67.651,69.401,4.586,72.629
734.486,run:denoise:3,69.401,69.401,4.586,72.629
734.986,run:denoise:3,69.401,69.401,4.586,72.629
735.487,run:denoise:3,65.37,69.401,4.586,72.629
735.988,run:denoise:3,69.401,69.401,4.587,72.629
736.489,run:denoise:3,65.748,69.401,4.587,72.629
736.99,run:denoise:3,65.37,69.401,4.587,72.629
737.491,run:denoise:3,69.401,69.401,4.588,72.629
737.991,run:denoise:3,66.328,69.401,4.588,72.629
738.492,run:denoise:3,69.401,69.401,4.588,72.629
738.993,run:denoise:3,69.401,69.401,4.588,72.629
739.494,run:denoise:3,65.622,69.401,4.588,72.629
739.994,run:denoise:3,69.401,69.401,4.587,72.629
740.495,run:denoise:3,69.401,69.401,4.587,72.629
740.996,run:denoise:3,65.37,69.401,4.587,72.629
741.497,run:denoise:3,69.401,69.401,4.588,72.629
741.998,run:denoise:3,66.328,69.401,4.587,72.629
742.499,run:denoise:3,69.401,69.401,4.587,72.629
742.999,run:denoise:3,63.859,69.401,4.587,72.629
743.5,run:denoise:3,64.236,69.401,4.588,72.629
744.001,run:denoise:3,64.992,69.401,4.588,72.629
744.502,run:denoise:3,64.992,69.401,4.588,72.629
745.002,run:denoise:3,64.992,69.401,4.588,72.629
745.503,run:denoise:3,64.992,69.401,4.587,72.629
746.004,run:denoise:3,64.992,69.401,4.586,72.629
746.505,run:denoise:3,64.992,69.401,4.586,72.629
747.006,run:denoise:3,64.992,69.401,4.586,72.629
747.507,run:denoise:3,64.992,69.401,4.586,72.629
748.007,run:denoise:3,64.992,69.401,4.585,72.629
748.508,run:denoise:3,64.992,69.401,4.585,72.629
749.009,run:denoise:3,64.992,69.401,4.585,72.629
749.51,run:denoise:3,64.992,69.401,4.587,72.629
750.011,run:denoise:3,64.992,69.401,4.587,72.629
750.511,run:denoise:3,69.401,69.401,4.587,72.629
751.012,run:denoise:3,66.328,69.401,4.588,72.629
751.513,run:denoise:3,69.401,69.401,4.589,72.629
752.014,run:denoise:3,69.401,69.401,4.587,72.629
752.515,run:denoise:3,65.622,69.401,4.588,72.629
753.016,run:denoise:3,69.401,69.401,4.588,72.629
753.516,run:denoise:3,69.401,69.401,4.588,72.629
754.017,run:denoise:3,65.37,69.401,4.588,72.629
754.518,run:denoise:3,69.401,69.401,4.588,72.629
755.019,run:denoise:3,66.706,69.401,4.589,72.629
755.519,run:denoise:3,69.401,69.401,4.589,72.629
756.02,run:denoise:3,69.401,69.401,4.589,72.629
756.521,run:denoise:3,67.273,69.401,4.589,72.629
757.022,run:denoise:3,69.401,69.401,4.588,72.629
757.523,run:denoise:3,69.401,69.401,4.588,72.629
758.024,run:denoise:3,65.37,69.401,4.587,72.629
758.525,run:denoise:3,69.401,69.401,4.587,72.629
759.025,run:denoise:3,66.378,69.401,4.588,72.629
759.526,run:denoise:3,66.503,69.401,4.589,72.629
760.027,run:denoise:3,64.236,69.401,4.587,72.629
760.527,run:denoise:3,64.992,69.401,4.587,72.629
761.028,run:denoise:3,64.992,69.401,4.589,72.629
761.529,run:denoise:3,64.992,69.401,4.589,72.629
762.03,run:denoise:3,64.992,69.401,4.589,72.629
762.531,run:denoise:3,64.992,69.401,4.589,72.629
763.032,run:denoise:3,64.992,69.401,4.588,72.629
763.533,run:denoise:3,64.992,69.401,4.588,72.629
764.033,run:denoise:3,64.992,69.401,4.586,72.629
764.534,run:denoise:3,64.992,69.401,4.599,72.629
765.035,run:denoise:3,64.992,69.401,4.599,72.629
765.536,run:denoise:3,64.992,69.401,4.6,72.629
766.036,run:denoise:3,64.992,69.401,4.601,72.629
766.537,run:denoise:3,64.992,69.401,4.602,72.629
767.038,run:denoise:3,64.992,69.401,4.603,72.629
767.539,run:denoise:3,64.992,69.401,4.603,72.629
768.04,run:denoise:3,65.622,69.401,4.601,72.629
768.541,run:denoise:3,69.401,69.401,4.601,72.629
769.041,run:denoise:3,69.401,69.401,4.601,72.629
769.542,run:denoise:3,65.37,69.401,4.601,72.629
770.043,run:denoise:3,69.401,69.401,4.602,72.629
770.544,run:denoise:3,67.272,69.401,4.602,72.629
771.044,run:denoise:3,69.401,69.401,4.602,72.629
771.545,run:denoise:3,69.401,69.401,4.603,72.629
772.046,run:denoise:3,66.139,69.401,4.602,72.629
772.547,run:denoise:3,69.401,69.401,4.603,72.629
773.048,run:denoise:3,69.401,69.401,4.603,72.629
773.549,run:denoise:3,65.37,69.401,4.603,72.629
774.049,run:denoise:3,69.401,69.401,4.603,72.629
774.55,run:denoise:3,66.125,69.401,4.603,72.629
775.051,run:denoise:3,65.37,69.401,4.602,72.629
775.552,run:denoise:3,69.401,69.401,4.602,72.629
776.052,run:denoise:3,66.328,69.401,4.603,72.629
776.553,run:denoise:3,69.401,69.401,4.602,72.629
777.054,run:denoise:3,69.401,69.401,4.602,72.629
777.555,run:denoise:3,63.859,69.401,4.602,72.629
778.056,run:denoise:3,65.748,69.401,4.6,72.629
778.557,run:denoise:3,64.992,69.401,4.601,72.629
779.057,run:denoise:3,64.992,69.401,4.601,72.629
779.558,run:denoise:3,64.992,69.401,4.601,72.629
780.059,run:denoise:3,64.992,69.401,4.6,72.629
780.56,run:denoise:3,64.992,69.401,4.6,72.629
781.06,run:denoise:3,64.992,69.401,4.6,72.629
781.561,run:denoise:3,64.992,69.401,4.6,72.629
782.062,run:denoise:3,64.992,69.401,4.6,72.629
782.563,run:denoise:3,64.992,69.401,4.6,72.629
783.064,run:denoise:3,64.992,69.401,4.6,72.629
783.565,run:denoise:3,64.992,69.401,4.599,72.629
784.066,run:denoise:3,64.992,69.401,4.601,72.629
784.566,run:denoise:3,64.992,69.401,4.602,72.629
785.067,run:denoise:3,64.992,69.401,4.602,72.629
785.568,run:denoise:3,64.992,69.401,4.602,72.629
786.068,run:denoise:3,65.118,69.401,4.601,72.629
786.569,run:denoise:3,69.401,69.401,4.601,72.629
787.07,run:denoise:3,69.401,69.401,4.601,72.629
787.571,run:denoise:3,65.622,69.401,4.601,72.629
788.072,run:denoise:3,69.401,69.401,4.602,72.629
788.573,run:denoise:3,69.401,69.401,4.585,72.629
789.073,run:denoise:3,65.37,69.401,4.586,72.629
789.574,run:denoise:3,69.401,69.401,4.59,72.629
790.075,run:denoise:3,66.706,69.401,4.593,72.629
790.576,run:denoise:3,69.401,69.401,4.593,72.629
791.076,run:denoise:3,69.401,69.401,4.595,72.629
791.577,run:denoise:3,65.622,69.401,4.595,72.629
792.078,run:denoise:3,69.401,69.401,4.596,72.629
792.579,run:denoise:3,69.401,69.401,4.596,72.629
793.08,run:denoise:3,65.37,69.401,4.596,72.629
793.581,run:denoise:3,69.401,69.401,4.596,72.629
794.081,run:denoise:3,66.706,69.401,4.597,72.629
794.582,run:denoise:3,69.401,69.401,4.598,72.629
795.083,run:denoise:3,69.401,69.401,4.598,72.629
795.584,run:denoise:3,65.37,69.401,4.598,72.629
796.084,run:denoise:3,64.236,69.401,4.6,72.629
796.585,run:denoise:3,64.992,69.401,4.6,72.629
797.086,run:denoise:3,64.992,69.401,4.6,72.629
797.586,run:denoise:3,64.992,69.401,4.6,72.629
798.087,run:denoise:3,64.992,69.401,4.592,72.629
798.589,run:denoise:3,64.992,69.401,4.592,72.629
799.089,run:denoise:3,64.992,69.401,4.592,72.629
799.59,run:denoise:3,64.992,69.401,4.592,72.629
800.091,run:denoise:3,64.992,69.401,4.595,72.629
800.592,run:denoise:3,64.992,69.401,4.595,72.629
801.092,run:denoise:3,64.992,69.401,4.595,72.629
801.593,run:denoise:3,64.992,69.401,4.595,72.629
802.094,run:denoise:3,64.992,69.401,4.593,72.629
802.595,run:denoise:3,64.992,69.401,4.594,72.629
803.095,run:denoise:3,64.992,69.401,4.594,72.629
803.597,run:denoise:3,64.992,69.401,4.595,72.629
804.097,run:denoise:3,68.393,69.401,4.588,72.629
804.598,run:denoise:3,65.37,69.401,4.59,72.629
805.099,run:denoise:3,69.401,69.401,4.591,72.629
805.6,run:denoise:3,66.706,69.401,4.591,72.629
806.1,run:denoise:3,69.401,69.401,4.591,72.629
806.601,run:denoise:3,69.401,69.401,4.592,72.629
807.102,run:denoise:3,65.622,69.401,4.592,72.629
807.603,run:denoise:3,69.401,69.401,4.593,72.629
808.103,run:denoise:3,69.401,69.401,4.594,72.629
808.605,run:denoise:3,65.37,69.401,4.594,72.629
809.105,run:denoise:3,69.401,69.401,4.594,72.629
809.606,run:denoise:3,67.272,69.401,4.594,72.629
810.107,run:denoise:3,69.401,69.401,4.595,72.629
810.608,run:denoise:3,69.401,69.401,4.595,72.629
811.108,run:denoise:3,66.139,69.401,4.596,72.629
811.609,run:denoise:3,69.401,69.401,4.596,72.629
812.11,run:denoise:3,69.401,69.401,4.59,72.629
812.611,run:denoise:3,65.37,69.401,4.591,72.629
813.111,run:denoise:3,69.401,69.401,4.591,72.629
813.612,run:denoise:3,63.076,69.401,4.591,72.629
814.113,run:denoise:3,64.236,69.401,4.589,72.629
814.614,run:denoise:3,64.992,69.401,4.593,72.629
815.115,run:denoise:3,64.992,69.401,4.595,72.629
815.616,run:denoise:3,64.992,69.401,4.595,72.629
816.117,run:denoise:3,64.992,69.401,4.596,72.629
816.617,run:denoise:3,64.992,69.401,4.596,72.629
817.118,run:denoise:3,64.992,69.401,4.596,72.629
817.619,run:denoise:3,64.992,69.401,4.596,72.629
818.12,run:denoise:3,64.992,69.401,4.597,72.629
818.62,run:denoise:3,64.992,69.401,4.597,72.629
819.122,run:denoise:3,64.992,69.401,4.597,72.629
819.623,run:denoise:3,64.992,69.401,4.597,72.629
820.123,run:denoise:3,64.992,69.401,4.597,72.629
820.624,run:denoise:3,64.992,69.401,4.599,72.629
821.125,run:denoise:3,69.401,69.401,4.599,72.629
821.625,run:denoise:3,65.37,69.401,4.599,72.629
822.126,run:denoise:3,69.401,69.401,4.598,72.629
822.627,run:denoise:3,67.137,69.401,4.599,72.629
823.128,run:denoise:3,65.37,69.401,4.598,72.629
823.628,run:denoise:3,69.401,69.401,4.598,72.629
824.13,run:denoise:3,66.139,69.401,4.598,72.629
824.63,run:denoise:3,69.401,69.401,4.597,72.629
825.131,run:denoise:3,69.401,69.401,4.597,72.629
825.632,run:denoise:3,65.118,69.401,4.599,72.629
826.133,run:denoise:3,69.401,69.401,4.599,72.629
826.633,run:denoise:3,68.393,69.401,4.599,72.629
827.134,run:denoise:3,65.37,69.401,4.6,72.629
827.635,run:denoise:3,69.401,69.401,4.6,72.629
828.136,run:denoise:3,66.328,69.401,4.601,72.629
828.636,run:denoise:3,69.401,69.401,4.6,72.629
829.137,run:denoise:3,69.401,69.401,4.601,72.629
829.639,run:denoise:3,65.622,69.401,4.601,72.629
830.139,run:denoise:3,69.401,69.401,4.601,72.629
830.64,run:denoise:3,63.859,69.401,4.6,72.629
831.141,run:denoise:3,64.236,69.401,4.599,72.629
831.641,run:denoise:3,64.992,69.401,4.599,72.629
832.142,run:denoise:3,64.992,69.401,4.599,72.629
832.643,run:denoise:3,64.992,69.401,4.599,72.629
833.144,run:denoise:3,64.992,69.401,4.599,72.629
833.644,run:denoise:3,64.992,69.401,4.599,72.629
834.145,run:denoise:3,64.992,69.401,4.599,72.629
834.647,run:denoise:3,64.992,69.401,4.599,72.629
835.147,run:denoise:3,64.992,69.401,4.599,72.629
835.648,run:denoise:3,64.992,69.401,4.6,72.629
836.149,run:denoise:3,64.992,69.401,4.592,72.629
836.65,run:denoise:3,64.992,69.401,4.591,72.629
837.15,run:denoise:3,64.992,69.401,4.592,72.629
837.651,run:denoise:3,64.992,69.401,4.595,72.629
838.152,run:denoise:3,69.401,69.401,4.593,72.629
838.653,run:denoise:3,66.139,69.401,4.595,72.629
839.153,run:denoise:3,69.401,69.401,4.594,72.629
839.654,run:denoise:3,69.401,69.401,4.596,72.629
840.155,run:denoise:3,65.622,69.401,4.591,72.629
840.656,run:denoise:3,69.401,69.401,4.592,72.629
841.157,run:denoise:3,69.401,69.401,4.594,72.629
841.658,run:denoise:3,65.37,69.401,4.595,72.629
842.158,run:denoise:3,69.401,69.401,4.596,72.629
842.659,run:denoise:3,66.706,69.401,4.598,72.629
843.16,run:denoise:3,69.401,69.401,4.599,72.629
843.661,run:denoise:3,69.401,69.401,4.599,72.629
844.161,run:denoise:3,65.622,69.401,4.599,72.629
844.662,run:denoise:3,69.401,69.401,4.599,72.629
845.164,run:denoise:3,69.401,69.401,4.6,72.629
845.664,run:denoise:3,65.37,69.401,4.6,72.629
846.165,run:denoise:3,69.401,69.401,4.593,72.629
846.666,run:denoise:3,67.272,69.401,4.591,72.629
847.167,run:denoise:3,63.859,69.401,4.595,72.629
847.667,run:denoise:3,65.748,69.401,4.595,72.629
848.168,run:denoise:3,64.992,69.401,4.6,72.629
848.669,run:denoise:3,64.992,69.401,4.599,72.629
849.17,run:denoise:3,64.992,69.401,4.601,72.629
849.67,run:denoise:3,64.992,69.401,4.601,72.629
850.172,run:denoise:3,64.992,69.401,4.6,72.629
850.672,run:denoise:3,64.992,69.401,4.6,72.629
851.173,run:denoise:3,64.992,69.401,4.601,72.629
851.674,run:denoise:3,64.992,69.401,4.601,72.629
852.175,run:denoise:3,64.992,69.401,4.592,72.629
852.675,run:denoise:3,64.992,69.401,4.592,72.629
853.176,run:denoise:3,65.748,69.401,4.595,72.629
853.677,run:denoise:3,65.37,69.401,4.596,72.629
854.178,run:denoise:3,69.401,69.401,4.597,72.629
854.678,run:denoise:3,66.328,69.401,4.597,72.629
855.179,run:denoise:3,69.401,69.401,4.598,72.629
855.68,run:denoise:3,69.401,69.401,4.597,72.629
856.181,run:denoise:3,65.622,69.401,4.599,72.629
856.682,run:denoise:3,69.401,69.401,4.599,72.629
857.183,run:denoise:3,69.401,69.401,4.601,72.629
857.683,run:denoise:3,65.37,69.401,4.601,72.629
858.184,run:denoise:3,69.401,69.401,4.59,72.629
858.685,run:denoise:3,67.65,69.401,4.59,72.629
859.186,run:denoise:3,66.503,69.401,4.594,72.629
859.686,run:denoise:3,69.401,69.401,4.595,72.629
860.187,run:denoise:3,66.139,69.401,4.595,72.629
860.688,run:denoise:3,69.401,69.401,4.595,72.629
861.189,run:denoise:3,69.401,69.401,4.596,72.629
861.69,run:denoise:3,65.37,69.401,4.596,72.629
862.191,run:denoise:3,69.401,69.401,4.591,72.629
862.691,init,63.076,69.401,4.587,72.629
863.192,init,63.076,69.401,4.594,72.629
863.693,init,63.076,69.401,4.595,72.629
864.194,init,63.076,69.401,4.598,72.629
864.695,init,63.076,69.401,4.597,72.629
865.195,init,63.076,69.401,4.599,72.629
865.697,init,63.076,69.401,4.599,72.629
866.197,init,63.076,69.401,4.593,72.629
866.698,init,63.076,69.401,4.592,72.629
867.199,init,63.076,69.401,4.593,72.629
867.7,init,63.076,69.401,4.593,72.629
868.206,run:denoise:4,63.063,69.401,4.609,65.453
868.708,run:denoise:4,69.037,69.401,4.622,72.772
869.209,run:denoise:4,65.259,69.401,4.625,72.772
869.709,run:denoise:4,69.037,69.401,4.626,72.772
870.211,run:denoise:4,69.037,69.401,4.624,72.772
870.711,run:denoise:4,65.007,69.401,4.624,72.772
871.212,run:denoise:4,69.037,69.401,4.625,72.772
871.713,run:denoise:4,66.774,69.401,4.625,72.772
872.214,run:denoise:4,65.007,69.401,4.627,72.772
872.714,run:denoise:4,69.037,69.401,4.627,72.772
873.215,run:denoise:4,65.777,69.401,4.627,72.772
873.716,run:denoise:4,69.037,69.401,4.627,72.772
874.217,run:denoise:4,69.037,69.401,4.627,72.772
874.717,run:denoise:4,65.259,69.401,4.627,72.772
875.219,run:denoise:4,69.037,69.401,4.627,72.772
875.719,run:denoise:4,69.037,69.401,4.626,72.772
876.22,run:denoise:4,65.007,69.401,4.627,72.772
876.721,run:denoise:4,69.037,69.401,4.627,72.772
877.222,run:denoise:4,65.966,69.401,4.627,72.772
877.722,run:denoise:4,69.037,69.401,4.626,72.772
878.223,run:denoise:4,63.104,69.401,4.627,72.772
878.724,run:denoise:4,63.104,69.401,4.626,72.772
879.224,run:denoise:4,63.104,69.401,4.626,72.772
879.725,run:denoise:4,63.104,69.401,4.627,72.772
880.226,run:denoise:4,63.104,69.401,4.628,72.772
880.727,run:denoise:4,63.104,69.401,4.628,72.772
881.228,run:denoise:4,63.104,69.401,4.628,72.772
881.729,run:denoise:4,63.104,69.401,4.629,72.772
882.229,run:denoise:4,63.104,69.401,4.627,72.772
882.73,run:denoise:4,63.104,69.401,4.627,72.772
883.231,run:denoise:4,63.104,69.401,4.627,72.772
883.732,run:denoise:4,65.02,69.429,4.627,72.772
884.232,run:denoise:4,65.021,69.429,4.627,72.772
884.733,run:denoise:4,69.429,69.429,4.629,72.772
885.234,run:denoise:4,65.398,69.429,4.629,72.772
885.735,run:denoise:4,69.429,69.429,4.627,72.772
886.236,run:denoise:4,66.154,69.429,4.626,72.772
886.737,run:denoise:4,65.398,69.429,4.626,72.772
887.237,run:denoise:4,69.429,69.429,4.627,72.772
887.738,run:denoise:4,66.356,69.429,4.627,72.772
888.239,run:denoise:4,69.429,69.429,4.628,72.772
888.74,run:denoise:4,69.429,69.429,4.628,72.772
889.24,run:denoise:4,65.651,69.429,4.628,72.772
889.741,run:denoise:4,69.429,69.429,4.628,72.772
890.242,run:denoise:4,69.429,69.429,4.627,72.772
890.743,run:denoise:4,65.398,69.429,4.626,72.772
891.243,run:denoise:4,69.429,69.429,4.626,72.772
891.744,run:denoise:4,66.734,69.429,4.625,72.772
892.245,run:denoise:4,69.429,69.429,4.625,72.772
892.745,run:denoise:4,69.429,69.429,4.625,72.772
893.246,run:denoise:4,65.651,69.429,4.625,72.772
893.747,run:denoise:4,69.429,69.429,4.626,72.772
894.248,run:denoise:4,63.888,69.429,4.625,72.772
894.748,run:denoise:4,64.265,69.429,4.626,72.772
895.249,run:denoise:4,65.021,69.429,4.627,72.772
895.75,run:denoise:4,65.021,69.429,4.627,72.772
896.251,run:denoise:4,65.021,69.429,4.626,72.772
896.752,run:denoise:4,65.021,69.429,4.627,72.772
897.253,run:denoise:4,65.021,69.429,4.627,72.772
897.754,run:denoise:4,65.021,69.429,4.627,72.772
898.254,run:denoise:4,65.021,69.429,4.626,72.772
898.755,run:denoise:4,65.021,69.429,4.626,72.772
899.256,run:denoise:4,65.021,69.429,4.626,72.772
899.756,run:denoise:4,65.021,69.429,4.627,72.772
900.257,run:denoise:4,65.02,69.429,4.628,72.772
900.758,run:denoise:4,65.02,69.429,4.629,72.772
901.259,run:denoise:4,65.021,69.429,4.629,72.772
901.76,run:denoise:4,69.429,69.429,4.631,72.772
902.261,run:denoise:4,65.651,69.429,4.63,72.772
902.761,run:denoise:4,69.429,69.429,4.63,72.772
903.262,run:denoise:4,69.429,69.429,4.63,72.772
903.763,run:denoise:4,65.399,69.429,4.628,72.772
904.264,run:denoise:4,69.429,69.429,4.627,72.772
904.764,run:denoise:4,67.165,69.429,4.629,72.772
905.265,run:denoise:4,65.399,69.429,4.629,72.772
905.766,run:denoise:4,69.429,69.429,4.63,72.772
906.267,run:denoise:4,66.168,69.429,4.629,72.772
906.768,run:denoise:4,69.429,69.429,4.628,72.772
907.269,run:denoise:4,69.429,69.429,4.628,72.772
907.77,run:denoise:4,65.776,69.429,4.628,72.772
908.271,run:denoise:4,69.429,69.429,4.628,72.772
908.771,run:denoise:4,66.154,69.429,4.628,72.772
909.272,run:denoise:4,65.399,69.429,4.628,72.772
909.773,run:denoise:4,69.429,69.429,4.628,72.772
910.273,run:denoise:4,66.357,69.429,4.627,72.772
910.774,run:denoise:4,69.429,69.429,4.627,72.772
911.275,run:denoise:4,64.265,69.429,4.628,72.772
911.776,run:denoise:4,65.398,69.429,4.627,72.772
912.277,run:denoise:4,65.02,69.429,4.627,72.772
912.778,run:denoise:4,65.02,69.429,4.627,72.772
913.278,run:denoise:4,65.02,69.429,4.628,72.772
913.779,run:denoise:4,65.02,69.429,4.627,72.772
914.28,run:denoise:4,65.02,69.429,4.628,72.772
914.781,run:denoise:4,65.02,69.429,4.627,72.772
915.281,run:denoise:4,65.02,69.429,4.627,72.772
915.782,run:denoise:4,65.02,69.429,4.628,72.772
916.283,run:denoise:4,65.02,69.429,4.627,72.772
916.783,run:denoise:4,65.021,69.429,4.627,72.772
917.285,run:denoise:4,65.02,69.429,4.628,72.772
917.786,run:denoise:4,65.02,69.429,4.63,72.772
918.286,run:denoise:4,65.021,69.429,4.63,72.772
918.787,run:denoise:4,65.021,69.429,4.63,72.772
919.288,run:denoise:4,65.399,69.429,4.63,72.772
919.789,run:denoise:4,69.429,69.429,4.63,72.772
920.289,run:denoise:4,67.67,69.429,4.631,72.772
920.79,run:denoise:4,65.399,69.429,4.631,72.772
921.291,run:denoise:4,69.429,69.429,4.631,72.772
921.792,run:denoise:4,66.168,69.429,4.631,72.772
922.293,run:denoise:4,69.429,69.429,4.632,72.772
922.794,run:denoise:4,69.429,69.429,4.633,72.772
923.294,run:denoise:4,65.651,69.429,4.633,72.772
923.795,run:denoise:4,69.429,69.429,4.633,72.772
924.296,run:denoise:4,69.429,69.429,4.631,72.772
924.796,run:denoise:4,65.399,69.429,4.63,72.772
925.297,run:denoise:4,69.429,69.429,4.63,72.772
925.798,run:denoise:4,66.735,69.429,4.632,72.772
926.299,run:denoise:4,69.429,69.429,4.634,72.772
926.799,run:denoise:4,69.429,69.429,4.633,72.772
927.301,run:denoise:4,65.651,69.429,4.633,72.772
927.801,run:denoise:4,69.429,69.429,4.632,72.772
928.302,run:denoise:4,69.429,69.429,4.622,72.772
928.803,run:denoise:4,63.887,69.429,4.623,72.772
929.304,run:denoise:4,65.776,69.429,4.623,72.772
929.804,run:denoise:4,65.02,69.429,4.625,72.772
930.305,run:denoise:4,65.02,69.429,4.626,72.772
930.806,run:denoise:4,65.02,69.429,4.626,72.772
931.307,run:denoise:4,65.02,69.429,4.626,72.772
931.807,run:denoise:4,65.02,69.429,4.626,72.772
932.308,run:denoise:4,65.02,69.429,4.627,72.772
932.809,run:denoise:4,65.02,69.429,4.626,72.772
933.31,run:denoise:4,65.02,69.429,4.626,72.772
933.811,run:denoise:4,65.02,69.429,4.626,72.772
934.312,run:denoise:4,65.02,69.429,4.628,72.772
934.812,run:denoise:4,65.02,69.429,4.628,72.772
935.313,run:denoise:4,65.021,69.429,4.628,72.772
935.814,run:denoise:4,65.021,69.429,4.628,72.772
936.315,run:denoise:4,65.02,69.429,4.628,72.772
936.815,run:denoise:4,65.02,69.429,4.628,72.772
937.316,run:denoise:4,65.021,69.429,4.628,72.772
937.817,run:denoise:4,69.429,69.429,4.628,72.772
938.318,run:denoise:4,69.429,69.429,4.629,72.772
938.819,run:denoise:4,65.398,69.429,4.629,72.772
939.32,run:denoise:4,69.429,69.429,4.629,72.772
939.82,run:denoise:4,66.735,69.429,4.629,72.772
940.321,run:denoise:4,69.429,69.429,4.629,72.772
940.822,run:denoise:4,69.429,69.429,4.629,72.772
941.323,run:denoise:4,65.651,69.429,4.629,72.772
941.823,run:denoise:4,69.429,69.429,4.628,72.772
942.324,run:denoise:4,69.429,69.429,4.629,72.772
942.825,run:denoise:4,65.398,69.429,4.629,72.772
943.326,run:denoise:4,69.429,69.429,4.629,72.772
943.827,run:denoise:4,66.281,69.429,4.629,72.772
944.327,run:denoise:4,66.532,69.429,4.628,72.772
944.828,run:denoise:4,69.429,69.429,4.628,72.772
945.329,run:denoise:4,66.168,69.429,4.628,72.772
945.83,run:denoise:4,69.429,69.429,4.628,72.772
946.33,run:denoise:4,69.429,69.429,4.628,72.772
946.831,run:denoise:4,65.398,69.429,4.628,72.772
947.332,run:denoise:4,63.888,69.429,4.629,72.772
947.832,run:denoise:4,67.428,69.429,4.63,72.772
948.334,run:denoise:4,65.021,69.429,4.631,72.772
948.835,run:denoise:4,65.021,69.429,4.63,72.772
949.335,run:denoise:4,65.021,69.429,4.63,72.772
949.836,run:denoise:4,65.021,69.429,4.629,72.772
950.337,run:denoise:4,65.021,69.429,4.629,72.772
950.838,run:denoise:4,65.021,69.429,4.629,72.772
951.338,run:denoise:4,65.021,69.429,4.629,72.772
951.839,run:denoise:4,65.021,69.429,4.63,72.772
952.34,run:denoise:4,65.021,69.429,4.628,72.772
952.841,run:denoise:4,65.021,69.429,4.629,72.772
953.342,run:denoise:4,65.02,69.429,4.629,72.772
953.843,run:denoise:4,65.02,69.429,4.63,72.772
954.343,run:denoise:4,65.02,69.429,4.628,72.772
954.844,run:denoise:4,65.021,69.429,4.628,72.772
955.345,run:denoise:4,65.021,69.429,4.628,72.772
955.846,run:denoise:4,69.429,69.429,4.631,72.772
956.346,run:denoise:4,69.429,69.429,4.629,72.772
956.847,run:denoise:4,65.651,69.429,4.614,72.772
957.348,run:denoise:4,69.429,69.429,4.616,72.772
957.849,run:denoise:4,69.429,69.429,4.623,72.772
958.349,run:denoise:4,65.399,69.429,4.62,72.772
958.851,run:denoise:4,69.429,69.429,4.623,72.772
959.351,run:denoise:4,65.776,69.429,4.625,72.772
959.852,run:denoise:4,65.399,69.429,4.629,72.772
960.353,run:denoise:4,69.429,69.429,4.625,72.772
960.854,run:denoise:4,66.357,69.429,4.625,72.772
961.354,run:denoise:4,69.429,69.429,4.624,72.772
961.855,run:denoise:4,69.429,69.429,4.625,72.772
962.356,run:denoise:4,65.651,69.429,4.624,72.772
962.857,run:denoise:4,69.429,69.429,4.625,72.772
963.357,run:denoise:4,69.429,69.429,4.625,72.772
963.859,run:denoise:4,65.399,69.429,4.618,72.772
964.359,run:denoise:4,69.429,69.429,4.619,72.772
964.86,run:denoise:4,66.735,69.429,4.622,72.772
965.361,run:denoise:4,63.887,69.429,4.622,72.772
965.862,run:denoise:4,65.776,69.429,4.623,72.772
966.362,run:denoise:4,65.02,69.429,4.625,72.772
966.863,run:denoise:4,65.02,69.429,4.625,72.772
967.364,run:denoise:4,65.02,69.429,4.624,72.772
967.865,run:denoise:4,65.02,69.429,4.625,72.772
968.365,run:denoise:4,65.02,69.429,4.626,72.772
968.867,run:denoise:4,65.02,69.429,4.628,72.772
969.368,run:denoise:4,65.02,69.429,4.628,72.772
969.869,run:denoise:4,65.02,69.429,4.627,72.772
970.369,run:denoise:4,65.02,69.429,4.627,72.772
970.87,run:denoise:4,65.02,69.429,4.629,72.772
971.371,run:denoise:4,65.02,69.429,4.629,72.772
971.871,run:denoise:4,65.021,69.429,4.63,72.772
972.372,run:denoise:4,65.021,69.429,4.63,72.772
972.873,run:denoise:4,65.399,69.429,4.63,72.772
973.374,run:denoise:4,69.429,69.429,4.629,72.772
973.874,run:denoise:4,66.735,69.429,4.62,72.772
974.376,run:denoise:4,69.429,69.429,4.622,72.772
974.876,run:denoise:4,69.429,69.429,4.625,72.772
975.377,run:denoise:4,67.679,69.429,4.626,72.772
975.878,run:denoise:4,69.429,69.429,4.625,72.772
976.379,run:denoise:4,69.429,69.429,4.626,72.772
976.879,run:denoise:4,65.399,69.429,4.628,72.772
977.38,run:denoise:4,69.429,69.429,4.628,72.772
977.881,run:denoise:4,65.776,69.429,4.628,72.772
978.382,run:denoise:4,65.399,69.429,4.628,72.772
978.882,run:denoise:4,69.429,69.429,4.628,72.772
979.384,run:denoise:4,66.357,69.429,4.628,72.772
979.885,run:denoise:4,69.429,69.429,4.628,72.772
980.386,run:denoise:4,69.429,69.429,4.628,72.772
980.886,run:denoise:4,65.651,69.429,4.629,72.772
981.387,run:denoise:4,69.429,69.429,4.629,72.772
981.888,run:denoise:4,69.429,69.429,4.628,72.772
982.388,run:denoise:4,63.887,69.429,4.629,72.772
982.889,run:denoise:4,65.776,69.429,4.628,72.772
983.39,run:denoise:4,65.02,69.429,4.629,72.772
983.891,run:denoise:4,65.02,69.429,4.627,72.772
984.391,run:denoise:4,65.02,69.429,4.627,72.772
984.893,run:denoise:4,65.02,69.429,4.628,72.772
985.394,run:denoise:4,65.02,69.429,4.628,72.772
985.894,run:denoise:4,65.02,69.429,4.628,72.772
986.395,run:denoise:4,65.02,69.429,4.629,72.772
986.896,run:denoise:4,65.02,69.429,4.629,72.772
987.397,run:denoise:4,65.02,69.429,4.629,72.772
987.897,run:denoise:4,65.02,69.429,4.629,72.772
988.398,run:denoise:4,65.02,69.429,4.629,72.772
988.899,run:denoise:4,65.021,69.429,4.63,72.772
989.4,run:denoise:4,69.429,69.429,4.631,72.772
989.901,run:denoise:4,66.357,69.429,4.63,72.772
990.402,run:denoise:4,69.429,69.429,4.631,72.772
990.902,run:denoise:4,69.429,69.429,4.63,72.772
991.403,run:denoise:4,65.651,69.429,4.629,72.772
991.904,run:denoise:4,69.429,69.429,4.629,72.772
992.405,run:denoise:4,69.429,69.429,4.629,72.772
992.905,run:denoise:4,65.399,69.429,4.629,72.772
993.406,run:denoise:4,69.429,69.429,4.629,72.772
993.907,run:denoise:4,66.735,69.429,4.629,72.772
994.407,run:denoise:4,69.429,69.429,4.63,72.772
994.909,run:denoise:4,69.429,69.429,4.629,72.772
995.409,run:denoise:4,66.168,69.429,4.63,72.772
995.91,run:denoise:4,69.429,69.429,4.629,72.772
996.411,run:denoise:4,69.429,69.429,4.629,72.772
996.912,run:denoise:4,65.399,69.429,4.629,72.772
997.412,run:denoise:4,69.429,69.429,4.629,72.772
997.913,run:denoise:4,65.776,69.429,4.629,72.772
998.414,run:denoise:4,65.021,69.429,4.629,72.772
998.915,run:denoise:4,64.265,69.429,4.629,72.772
999.415,run:denoise:4,65.02,69.429,4.629,72.772
999.916,run:denoise:4,65.02,69.429,4.629,72.772
1000.417,run:denoise:4,65.02,69.429,4.629,72.772
1000.918,run:denoise:4,65.02,69.429,4.63,72.772
1001.419,run:denoise:4,65.02,69.429,4.63,72.772
1001.92,run:denoise:4,65.02,69.429,4.629,72.772
1002.42,run:denoise:4,65.02,69.429,4.63,72.772
1002.921,run:denoise:4,65.02,69.429,4.63,72.772
1003.422,run:denoise:4,65.02,69.429,4.631,72.772
1003.923,run:denoise:4,65.02,69.429,4.628,72.772
1004.423,run:denoise:4,65.021,69.429,4.628,72.772
1004.924,run:denoise:4,65.399,69.429,4.628,72.772
1005.425,run:denoise:4,69.429,69.429,4.629,72.772
1005.926,run:denoise:4,67.302,69.429,4.629,72.772
1006.427,run:denoise:4,69.429,69.429,4.629,72.772
1006.928,run:denoise:4,69.429,69.429,4.63,72.772
1007.428,run:denoise:4,66.168,69.429,4.63,72.772
1007.929,run:denoise:4,69.429,69.429,4.63,72.772
1008.43,run:denoise:4,69.429,69.429,4.63,72.772
1008.931,run:denoise:4,65.147,69.429,4.63,72.772
1009.431,run:denoise:4,69.429,69.429,4.63,72.772
1009.932,run:denoise:4,69.429,69.429,4.629,72.772
1010.433,run:denoise:4,65.399,69.429,4.63,72.772
1010.934,run:denoise:4,69.429,69.429,4.63,72.772
1011.434,run:denoise:4,66.735,69.429,4.628,72.772
1011.935,run:denoise:4,69.429,69.429,4.628,72.772
1012.436,run:denoise:4,69.429,69.429,4.628,72.772
1012.936,run:denoise:4,65.651,69.429,4.628,72.772
1013.437,run:denoise:4,69.429,69.429,4.63,72.772
1013.938,run:denoise:4,69.429,69.429,4.629,72.772
1014.439,init,63.105,69.429,4.63,72.772
1014.94,init,63.105,69.429,4.629,72.772
1015.441,init,63.105,69.429,4.631,72.772
1015.942,init,63.105,69.429,4.629,72.772
1016.442,init,63.105,69.429,4.629,72.772
1016.943,init,63.105,69.429,4.629,72.772
1017.444,init,63.105,69.429,4.629,72.772
1017.945,init,63.105,69.429,4.628,72.772
1018.445,init,63.105,69.429,4.628,72.772
1018.946,init,63.105,69.429,4.627,72.772
1019.447,init,63.105,69.429,4.629,72.772
1019.948,run:denoise:5,68.058,69.429,4.653,73.043
1020.449,run:denoise:5,65.995,69.429,4.653,73.043
1020.95,run:denoise:5,69.066,69.429,4.653,73.043
1021.45,run:denoise:5,69.066,69.429,4.653,73.043
1021.951,run:denoise:5,65.288,69.429,4.653,73.043
1022.452,run:denoise:5,69.066,69.429,4.653,73.043
1022.953,run:denoise:5,69.066,69.429,4.653,73.043
1023.453,run:denoise:5,65.036,69.429,4.654,73.043
1023.954,run:denoise:5,69.066,69.429,4.653,73.043
1024.455,run:denoise:5,66.373,69.429,4.653,73.043
1024.955,run:denoise:5,69.066,69.429,4.652,73.043
1025.457,run:denoise:5,69.066,69.429,4.654,73.043
1025.958,run:denoise:5,65.288,69.429,4.653,73.043
1026.458,run:denoise:5,69.066,69.429,4.654,73.043
1026.959,run:denoise:5,69.066,69.429,4.653,73.043
1027.46,run:denoise:5,65.036,69.429,4.653,73.043
1027.961,run:denoise:5,69.066,69.429,4.653,73.043
1028.461,run:denoise:5,66.561,69.429,4.653,73.043
1028.962,run:denoise:5,69.066,69.429,4.653,73.043
1029.463,run:denoise:5,69.066,69.429,4.653,73.043
1029.963,run:denoise:5,63.133,69.429,4.652,73.043
1030.465,run:denoise:5,63.133,69.429,4.639,73.043
1030.966,run:denoise:5,63.133,69.429,4.639,73.043
1031.467,run:denoise:5,63.133,69.429,4.642,73.043
1031.967,run:denoise:5,63.133,69.429,4.646,73.043
1032.468,run:denoise:5,63.133,69.429,4.647,73.043
1032.969,run:denoise:5,63.133,69.429,4.647,73.043
1033.469,run:denoise:5,63.133,69.429,4.647,73.043
1033.97,run:denoise:5,63.133,69.429,4.64,73.043
1034.471,run:denoise:5,63.133,69.429,4.643,73.043
1034.972,run:denoise:5,63.133,69.429,4.644,73.043
1035.472,run:denoise:5,65.049,69.458,4.645,73.043
1035.974,run:denoise:5,65.049,69.458,4.65,73.043
1036.475,run:denoise:5,65.049,69.458,4.65,73.043
1036.975,run:denoise:5,69.458,69.458,4.651,73.043
1037.476,run:denoise:5,66.183,69.458,4.652,73.043
1037.977,run:denoise:5,65.427,69.458,4.651,73.043
1038.478,run:denoise:5,69.458,69.458,4.651,73.043
1038.978,run:denoise:5,66.386,69.458,4.651,73.043
1039.479,run:denoise:5,69.458,69.458,4.651,73.043
1039.98,run:denoise:5,69.458,69.458,4.643,73.043
1040.48,run:denoise:5,65.68,69.458,4.646,73.043
1040.982,run:denoise:5,69.458,69.458,4.644,73.043
1041.484,run:denoise:5,69.458,69.458,4.647,73.043
1041.984,run:denoise:5,65.427,69.458,4.65,73.043
1042.485,run:denoise:5,69.458,69.458,4.65,73.043
1042.986,run:denoise:5,66.764,69.458,4.651,73.043
1043.486,run:denoise:5,69.458,69.458,4.652,73.043
1043.987,run:denoise:5,69.458,69.458,4.651,73.043
1044.488,run:denoise:5,65.68,69.458,4.652,73.043
1044.989,run:denoise:5,69.458,69.458,4.652,73.043
1045.489,run:denoise:5,69.458,69.458,4.652,73.043
1045.991,run:denoise:5,65.049,69.458,4.643,73.043
1046.491,run:denoise:5,64.293,69.458,4.645,73.043
1046.992,run:denoise:5,65.049,69.458,4.645,73.043
1047.493,run:denoise:5,65.049,69.458,4.648,73.043
1047.994,run:denoise:5,65.049,69.458,4.649,73.043
1048.494,run:denoise:5,65.049,69.458,4.65,73.043
1048.995,run:denoise:5,65.049,69.458,4.651,73.043
1049.496,run:denoise:5,65.049,69.458,4.652,73.043
1049.997,run:denoise:5,65.049,69.458,4.645,73.043
1050.497,run:denoise:5,65.049,69.458,4.645,73.043
1050.998,run:denoise:5,65.049,69.458,4.644,73.043
1051.499,run:denoise:5,65.049,69.458,4.645,73.043
1052.0,run:denoise:5,65.049,69.458,4.649,73.043
1052.501,run:denoise:5,65.049,69.458,4.649,73.043
1053.002,run:denoise:5,65.049,69.458,4.65,73.043
1053.502,run:denoise:5,65.68,69.458,4.649,73.043
1054.003,run:denoise:5,69.458,69.458,4.65,73.043
1054.504,run:denoise:5,69.458,69.458,4.651,73.043
1055.004,run:denoise:5,65.427,69.458,4.651,73.043
1055.505,run:denoise:5,69.458,69.458,4.651,73.043
1056.006,run:denoise:5,66.31,69.458,4.646,73.043
1056.507,run:denoise:5,66.561,69.458,4.646,73.043
1057.008,run:denoise:5,69.458,69.458,4.646,73.043
1057.509,run:denoise:5,66.197,69.458,4.647,73.043
1058.009,run:denoise:5,69.458,69.458,4.649,73.043
1058.51,run:denoise:5,69.458,69.458,4.649,73.043
1059.011,run:denoise:5,65.427,69.458,4.651,73.043
1059.512,run:denoise:5,69.458,69.458,4.651,73.043
1060.012,run:denoise:5,66.183,69.458,4.651,73.043
1060.513,run:denoise:5,65.427,69.458,4.651,73.043
1061.014,run:denoise:5,69.458,69.458,4.652,73.043
1061.515,run:denoise:5,66.386,69.458,4.654,73.043
1062.016,run:denoise:5,69.458,69.458,4.653,73.043
1062.517,run:denoise:5,69.458,69.458,4.653,73.043
1063.017,run:denoise:5,63.916,69.458,4.654,73.043
1063.518,run:denoise:5,65.805,69.458,4.654,73.043
1064.019,run:denoise:5,65.049,69.458,4.657,73.043
1064.519,run:denoise:5,65.049,69.458,4.659,73.043
1065.02,run:denoise:5,65.049,69.458,4.66,73.043
1065.521,run:denoise:5,65.049,69.458,4.66,73.043
1066.022,run:denoise:5,65.049,69.458,4.66,73.043
1066.522,run:denoise:5,65.049,69.458,4.66,73.043
1067.024,run:denoise:5,65.049,69.458,4.659,73.043
1067.525,run:denoise:5,65.049,69.458,4.661,73.043
1068.025,run:denoise:5,65.049,69.458,4.659,73.043
1068.526,run:denoise:5,65.049,69.458,4.66,73.043
1069.027,run:denoise:5,65.049,69.458,4.659,73.043
1069.527,run:denoise:5,65.049,69.458,4.66,73.043
1070.028,run:denoise:5,65.049,69.458,4.66,73.043
1070.529,run:denoise:5,65.049,69.458,4.659,73.043
1071.03,run:denoise:5,69.458,69.458,4.658,73.043
1071.53,run:denoise:5,65.805,69.458,4.659,73.043
1072.032,run:denoise:5,65.427,69.458,4.658,73.043
1072.532,run:denoise:5,69.458,69.458,4.659,73.043
1073.033,run:denoise:5,66.386,69.458,4.659,73.043
1073.534,run:denoise:5,69.458,69.458,4.66,73.043
1074.035,run:denoise:5,69.458,69.458,4.65,73.043
1074.535,run:denoise:5,65.68,69.458,4.653,73.043
1075.036,run:denoise:5,69.458,69.458,4.653,73.043
1075.537,run:denoise:5,69.458,69.458,4.653,73.043
1076.038,run:denoise:5,65.427,69.458,4.648,73.043
1076.538,run:denoise:5,69.458,69.458,4.652,73.043
1077.039,run:denoise:5,66.764,69.458,4.652,73.043
1077.54,run:denoise:5,69.458,69.458,4.653,73.043
1078.041,run:denoise:5,69.458,69.458,4.649,73.043
1078.542,run:denoise:5,65.68,69.458,4.654,73.043
1079.043,run:denoise:5,69.458,69.458,4.655,73.043
1079.543,run:denoise:5,69.458,69.458,4.656,73.043
1080.044,run:denoise:5,65.427,69.458,4.651,73.043
1080.545,run:denoise:5,63.916,69.458,4.653,73.043
1081.046,run:denoise:5,66.386,69.458,4.652,73.043
1081.546,run:denoise:5,65.049,69.458,4.655,73.043
1082.047,run:denoise:5,65.049,69.458,4.652,73.043
1082.548,run:denoise:5,65.049,69.458,4.657,73.043
1083.049,run:denoise:5,65.049,69.458,4.658,73.043
1083.55,run:denoise:5,65.049,69.458,4.658,73.043
1084.051,run:denoise:5,65.049,69.458,4.658,73.043
1084.551,run:denoise:5,65.049,69.458,4.658,73.043
1085.052,run:denoise:5,65.049,69.458,4.659,73.043
1085.553,run:denoise:5,65.049,69.458,4.659,73.043
1086.054,run:denoise:5,65.049,69.458,4.659,73.043
1086.554,run:denoise:5,65.049,69.458,4.66,73.043
1087.055,run:denoise:5,65.049,69.458,4.659,73.043
1087.556,run:denoise:5,65.049,69.458,4.659,73.043
1088.057,run:denoise:5,65.049,69.458,4.659,73.043
1088.557,run:denoise:5,65.049,69.458,4.66,73.043
1089.058,run:denoise:5,65.049,69.458,4.66,73.043
1089.559,run:denoise:5,69.458,69.458,4.66,73.043
1090.059,run:denoise:5,65.427,69.458,4.65,73.043
1090.56,run:denoise:5,69.458,69.458,4.656,73.043
1091.061,run:denoise:5,66.31,69.458,4.655,73.043
1091.562,run:denoise:5,64.294,69.458,4.655,73.043
1092.062,run:denoise:5,69.458,69.458,4.649,73.043
1092.563,run:denoise:5,66.197,69.458,4.655,73.043
1093.065,run:denoise:5,69.458,69.458,4.654,73.043
1093.565,run:denoise:5,69.458,69.458,4.655,73.043
1094.066,run:denoise:5,65.176,69.458,4.655,73.043
1094.567,run:denoise:5,69.458,69.458,4.657,73.043
1095.068,run:denoise:5,68.45,69.458,4.657,73.043
1095.568,run:denoise:5,65.427,69.458,4.657,73.043
1096.069,run:denoise:5,69.458,69.458,4.658,73.043
1096.57,run:denoise:5,66.386,69.458,4.659,73.043
1097.071,run:denoise:5,69.458,69.458,4.658,73.043
1097.571,run:denoise:5,69.458,69.458,4.659,73.043
1098.073,run:denoise:5,65.68,69.458,4.658,73.043
1098.573,run:denoise:5,69.458,69.458,4.658,73.043
1099.074,run:denoise:5,64.293,69.458,4.658,73.043
1099.575,run:denoise:5,66.813,69.458,4.658,73.043
1100.076,run:denoise:5,65.049,69.458,4.657,73.043
1100.576,run:denoise:5,65.049,69.458,4.657,73.043
1101.077,run:denoise:5,65.049,69.458,4.658,73.043
1101.578,run:denoise:5,65.049,69.458,4.659,73.043
1102.078,run:denoise:5,65.049,69.458,4.657,73.043
1102.579,run:denoise:5,65.049,69.458,4.657,73.043
1103.081,run:denoise:5,65.049,69.458,4.657,73.043
1103.581,run:denoise:5,65.049,69.458,4.657,73.043
1104.082,run:denoise:5,65.049,69.458,4.656,73.043
1104.583,run:denoise:5,65.049,69.458,4.655,73.043
1105.084,run:denoise:5,65.049,69.458,4.657,73.043
1105.584,run:denoise:5,65.049,69.458,4.658,73.043
1106.085,run:denoise:5,65.049,69.458,4.658,73.043
1106.586,run:denoise:5,65.049,69.458,4.658,73.043
1107.087,run:denoise:5,65.049,69.458,4.66,73.043
1107.587,run:denoise:5,69.458,69.458,4.66,73.043
1108.088,run:denoise:5,66.197,69.458,4.66,73.043
1108.589,run:denoise:5,69.458,69.458,4.66,73.043
1109.09,run:denoise:5,69.458,69.458,4.659,73.043
1109.591,run:denoise:5,65.805,69.458,4.66,73.043
1110.092,run:denoise:5,69.458,69.458,4.66,73.043
1110.592,run:denoise:5,67.442,69.458,4.66,73.043
1111.093,run:denoise:5,65.427,69.458,4.66,73.043
1111.594,run:denoise:5,69.458,69.458,4.66,73.043
1112.094,run:denoise:5,66.386,69.458,4.657,73.043
1112.595,run:denoise:5,69.458,69.458,4.658,73.043
1113.096,run:denoise:5,69.458,69.458,4.658,73.043
1113.597,run:denoise:5,65.68,69.458,4.658,73.043
1114.098,run:denoise:5,69.458,69.458,4.658,73.043
1114.599,run:denoise:5,69.458,69.458,4.658,73.043
1115.099,run:denoise:5,65.427,69.458,4.659,73.043
1115.6,run:denoise:5,69.458,69.458,4.658,73.043
1116.101,run:denoise:5,66.764,69.458,4.658,73.043
1116.602,run:denoise:5,69.458,69.458,4.658,73.043
1117.102,run:denoise:5,64.293,69.458,4.658,73.043
1117.603,run:denoise:5,65.427,69.458,4.659,73.043
1118.104,run:denoise:5,65.049,69.458,4.66,73.043
1118.605,run:denoise:5,65.049,69.458,4.66,73.043
1119.106,run:denoise:5,65.049,69.458,4.659,73.043
1119.607,run:denoise:5,65.049,69.458,4.659,73.043
1120.108,run:denoise:5,65.049,69.458,4.659,73.043
1120.608,run:denoise:5,65.049,69.458,4.659,73.043
1121.109,run:denoise:5,65.049,69.458,4.659,73.043
1121.61,run:denoise:5,65.049,69.458,4.659,73.043
1122.111,run:denoise:5,65.049,69.458,4.657,73.043
1122.611,run:denoise:5,65.049,69.458,4.657,73.043
1123.112,run:denoise:5,65.049,69.458,4.659,73.043
1123.613,run:denoise:5,65.049,69.458,4.658,73.043
1124.114,run:denoise:5,65.049,69.458,4.659,73.043
1124.615,run:denoise:5,69.458,69.458,4.659,73.043
1125.116,run:denoise:5,66.764,69.458,4.659,73.043
1125.616,run:denoise:5,69.458,69.458,4.659,73.043
1126.117,run:denoise:5,69.458,69.458,4.659,73.043
1126.618,run:denoise:5,66.386,69.458,4.66,73.043
1127.119,run:denoise:5,69.458,69.458,4.659,73.043
1127.619,run:denoise:5,69.458,69.458,4.66,73.043
1128.12,run:denoise:5,65.427,69.458,4.66,73.043
1128.621,run:denoise:5,69.458,69.458,4.66,73.043
1129.122,run:denoise:5,65.805,69.458,4.661,73.043
1129.623,run:denoise:5,65.427,69.458,4.66,73.043
1130.124,run:denoise:5,69.458,69.458,4.66,73.043
1130.624,run:denoise:5,66.386,69.458,4.66,73.043
1131.125,run:denoise:5,69.458,69.458,4.659,73.043
1131.626,run:denoise:5,69.458,69.458,4.659,73.043
1132.127,run:denoise:5,65.68,69.458,4.658,73.043
1132.627,run:denoise:5,69.458,69.458,4.658,73.043
1133.128,run:denoise:5,69.458,69.458,4.659,73.043
1133.629,run:denoise:5,65.049,69.458,4.659,73.043
1134.129,run:denoise:5,64.293,69.458,4.659,73.043
1134.631,run:denoise:5,65.049,69.458,4.659,73.043
1135.132,run:denoise:5,65.049,69.458,4.659,73.043
1135.632,run:denoise:5,65.049,69.458,4.659,73.043
1136.133,run:denoise:5,65.049,69.458,4.659,73.043
1136.634,run:denoise:5,65.049,69.458,4.658,73.043
1137.135,run:denoise:5,65.049,69.458,4.658,73.043
1137.635,run:denoise:5,65.049,69.458,4.658,73.043
1138.136,run:denoise:5,65.049,69.458,4.659,73.043
1138.637,run:denoise:5,65.049,69.458,4.659,73.043
1139.138,run:denoise:5,65.049,69.458,4.659,73.043
1139.639,run:denoise:5,65.049,69.458,4.66,73.043
1140.14,run:denoise:5,65.049,69.458,4.659,73.043
1140.64,run:denoise:5,69.458,69.458,4.661,73.043
1141.141,run:denoise:5,66.197,69.458,4.661,73.043
1141.642,run:denoise:5,69.458,69.458,4.661,73.043
1142.142,run:denoise:5,69.458,69.458,4.66,73.043
1142.643,run:denoise:5,65.68,69.458,4.661,73.043
1143.144,run:denoise:5,69.458,69.458,4.661,73.043
1143.645,run:denoise:5,69.458,69.458,4.66,73.043
1144.145,run:denoise:5,65.427,69.458,4.66,73.043
1144.646,run:denoise:5,69.458,69.458,4.66,73.043
1145.148,run:denoise:5,66.764,69.458,4.66,73.043
1145.648,run:denoise:5,69.458,69.458,4.66,73.043
1146.149,run:denoise:5,69.458,69.458,4.661,73.043
1146.65,run:denoise:5,65.68,69.458,4.661,73.043
1147.151,run:denoise:5,69.458,69.458,4.661,73.043
1147.651,run:denoise:5,69.458,69.458,4.661,73.043
1148.152,run:denoise:5,65.427,69.458,4.661,73.043
1148.653,run:denoise:5,69.458,69.458,4.662,73.043
1149.154,run:denoise:5,67.331,69.458,4.662,73.043
1149.654,run:denoise:5,69.458,69.458,4.663,73.043
1150.156,run:denoise:5,63.916,69.458,4.663,73.043
1150.656,run:denoise:5,66.19,69.458,4.663,73.043
1151.157,run:denoise:5,65.049,69.458,4.664,73.043
1151.658,run:denoise:5,65.049,69.458,4.664,73.043
1152.159,run:denoise:5,65.049,69.458,4.664,73.043
1152.659,run:denoise:5,65.049,69.458,4.664,73.043
1153.16,run:denoise:5,65.049,69.458,4.664,73.043
1153.661,run:denoise:5,65.049,69.458,4.665,73.043
1154.162,run:denoise:5,65.049,69.458,4.664,73.043
1154.662,run:denoise:5,65.049,69.458,4.664,73.043
1155.164,run:denoise:5,65.049,69.458,4.664,73.043
1155.665,run:denoise:5,65.049,69.458,4.664,73.043
1156.165,run:denoise:5,65.049,69.458,4.664,73.043
1156.666,run:denoise:5,69.458,69.458,4.663,73.043
1157.167,run:denoise:5,66.764,69.458,4.666,73.043
1157.668,run:denoise:5,69.458,69.458,4.666,73.043
1158.168,run:denoise:5,69.458,69.458,4.666,73.043
1158.669,run:denoise:5,65.68,69.458,4.665,73.043
1159.17,run:denoise:5,69.458,69.458,4.665,73.043
1159.671,run:denoise:5,69.458,69.458,4.666,73.043
1160.171,run:denoise:5,65.427,69.458,4.666,73.043
1160.673,run:denoise:5,69.458,69.458,4.666,73.043
1161.173,run:denoise:5,67.191,69.458,4.666,73.043
1161.674,run:denoise:5,65.05,69.458,4.666,73.043
1162.175,run:denoise:5,69.458,69.458,4.664,73.043
1162.676,run:denoise:5,66.197,69.458,4.665,73.043
1163.176,run:denoise:5,69.458,69.458,4.666,73.043
1163.677,run:denoise:5,69.458,69.458,4.666,73.043
1164.178,run:denoise:5,65.176,69.458,4.665,73.043
1164.679,run:denoise:5,69.458,69.458,4.665,73.043
1165.179,run:denoise:5,67.442,69.458,4.666,73.043
1165.681,run:denoise:5,65.049,69.458,4.667,73.043
1166.181,init,63.133,69.458,4.666,73.043
1166.682,init,63.133,69.458,4.666,73.043
1167.183,init,63.133,69.458,4.666,73.043
1167.684,init,63.133,69.458,4.668,73.043
1168.184,init,63.133,69.458,4.667,73.043
1168.685,init,63.133,69.458,4.667,73.043
1169.186,init,63.133,69.458,4.667,73.043
1169.687,init,63.133,69.458,4.665,73.043
1170.187,init,63.133,69.458,4.654,73.043
1170.689,init,63.133,69.458,4.652,73.043
1171.189,init,63.133,69.458,4.653,73.043
1171.69,run:denoise:6,64.813,69.458,4.679,73.061
1172.191,run:denoise:6,69.095,69.458,4.676,73.061
1172.692,run:denoise:6,69.095,69.458,4.675,73.061
1173.192,run:denoise:6,65.064,69.458,4.675,73.061
1173.693,run:denoise:6,69.095,69.458,4.676,73.061
1174.195,run:denoise:6,66.828,69.458,4.679,73.061
1174.696,run:denoise:6,65.064,69.458,4.68,73.061
1175.197,run:denoise:6,69.095,69.458,4.681,73.061
1175.698,run:denoise:6,65.834,69.458,4.681,73.061
1176.199,run:denoise:6,69.095,69.458,4.673,73.061
1176.699,run:denoise:6,69.095,69.458,4.674,73.061
1177.2,run:denoise:6,65.317,69.458,4.678,73.061
1177.701,run:denoise:6,69.095,69.458,4.679,73.061
1178.202,run:denoise:6,69.095,69.458,4.683,73.061
1178.702,run:denoise:6,65.064,69.458,4.682,73.061
1179.203,run:denoise:6,69.095,69.458,4.682,73.061
1179.704,run:denoise:6,66.023,69.458,4.682,73.061
1180.205,run:denoise:6,69.095,69.458,4.682,73.061
1180.706,run:denoise:6,69.095,69.458,4.683,73.061
1181.207,run:denoise:6,65.442,69.458,4.683,73.061
1181.707,run:denoise:6,63.162,69.458,4.683,73.061
1182.208,run:denoise:6,63.162,69.458,4.683,73.061
1182.709,run:denoise:6,63.162,69.458,4.683,73.061
1183.21,run:denoise:6,63.162,69.458,4.683,73.061
1183.711,run:denoise:6,63.162,69.458,4.683,73.061
1184.211,run:denoise:6,63.162,69.458,4.681,73.061
1184.712,run:denoise:6,63.162,69.458,4.682,73.061
1185.213,run:denoise:6,63.162,69.458,4.683,73.061
1185.714,run:denoise:6,63.162,69.458,4.683,73.061
1186.215,run:denoise:6,63.162,69.458,4.684,73.061
1186.716,run:denoise:6,63.162,69.458,4.684,73.061
1187.216,run:denoise:6,65.078,69.486,4.685,73.061
1187.717,run:denoise:6,65.078,69.486,4.685,73.061
1188.218,run:denoise:6,69.486,69.486,4.685,73.061
1188.719,run:denoise:6,68.478,69.486,4.685,73.061
1189.22,run:denoise:6,65.456,69.486,4.685,73.061
1189.72,run:denoise:6,69.486,69.486,4.685,73.061
1190.221,run:denoise:6,66.415,69.486,4.685,73.061
1190.722,run:denoise:6,69.486,69.486,4.685,73.061
1191.223,run:denoise:6,69.486,69.486,4.685,73.061
1191.724,run:denoise:6,65.708,69.486,4.685,73.061
1192.225,run:denoise:6,69.486,69.486,4.685,73.061
1192.725,run:denoise:6,69.486,69.486,4.684,73.061
1193.226,run:denoise:6,65.456,69.486,4.684,73.061
1193.727,run:denoise:6,69.486,69.486,4.684,73.061
1194.228,run:denoise:6,66.981,69.486,4.683,73.061
1194.728,run:denoise:6,69.486,69.486,4.683,73.061
1195.229,run:denoise:6,69.486,69.486,4.683,73.061
1195.73,run:denoise:6,67.736,69.486,4.683,73.061
1196.231,run:denoise:6,69.486,69.486,4.685,73.061
1196.732,run:denoise:6,69.486,69.486,4.685,73.061
1197.233,run:denoise:6,65.078,69.486,4.685,73.061
1197.733,run:denoise:6,64.322,69.486,4.685,73.061
1198.234,run:denoise:6,65.078,69.486,4.686,73.061
1198.735,run:denoise:6,65.078,69.486,4.686,73.061
1199.236,run:denoise:6,65.078,69.486,4.686,73.061
1199.737,run:denoise:6,65.078,69.486,4.685,73.061
1200.237,run:denoise:6,65.078,69.486,4.687,73.061
1200.738,run:denoise:6,65.078,69.486,4.686,73.061
1201.239,run:denoise:6,65.078,69.486,4.686,73.061
1201.74,run:denoise:6,65.078,69.486,4.686,73.061
1202.241,run:denoise:6,65.078,69.486,4.687,73.061
1202.742,run:denoise:6,65.078,69.486,4.687,73.061
1203.242,run:denoise:6,65.078,69.486,4.687,73.061
1203.743,run:denoise:6,65.078,69.486,4.687,73.061
1204.244,run:denoise:6,65.078,69.486,4.688,73.061
1204.745,run:denoise:6,66.226,69.486,4.687,73.061
1205.245,run:denoise:6,69.486,69.486,4.687,73.061
1205.746,run:denoise:6,69.486,69.486,4.687,73.061
1206.247,run:denoise:6,65.456,69.486,4.688,73.061
1206.748,run:denoise:6,69.486,69.486,4.688,73.061
1207.249,run:denoise:6,65.833,69.486,4.687,73.061
1207.75,run:denoise:6,65.456,69.486,4.687,73.061
1208.25,run:denoise:6,69.486,69.486,4.687,73.061
1208.751,run:denoise:6,66.415,69.486,4.688,73.061
1209.252,run:denoise:6,69.486,69.486,4.688,73.061
1209.753,run:denoise:6,69.486,69.486,4.688,73.061
1210.253,run:denoise:6,65.708,69.486,4.688,73.061
1210.754,run:denoise:6,69.486,69.486,4.67,73.061
1211.255,run:denoise:6,69.486,69.486,4.669,73.061
1211.756,run:denoise:6,65.456,69.486,4.669,73.061
1212.257,run:denoise:6,69.486,69.486,4.669,73.061
1212.758,run:denoise:6,66.792,69.486,4.669,73.061
1213.259,run:denoise:6,69.486,69.486,4.667,73.061
1213.759,run:denoise:6,69.486,69.486,4.667,73.061
1214.26,run:denoise:6,63.945,69.486,4.668,73.061
1214.761,run:denoise:6,65.834,69.486,4.668,73.061
1215.262,run:denoise:6,65.078,69.486,4.668,73.061
1215.762,run:denoise:6,65.078,69.486,4.668,73.061
1216.263,run:denoise:6,65.078,69.486,4.668,73.061
1216.765,run:denoise:6,65.078,69.486,4.667,73.061
1217.265,run:denoise:6,65.078,69.486,4.667,73.061
1217.766,run:denoise:6,65.078,69.486,4.667,73.061
1218.267,run:denoise:6,65.078,69.486,4.668,73.061
1218.768,run:denoise:6,65.078,69.486,4.669,73.061
1219.268,run:denoise:6,65.078,69.486,4.669,73.061
1219.769,run:denoise:6,65.078,69.486,4.668,73.061
1220.27,run:denoise:6,65.078,69.486,4.668,73.061
1220.771,run:denoise:6,65.078,69.486,4.667,73.061
1221.271,run:denoise:6,65.078,69.486,4.667,73.061
1221.772,run:denoise:6,65.078,69.486,4.666,73.061
1222.273,run:denoise:6,69.486,69.486,4.666,73.061
1222.774,run:denoise:6,69.486,69.486,4.666,73.061
1223.275,run:denoise:6,65.456,69.486,4.666,73.061
1223.775,run:denoise:6,69.486,69.486,4.666,73.061
1224.276,run:denoise:6,66.792,69.486,4.665,73.061
1224.777,run:denoise:6,69.486,69.486,4.666,73.061
1225.277,run:denoise:6,69.486,69.486,4.666,73.061
1225.778,run:denoise:6,65.708,69.486,4.666,73.061
1226.279,run:denoise:6,69.486,69.486,4.666,73.061
1226.78,run:denoise:6,69.486,69.486,4.668,73.061
1227.281,run:denoise:6,65.456,69.486,4.666,73.061
1227.782,run:denoise:6,69.486,69.486,4.665,73.061
1228.283,run:denoise:6,67.223,69.486,4.664,73.061
1228.783,run:denoise:6,65.456,69.486,4.664,73.061
1229.284,run:denoise:6,69.486,69.486,4.665,73.061
1229.785,run:denoise:6,66.226,69.486,4.665,73.061
1230.286,run:denoise:6,69.486,69.486,4.664,73.061
1230.786,run:denoise:6,69.486,69.486,4.664,73.061
1231.287,run:denoise:6,65.833,69.486,4.664,73.061
1231.788,run:denoise:6,63.945,69.486,4.664,73.061
1232.289,run:denoise:6,67.223,69.486,4.663,73.061
1232.79,run:denoise:6,65.078,69.486,4.665,73.061
1233.291,run:denoise:6,65.078,69.486,4.665,73.061
1233.791,run:denoise:6,65.078,69.486,4.666,73.061
1234.292,run:denoise:6,65.078,69.486,4.666,73.061
1234.793,run:denoise:6,65.078,69.486,4.667,73.061
1235.294,run:denoise:6,65.078,69.486,4.667,73.061
1235.794,run:denoise:6,65.078,69.486,4.666,73.061
1236.295,run:denoise:6,65.078,69.486,4.667,73.061
1236.796,run:denoise:6,65.078,69.486,4.666,73.061
1237.297,run:denoise:6,65.078,69.486,4.665,73.061
1237.798,run:denoise:6,65.078,69.486,4.665,73.061
1238.299,run:denoise:6,65.078,69.486,4.665,73.061
1238.799,run:denoise:6,65.078,69.486,4.669,73.061
1239.3,run:denoise:6,65.078,69.486,4.668,73.061
1239.801,run:denoise:6,65.078,69.486,4.669,73.061
1240.301,run:denoise:6,65.078,69.486,4.668,73.061
1240.802,run:denoise:6,69.486,69.486,4.668,73.061
1241.303,run:denoise:6,65.456,69.486,4.668,73.061
1241.804,run:denoise:6,69.486,69.486,4.668,73.061
1242.304,run:denoise:6,65.834,69.486,4.667,73.061
1242.806,run:denoise:6,65.456,69.486,4.669,73.061
1243.306,run:denoise:6,69.486,69.486,4.668,73.061
1243.807,run:denoise:6,66.415,69.486,4.668,73.061
1244.308,run:denoise:6,69.486,69.486,4.669,73.061
1244.809,run:denoise:6,69.486,69.486,4.668,73.061
1245.309,run:denoise:6,65.708,69.486,4.668,73.061
1245.81,run:denoise:6,69.486,69.486,4.668,73.061
1246.311,run:denoise:6,69.486,69.486,4.667,73.061
1246.811,run:denoise:6,65.456,69.486,4.667,73.061
1247.312,run:denoise:6,69.486,69.486,4.669,73.061
1247.814,run:denoise:6,66.792,69.486,4.669,73.061
1248.314,run:denoise:6,69.486,69.486,4.666,73.061
1248.815,run:denoise:6,69.486,69.486,4.667,73.061
1249.316,run:denoise:6,65.708,69.486,4.667,73.061
1249.816,run:denoise:6,69.486,69.486,4.667,73.061
1250.317,run:denoise:6,63.945,69.486,4.667,73.061
1250.818,run:denoise:6,64.322,69.486,4.667,73.061
1251.319,run:denoise:6,65.078,69.486,4.67,73.061
1251.819,run:denoise:6,65.078,69.486,4.67,73.061
1252.32,run:denoise:6,65.078,69.486,4.67,73.061
1252.821,run:denoise:6,65.078,69.486,4.669,73.061
1253.322,run:denoise:6,65.078,69.486,4.668,73.061
1253.823,run:denoise:6,65.078,69.486,4.669,73.061
1254.324,run:denoise:6,65.078,69.486,4.668,73.061
1254.825,run:denoise:6,65.078,69.486,4.669,73.061
1255.325,run:denoise:6,65.078,69.486,4.668,73.061
1255.826,run:denoise:6,65.078,69.486,4.669,73.061
1256.327,run:denoise:6,65.078,69.486,4.668,73.061
1256.828,run:denoise:6,65.078,69.486,4.668,73.061
1257.328,run:denoise:6,65.078,69.486,4.669,73.061
1257.829,run:denoise:6,65.078,69.486,4.671,73.061
1258.33,run:denoise:6,65.078,69.486,4.67,73.061
1258.831,run:denoise:6,69.486,69.486,4.67,73.061
1259.332,run:denoise:6,66.792,69.486,4.67,73.061
1259.833,run:denoise:6,69.486,69.486,4.675,73.061
1260.333,run:denoise:6,69.486,69.486,4.669,73.061
1260.834,run:denoise:6,65.708,69.486,4.669,73.061
1261.335,run:denoise:6,69.486,69.486,4.67,73.061
1261.836,run:denoise:6,69.486,69.486,4.675,73.061
1262.336,run:denoise:6,65.456,69.486,4.67,73.061
1262.837,run:denoise:6,69.486,69.486,4.67,73.061
1263.338,run:denoise:6,66.339,69.486,4.669,73.061
1263.839,run:denoise:6,64.322,69.486,4.668,73.061
1264.339,run:denoise:6,69.486,69.486,4.665,73.061
1264.84,run:denoise:6,66.226,69.486,4.665,73.061
1265.341,run:denoise:6,69.486,69.486,4.665,73.061
1265.842,run:denoise:6,69.486,69.486,4.666,73.061
1266.342,run:denoise:6,65.456,69.486,4.665,73.061
1266.843,run:denoise:6,69.486,69.486,4.665,73.061
1267.344,run:denoise:6,65.834,69.486,4.667,73.061
1267.845,run:denoise:6,65.456,69.486,4.67,73.061
1268.345,run:denoise:6,63.945,69.486,4.667,73.061
1268.847,run:denoise:6,66.219,69.486,4.668,73.061
1269.347,run:denoise:6,65.078,69.486,4.67,73.061
1269.848,run:denoise:6,65.078,69.486,4.672,73.061
1270.349,run:denoise:6,65.078,69.486,4.669,73.061
1270.85,run:denoise:6,65.078,69.486,4.67,73.061
1271.35,run:denoise:6,65.078,69.486,4.67,73.061
1271.851,run:denoise:6,65.078,69.486,4.668,73.061
1272.352,run:denoise:6,65.078,69.486,4.668,73.061
1272.853,run:denoise:6,65.078,69.486,4.669,73.061
1273.353,run:denoise:6,65.078,69.486,4.669,73.061
1273.855,run:denoise:6,65.078,69.486,4.673,73.061
1274.356,run:denoise:6,65.078,69.486,4.668,73.061
1274.856,run:denoise:6,65.078,69.486,4.668,73.061
1275.357,run:denoise:6,65.078,69.486,4.668,73.061
1275.858,run:denoise:6,69.486,69.486,4.671,73.061
1276.358,run:denoise:6,66.589,69.486,4.668,73.061
1276.859,run:denoise:6,65.456,69.486,4.668,73.061
1277.36,run:denoise:6,69.486,69.486,4.667,73.061
1277.861,run:denoise:6,66.415,69.486,4.667,73.061
1278.361,run:denoise:6,69.486,69.486,4.667,73.061
1278.862,run:denoise:6,69.486,69.486,4.666,73.061
1279.363,run:denoise:6,65.708,69.486,4.668,73.061
1279.864,run:denoise:6,69.486,69.486,4.667,73.061
1280.364,run:denoise:6,69.486,69.486,4.668,73.061
1280.865,run:denoise:6,65.456,69.486,4.668,73.061
1281.366,run:denoise:6,69.486,69.486,4.668,73.061
1281.866,run:denoise:6,67.359,69.486,4.668,73.061
1282.367,run:denoise:6,66.211,69.486,4.668,73.061
1282.868,run:denoise:6,69.486,69.486,4.667,73.061
1283.369,run:denoise:6,66.226,69.486,4.667,73.061
1283.869,run:denoise:6,69.486,69.486,4.668,73.061
1284.371,run:denoise:6,69.486,69.486,4.668,73.061
1284.871,run:denoise:6,65.456,69.486,4.668,73.061
1285.372,run:denoise:6,63.945,69.486,4.668,73.061
1285.873,run:denoise:6,66.339,69.486,4.668,73.061
1286.374,run:denoise:6,65.078,69.486,4.669,73.061
1286.874,run:denoise:6,65.078,69.486,4.669,73.061
1287.375,run:denoise:6,65.078,69.486,4.669,73.061
1287.876,run:denoise:6,65.078,69.486,4.669,73.061
1288.377,run:denoise:6,65.078,69.486,4.671,73.061
1288.877,run:denoise:6,65.078,69.486,4.671,73.061
1289.379,run:denoise:6,65.078,69.486,4.67,73.061
1289.879,run:denoise:6,65.078,69.486,4.667,73.061
1290.38,run:denoise:6,65.078,69.486,4.666,73.061
1290.881,run:denoise:6,65.078,69.486,4.666,73.061
1291.382,run:denoise:6,65.078,69.486,4.666,73.061
1291.882,run:denoise:6,65.078,69.486,4.667,73.061
1292.383,run:denoise:6,66.981,69.486,4.669,73.061
1292.884,run:denoise:6,66.211,69.486,4.669,73.061
1293.385,run:denoise:6,69.486,69.486,4.669,73.061
1293.885,run:denoise:6,66.226,69.486,4.667,73.061
1294.386,run:denoise:6,69.486,69.486,4.667,73.061
1294.887,run:denoise:6,69.486,69.486,4.667,73.061
1295.388,run:denoise:6,65.708,69.486,4.668,73.061
1295.889,run:denoise:6,69.486,69.486,4.668,73.061
1296.389,run:denoise:6,69.486,69.486,4.668,73.061
1296.89,run:denoise:6,65.456,69.486,4.669,73.061
1297.391,run:denoise:6,69.486,69.486,4.669,73.061
1297.892,run:denoise:6,66.415,69.486,4.67,73.061
1298.392,run:denoise:6,69.486,69.486,4.67,73.061
1298.893,run:denoise:6,69.486,69.486,4.669,73.061
1299.394,run:denoise:6,65.708,69.486,4.669,73.061
1299.895,run:denoise:6,69.486,69.486,4.669,73.061
1300.396,run:denoise:6,69.486,69.486,4.668,73.061
1300.897,run:denoise:6,65.456,69.486,4.669,73.061
1301.397,run:denoise:6,69.486,69.486,4.67,73.061
1301.898,run:denoise:6,63.945,69.486,4.669,73.061
1302.399,run:denoise:6,65.834,69.486,4.67,73.061
1302.9,run:denoise:6,65.078,69.486,4.671,73.061
1303.4,run:denoise:6,65.078,69.486,4.671,73.061
1303.901,run:denoise:6,65.078,69.486,4.669,73.061
1304.402,run:denoise:6,65.078,69.486,4.67,73.061
1304.903,run:denoise:6,65.078,69.486,4.669,73.061
1305.404,run:denoise:6,65.078,69.486,4.669,73.061
1305.905,run:denoise:6,65.078,69.486,4.67,73.061
1306.406,run:denoise:6,65.078,69.486,4.67,73.061
1306.907,run:denoise:6,65.078,69.486,4.669,73.061
1307.407,run:denoise:6,65.078,69.486,4.67,73.061
1307.908,run:denoise:6,69.486,69.486,4.669,73.061
1308.409,run:denoise:6,68.478,69.486,4.669,73.061
1308.91,run:denoise:6,65.456,69.486,4.668,73.061
1309.41,run:denoise:6,69.486,69.486,4.668,73.061
1309.911,run:denoise:6,66.792,69.486,4.668,73.061
1310.412,run:denoise:6,69.486,69.486,4.669,73.061
1310.913,run:denoise:6,69.486,69.486,4.669,73.061
1311.414,run:denoise:6,65.708,69.486,4.669,73.061
1311.915,run:denoise:6,69.486,69.486,4.67,73.061
1312.415,run:denoise:6,69.486,69.486,4.67,73.061
1312.916,run:denoise:6,65.456,69.486,4.669,73.061
1313.417,run:denoise:6,69.486,69.486,4.669,73.061
1313.917,run:denoise:6,66.339,69.486,4.671,73.061
1314.418,run:denoise:6,65.078,69.486,4.67,73.061
1314.919,run:denoise:6,69.486,69.486,4.67,73.061
1315.42,run:denoise:6,66.226,69.486,4.67,73.061
1315.921,run:denoise:6,69.486,69.486,4.669,73.061
1316.422,run:denoise:6,69.486,69.486,4.669,73.061
1316.923,run:denoise:6,65.833,69.486,4.669,73.061
1317.423,init,63.162,69.486,4.669,73.061
1317.924,init,63.162,69.486,4.67,73.061
1318.425,init,63.162,69.486,4.671,73.061
1318.926,init,63.162,69.486,4.67,73.061
1319.426,init,63.162,69.486,4.671,73.061
1319.927,init,63.162,69.486,4.67,73.061
1320.428,init,63.162,69.486,4.669,73.061
1320.929,init,63.162,69.486,4.669,73.061
1321.43,init,63.162,69.486,4.669,73.061
1321.931,init,63.162,69.486,4.669,73.061
1322.431,init,63.162,69.486,4.669,73.061
1322.932,run:denoise:7,62.043,69.486,4.693,65.522
1323.433,run:denoise:7,69.125,69.486,4.695,73.078
1323.934,run:denoise:7,69.125,69.486,4.695,73.078
1324.434,run:denoise:7,65.093,69.486,4.696,73.078
1324.936,run:denoise:7,69.125,69.486,4.696,73.078
1325.436,run:denoise:7,66.43,69.486,4.696,73.078
1325.937,run:denoise:7,69.125,69.486,4.695,73.078
1326.438,run:denoise:7,69.125,69.486,4.698,73.078
1326.939,run:denoise:7,67.374,69.486,4.696,73.078
1327.439,run:denoise:7,69.125,69.486,4.696,73.078
1327.94,run:denoise:7,69.125,69.486,4.695,73.078
1328.441,run:denoise:7,65.093,69.486,4.697,73.078
1328.942,run:denoise:7,69.125,69.486,4.697,73.078
1329.443,run:denoise:7,66.86,69.486,4.697,73.078
1329.943,run:denoise:7,65.093,69.486,4.695,73.078
1330.444,run:denoise:7,69.125,69.486,4.696,73.078
1330.945,run:denoise:7,65.863,69.486,4.696,73.078
1331.445,run:denoise:7,69.125,69.486,4.696,73.078
1331.946,run:denoise:7,69.125,69.486,4.694,73.078
1332.447,run:denoise:7,65.093,69.486,4.694,73.078
1332.948,run:denoise:7,63.19,69.486,4.694,73.078
1333.448,run:denoise:7,63.19,69.486,4.694,73.078
1333.949,run:denoise:7,63.19,69.486,4.693,73.078
1334.45,run:denoise:7,63.19,69.486,4.696,73.078
1334.951,run:denoise:7,63.19,69.486,4.696,73.078
1335.452,run:denoise:7,63.19,69.486,4.696,73.078
1335.953,run:denoise:7,63.19,69.486,4.696,73.078
1336.454,run:denoise:7,63.19,69.486,4.695,73.078
1336.954,run:denoise:7,63.19,69.486,4.695,73.078
1337.455,run:denoise:7,63.19,69.486,4.695,73.078
1337.956,run:denoise:7,63.19,69.486,4.694,73.078
1338.457,run:denoise:7,65.106,69.516,4.695,73.078
1338.957,run:denoise:7,65.106,69.516,4.695,73.078
1339.458,run:denoise:7,65.106,69.516,4.695,73.078
1339.959,run:denoise:7,66.443,69.516,4.696,73.078
1340.46,run:denoise:7,69.516,69.516,4.696,73.078
1340.961,run:denoise:7,69.516,69.516,4.696,73.078
1341.462,run:denoise:7,65.737,69.516,4.696,73.078
1341.963,run:denoise:7,69.516,69.516,4.696,73.078
1342.463,run:denoise:7,69.516,69.516,4.697,73.078
1342.964,run:denoise:7,65.485,69.516,4.697,73.078
1343.465,run:denoise:7,69.516,69.516,4.696,73.078
1343.966,run:denoise:7,67.01,69.516,4.696,73.078
1344.466,run:denoise:7,69.516,69.516,4.696,73.078
1344.967,run:denoise:7,69.516,69.516,4.696,73.078
1345.468,run:denoise:7,67.765,69.516,4.697,73.078
1345.969,run:denoise:7,69.516,69.516,4.696,73.078
1346.47,run:denoise:7,69.516,69.516,4.697,73.078
1346.971,run:denoise:7,65.485,69.516,4.697,73.078
1347.471,run:denoise:7,69.516,69.516,4.697,73.078
1347.972,run:denoise:7,67.252,69.516,4.697,73.078
1348.473,run:denoise:7,65.107,69.516,4.698,73.078
1348.974,run:denoise:7,69.516,69.516,4.698,73.078
1349.474,run:denoise:7,63.974,69.516,4.698,73.078
1349.975,run:denoise:7,65.863,69.516,4.697,73.078
1350.476,run:denoise:7,65.106,69.516,4.699,73.078
1350.977,run:denoise:7,65.106,69.516,4.698,73.078
1351.478,run:denoise:7,65.106,69.516,4.698,73.078
1351.979,run:denoise:7,65.106,69.516,4.698,73.078
1352.479,run:denoise:7,65.106,69.516,4.697,73.078
1352.98,run:denoise:7,65.106,69.516,4.696,73.078
1353.481,run:denoise:7,65.106,69.516,4.696,73.078
1353.982,run:denoise:7,65.106,69.516,4.695,73.078
1354.482,run:denoise:7,65.106,69.516,4.695,73.078
1354.983,run:denoise:7,65.106,69.516,4.695,73.078
1355.484,run:denoise:7,65.106,69.516,4.696,73.078
1355.985,run:denoise:7,65.107,69.516,4.695,73.078
1356.485,run:denoise:7,65.107,69.516,4.696,73.078
1356.986,run:denoise:7,66.444,69.516,4.696,73.078
1357.487,run:denoise:7,69.516,69.516,4.696,73.078
1357.988,run:denoise:7,69.516,69.516,4.696,73.078
1358.488,run:denoise:7,65.737,69.516,4.695,73.078
1358.989,run:denoise:7,69.516,69.516,4.697,73.078
1359.49,run:denoise:7,69.516,69.516,4.697,73.078
1359.991,run:denoise:7,65.485,69.516,4.698,73.078
1360.491,run:denoise:7,69.516,69.516,4.698,73.078
1360.992,run:denoise:7,66.821,69.516,4.698,73.078
1361.493,run:denoise:7,69.516,69.516,4.697,73.078
1361.994,run:denoise:7,69.516,69.516,4.698,73.078
1362.495,run:denoise:7,66.753,69.516,4.698,73.078
1362.996,run:denoise:7,69.516,69.516,4.698,73.078
1363.496,run:denoise:7,69.516,69.516,4.698,73.078
1363.997,run:denoise:7,65.485,69.516,4.697,73.078
1364.498,run:denoise:7,69.516,69.516,4.697,73.078
1364.998,run:denoise:7,66.368,69.516,4.698,73.078
1365.499,run:denoise:7,66.618,69.516,4.697,73.078
1366.0,run:denoise:7,69.516,69.516,4.698,73.078
1366.501,run:denoise:7,63.974,69.516,4.698,73.078
1367.002,run:denoise:7,65.863,69.516,4.698,73.078
1367.503,run:denoise:7,65.106,69.516,4.7,73.078
1368.004,run:denoise:7,65.106,69.516,4.699,73.078
1368.504,run:denoise:7,65.106,69.516,4.7,73.078
1369.005,run:denoise:7,65.106,69.516,4.7,73.078
1369.506,run:denoise:7,65.106,69.516,4.7,73.078
1370.007,run:denoise:7,65.106,69.516,4.7,73.078
1370.507,run:denoise:7,65.106,69.516,4.701,73.078
1371.008,run:denoise:7,65.106,69.516,4.699,73.078
1371.509,run:denoise:7,65.106,69.516,4.699,73.078
1372.01,run:denoise:7,65.106,69.516,4.7,73.078
1372.511,run:denoise:7,65.106,69.516,4.699,73.078
1373.012,run:denoise:7,65.106,69.516,4.698,73.078
1373.513,run:denoise:7,65.106,69.516,4.7,73.078
1374.013,run:denoise:7,63.974,69.516,4.697,73.078
1374.514,run:denoise:7,69.516,69.516,4.698,73.078
1375.015,run:denoise:7,69.516,69.516,4.697,73.078
1375.516,run:denoise:7,65.485,69.516,4.697,73.078
1376.016,run:denoise:7,69.516,69.516,4.696,73.078
1376.517,run:denoise:7,66.821,69.516,4.697,73.078
1377.019,run:denoise:7,69.516,69.516,4.698,73.078
1377.519,run:denoise:7,69.516,69.516,4.698,73.078
1378.02,run:denoise:7,66.248,69.516,4.703,73.078
1378.521,run:denoise:7,69.516,69.516,4.704,73.078
1379.021,run:denoise:7,69.516,69.516,4.704,73.078
1379.522,run:denoise:7,65.485,69.516,4.703,73.078
1380.023,run:denoise:7,69.516,69.516,4.703,73.078
1380.524,run:denoise:7,65.862,69.516,4.703,73.078
1381.024,run:denoise:7,65.485,69.516,4.704,73.078
1381.525,run:denoise:7,69.516,69.516,4.704,73.078
1382.027,run:denoise:7,66.255,69.516,4.703,73.078
1382.527,run:denoise:7,69.516,69.516,4.704,73.078
1383.028,run:denoise:7,69.516,69.516,4.703,73.078
1383.529,run:denoise:7,65.862,69.516,4.703,73.078
1384.029,run:denoise:7,63.974,69.516,4.701,73.078
1384.53,run:denoise:7,67.248,69.516,4.702,73.078
1385.031,run:denoise:7,65.106,69.516,4.702,73.078
1385.532,run:denoise:7,65.106,69.516,4.703,73.078
1386.033,run:denoise:7,65.106,69.516,4.703,73.078
1386.533,run:denoise:7,65.106,69.516,4.703,73.078
1387.034,run:denoise:7,65.106,69.516,4.701,73.078
1387.535,run:denoise:7,65.106,69.516,4.701,73.078
1388.036,run:denoise:7,65.106,69.516,4.701,73.078
1388.537,run:denoise:7,65.106,69.516,4.702,73.078
1389.038,run:denoise:7,65.106,69.516,4.703,73.078
1389.538,run:denoise:7,65.106,69.516,4.703,73.078
1390.039,run:denoise:7,65.106,69.516,4.702,73.078
1390.54,run:denoise:7,65.106,69.516,4.702,73.078
1391.041,run:denoise:7,65.106,69.516,4.704,73.078
1391.541,run:denoise:7,65.107,69.516,4.702,73.078
1392.042,run:denoise:7,65.107,69.516,4.702,73.078
1392.543,run:denoise:7,65.106,69.516,4.702,73.078
1393.044,run:denoise:7,69.516,69.516,4.701,73.078
1393.545,run:denoise:7,65.485,69.516,4.702,73.078
1394.046,run:denoise:7,69.516,69.516,4.703,73.078
1394.546,run:denoise:7,67.388,69.516,4.703,73.078
1395.047,run:denoise:7,66.618,69.516,4.703,73.078
1395.548,run:denoise:7,69.516,69.516,4.704,73.078
1396.049,run:denoise:7,66.255,69.516,4.705,73.078
1396.549,run:denoise:7,69.516,69.516,4.705,73.078
1397.05,run:denoise:7,69.516,69.516,4.704,73.078
1397.552,run:denoise:7,65.485,69.516,4.704,73.078
1398.052,run:denoise:7,69.516,69.516,4.704,73.078
1398.553,run:denoise:7,66.24,69.516,4.704,73.078
1399.054,run:denoise:7,65.485,69.516,4.704,73.078
1399.554,run:denoise:7,69.516,69.516,4.704,73.078
1400.055,run:denoise:7,66.444,69.516,4.703,73.078
1400.556,run:denoise:7,69.516,69.516,4.704,73.078
1401.057,run:denoise:7,69.516,69.516,4.704,73.078
1401.557,run:denoise:7,65.737,69.516,4.704,73.078
1402.058,run:denoise:7,69.516,69.516,4.703,73.078
1402.559,run:denoise:7,63.974,69.516,4.704,73.078
1403.06,run:denoise:7,64.351,69.516,4.705,73.078
1403.561,run:denoise:7,65.106,69.516,4.705,73.078
1404.062,run:denoise:7,65.106,69.516,4.704,73.078
1404.563,run:denoise:7,65.106,69.516,4.704,73.078
1405.063,run:denoise:7,65.106,69.516,4.704,73.078
1405.564,run:denoise:7,65.106,69.516,4.704,73.078
1406.065,run:denoise:7,65.106,69.516,4.703,73.078
1406.566,run:denoise:7,65.106,69.516,4.703,73.078
1407.066,run:denoise:7,65.106,69.516,4.704,73.078
1407.567,run:denoise:7,65.106,69.516,4.705,73.078
1408.068,run:denoise:7,65.106,69.516,4.705,73.078
1408.569,run:denoise:7,65.106,69.516,4.705,73.078
1409.07,run:denoise:7,65.106,69.516,4.705,73.078
1409.571,run:denoise:7,65.106,69.516,4.706,73.078
1410.071,run:denoise:7,65.107,69.516,4.706,73.078
1410.572,run:denoise:7,65.106,69.516,4.706,73.078
1411.073,run:denoise:7,69.516,69.516,4.704,73.078
1411.574,run:denoise:7,66.255,69.516,4.706,73.078
1412.074,run:denoise:7,69.516,69.516,4.706,73.078
1412.575,run:denoise:7,69.516,69.516,4.705,73.078
1413.077,run:denoise:7,65.485,69.516,4.706,73.078
1413.577,run:denoise:7,69.516,69.516,4.704,73.078
1414.078,run:denoise:7,66.24,69.516,4.704,73.078
1414.579,run:denoise:7,65.485,69.516,4.703,73.078
1415.079,run:denoise:7,69.516,69.516,4.704,73.078
1415.58,run:denoise:7,66.444,69.516,4.703,73.078
1416.081,run:denoise:7,69.516,69.516,4.703,73.078
1416.582,run:denoise:7,69.516,69.516,4.703,73.078
1417.082,run:denoise:7,65.737,69.516,4.702,73.078
1417.583,run:denoise:7,69.516,69.516,4.703,73.078
1418.084,run:denoise:7,69.516,69.516,4.703,73.078
1418.585,run:denoise:7,65.485,69.516,4.703,73.078
1419.086,run:denoise:7,69.516,69.516,4.704,73.078
1419.587,run:denoise:7,66.821,69.516,4.705,73.078
1420.087,run:denoise:7,69.516,69.516,4.705,73.078
1420.588,run:denoise:7,63.974,69.516,4.705,73.078
1421.089,run:denoise:7,64.351,69.516,4.705,73.078
1421.59,run:denoise:7,65.106,69.516,4.702,73.078
1422.09,run:denoise:7,65.106,69.516,4.702,73.078
1422.591,run:denoise:7,65.106,69.516,4.703,73.078
1423.092,run:denoise:7,65.106,69.516,4.703,73.078
1423.593,run:denoise:7,65.106,69.516,4.702,73.078
1424.094,run:denoise:7,65.106,69.516,4.702,73.078
1424.595,run:denoise:7,65.106,69.516,4.702,73.078
1425.096,run:denoise:7,65.106,69.516,4.702,73.078
1425.596,run:denoise:7,65.106,69.516,4.702,73.078
1426.097,run:denoise:7,65.106,69.516,4.701,73.078
1426.598,run:denoise:7,65.106,69.516,4.701,73.078
1427.099,run:denoise:7,65.106,69.516,4.702,73.078
1427.599,run:denoise:7,65.106,69.516,4.704,73.078
1428.1,run:denoise:7,69.516,69.516,4.705,73.078
1428.601,run:denoise:7,66.821,69.516,4.705,73.078
1429.102,run:denoise:7,69.516,69.516,4.705,73.078
1429.603,run:denoise:7,69.516,69.516,4.704,73.078
1430.104,run:denoise:7,67.765,69.516,4.703,73.078
1430.605,run:denoise:7,69.516,69.516,4.703,73.078
1431.105,run:denoise:7,69.516,69.516,4.703,73.078
1431.606,run:denoise:7,65.485,69.516,4.703,73.078
1432.107,run:denoise:7,69.516,69.516,4.703,73.078
1432.607,run:denoise:7,65.862,69.516,4.704,73.078
1433.108,run:denoise:7,65.485,69.516,4.704,73.078
1433.609,run:denoise:7,69.516,69.516,4.704,73.078
1434.11,run:denoise:7,66.255,69.516,4.702,73.078
1434.611,run:denoise:7,69.516,69.516,4.702,73.078
1435.112,run:denoise:7,69.516,69.516,4.702,73.078
1435.613,run:denoise:7,65.737,69.516,4.702,73.078
1436.113,run:denoise:7,69.516,69.516,4.703,73.078
1436.614,run:denoise:7,68.508,69.516,4.704,73.078
1437.115,run:denoise:7,65.107,69.516,4.704,73.078
1437.615,run:denoise:7,64.351,69.516,4.704,73.078
1438.116,run:denoise:7,65.106,69.516,4.705,73.078
1438.617,run:denoise:7,65.106,69.516,4.705,73.078
1439.118,run:denoise:7,65.106,69.516,4.705,73.078
1439.619,run:denoise:7,65.106,69.516,4.717,73.078
1440.12,run:denoise:7,65.106,69.516,4.718,73.078
1440.621,run:denoise:7,65.106,69.516,4.718,73.078
1441.121,run:denoise:7,65.106,69.516,4.718,73.078
1441.622,run:denoise:7,65.106,69.516,4.719,73.078
1442.123,run:denoise:7,65.106,69.516,4.719,73.078
1442.623,run:denoise:7,65.106,69.516,4.717,73.078
1443.124,run:denoise:7,65.107,69.516,4.717,73.078
1443.625,run:denoise:7,65.106,69.516,4.717,73.078
1444.126,run:denoise:7,69.516,69.516,4.714,73.078
1444.627,run:denoise:7,66.255,69.516,4.715,73.078
1445.128,run:denoise:7,69.516,69.516,4.716,73.078
1445.628,run:denoise:7,69.516,69.516,4.716,73.078
1446.129,run:denoise:7,65.863,69.516,4.717,73.078
1446.63,run:denoise:7,69.516,69.516,4.717,73.078
1447.131,run:denoise:7,66.618,69.516,4.716,73.078
1447.631,run:denoise:7,65.485,69.516,4.716,73.078
1448.132,run:denoise:7,69.516,69.516,4.718,73.078
1448.633,run:denoise:7,66.444,69.516,4.718,73.078
1449.134,run:denoise:7,69.516,69.516,4.718,73.078
1449.635,run:denoise:7,69.516,69.516,4.718,73.078
1450.136,run:denoise:7,65.737,69.516,4.719,73.078
1450.636,run:denoise:7,69.516,69.516,4.718,73.078
1451.137,run:denoise:7,69.516,69.516,4.718,73.078
1451.638,run:denoise:7,65.485,69.516,4.718,73.078
1452.139,run:denoise:7,69.516,69.516,4.717,73.078
1452.639,run:denoise:7,66.821,69.516,4.717,73.078
1453.14,run:denoise:7,69.516,69.516,4.717,73.078
1453.641,run:denoise:7,63.974,69.516,4.717,73.078
1454.142,run:denoise:7,64.351,69.516,4.716,73.078
1454.642,run:denoise:7,65.106,69.516,4.715,73.078
1455.144,run:denoise:7,65.106,69.516,4.716,73.078
1455.645,run:denoise:7,65.106,69.516,4.716,73.078
1456.145,run:denoise:7,65.106,69.516,4.714,73.078
1456.646,run:denoise:7,65.106,69.516,4.714,73.078
1457.147,run:denoise:7,65.106,69.516,4.714,73.078
1457.648,run:denoise:7,65.106,69.516,4.714,73.078
1458.148,run:denoise:7,65.106,69.516,4.714,73.078
1458.649,run:denoise:7,65.106,69.516,4.714,73.078
1459.15,run:denoise:7,65.106,69.516,4.714,73.078
1459.651,run:denoise:8,68.144,69.516,4.735,73.221
1460.151,run:denoise:8,65.892,69.516,4.736,73.221
1460.652,run:denoise:8,69.152,69.516,4.737,73.221
1461.153,run:denoise:8,69.152,69.516,4.737,73.221
1461.654,run:denoise:8,65.374,69.516,4.737,73.221
1462.154,run:denoise:8,69.152,69.516,4.737,73.221
1462.655,run:denoise:8,69.152,69.516,4.736,73.221
1463.156,run:denoise:8,65.122,69.516,4.736,73.221
1463.657,run:denoise:8,69.152,69.516,4.736,73.221
1464.157,run:denoise:8,66.458,69.516,4.735,73.221
1464.659,run:denoise:8,69.152,69.516,4.734,73.221
1465.16,run:denoise:8,69.152,69.516,4.734,73.221
1465.66,run:denoise:8,65.374,69.516,4.735,73.221
1466.161,run:denoise:8,69.152,69.516,4.735,73.221
1466.662,run:denoise:8,69.152,69.516,4.736,73.221
1467.163,run:denoise:8,65.122,69.516,4.736,73.221
1467.663,run:denoise:8,69.152,69.516,4.736,73.221
1468.164,run:denoise:8,66.458,69.516,4.735,73.221
1468.665,run:denoise:8,69.152,69.516,4.736,73.221
1469.166,run:denoise:8,69.152,69.516,4.736,73.221
1469.667,run:denoise:8,63.219,69.516,4.736,73.221
1470.168,run:denoise:8,63.219,69.516,4.736,73.221
1470.668,run:denoise:8,63.219,69.516,4.736,73.221
1471.169,run:denoise:8,63.219,69.516,4.736,73.221
1471.67,run:denoise:8,63.219,69.516,4.737,73.221
1472.171,run:denoise:8,63.219,69.516,4.737,73.221
1472.671,run:denoise:8,63.219,69.516,4.737,73.221
1473.172,run:denoise:8,63.219,69.516,4.737,73.221
1473.673,run:denoise:8,63.219,69.516,4.737,73.221
1474.174,run:denoise:8,63.219,69.516,4.737,73.221
1474.674,run:denoise:8,63.219,69.516,4.736,73.221
1475.176,run:denoise:8,65.135,69.543,4.736,73.221
1475.676,run:denoise:8,65.135,69.543,4.737,73.221
1476.177,run:denoise:8,65.135,69.543,4.738,73.221
1476.678,run:denoise:8,69.543,69.543,4.737,73.221
1477.179,run:denoise:8,65.891,69.543,4.736,73.221
1477.679,run:denoise:8,65.513,69.543,4.736,73.221
1478.18,run:denoise:8,69.543,69.543,4.738,73.221
1478.681,run:denoise:8,66.472,69.543,4.739,73.221
1479.182,run:denoise:8,69.543,69.543,4.739,73.221
1479.682,run:denoise:8,69.543,69.543,4.739,73.221
1480.184,run:denoise:8,65.765,69.543,4.738,73.221
1480.684,run:denoise:8,69.543,69.543,4.737,73.221
1481.185,run:denoise:8,69.543,69.543,4.738,73.221
1481.686,run:denoise:8,65.513,69.543,4.738,73.221
1482.187,run:denoise:8,69.543,69.543,4.738,73.221
1482.687,run:denoise:8,66.849,69.543,4.737,73.221
1483.188,run:denoise:8,69.543,69.543,4.737,73.221
1483.689,run:denoise:8,69.543,69.543,4.736,73.221
1484.19,run:denoise:8,65.765,69.543,4.738,73.221
1484.69,run:denoise:8,69.543,69.543,4.738,73.221
1485.192,run:denoise:8,69.543,69.543,4.738,73.221
1485.692,run:denoise:8,65.135,69.543,4.738,73.221
1486.193,run:denoise:8,64.379,69.543,4.737,73.221
1486.694,run:denoise:8,65.135,69.543,4.74,73.221
1487.195,run:denoise:8,65.135,69.543,4.742,73.221
1487.695,run:denoise:8,65.135,69.543,4.742,73.221
1488.196,run:denoise:8,65.135,69.543,4.74,73.221
1488.697,run:denoise:8,65.135,69.543,4.738,73.221
1489.198,run:denoise:8,65.135,69.543,4.738,73.221
1489.698,run:denoise:8,65.135,69.543,4.738,73.221
1490.199,run:denoise:8,65.135,69.543,4.737,73.221
1490.701,run:denoise:8,65.135,69.543,4.739,73.221
1491.201,run:denoise:8,65.135,69.543,4.739,73.221
1491.702,run:denoise:8,65.135,69.543,4.739,73.221
1492.203,run:denoise:8,65.135,69.543,4.738,73.221
1492.704,run:denoise:8,65.135,69.543,4.737,73.221
1493.204,run:denoise:8,65.765,69.543,4.737,73.221
1493.705,run:denoise:8,69.543,69.543,4.738,73.221
1494.206,run:denoise:8,69.543,69.543,4.737,73.221
1494.707,run:denoise:8,65.513,69.543,4.738,73.221
1495.207,run:denoise:8,69.543,69.543,4.738,73.221
1495.709,run:denoise:8,67.784,69.543,4.739,73.221
1496.209,run:denoise:8,65.513,69.543,4.74,73.221
1496.71,run:denoise:8,69.543,69.543,4.738,73.221
1497.211,run:denoise:8,66.283,69.543,4.738,73.221
1497.712,run:denoise:8,69.543,69.543,4.737,73.221
1498.212,run:denoise:8,69.543,69.543,4.738,73.221
1498.713,run:denoise:8,65.765,69.543,4.738,73.221
1499.214,run:denoise:8,69.543,69.543,4.739,73.221
1499.715,run:denoise:8,67.527,69.543,4.738,73.221
1500.215,run:denoise:8,65.513,69.543,4.736,73.221
1500.717,run:denoise:8,69.543,69.543,4.738,73.221
1501.217,run:denoise:8,66.472,69.543,4.738,73.221
1501.718,run:denoise:8,69.543,69.543,4.738,73.221
1502.219,run:denoise:8,69.543,69.543,4.738,73.221
1502.72,run:denoise:8,64.002,69.543,4.738,73.221
1503.221,run:denoise:8,65.891,69.543,4.742,73.221
1503.721,run:denoise:8,65.135,69.543,4.738,73.221
1504.222,run:denoise:8,65.135,69.543,4.739,73.221
1504.723,run:denoise:8,65.135,69.543,4.738,73.221
1505.224,run:denoise:8,65.135,69.543,4.739,73.221
1505.724,run:denoise:8,65.135,69.543,4.739,73.221
1506.226,run:denoise:8,65.135,69.543,4.739,73.221
1506.727,run:denoise:8,65.135,69.543,4.738,73.221
1507.227,run:denoise:8,65.135,69.543,4.737,73.221
1507.729,run:denoise:8,65.135,69.543,4.738,73.221
1508.229,run:denoise:8,65.135,69.543,4.737,73.221
1508.73,run:denoise:8,65.135,69.543,4.738,73.221
1509.231,run:denoise:8,65.135,69.543,4.74,73.221
1509.732,run:denoise:8,65.135,69.543,4.74,73.221
1510.232,run:denoise:8,65.135,69.543,4.741,73.221
1510.733,run:denoise:8,69.543,69.543,4.741,73.221
1511.234,run:denoise:8,65.891,69.543,4.741,73.221
1511.735,run:denoise:8,65.513,69.543,4.741,73.221
1512.236,run:denoise:8,69.543,69.543,4.74,73.221
1512.737,run:denoise:8,66.472,69.543,4.739,73.221
1513.237,run:denoise:8,69.543,69.543,4.74,73.221
1513.738,run:denoise:8,69.543,69.543,4.739,73.221
1514.239,run:denoise:8,65.765,69.543,4.738,73.221
1514.74,run:denoise:8,69.543,69.543,4.737,73.221
1515.24,run:denoise:8,69.543,69.543,4.738,73.221
1515.741,run:denoise:8,65.513,69.543,4.738,73.221
1516.242,run:denoise:8,69.543,69.543,4.737,73.221
1516.743,run:denoise:8,66.85,69.543,4.737,73.221
1517.244,run:denoise:8,69.543,69.543,4.737,73.221
1517.745,run:denoise:8,69.543,69.543,4.738,73.221
1518.246,run:denoise:8,65.765,69.543,4.739,73.221
1518.746,run:denoise:8,69.543,69.543,4.738,73.221
1519.247,run:denoise:8,69.543,69.543,4.738,73.221
1519.748,run:denoise:8,65.513,69.543,4.738,73.221
1520.249,run:denoise:8,64.002,69.543,4.737,73.221
1520.749,run:denoise:8,66.471,69.543,4.737,73.221
1521.25,run:denoise:8,65.135,69.543,4.738,73.221
1521.752,run:denoise:8,65.135,69.543,4.738,73.221
1522.252,run:denoise:8,65.135,69.543,4.737,73.221
1522.753,run:denoise:8,65.135,69.543,4.738,73.221
1523.254,run:denoise:8,65.135,69.543,4.737,73.221
1523.755,run:denoise:8,65.135,69.543,4.738,73.221
1524.255,run:denoise:8,65.135,69.543,4.736,73.221
1524.756,run:denoise:8,65.135,69.543,4.736,73.221
1525.257,run:denoise:8,65.135,69.543,4.736,73.221
1525.758,run:denoise:8,65.135,69.543,4.736,73.221
1526.258,run:denoise:8,65.135,69.543,4.738,73.221
1526.759,run:denoise:8,65.135,69.543,4.738,73.221
1527.26,run:denoise:8,65.135,69.543,4.74,73.221
1527.761,run:denoise:8,65.135,69.543,4.74,73.221
1528.261,run:denoise:8,65.135,69.543,4.74,73.221
1528.762,run:denoise:8,65.135,69.543,4.74,73.221
1529.263,run:denoise:8,69.543,69.543,4.74,73.221
1529.763,run:denoise:8,65.513,69.543,4.74,73.221
1530.264,run:denoise:8,69.543,69.543,4.737,73.221
1530.765,run:denoise:8,67.784,69.543,4.737,73.221
1531.266,run:denoise:8,65.513,69.543,4.738,73.221
1531.766,run:denoise:8,69.543,69.543,4.738,73.221
1532.268,run:denoise:8,66.283,69.543,4.74,73.221
1532.768,run:denoise:8,69.543,69.543,4.74,73.221
1533.269,run:denoise:8,69.543,69.543,4.739,73.221
1533.77,run:denoise:8,65.765,69.543,4.74,73.221
1534.271,run:denoise:8,69.543,69.543,4.745,73.221
1534.771,run:denoise:8,69.543,69.543,4.743,73.221
1535.272,run:denoise:8,65.513,69.543,4.737,73.221
1535.773,run:denoise:8,69.543,69.543,4.737,73.221
1536.274,run:denoise:8,66.472,69.543,4.737,73.221
1536.774,run:denoise:8,69.543,69.543,4.737,73.221
1537.276,run:denoise:8,69.543,69.543,4.737,73.221
1537.776,run:denoise:8,65.765,69.543,4.737,73.221
1538.277,run:denoise:8,69.543,69.543,4.738,73.221
1538.778,run:denoise:8,64.379,69.543,4.738,73.221
1539.279,run:denoise:8,66.898,69.543,4.738,73.221
1539.779,run:denoise:8,65.135,69.543,4.739,73.221
1540.28,run:denoise:8,65.135,69.543,4.74,73.221
1540.781,run:denoise:8,65.135,69.543,4.739,73.221
1541.282,run:denoise:8,65.135,69.543,4.738,73.221
1541.782,run:denoise:8,65.135,69.543,4.739,73.221
1542.283,run:denoise:8,65.135,69.543,4.739,73.221
1542.785,run:denoise:8,65.135,69.543,4.739,73.221
1543.285,run:denoise:8,65.135,69.543,4.739,73.221
1543.786,run:denoise:8,65.135,69.543,4.738,73.221
1544.287,run:denoise:8,65.135,69.543,4.738,73.221
1544.788,run:denoise:8,65.135,69.543,4.738,73.221
1545.288,run:denoise:8,65.135,69.543,4.739,73.221
1545.789,run:denoise:8,65.135,69.543,4.738,73.221
1546.29,run:denoise:8,65.135,69.543,4.737,73.221
1546.79,run:denoise:8,65.135,69.543,4.738,73.221
1547.291,run:denoise:8,69.543,69.543,4.738,73.221
1547.793,run:denoise:8,66.283,69.543,4.739,73.221
1548.293,run:denoise:8,69.543,69.543,4.738,73.221
1548.794,run:denoise:8,69.543,69.543,4.738,73.221
1549.295,run:denoise:8,65.765,69.543,4.738,73.221
1549.796,run:denoise:8,69.543,69.543,4.739,73.221
1550.296,run:denoise:8,68.535,69.543,4.74,73.221
1550.797,run:denoise:8,65.513,69.543,4.74,73.221
1551.298,run:denoise:8,69.543,69.543,4.74,73.221
1551.799,run:denoise:8,66.472,69.543,4.739,73.221
1552.299,run:denoise:8,69.543,69.543,4.74,73.221
1552.801,run:denoise:8,69.543,69.543,4.739,73.221
1553.301,run:denoise:8,65.765,69.543,4.74,73.221
1553.802,run:denoise:8,69.543,69.543,4.74,73.221
1554.303,run:denoise:8,69.543,69.543,4.74,73.221
1554.804,run:denoise:8,65.513,69.543,4.738,73.221
1555.304,run:denoise:8,69.543,69.543,4.739,73.221
1555.805,run:denoise:8,66.849,69.543,4.739,73.221
1556.306,run:denoise:8,69.543,69.543,4.739,73.221
1556.807,run:denoise:8,64.379,69.543,4.739,73.221
1557.307,run:denoise:8,65.513,69.543,4.739,73.221
1557.808,run:denoise:8,65.135,69.543,4.741,73.221
1558.31,run:denoise:8,65.135,69.543,4.741,73.221
1558.81,run:denoise:8,65.135,69.543,4.742,73.221
1559.311,run:denoise:8,65.135,69.543,4.742,73.221
1559.812,run:denoise:8,65.135,69.543,4.742,73.221
1560.313,run:denoise:8,65.135,69.543,4.742,73.221
1560.813,run:denoise:8,65.135,69.543,4.742,73.221
1561.314,run:denoise:8,65.135,69.543,4.742,73.221
1561.815,run:denoise:8,65.135,69.543,4.744,73.221
1562.316,run:denoise:8,65.135,69.543,4.743,73.221
1562.816,run:denoise:8,65.135,69.543,4.744,73.221
1563.318,run:denoise:8,65.135,69.543,4.743,73.221
1563.818,run:denoise:8,65.135,69.543,4.741,73.221
1564.319,run:denoise:8,69.543,69.543,4.74,73.221
1564.82,run:denoise:8,66.849,69.543,4.74,73.221
1565.321,run:denoise:8,69.543,69.543,4.74,73.221
1565.821,run:denoise:8,69.543,69.543,4.741,73.221
1566.322,run:denoise:8,65.765,69.543,4.739,73.221
1566.823,run:denoise:8,69.543,69.543,4.74,73.221
1567.324,run:denoise:8,69.543,69.543,4.739,73.221
1567.824,run:denoise:8,65.513,69.543,4.738,73.221
1568.326,run:denoise:8,69.543,69.543,4.74,73.221
1568.826,run:denoise:8,66.396,69.543,4.74,73.221
1569.327,run:denoise:8,64.379,69.543,4.74,73.221
1569.828,run:denoise:8,69.543,69.543,4.739,73.221
1570.329,run:denoise:8,66.283,69.543,4.739,73.221
1570.829,run:denoise:8,69.543,69.543,4.74,73.221
1571.33,run:denoise:8,69.543,69.543,4.74,73.221
1571.831,run:denoise:8,65.513,69.543,4.732,73.221
1572.332,run:denoise:8,69.543,69.543,4.729,73.221
1572.832,run:denoise:8,65.891,69.543,4.73,73.221
1573.333,run:denoise:8,65.135,69.543,4.73,73.221
1573.835,run:denoise:8,64.379,69.543,4.731,73.221
1574.335,run:denoise:8,65.135,69.543,4.73,73.221
1574.836,run:denoise:8,65.135,69.543,4.73,73.221
1575.337,run:denoise:8,65.135,69.543,4.731,73.221
1575.838,run:denoise:8,65.135,69.543,4.732,73.221
1576.338,run:denoise:8,65.135,69.543,4.731,73.221
1576.839,run:denoise:8,65.135,69.543,4.731,73.221
1577.34,run:denoise:8,65.135,69.543,4.731,73.221
1577.841,run:denoise:8,65.135,69.543,4.731,73.221
1578.341,run:denoise:8,65.135,69.543,4.732,73.221
1578.843,run:denoise:8,65.135,69.543,4.732,73.221
1579.343,run:denoise:8,65.135,69.543,4.732,73.221
1579.844,run:denoise:8,65.135,69.543,4.733,73.221
1580.345,run:denoise:8,69.543,69.543,4.732,73.221
1580.846,run:denoise:8,65.765,69.543,4.731,73.221
1581.346,run:denoise:8,69.543,69.543,4.731,73.221
1581.847,run:denoise:8,69.543,69.543,4.731,73.221
1582.348,run:denoise:8,65.513,69.543,4.73,73.221
1582.848,run:denoise:8,69.543,69.543,4.73,73.221
1583.349,run:denoise:8,67.784,69.543,4.73,73.221
1583.85,run:denoise:8,65.513,69.543,4.736,73.221
1584.351,run:denoise:8,69.543,69.543,4.731,73.221
1584.851,run:denoise:8,66.283,69.543,4.731,73.221
1585.352,run:denoise:8,69.543,69.543,4.732,73.221
1585.853,run:denoise:8,69.543,69.543,4.738,73.221
1586.354,run:denoise:8,65.765,69.543,4.734,73.221
1586.854,run:denoise:8,69.543,69.543,4.733,73.221
1587.355,run:denoise:8,68.535,69.543,4.733,73.221
1587.856,run:denoise:8,65.513,69.543,4.732,73.221
1588.357,run:denoise:8,69.543,69.543,4.733,73.221
1588.857,run:denoise:8,66.472,69.543,4.733,73.221
1589.359,run:denoise:8,69.543,69.543,4.733,73.221
1589.86,run:denoise:8,64.002,69.543,4.737,73.221
1590.36,run:denoise:8,64.379,69.543,4.731,73.221
1590.861,run:denoise:8,65.135,69.543,4.732,73.221
1591.362,run:denoise:8,65.135,69.543,4.732,73.221
1591.862,run:denoise:8,65.135,69.543,4.732,73.221
1592.363,run:denoise:8,65.135,69.543,4.732,73.221
1592.864,run:denoise:8,65.135,69.543,4.732,73.221
1593.365,run:denoise:8,65.135,69.543,4.732,73.221
1593.865,run:denoise:8,65.135,69.543,4.731,73.221
1594.367,run:denoise:8,65.135,69.543,4.732,73.221
1594.867,run:denoise:8,65.135,69.543,4.731,73.221
1595.368,run:denoise:8,65.135,69.543,4.732,73.221
1595.869,run:denoise:8,65.135,69.543,4.732,73.221
1596.37,run:denoise:8,69.543,69.543,4.733,73.221
1596.87,run:denoise:8,66.471,69.543,4.734,73.221
1597.371,run:denoise:8,69.543,69.543,4.733,73.221
1597.872,run:denoise:8,69.543,69.543,4.733,73.221
1598.373,run:denoise:8,65.513,69.543,4.734,73.221
1598.873,run:denoise:8,69.543,69.543,4.734,73.221
1599.374,run:denoise:8,65.891,69.543,4.734,73.221
1599.875,run:denoise:8,65.513,69.543,4.733,73.221
1600.376,run:denoise:8,69.543,69.543,4.732,73.221
1600.876,run:denoise:8,66.472,69.543,4.731,73.221
1601.377,run:denoise:8,69.543,69.543,4.731,73.221
1601.878,run:denoise:8,69.543,69.543,4.732,73.221
1602.378,run:denoise:8,65.765,69.543,4.732,73.221
1602.879,run:denoise:8,69.543,69.543,4.732,73.221
1603.38,run:denoise:8,69.543,69.543,4.732,73.221
1603.881,run:denoise:8,65.513,69.543,4.731,73.221
1604.381,run:denoise:8,69.543,69.543,4.733,73.221
1604.883,run:denoise:8,66.472,69.543,4.732,73.221
1605.383,run:denoise:8,69.543,69.543,4.732,73.221
1605.884,init,63.219,69.543,4.732,73.221
1606.385,init,63.219,69.543,4.733,73.221
1606.886,init,63.219,69.543,4.732,73.221
1607.387,init,63.219,69.543,4.732,73.221
1607.887,init,63.219,69.543,4.733,73.221
1608.388,init,63.219,69.543,4.734,73.221
1608.889,init,63.219,69.543,4.734,73.221
1609.39,init,63.219,69.543,4.733,73.221
1609.891,init,63.219,69.543,4.733,73.221
1610.392,init,63.219,69.543,4.734,73.221
1610.893,init,63.219,69.543,4.734,73.221
1611.393,run:denoise:9,64.773,69.543,4.767,73.238
1611.894,run:denoise:9,69.18,69.543,4.767,73.238
1612.395,run:denoise:9,67.054,69.543,4.768,73.238
1612.896,run:denoise:9,66.284,69.543,4.768,73.238
1613.396,run:denoise:9,69.18,69.543,4.768,73.238
1613.897,run:denoise:9,65.92,69.543,4.768,73.238
1614.398,run:denoise:9,69.18,69.543,4.769,73.238
1614.899,run:denoise:9,69.18,69.543,4.768,73.238
1615.4,run:denoise:9,65.15,69.543,4.768,73.238
1615.901,run:denoise:9,69.18,69.543,4.768,73.238
1616.401,run:denoise:9,66.284,69.543,4.769,73.238
1616.902,run:denoise:9,65.15,69.543,4.769,73.238
1617.403,run:denoise:9,69.18,69.543,4.769,73.238
1617.904,run:denoise:9,66.109,69.543,4.769,73.238
1618.404,run:denoise:9,69.18,69.543,4.769,73.238
1618.905,run:denoise:9,69.18,69.543,4.77,73.238
1619.407,run:denoise:9,65.403,69.543,4.77,73.238
1619.907,run:denoise:9,69.18,69.543,4.769,73.238
1620.408,run:denoise:9,69.18,69.543,4.767,73.238
1620.909,run:denoise:9,65.15,69.543,4.767,73.238
1621.41,run:denoise:9,63.248,69.543,4.767,73.238
1621.91,run:denoise:9,63.248,69.543,4.767,73.238
1622.411,run:denoise:9,63.248,69.543,4.767,73.238
1622.912,run:denoise:9,63.248,69.543,4.766,73.238
1623.413,run:denoise:9,63.248,69.543,4.766,73.238
1623.913,run:denoise:9,63.248,69.543,4.766,73.238
1624.414,run:denoise:9,63.248,69.543,4.766,73.238
1624.915,run:denoise:9,63.248,69.543,4.766,73.238
1625.416,run:denoise:9,63.248,69.543,4.766,73.238
1625.917,run:denoise:9,63.248,69.543,4.767,73.238
1626.418,run:denoise:9,63.248,69.543,4.767,73.238
1626.918,run:denoise:9,65.164,69.572,4.767,73.238
1627.419,run:denoise:9,65.164,69.572,4.767,73.238
1627.92,run:denoise:9,69.572,69.572,4.767,73.238
1628.421,run:denoise:9,66.501,69.572,4.769,73.238
1628.921,run:denoise:9,69.572,69.572,4.77,73.238
1629.422,run:denoise:9,69.572,69.572,4.77,73.238
1629.924,run:denoise:9,65.794,69.572,4.769,73.238
1630.424,run:denoise:9,69.572,69.572,4.769,73.238
1630.925,run:denoise:9,69.572,69.572,4.769,73.238
1631.426,run:denoise:9,65.542,69.572,4.769,73.238
1631.927,run:denoise:9,69.572,69.572,4.769,73.238
1632.427,run:denoise:9,66.878,69.572,4.769,73.238
1632.928,run:denoise:9,69.572,69.572,4.772,73.238
1633.429,run:denoise:9,69.572,69.572,4.772,73.238
1633.93,run:denoise:9,66.809,69.572,4.772,73.238
1634.43,run:denoise:9,69.572,69.572,4.772,73.238
1634.932,run:denoise:9,69.572,69.572,4.772,73.238
1635.432,run:denoise:9,65.542,69.572,4.772,73.238
1635.933,run:denoise:9,69.572,69.572,4.771,73.238
1636.434,run:denoise:9,66.425,69.572,4.771,73.238
1636.935,run:denoise:9,66.675,69.572,4.77,73.238
1637.436,run:denoise:9,64.408,69.572,4.768,73.238
1637.936,run:denoise:9,65.164,69.572,4.767,73.238
1638.437,run:denoise:9,65.164,69.572,4.768,73.238
1638.938,run:denoise:9,65.164,69.572,4.768,73.238
1639.439,run:denoise:9,65.164,69.572,4.768,73.238
1639.939,run:denoise:9,65.164,69.572,4.768,73.238
1640.441,run:denoise:9,65.164,69.572,4.769,73.238
1640.942,run:denoise:9,65.164,69.572,4.769,73.238
1641.442,run:denoise:9,65.164,69.572,4.769,73.238
1641.943,run:denoise:9,65.164,69.572,4.768,73.238
1642.444,run:denoise:9,65.164,69.572,4.768,73.238
1642.945,run:denoise:9,65.164,69.572,4.767,73.238
1643.445,run:denoise:9,65.164,69.572,4.768,73.238
1643.946,run:denoise:9,65.164,69.572,4.768,73.238
1644.447,run:denoise:9,65.542,69.572,4.768,73.238
1644.948,run:denoise:9,69.572,69.572,4.769,73.238
1645.449,run:denoise:9,67.813,69.572,4.769,73.238
1645.95,run:denoise:9,65.542,69.572,4.769,73.238
1646.451,run:denoise:9,69.572,69.572,4.769,73.238
1646.952,run:denoise:9,66.501,69.572,4.769,73.238
1647.452,run:denoise:9,69.572,69.572,4.769,73.238
1647.953,run:denoise:9,69.572,69.572,4.767,73.238
1648.454,run:denoise:9,65.794,69.572,4.767,73.238
1648.955,run:denoise:9,69.572,69.572,4.768,73.238
1649.455,run:denoise:9,69.572,69.572,4.768,73.238
1649.956,run:denoise:9,65.542,69.572,4.769,73.238
1650.458,run:denoise:9,69.572,69.572,4.769,73.238
1650.958,run:denoise:9,66.878,69.572,4.766,73.238
1651.459,run:denoise:9,69.572,69.572,4.766,73.238
1651.96,run:denoise:9,69.572,69.572,4.765,73.238
1652.461,run:denoise:9,65.794,69.572,4.765,73.238
1652.961,run:denoise:9,69.572,69.572,4.765,73.238
1653.462,run:denoise:9,69.572,69.572,4.765,73.238
1653.963,run:denoise:9,64.03,69.572,4.764,73.238
1654.463,run:denoise:9,65.92,69.572,4.765,73.238
1654.964,run:denoise:9,65.164,69.572,4.766,73.238
1655.465,run:denoise:9,65.164,69.572,4.766,73.238
1655.966,run:denoise:9,65.164,69.572,4.765,73.238
1656.467,run:denoise:9,65.164,69.572,4.766,73.238
1656.968,run:denoise:9,65.164,69.572,4.764,73.238
1657.469,run:denoise:9,65.164,69.572,4.765,73.238
1657.969,run:denoise:9,65.164,69.572,4.766,73.238
1658.47,run:denoise:9,65.164,69.572,4.766,73.238
1658.971,run:denoise:9,65.164,69.572,4.767,73.238
1659.472,run:denoise:9,65.164,69.572,4.767,73.238
1659.972,run:denoise:9,65.164,69.572,4.767,73.238
1660.473,run:denoise:9,65.164,69.572,4.767,73.238
1660.974,run:denoise:9,65.164,69.572,4.769,73.238
1661.475,run:denoise:9,65.164,69.572,4.77,73.238
1661.976,run:denoise:9,69.572,69.572,4.77,73.238
1662.477,run:denoise:9,67.309,69.572,4.77,73.238
1662.977,run:denoise:9,65.542,69.572,4.769,73.238
1663.478,run:denoise:9,69.572,69.572,4.768,73.238
1663.979,run:denoise:9,66.312,69.572,4.768,73.238
1664.48,run:denoise:9,69.572,69.572,4.768,73.238
1664.98,run:denoise:9,69.572,69.572,4.768,73.238
1665.481,run:denoise:9,65.794,69.572,4.767,73.238
1665.982,run:denoise:9,69.572,69.572,4.767,73.238
1666.483,run:denoise:9,69.572,69.572,4.767,73.238
1666.983,run:denoise:9,65.542,69.572,4.766,73.238
1667.484,run:denoise:9,69.572,69.572,4.768,73.238
1667.985,run:denoise:9,66.878,69.572,4.766,73.238
1668.485,run:denoise:9,69.572,69.572,4.767,73.238
1668.986,run:denoise:9,69.572,69.572,4.766,73.238
1669.487,run:denoise:9,65.794,69.572,4.766,73.238
1669.988,run:denoise:9,69.572,69.572,4.768,73.238
1670.488,run:denoise:9,69.572,69.572,4.768,73.238
1670.989,run:denoise:9,65.164,69.572,4.768,73.238
1671.491,run:denoise:9,64.408,69.572,4.768,73.238
1671.991,run:denoise:9,65.164,69.572,4.767,73.238
1672.492,run:denoise:9,65.164,69.572,4.768,73.238
1672.993,run:denoise:9,65.164,69.572,4.767,73.238
1673.494,run:denoise:9,65.164,69.572,4.768,73.238
1673.995,run:denoise:9,65.164,69.572,4.767,73.238
1674.496,run:denoise:9,65.164,69.572,4.767,73.238
1674.997,run:denoise:9,65.164,69.572,4.767,73.238
1675.498,run:denoise:9,65.164,69.572,4.767,73.238
1675.998,run:denoise:9,65.164,69.572,4.766,73.238
1676.5,run:denoise:9,65.164,69.572,4.766,73.238
1677.001,run:denoise:9,65.164,69.572,4.767,73.238
1677.501,run:denoise:9,65.164,69.572,4.767,73.238
1678.002,run:denoise:9,65.164,69.572,4.769,73.238
1678.503,run:denoise:9,65.164,69.572,4.769,73.238
1679.004,run:denoise:9,65.164,69.572,4.769,73.238
1679.504,run:denoise:9,65.164,69.572,4.769,73.238
1680.005,run:denoise:9,69.572,69.572,4.768,73.238
1680.506,run:denoise:9,69.572,69.572,4.768,73.238
1681.006,run:denoise:9,65.542,69.572,4.768,73.238
1681.507,run:denoise:9,69.572,69.572,4.768,73.238
1682.009,run:denoise:9,67.305,69.572,4.768,73.238
1682.509,run:denoise:9,65.542,69.572,4.768,73.238
1683.01,run:denoise:9,69.572,69.572,4.767,73.238
1683.511,run:denoise:9,66.312,69.572,4.768,73.238
1684.012,run:denoise:9,69.572,69.572,4.766,73.238
1684.512,run:denoise:9,69.572,69.572,4.766,73.238
1685.013,run:denoise:9,65.794,69.572,4.767,73.238
1685.514,run:denoise:9,69.572,69.572,4.767,73.238
1686.015,run:denoise:9,69.572,69.572,4.768,73.238
1686.515,run:denoise:9,65.542,69.572,4.769,73.238
1687.017,run:denoise:9,69.572,69.572,4.769,73.238
1687.517,run:denoise:9,66.501,69.572,4.771,73.238
1688.018,run:denoise:9,69.572,69.572,4.771,73.238
1688.519,run:denoise:9,69.572,69.572,4.771,73.238
1689.02,run:denoise:9,65.794,69.572,4.771,73.238
1689.52,run:denoise:9,64.031,69.572,4.771,73.238
1690.021,run:denoise:9,65.92,69.572,4.772,73.238
1690.522,run:denoise:9,65.164,69.572,4.771,73.238
1691.023,run:denoise:9,65.164,69.572,4.76,73.238
1691.523,run:denoise:9,65.164,69.572,4.76,73.238
1692.025,run:denoise:9,65.164,69.572,4.76,73.238
1692.526,run:denoise:9,65.164,69.572,4.76,73.238
1693.026,run:denoise:9,65.164,69.572,4.76,73.238
1693.527,run:denoise:9,65.164,69.572,4.761,73.238
1694.028,run:denoise:9,65.164,69.572,4.759,73.238
1694.529,run:denoise:9,65.164,69.572,4.76,73.238
1695.029,run:denoise:9,65.164,69.572,4.76,73.238
1695.531,run:denoise:9,63.248,69.572,4.76,73.238
1696.031,run:denoise:9,65.164,69.572,4.76,73.238
1696.532,run:denoise:9,65.164,69.572,4.761,73.238
1697.033,run:denoise:9,65.164,69.572,4.761,73.238
1697.534,run:denoise:9,65.164,69.572,4.761,73.238
1698.035,run:denoise:9,65.164,69.572,4.761,73.238
1698.536,run:denoise:9,69.572,69.572,4.761,73.238
1699.037,run:denoise:9,66.312,69.572,4.76,73.238
1699.537,run:denoise:9,69.572,69.572,4.76,73.238
1700.038,run:denoise:9,69.572,69.572,4.76,73.238
1700.539,run:denoise:9,65.542,69.572,4.76,73.238
1701.04,run:denoise:9,69.572,69.572,4.76,73.238
1701.54,run:denoise:9,67.556,69.572,4.761,73.238
1702.041,run:denoise:9,65.542,69.572,4.76,73.238
1702.542,run:denoise:9,69.572,69.572,4.76,73.238
1703.043,run:denoise:9,66.501,69.572,4.76,73.238
1703.544,run:denoise:9,69.572,69.572,4.76,73.238
1704.045,run:denoise:9,69.572,69.572,4.76,73.238
1704.545,run:denoise:9,65.794,69.572,4.76,73.238
1705.046,run:denoise:9,69.572,69.572,4.76,73.238
1705.547,run:denoise:9,69.572,69.572,4.76,73.238
1706.048,run:denoise:9,65.542,69.572,4.756,73.238
1706.548,run:denoise:9,69.572,69.572,4.757,73.238
1707.049,run:denoise:9,66.878,69.572,4.757,73.238
1707.55,run:denoise:9,69.572,69.572,4.758,73.238
1708.051,run:denoise:9,64.408,69.572,4.757,73.238
1708.552,run:denoise:9,65.541,69.572,4.757,73.238
1709.053,run:denoise:9,65.164,69.572,4.757,73.238
1709.553,run:denoise:9,65.164,69.572,4.758,73.238
1710.054,run:denoise:9,65.164,69.572,4.754,73.238
1710.555,run:denoise:9,65.164,69.572,4.753,73.238
1711.056,run:denoise:9,65.164,69.572,4.753,73.238
1711.556,run:denoise:9,65.164,69.572,4.753,73.238
1712.057,run:denoise:9,65.164,69.572,4.754,73.238
1712.558,run:denoise:9,65.164,69.572,4.754,73.238
1713.06,run:denoise:9,65.164,69.572,4.754,73.238
1713.56,run:denoise:9,65.164,69.572,4.754,73.238
1714.061,run:denoise:9,65.164,69.572,4.753,73.238
1714.562,run:denoise:9,65.164,69.572,4.754,73.238
1715.062,run:denoise:9,65.164,69.572,4.754,73.238
1715.563,run:denoise:9,69.572,69.572,4.754,73.238
1716.064,run:denoise:9,67.445,69.572,4.756,73.238
1716.565,run:denoise:9,66.297,69.572,4.756,73.238
1717.065,run:denoise:9,69.572,69.572,4.765,73.238
1717.566,run:denoise:9,66.312,69.572,4.762,73.238
1718.067,run:denoise:9,69.572,69.572,4.762,73.238
1718.568,run:denoise:9,69.572,69.572,4.763,73.238
1719.069,run:denoise:9,65.542,69.572,4.763,73.238
1719.57,run:denoise:9,69.572,69.572,4.763,73.238
1720.07,run:denoise:9,67.556,69.572,4.764,73.238
1720.571,run:denoise:9,65.542,69.572,4.764,73.238
1721.072,run:denoise:9,69.572,69.572,4.765,73.238
1721.573,run:denoise:9,66.501,69.572,4.765,73.238
1722.073,run:denoise:9,69.572,69.572,4.765,73.238
1722.574,run:denoise:9,69.572,69.572,4.764,73.238
1723.075,run:denoise:9,65.794,69.572,4.765,73.238
1723.576,run:denoise:9,69.572,69.572,4.765,73.238
1724.077,run:denoise:9,69.572,69.572,4.766,73.238
1724.578,run:denoise:9,65.164,69.572,4.767,73.238
1725.078,run:denoise:9,64.408,69.572,4.766,73.238
1725.579,run:denoise:9,65.164,69.572,4.766,73.238
1726.08,run:denoise:9,65.164,69.572,4.767,73.238
1726.581,run:denoise:9,65.164,69.572,4.767,73.238
1727.081,run:denoise:9,65.164,69.572,4.767,73.238
1727.582,run:denoise:9,65.164,69.572,4.767,73.238
1728.083,run:denoise:9,65.164,69.572,4.766,73.238
1728.584,run:denoise:9,65.164,69.572,4.766,73.238
1729.085,run:denoise:9,65.164,69.572,4.766,73.238
1729.586,run:denoise:9,65.164,69.572,4.766,73.238
1730.086,run:denoise:9,65.164,69.572,4.765,73.238
1730.587,run:denoise:9,65.164,69.572,4.767,73.238
1731.088,run:denoise:9,65.164,69.572,4.767,73.238
1731.589,run:denoise:9,69.572,69.572,4.768,73.238
1732.089,run:denoise:9,66.501,69.572,4.768,73.238
1732.59,run:denoise:9,69.572,69.572,4.769,73.238
1733.091,run:denoise:9,69.572,69.572,4.769,73.238
1733.592,run:denoise:9,65.794,69.572,4.769,73.238
1734.093,run:denoise:9,69.572,69.572,4.768,73.238
1734.594,run:denoise:9,69.572,69.572,4.769,73.238
1735.095,run:denoise:9,65.542,69.572,4.769,73.238
1735.595,run:denoise:9,69.572,69.572,4.769,73.238
1736.096,run:denoise:9,67.067,69.572,4.769,73.238
1736.597,run:denoise:9,69.572,69.572,4.769,73.238
1737.098,run:denoise:9,69.572,69.572,4.769,73.238
1737.598,run:denoise:9,66.312,69.572,4.769,73.238
1738.099,run:denoise:9,69.572,69.572,4.769,73.238
1738.6,run:denoise:9,69.572,69.572,4.77,73.238
1739.101,run:denoise:9,65.542,69.572,4.769,73.238
1739.602,run:denoise:9,69.572,69.572,4.769,73.238
1740.103,run:denoise:9,66.297,69.572,4.768,73.238
1740.603,run:denoise:9,65.542,69.572,4.769,73.238
1741.104,run:denoise:9,64.031,69.572,4.769,73.238
1741.605,run:denoise:9,66.311,69.572,4.769,73.238
1742.106,run:denoise:9,65.164,69.572,4.769,73.238
1742.606,run:denoise:9,65.164,69.572,4.769,73.238
1743.107,run:denoise:9,65.164,69.572,4.769,73.238
1743.608,run:denoise:9,65.164,69.572,4.769,73.238
1744.109,run:denoise:9,65.164,69.572,4.769,73.238
1744.61,run:denoise:9,65.164,69.572,4.769,73.238
1745.111,run:denoise:9,65.164,69.572,4.769,73.238
1745.611,run:denoise:9,65.164,69.572,4.769,73.238
1746.112,run:denoise:9,65.164,69.572,4.767,73.238
1746.613,run:denoise:9,65.164,69.572,4.767,73.238
1747.114,run:denoise:9,65.164,69.572,4.767,73.238
1747.614,run:denoise:9,69.572,69.572,4.767,73.238
1748.115,run:denoise:9,66.878,69.572,4.768,73.238
1748.616,run:denoise:9,69.572,69.572,4.769,73.238
1749.117,run:denoise:9,69.572,69.572,4.768,73.238
1749.617,run:denoise:9,65.794,69.572,4.768,73.238
1750.118,run:denoise:9,69.572,69.572,4.768,73.238
1750.619,run:denoise:9,69.572,69.572,4.768,73.238
1751.12,run:denoise:9,65.542,69.572,4.769,73.238
1751.62,run:denoise:9,69.572,69.572,4.769,73.238
1752.121,run:denoise:9,65.919,69.572,4.768,73.238
1752.622,run:denoise:9,65.542,69.572,4.769,73.238
1753.122,run:denoise:9,69.572,69.572,4.769,73.238
1753.623,run:denoise:9,66.501,69.572,4.769,73.238
1754.124,run:denoise:9,69.572,69.572,4.769,73.238
1754.625,run:denoise:9,69.572,69.572,4.769,73.238
1755.126,run:denoise:9,65.794,69.572,4.769,73.238
1755.627,run:denoise:9,69.572,69.572,4.769,73.238
1756.129,run:denoise:9,69.572,69.572,4.769,73.238
1756.63,run:denoise:9,65.542,69.572,4.77,73.238
1757.131,init,63.248,69.572,4.77,73.238
1757.632,init,63.248,69.572,4.77,73.238
1758.132,init,63.248,69.572,4.77,73.238
1758.633,init,63.248,69.572,4.772,73.238
1759.134,init,63.248,69.572,4.773,73.238
1759.635,init,63.248,69.572,4.773,73.238
1760.136,init,63.248,69.572,4.774,73.238
1760.637,init,63.248,69.572,4.773,73.238
1761.137,init,63.248,69.572,4.773,73.238
1761.638,init,63.248,69.572,4.773,73.238
1762.139,init,63.248,69.572,4.77,73.238
1762.771,free:denoise,63.234,69.572,4.784,65.18
1763.271,load:decode,1.069,69.572,4.785,33.76
1763.772,load:decode,2.257,69.572,4.787,33.76
1764.375,load:decode,5.009,69.572,4.786,33.76
1764.876,load:decode,8.261,69.572,4.79,33.76
1765.377,load:decode,9.784,69.572,4.785,33.76
1765.878,load:decode,10.268,69.572,4.787,33.768
1766.378,run:decode:0,15.18,69.572,4.936,33.779
1766.879,run:decode:0,15.254,69.572,4.936,33.779
1767.38,run:decode:0,15.353,69.572,4.936,33.779
1767.881,run:decode:0,15.414,69.572,4.934,33.779
1768.381,run:decode:0,15.317,69.572,4.935,33.779
1768.882,run:decode:0,15.389,69.572,4.936,33.779
1769.383,run:decode:0,15.496,69.572,4.935,33.779
1769.883,run:decode:0,15.529,69.572,4.933,33.779
1770.384,run:decode:0,15.603,69.572,4.933,33.779
1770.885,run:decode:0,15.663,69.572,4.934,33.779
1771.386,run:decode:0,15.716,69.572,4.934,33.779
1771.886,run:decode:0,15.768,69.572,4.934,33.779
1772.387,run:decode:0,15.86,69.572,4.935,33.779
1772.888,run:decode:0,15.748,69.572,4.935,33.779
1773.389,run:decode:0,15.77,69.572,4.935,33.779
1773.889,run:decode:0,15.881,69.572,4.935,33.779
1774.39,run:decode:0,15.928,69.572,4.937,33.779
1774.891,run:decode:0,15.807,69.572,4.939,33.779
1775.392,run:decode:0,15.865,69.572,4.938,33.779
1775.893,run:decode:0,15.953,69.572,4.938,33.779
1776.394,run:decode:0,16.005,69.572,4.938,33.779
1776.894,run:decode:0,15.906,69.572,4.938,33.779
1777.395,run:decode:0,15.987,69.572,4.937,33.779
1777.896,run:decode:0,16.028,69.572,4.937,33.779
1778.397,run:decode:0,16.12,69.572,4.938,33.779
1778.897,run:decode:0,16.003,69.572,4.938,33.779
1779.398,run:decode:0,16.044,69.572,4.939,33.779
1779.899,run:decode:0,16.095,69.572,4.938,33.779
1780.4,run:decode:0,16.167,69.572,4.938,33.779
1780.901,run:decode:0,16.249,69.572,4.938,33.779
1781.402,run:decode:0,12.019,69.572,5.794,33.779
1781.903,run:decode:0,12.019,69.572,6.478,33.779
1782.403,run:decode:0,12.019,69.572,7.219,33.779
1782.904,run:decode:0,12.019,69.572,7.873,33.779
1783.405,run:decode:0,12.019,69.572,8.648,33.779
1783.906,run:decode:0,12.019,69.572,7.932,33.779
1784.406,run:decode:0,12.019,69.572,6.887,33.779
1784.908,run:decode:0,12.019,69.572,7.106,33.779
1785.408,run:decode:0,10.9,69.572,5.512,33.793
1785.909,encode_mp4:0,10.819,69.572,5.921,33.793
1786.41,encode_mp4:0,10.819,69.572,6.178,33.793
1786.911,encode_mp4:0,10.819,69.572,6.401,33.793
1787.412,encode_mp4:0,10.819,69.572,6.405,33.793
1787.913,encode_mp4:0,10.819,69.572,6.408,33.793
1788.415,encode_mp4:0,10.819,69.572,6.321,33.793
1788.917,encode_mp4:0,10.819,69.572,6.446,33.793
1789.417,run:decode:1,15.353,69.572,5.556,33.793
1789.918,run:decode:1,15.442,69.572,5.557,33.793
1790.419,run:decode:1,15.546,69.572,5.557,33.793
1790.92,run:decode:1,15.619,69.572,5.557,33.793
1791.421,run:decode:1,15.558,69.572,5.557,33.793
1791.922,run:decode:1,15.637,69.572,5.557,33.793
1792.423,run:decode:1,15.702,69.572,5.557,33.793
1792.924,run:decode:1,15.734,69.572,5.556,33.793
1793.424,run:decode:1,15.805,69.572,5.557,33.793
1793.925,run:decode:1,15.86,69.572,5.556,33.793
1794.426,run:decode:1,15.937,69.572,5.556,33.793
1794.927,run:decode:1,16.019,69.572,5.557,33.793
1795.428,run:decode:1,16.07,69.572,5.558,33.793
1795.929,run:decode:1,15.92,69.572,5.557,33.793
1796.429,run:decode:1,15.999,69.572,5.558,33.793
1796.93,run:decode:1,16.068,69.572,5.557,33.793
1797.431,run:decode:1,16.133,69.572,5.557,33.793
1797.932,run:decode:1,16.015,69.572,5.557,33.793
1798.432,run:decode:1,16.07,69.572,5.557,33.793
1798.933,run:decode:1,16.184,69.572,5.557,33.793
1799.434,run:decode:1,16.268,69.572,5.557,33.793
1799.935,run:decode:1,16.132,69.572,5.557,33.793
1800.437,run:decode:1,16.192,69.572,5.56,33.793
1800.937,run:decode:1,16.339,69.572,5.56,33.793
1801.438,run:decode:1,16.33,69.572,5.556,33.793
1801.939,run:decode:1,16.208,69.572,5.556,33.793
1802.44,run:decode:1,16.238,69.572,5.557,33.793
1802.94,run:decode:1,16.321,69.572,5.56,33.793
1803.441,run:decode:1,16.401,69.572,5.561,33.793
1803.942,run:decode:1,16.475,69.572,5.561,33.793
1804.443,run:decode:1,12.233,69.572,6.309,33.793
1804.943,run:decode:1,12.233,69.572,7.683,33.793
1805.444,run:decode:1,12.233,69.572,9.646,33.793
1805.945,run:decode:1,12.233,69.572,6.985,33.793
1806.446,run:decode:1,12.233,69.572,7.091,33.793
1806.947,run:decode:1,12.233,69.572,6.971,33.793
1807.448,encode_mp4:1,10.791,69.572,6.373,33.793
1807.949,encode_mp4:1,10.791,69.572,6.677,33.793
1808.45,encode_mp4:1,10.791,69.572,6.714,33.793
1808.951,encode_mp4:1,10.791,69.572,6.724,33.793
1809.452,encode_mp4:1,10.791,69.572,6.728,33.793
1809.953,run:decode:2,10.782,69.572,5.52,33.787
1810.454,run:decode:2,15.44,69.572,5.521,33.787
1810.955,run:decode:2,15.472,69.572,5.512,33.787
1811.456,run:decode:2,15.569,69.572,5.512,33.787
1811.957,run:decode:2,15.632,69.572,5.51,33.787
1812.458,run:decode:2,15.551,69.572,5.51,33.787
1812.959,run:decode:2,15.652,69.572,5.51,33.787
1813.459,run:decode:2,15.733,69.572,5.512,33.787
1813.96,run:decode:2,15.792,69.572,5.513,33.787
1814.461,run:decode:2,15.816,69.572,5.513,33.787
1814.962,run:decode:2,15.902,69.572,5.513,33.787
1815.463,run:decode:2,15.961,69.572,5.513,33.787
1815.964,run:decode:2,16.016,69.572,5.512,33.787
1816.465,run:decode:2,15.871,69.572,5.513,33.787
1816.965,run:decode:2,15.936,69.572,5.513,33.787
1817.466,run:decode:2,16.048,69.572,5.512,33.787
1817.967,run:decode:2,16.084,69.572,5.511,33.787
1818.468,run:decode:2,15.966,69.572,5.511,33.787
1818.968,run:decode:2,16.067,69.572,5.512,33.787
1819.469,run:decode:2,16.092,69.572,5.512,33.787
1819.97,run:decode:2,16.198,69.572,5.51,33.787
1820.471,run:decode:2,16.219,69.572,5.511,33.787
1820.973,run:decode:2,16.13,69.572,5.51,33.787
1821.473,run:decode:2,16.18,69.572,5.51,33.787
1821.974,run:decode:2,16.285,69.572,5.511,33.787
1822.475,run:decode:2,16.348,69.572,5.512,33.787
1822.976,run:decode:2,16.196,69.572,5.512,33.787
1823.476,run:decode:2,16.34,69.572,5.512,33.787
1823.977,run:decode:2,16.364,69.572,5.513,33.787
1824.478,run:decode:2,16.408,69.572,5.513,33.787
1824.979,run:decode:2,12.205,69.572,5.952,33.787
1825.479,run:decode:2,12.205,69.572,6.943,33.787
1825.98,run:decode:2,12.205,69.572,9.075,33.787
1826.481,run:decode:2,12.205,69.572,6.945,33.787
1826.982,run:decode:2,12.205,69.572,7.068,33.787
1827.483,run:decode:2,12.205,69.572,6.925,33.787
1827.984,encode_mp4:2,10.764,69.572,6.354,33.787
1828.485,encode_mp4:2,10.764,69.572,6.656,33.787
1828.986,encode_mp4:2,10.764,69.572,6.694,33.787
1829.487,encode_mp4:2,10.764,69.572,6.247,33.787
1829.988,encode_mp4:2,10.764,69.572,6.704,33.787
1830.489,run:decode:3,15.387,69.572,5.559,33.783
1830.99,run:decode:3,15.47,69.572,5.559,33.783
1831.507,run:decode:3,15.531,69.572,5.559,33.783
1832.008,run:decode:3,15.606,69.572,5.56,33.783
1832.509,run:decode:3,15.538,69.572,5.558,33.783
1833.009,run:decode:3,15.574,69.572,5.558,33.783
1833.51,run:decode:3,15.645,69.572,5.558,33.783
1834.011,run:decode:3,15.755,69.572,5.566,33.783
1834.511,run:decode:3,15.751,69.572,5.566,33.783
1835.012,run:decode:3,15.85,69.572,5.566,33.783
1835.513,run:decode:3,15.864,69.572,5.566,33.783
1836.014,run:decode:3,15.974,69.572,5.564,33.783
1836.514,run:decode:3,15.874,69.572,5.564,33.783
1837.015,run:decode:3,15.894,69.572,5.563,33.783
1837.516,run:decode:3,16.012,69.572,5.564,33.783
1838.017,run:decode:3,16.08,69.572,5.566,33.783
1838.518,run:decode:3,16.141,69.572,5.566,33.783
1839.019,run:decode:3,16.028,69.572,5.565,33.783
1839.519,run:decode:3,16.078,69.572,5.565,33.783
1840.02,run:decode:3,16.101,69.572,5.567,33.783
1840.521,run:decode:3,16.211,69.572,5.568,33.783
1841.021,run:decode:3,16.073,69.572,5.567,33.783
1841.522,run:decode:3,16.139,69.572,5.567,33.783
1842.023,run:decode:3,16.21,69.572,5.567,33.783
1842.524,run:decode:3,16.278,69.572,5.568,33.783
1843.024,run:decode:3,16.154,69.572,5.567,33.783
1843.525,run:decode:3,16.212,69.572,5.567,33.783
1844.026,run:decode:3,16.287,69.572,5.569,33.783
1844.527,run:decode:3,16.359,69.572,5.569,33.783
1845.028,run:decode:3,12.178,69.572,5.78,33.783
1845.528,run:decode:3,12.178,69.572,6.781,33.783
1846.029,run:decode:3,12.178,69.572,8.675,33.783
1846.53,run:decode:3,12.178,69.572,7.001,33.783
1847.031,run:decode:3,12.178,69.572,7.034,33.783
1847.532,run:decode:3,12.178,69.572,7.25,33.783
1848.033,encode_mp4:3,10.735,69.572,6.315,33.783
1848.534,encode_mp4:3,10.735,69.572,6.582,33.783
1849.035,encode_mp4:3,10.735,69.572,6.69,33.783
1849.537,encode_mp4:3,10.735,69.572,6.69,33.783
1850.038,encode_mp4:3,10.735,69.572,6.69,33.783
1850.54,encode_mp4:3,10.735,69.572,6.713,33.783
1851.041,encode_mp4:3,10.735,69.572,6.707,33.783
1851.542,run:decode:4,15.361,69.572,5.554,33.779
1852.043,run:decode:4,15.419,69.572,5.554,33.779
1852.543,run:decode:4,15.469,69.572,5.557,33.779
1853.044,run:decode:4,15.562,69.572,5.556,33.779
1853.545,run:decode:4,15.498,69.572,5.556,33.779
1854.046,run:decode:4,15.535,69.572,5.556,33.779
1854.547,run:decode:4,15.645,69.572,5.559,33.779
1855.048,run:decode:4,15.703,69.572,5.558,33.779
1855.549,run:decode:4,15.74,69.572,5.558,33.779
1856.05,run:decode:4,15.742,69.572,5.558,33.779
1856.551,run:decode:4,15.884,69.572,5.558,33.779
1857.051,run:decode:4,15.941,69.572,5.557,33.779
1857.552,run:decode:4,15.985,69.572,5.558,33.779
1858.053,run:decode:4,15.901,69.572,5.557,33.779
1858.554,run:decode:4,15.934,69.572,5.556,33.779
1859.055,run:decode:4,15.971,69.572,5.557,33.779
1859.556,run:decode:4,16.061,69.572,5.556,33.779
1860.056,run:decode:4,15.988,69.572,5.556,33.779
1860.557,run:decode:4,16.036,69.572,5.556,33.779
1861.059,run:decode:4,16.118,69.572,5.556,33.779
1861.56,run:decode:4,16.19,69.572,5.556,33.779
1862.06,run:decode:4,16.052,69.572,5.555,33.779
1862.562,run:decode:4,16.138,69.572,5.556,33.779
1863.062,run:decode:4,16.171,69.572,5.555,33.779
1863.563,run:decode:4,16.225,69.572,5.555,33.779
1864.064,run:decode:4,16.132,69.572,5.557,33.779
1864.565,run:decode:4,16.211,69.572,5.556,33.779
1865.065,run:decode:4,16.248,69.572,5.556,33.779
1865.566,run:decode:4,16.32,69.572,5.556,33.779
1866.067,run:decode:4,12.149,69.572,5.614,33.779
1866.568,run:decode:4,12.149,69.572,6.616,33.779
1867.069,run:decode:4,12.149,69.572,8.32,33.779
1867.57,run:decode:4,12.149,69.572,8.422,33.779
1868.07,run:decode:4,12.149,69.572,6.989,33.779
1868.571,run:decode:4,12.149,69.572,7.205,33.779
1869.072,encode_mp4:4,10.706,69.572,6.202,33.779
1869.574,encode_mp4:4,10.706,69.572,6.536,33.779
1870.075,encode_mp4:4,10.706,69.572,6.683,33.779
1870.577,encode_mp4:4,10.706,69.572,6.65,33.779
1871.078,encode_mp4:4,10.706,69.572,6.706,33.779
1871.579,run:decode:5,15.298,69.572,5.542,33.777
1872.079,run:decode:5,15.387,69.572,5.543,33.777
1872.58,run:decode:5,15.453,69.572,5.546,33.777
1873.081,run:decode:5,15.475,69.572,5.545,33.777
1873.582,run:decode:5,15.421,69.572,5.545,33.777
1874.082,run:decode:5,15.503,69.572,5.546,33.777
1874.583,run:decode:5,15.589,69.572,5.547,33.777
1875.084,run:decode:5,15.64,69.572,5.549,33.777
1875.585,run:decode:5,15.7,69.572,5.549,33.777
1876.086,run:decode:5,15.746,69.572,5.549,33.777
1876.587,run:decode:5,15.844,69.572,5.549,33.777
1877.088,run:decode:5,15.894,69.572,5.549,33.777
1877.588,run:decode:5,15.987,69.572,5.55,33.777
1878.089,run:decode:5,15.86,69.572,5.551,33.777
1878.59,run:decode:5,15.902,69.572,5.551,33.777
1879.091,run:decode:5,15.985,69.572,5.55,33.777
1879.592,run:decode:5,16.061,69.572,5.55,33.777
1880.092,run:decode:5,15.904,69.572,5.55,33.777
1880.593,run:decode:5,15.969,69.572,5.551,33.777
1881.095,run:decode:5,16.07,69.572,5.551,33.777
1881.596,run:decode:5,16.103,69.572,5.551,33.777
1882.096,run:decode:5,16.047,69.572,5.551,33.777
1882.597,run:decode:5,16.097,69.572,5.555,33.777
1883.098,run:decode:5,16.15,69.572,5.553,33.777
1883.599,run:decode:5,16.231,69.572,5.555,33.777
1884.099,run:decode:5,16.077,69.572,5.552,33.777
1884.6,run:decode:5,16.187,69.572,5.553,33.777
1885.101,run:decode:5,16.235,69.572,5.554,33.777
1885.602,run:decode:5,16.317,69.572,5.554,33.777
1886.103,run:decode:5,11.405,69.572,5.549,33.777
1886.604,run:decode:5,12.12,69.572,6.462,33.777
1887.105,run:decode:5,12.12,69.572,7.943,33.777
1887.606,run:decode:5,12.12,69.572,8.416,33.777
1888.107,run:decode:5,12.12,69.572,6.984,33.777
1888.607,run:decode:5,12.12,69.572,7.149,33.777
1889.108,encode_mp4:5,10.677,69.572,5.849,33.777
1889.609,encode_mp4:5,10.677,69.572,6.439,33.777
1890.11,encode_mp4:5,10.677,69.572,6.677,33.777
1890.617,encode_mp4:5,10.677,69.572,6.679,33.777
1891.118,encode_mp4:5,10.677,69.572,6.68,33.777
1891.619,encode_mp4:5,10.677,69.572,6.513,33.777
1892.12,encode_mp4:5,10.677,69.572,6.691,33.777
1892.621,run:decode:6,11.362,69.572,5.539,33.772
1893.122,run:decode:6,15.316,69.572,5.54,33.772
1893.623,run:decode:6,15.349,69.572,5.54,33.772
1894.124,run:decode:6,15.456,69.572,5.539,33.772
1894.624,run:decode:6,15.525,69.572,5.539,33.772
1895.125,run:decode:6,15.436,69.572,5.54,33.772
1895.626,run:decode:6,15.518,69.572,5.54,33.772
1896.127,run:decode:6,15.576,69.572,5.54,33.772
1896.628,run:decode:6,15.665,69.572,5.54,33.772
1897.129,run:decode:6,15.669,69.572,5.541,33.772
1897.63,run:decode:6,15.755,69.572,5.541,33.772
1898.13,run:decode:6,15.846,69.572,5.542,33.772
1898.631,run:decode:6,15.887,69.572,5.542,33.772
1899.132,run:decode:6,15.757,69.572,5.542,33.772
1899.633,run:decode:6,15.821,69.572,5.542,33.772
1900.133,run:decode:6,15.929,69.572,5.541,33.772
1900.634,run:decode:6,15.992,69.572,5.541,33.772
1901.136,run:decode:6,15.851,69.572,5.542,33.772
1901.636,run:decode:6,15.912,69.572,5.542,33.772
1902.137,run:decode:6,16.011,69.572,5.542,33.772
1902.638,run:decode:6,16.056,69.572,5.542,33.772
1903.139,run:decode:6,16.152,69.572,5.544,33.772
1903.64,run:decode:6,15.987,69.572,5.544,33.772
1904.14,run:decode:6,16.038,69.572,5.545,33.772
1904.641,run:decode:6,16.167,69.572,5.543,33.772
1905.142,run:decode:6,16.244,69.572,5.544,33.772
1905.643,run:decode:6,16.071,69.572,5.544,33.772
1906.144,run:decode:6,16.157,69.572,5.543,33.772
1906.645,run:decode:6,16.251,69.572,5.542,33.772
1907.146,run:decode:6,16.331,69.572,5.543,33.772
1907.647,run:decode:6,12.091,69.572,5.967,33.772
1908.147,run:decode:6,12.091,69.572,6.968,33.772
1908.648,run:decode:6,12.091,69.572,9.115,33.772
1909.149,run:decode:6,12.091,69.572,6.977,33.772
1909.65,run:decode:6,12.091,69.572,7.057,33.772
1910.15,run:decode:6,12.091,69.572,5.932,33.772
1910.652,encode_mp4:6,10.649,69.572,6.347,33.772
1911.153,encode_mp4:6,10.649,69.572,6.656,33.772
1911.654,encode_mp4:6,10.649,69.572,6.667,33.772
1912.155,encode_mp4:6,10.649,69.572,6.67,33.772
1912.656,encode_mp4:6,10.649,69.572,6.685,33.772
1913.157,run:decode:7,15.232,69.572,5.527,33.764
1913.658,run:decode:7,15.342,69.572,5.529,33.764
1914.158,run:decode:7,15.377,69.572,5.529,33.764
1914.659,run:decode:7,15.435,69.572,5.529,33.764
1915.16,run:decode:7,15.478,69.572,5.529,33.764
1915.662,run:decode:7,15.457,69.572,5.53,33.764
1916.163,run:decode:7,15.486,69.572,5.531,33.764
1916.663,run:decode:7,15.599,69.572,5.532,33.764
1917.164,run:decode:7,15.64,69.572,5.532,33.764
1917.665,run:decode:7,15.65,69.572,5.531,33.764
1918.166,run:decode:7,15.764,69.572,5.531,33.764
1918.666,run:decode:7,15.827,69.572,5.53,33.764
1919.167,run:decode:7,15.848,69.572,5.53,33.764
1919.668,run:decode:7,15.776,69.572,5.53,33.764
1920.169,run:decode:7,15.835,69.572,5.531,33.764
1920.67,run:decode:7,15.889,69.572,5.531,33.764
1921.17,run:decode:7,15.949,69.572,5.531,33.764
1921.671,run:decode:7,15.872,69.572,5.531,33.764
1922.172,run:decode:7,15.93,69.572,5.53,33.764
1922.673,run:decode:7,15.966,69.572,5.53,33.764
1923.173,run:decode:7,16.037,69.572,5.533,33.764
1923.674,run:decode:7,15.896,69.572,5.531,33.764
1924.175,run:decode:7,16.021,69.572,5.529,33.764
1924.676,run:decode:7,16.039,69.572,5.53,33.764
1925.176,run:decode:7,16.151,69.572,5.53,33.764
1925.677,run:decode:7,16.173,69.572,5.533,33.764
1926.178,run:decode:7,16.094,69.572,5.533,33.764
1926.679,run:decode:7,16.17,69.572,5.533,33.764
1927.18,run:decode:7,16.189,69.572,5.533,33.764
1927.681,run:decode:7,16.271,69.572,5.534,33.764
1928.182,run:decode:7,12.062,69.572,6.09,33.764
1928.682,run:decode:7,12.062,69.572,7.244,33.764
1929.183,run:decode:7,12.062,69.572,9.386,33.764
1929.684,run:decode:7,12.062,69.572,6.966,33.764
1930.185,run:decode:7,12.062,69.572,7.076,33.764
1930.687,encode_mp4:7,10.621,69.572,5.811,33.764
1931.188,encode_mp4:7,10.621,69.572,6.367,33.764
1931.689,encode_mp4:7,10.621,69.572,6.659,33.764
1932.19,encode_mp4:7,10.621,69.572,6.656,33.764
1932.691,encode_mp4:7,10.621,69.572,6.656,33.764
1933.192,encode_mp4:7,10.621,69.572,6.667,33.764
1933.693,run:decode:8,15.096,69.572,5.577,33.748
1934.194,run:decode:8,15.267,69.572,5.579,33.748
1934.695,run:decode:8,15.298,69.572,5.579,33.748
1935.196,run:decode:8,15.41,69.572,5.579,33.748
1935.697,run:decode:8,15.431,69.572,5.58,33.748
1936.198,run:decode:8,15.422,69.572,5.58,33.748
1936.699,run:decode:8,15.493,69.572,5.58,33.748
1937.199,run:decode:8,15.518,69.572,5.581,33.748
1937.7,run:decode:8,15.627,69.572,5.581,33.748
1938.201,run:decode:8,15.649,69.572,5.579,33.748
1938.702,run:decode:8,15.743,69.572,5.579,33.748
1939.203,run:decode:8,15.801,69.572,5.579,33.748
1939.703,run:decode:8,15.854,69.572,5.58,33.748
1940.204,run:decode:8,15.704,69.572,5.579,33.748
1940.705,run:decode:8,15.813,69.572,5.578,33.748
1941.206,run:decode:8,15.853,69.572,5.578,33.748
1941.707,run:decode:8,15.92,69.572,5.578,33.748
1942.207,run:decode:8,15.818,69.572,5.577,33.748
1942.708,run:decode:8,15.868,69.572,5.578,33.748
1943.209,run:decode:8,15.967,69.572,5.578,33.748
1943.71,run:decode:8,15.995,69.572,5.578,33.748
1944.21,run:decode:8,16.119,69.572,5.579,33.748
1944.711,run:decode:8,15.96,69.572,5.579,33.748
1945.212,run:decode:8,16.065,69.572,5.58,33.748
1945.713,run:decode:8,16.119,69.572,5.58,33.748
1946.214,run:decode:8,16.151,69.572,5.581,33.748
1946.715,run:decode:8,16.033,69.572,5.581,33.748
1947.216,run:decode:8,16.134,69.572,5.581,33.748
1947.72,run:decode:8,16.152,69.572,5.581,33.748
1948.22,run:decode:8,16.189,69.572,5.58,33.748
1948.721,run:decode:8,12.035,69.572,6.004,33.748
1949.222,run:decode:8,12.035,69.572,7.001,33.748
1949.723,run:decode:8,12.035,69.572,9.151,33.748
1950.223,run:decode:8,12.035,69.572,7.013,33.748
1950.725,run:decode:8,12.035,69.572,7.039,33.748
1951.226,run:decode:8,12.035,69.572,5.901,33.748
1951.727,encode_mp4:8,10.589,69.572,6.323,33.748
1952.228,encode_mp4:8,10.589,69.572,6.647,33.748
1952.729,encode_mp4:8,10.589,69.572,6.665,33.748
1953.23,encode_mp4:8,10.589,69.572,6.157,33.748
1953.731,encode_mp4:8,10.589,69.572,6.69,33.748
1954.232,run:decode:9,15.141,69.572,5.568,33.731
1954.733,run:decode:9,15.216,69.572,5.569,33.731
1955.234,run:decode:9,15.316,69.572,5.569,33.731
1955.735,run:decode:9,15.374,69.572,5.569,33.731
1956.236,run:decode:9,15.275,69.572,5.57,33.731
1956.737,run:decode:9,15.368,69.572,5.57,33.731
1957.238,run:decode:9,15.436,69.572,5.569,33.731
1957.738,run:decode:9,15.494,69.572,5.57,33.731
1958.239,run:decode:9,15.573,69.572,5.571,33.731
1958.74,run:decode:9,15.632,69.572,5.572,33.731
1959.241,run:decode:9,15.696,69.572,5.572,33.731
1959.742,run:decode:9,15.78,69.572,5.572,33.731
1960.243,run:decode:9,15.86,69.572,5.57,33.731
1960.744,run:decode:9,15.731,69.572,5.57,33.731
1961.245,run:decode:9,15.792,69.572,5.571,33.731
1961.746,run:decode:9,15.845,69.572,5.569,33.731
1962.246,run:decode:9,15.928,69.572,5.568,33.731
1962.747,run:decode:9,15.809,69.572,5.568,33.731
1963.248,run:decode:9,15.892,69.572,5.568,33.731
1963.749,run:decode:9,15.902,69.572,5.568,33.731
1964.249,run:decode:9,16.017,69.572,5.567,33.731
1964.75,run:decode:9,15.86,69.572,5.568,33.731
1965.251,run:decode:9,15.928,69.572,5.568,33.731
1965.752,run:decode:9,16.033,69.572,5.568,33.731
1966.252,run:decode:9,16.065,69.572,5.568,33.731
1966.753,run:decode:9,16.133,69.572,5.567,33.731
1967.254,run:decode:9,16.036,69.572,5.567,33.731
1967.755,run:decode:9,16.09,69.572,5.568,33.731
1968.255,run:decode:9,16.142,69.572,5.567,33.731
1968.756,run:decode:9,16.214,69.572,5.567,33.731
1969.257,run:decode:9,12.002,69.572,6.194,33.731
1969.758,run:decode:9,12.002,69.572,7.419,33.731
1970.259,run:decode:9,12.002,69.572,9.566,33.731
1970.76,run:decode:9,12.002,69.572,7.0,33.731
1971.261,run:decode:9,12.002,69.572,7.069,33.731
1971.762,encode_mp4:9,10.562,69.572,5.787,33.731
1972.263,encode_mp4:9,10.562,69.572,6.353,33.731
1972.764,encode_mp4:9,10.562,69.572,6.617,33.731
1973.266,encode_mp4:9,10.562,69.572,6.632,33.731
1973.769,encode_mp4:9,10.562,69.572,6.632,33.731
1974.27,encode_mp4:9,10.562,69.572,6.647,33.731
1974.772,encode_mp4:9,10.562,69.572,6.651,33.731
1975.273,encode_mp4:9,10.562,69.572,6.644,33.731
1975.816,free:decode,0.008,69.572,5.552,33.717
1975.837,init,0.008,69.572,5.551,1.219
