t_rel,phase,hbm_alloc_gib,hbm_peak_gib,host_used_gib,nvml_used_gib
4.737,init,0.0,0.0,3.604,0.687
5.268,init,0.0,0.0,3.609,0.687
5.805,init,0.0,0.0,3.614,0.687
6.308,init,0.0,0.0,3.613,0.687
6.809,init,0.0,0.0,3.617,0.687
7.31,init,0.0,0.0,3.62,0.687
7.811,init,0.0,0.0,3.633,0.687
8.317,init,0.0,0.0,3.649,0.687
8.819,init,0.0,0.0,3.67,0.687
9.407,init,0.0,0.0,3.684,0.687
9.91,init,0.0,0.0,3.707,0.687
10.421,init,0.0,0.0,3.746,0.687
10.923,init,0.0,0.0,3.773,0.687
11.424,init,0.0,0.0,3.805,0.687
11.925,init,0.0,0.0,3.819,0.687
12.456,init,0.0,0.0,3.856,0.687
12.959,init,0.0,0.0,3.874,0.687
13.483,init,0.0,0.0,3.928,0.687
13.984,load:text_encoder,0.0,0.0,4.043,1.098
14.486,load:text_encoder,0.0,0.0,4.021,1.098
15.099,load:text_encoder,0.0,0.0,4.039,1.098
15.6,load:text_encoder,0.0,0.0,4.133,1.098
16.131,load:text_encoder,0.0,0.0,4.132,1.098
16.658,load:text_encoder,3.142,62.133,4.204,63.248
17.159,load:text_encoder,3.142,62.133,4.208,63.248
17.66,load:text_encoder,3.142,62.133,4.207,63.248
18.16,load:text_encoder,3.142,62.133,4.204,63.248
18.661,load:text_encoder,3.142,62.133,4.197,63.248
19.162,load:text_encoder,3.142,62.133,4.196,63.248
19.663,load:text_encoder,3.142,62.133,4.197,63.248
20.164,load:text_encoder,3.142,62.133,4.201,63.248
20.665,load:text_encoder,3.142,62.133,4.203,63.248
21.166,load:text_encoder,3.142,62.133,4.211,63.248
21.666,load:text_encoder,3.142,62.133,4.225,63.248
22.167,load:text_encoder,3.142,62.133,4.214,63.248
22.668,load:text_encoder,3.142,62.133,4.208,63.248
23.169,load:text_encoder,3.142,62.133,4.212,63.248
23.671,load:text_encoder,3.142,62.133,4.216,63.248
24.171,load:text_encoder,3.142,62.133,4.212,63.248
24.672,load:text_encoder,3.142,62.133,4.213,63.248
25.174,load:text_encoder,3.142,62.133,4.213,63.248
25.675,load:text_encoder,3.142,62.133,4.218,63.248
26.176,load:text_encoder,3.142,62.133,4.215,63.248
26.677,load:text_encoder,3.142,62.133,4.208,63.248
27.178,load:text_encoder,3.142,62.133,4.209,63.248
27.678,load:text_encoder,3.142,62.133,4.21,63.248
28.179,load:text_encoder,3.142,62.133,4.228,63.248
28.68,load:text_encoder,3.142,62.133,4.21,63.248
29.181,load:text_encoder,3.142,62.133,4.209,63.248
29.682,load:text_encoder,3.142,62.133,4.212,63.248
30.183,load:text_encoder,3.142,62.133,4.209,63.248
30.684,load:text_encoder,3.142,62.133,4.21,63.248
31.185,load:text_encoder,3.142,62.133,4.213,63.248
31.687,load:text_encoder,3.142,62.133,4.213,63.248
32.188,load:text_encoder,3.142,62.133,4.213,63.248
32.69,load:text_encoder,3.142,62.133,4.212,63.248
33.191,load:text_encoder,3.142,62.133,4.212,63.248
33.692,load:text_encoder,3.142,62.133,4.212,63.248
34.193,load:text_encoder,3.142,62.133,4.214,63.248
34.694,load:text_encoder,3.142,62.133,4.211,63.248
35.195,load:text_encoder,3.142,62.133,4.211,63.248
35.696,load:text_encoder,3.142,62.133,4.21,63.248
36.196,load:text_encoder,3.142,62.133,4.213,63.248
36.697,load:text_encoder,3.142,62.133,4.214,63.248
37.198,load:text_encoder,3.142,62.133,4.217,63.248
37.699,load:text_encoder,3.142,62.133,4.218,63.248
38.199,load:text_encoder,3.142,62.133,4.215,63.248
38.7,load:text_encoder,3.142,62.133,4.218,63.248
39.201,load:text_encoder,3.142,62.133,4.22,63.248
39.702,load:text_encoder,3.142,62.133,4.22,63.248
40.203,load:text_encoder,3.142,62.133,4.227,63.248
40.703,load:text_encoder,3.142,62.133,4.221,63.248
41.204,load:text_encoder,3.142,62.133,4.22,63.248
41.705,load:text_encoder,3.142,62.133,4.218,63.248
42.205,load:text_encoder,3.142,62.133,4.215,63.248
42.706,load:text_encoder,3.142,62.133,4.21,63.248
43.207,load:text_encoder,3.142,62.133,4.216,63.248
43.708,load:text_encoder,3.142,62.133,4.214,63.248
44.208,load:text_encoder,3.142,62.133,4.21,63.248
44.71,load:text_encoder,3.142,62.133,4.216,63.248
45.21,load:text_encoder,3.142,62.133,4.213,63.248
45.711,load:text_encoder,3.142,62.133,4.216,63.248
46.212,load:text_encoder,3.142,62.133,4.214,63.248
46.713,load:text_encoder,3.142,62.133,4.213,63.248
47.213,load:text_encoder,3.142,62.133,4.213,63.248
47.714,load:text_encoder,3.142,62.133,4.212,63.248
48.215,load:text_encoder,3.142,62.133,4.215,63.248
48.715,load:text_encoder,3.142,62.133,4.212,63.248
49.216,load:text_encoder,3.142,62.133,4.166,63.248
49.717,load:text_encoder,3.142,62.133,4.168,63.248
50.218,load:text_encoder,3.142,62.133,4.166,63.248
50.719,load:text_encoder,3.142,62.133,4.166,63.248
51.22,load:text_encoder,3.142,62.133,4.165,63.248
51.72,load:text_encoder,3.142,62.133,4.164,63.248
52.221,load:text_encoder,3.142,62.133,4.164,63.248
52.722,load:text_encoder,3.142,62.133,4.165,63.248
53.223,load:text_encoder,3.142,62.133,4.168,63.248
53.723,load:text_encoder,3.142,62.133,4.168,63.248
54.224,load:text_encoder,3.142,62.133,4.168,63.248
54.725,load:text_encoder,3.142,62.133,4.162,63.248
55.226,load:text_encoder,3.142,62.133,4.165,63.248
55.727,load:text_encoder,3.142,62.133,4.168,63.248
56.228,load:text_encoder,3.142,62.133,4.169,63.248
56.729,load:text_encoder,3.142,62.133,4.167,63.248
57.229,load:text_encoder,3.142,62.133,4.165,63.248
57.73,load:text_encoder,3.142,62.133,4.168,63.248
58.231,load:text_encoder,3.142,62.133,4.176,63.248
58.732,load:text_encoder,3.142,62.133,4.183,63.248
59.232,load:text_encoder,3.142,62.133,4.181,63.248
59.733,load:text_encoder,3.142,62.133,4.183,63.248
60.234,load:text_encoder,3.142,62.133,4.183,63.248
60.735,load:text_encoder,3.142,62.133,4.182,63.248
61.236,load:text_encoder,3.142,62.133,4.183,63.248
61.737,load:text_encoder,3.142,62.133,4.184,63.248
62.238,load:text_encoder,3.142,62.133,4.183,63.248
62.738,load:text_encoder,3.142,62.133,4.183,63.248
63.239,load:text_encoder,3.142,62.133,4.177,63.248
63.74,load:text_encoder,3.142,62.133,4.182,63.248
64.241,load:text_encoder,3.142,62.133,4.182,63.248
64.742,load:text_encoder,3.142,62.133,4.183,63.248
65.242,load:text_encoder,3.142,62.133,4.183,63.248
65.744,load:text_encoder,3.142,62.133,4.185,63.248
66.244,load:text_encoder,3.142,62.133,4.186,63.248
66.745,load:text_encoder,3.142,62.133,4.182,63.248
67.246,load:text_encoder,3.142,62.133,4.183,63.248
67.747,load:text_encoder,3.142,62.133,4.184,63.248
68.248,load:text_encoder,3.142,62.133,4.183,63.248
68.748,load:text_encoder,3.142,62.133,4.184,63.248
69.249,load:text_encoder,3.142,62.133,4.183,63.248
69.75,load:text_encoder,3.142,62.133,4.182,63.248
70.251,load:text_encoder,3.142,62.133,4.181,63.248
70.752,load:text_encoder,3.142,62.133,4.18,63.248
71.253,load:text_encoder,3.142,62.133,4.18,63.248
71.754,load:text_encoder,3.142,62.133,4.186,63.248
72.255,load:text_encoder,3.142,62.133,4.185,63.248
72.755,load:text_encoder,3.142,62.133,4.182,63.248
73.256,load:text_encoder,3.142,62.133,4.181,63.248
73.757,load:text_encoder,3.142,62.133,4.183,63.248
74.258,load:text_encoder,3.142,62.133,4.183,63.248
74.758,load:text_encoder,3.142,62.133,4.184,63.248
75.259,load:text_encoder,3.142,62.133,4.183,63.248
75.76,load:text_encoder,3.142,62.133,4.181,63.248
76.261,load:text_encoder,3.142,62.133,4.182,63.248
76.762,load:text_encoder,3.142,62.133,4.182,63.248
77.262,load:text_encoder,3.142,62.133,4.185,63.248
77.763,load:text_encoder,3.142,62.133,4.183,63.248
78.264,load:text_encoder,3.142,62.133,4.179,63.248
78.764,load:text_encoder,3.142,62.133,4.18,63.248
79.265,load:text_encoder,3.142,62.133,4.184,63.248
79.766,load:text_encoder,3.142,62.133,4.181,63.248
80.267,load:text_encoder,3.142,62.133,4.181,63.248
80.767,load:text_encoder,3.142,62.133,4.181,63.248
81.268,load:text_encoder,3.142,62.133,4.18,63.248
81.769,load:text_encoder,3.142,62.133,4.181,63.248
82.27,load:text_encoder,3.142,62.133,4.182,63.248
82.771,load:text_encoder,3.142,62.133,4.183,63.248
83.271,load:text_encoder,3.142,62.133,4.182,63.248
83.772,load:text_encoder,3.142,62.133,4.185,63.248
84.273,load:text_encoder,3.142,62.133,4.182,63.248
84.774,load:text_encoder,3.142,62.133,4.184,63.248
85.274,load:text_encoder,3.142,62.133,4.184,63.248
85.775,load:text_encoder,3.142,62.133,4.181,63.248
86.276,load:text_encoder,3.142,62.133,4.181,63.248
86.777,load:text_encoder,3.142,62.133,4.181,63.248
87.278,load:text_encoder,3.142,62.133,4.184,63.248
88.253,load:text_encoder,3.142,62.133,4.185,63.248
88.754,load:text_encoder,3.63,62.133,4.18,63.248
89.254,load:text_encoder,3.63,62.133,4.181,63.248
89.755,load:text_encoder,3.63,62.133,4.179,63.248
90.256,load:text_encoder,3.63,62.133,4.179,63.248
90.757,load:text_encoder,3.63,62.133,4.179,63.248
91.257,load:text_encoder,3.63,62.133,4.181,63.248
91.758,load:text_encoder,3.63,62.133,4.183,63.248
92.259,load:text_encoder,3.63,62.133,4.185,63.248
92.76,load:text_encoder,3.63,62.133,4.185,63.248
93.261,load:text_encoder,3.63,62.133,4.186,63.248
93.762,load:text_encoder,3.63,62.133,4.185,63.248
94.262,load:text_encoder,3.63,62.133,4.184,63.248
94.763,load:text_encoder,3.63,62.133,4.182,63.248
95.264,load:text_encoder,3.63,62.133,4.184,63.248
95.764,load:text_encoder,3.63,62.133,4.184,63.248
96.265,load:text_encoder,3.63,62.133,4.185,63.248
96.766,load:text_encoder,3.63,62.133,4.18,63.248
97.267,load:text_encoder,3.63,62.133,4.182,63.248
97.769,load:text_encoder,3.63,62.133,4.183,63.248
98.27,load:text_encoder,3.63,62.133,4.184,63.248
98.77,load:text_encoder,3.63,62.133,4.18,63.248
99.271,load:text_encoder,3.63,62.133,4.182,63.248
99.772,load:text_encoder,3.63,62.133,4.184,63.248
100.272,load:text_encoder,3.63,62.133,4.184,63.248
100.773,load:text_encoder,3.63,62.133,4.183,63.248
101.275,load:text_encoder,3.63,62.133,4.184,63.248
101.775,load:text_encoder,3.63,62.133,4.184,63.248
102.276,load:text_encoder,3.63,62.133,4.181,63.248
102.778,load:text_encoder,3.63,62.133,4.179,63.248
103.278,load:text_encoder,3.63,62.133,4.183,63.248
103.779,load:text_encoder,3.63,62.133,4.189,63.248
104.28,load:text_encoder,3.63,62.133,4.187,63.248
104.781,load:text_encoder,3.63,62.133,4.184,63.248
105.281,load:text_encoder,3.63,62.133,4.18,63.248
105.782,load:text_encoder,3.63,62.133,4.184,63.248
106.283,load:text_encoder,3.63,62.133,4.186,63.248
106.783,load:text_encoder,3.63,62.133,4.182,63.248
107.284,load:text_encoder,3.63,62.133,4.181,63.248
107.785,load:text_encoder,3.63,62.133,4.182,63.248
108.286,load:text_encoder,3.63,62.133,4.183,63.248
108.787,load:text_encoder,3.63,62.133,4.181,63.248
109.288,load:text_encoder,3.63,62.133,4.181,63.248
109.788,load:text_encoder,3.63,62.133,4.18,63.248
110.289,load:text_encoder,3.63,62.133,4.183,63.248
110.79,load:text_encoder,3.63,62.133,4.182,63.248
111.291,load:text_encoder,3.63,62.133,4.181,63.248
111.792,load:text_encoder,3.63,62.133,4.183,63.248
112.292,load:text_encoder,3.63,62.133,4.184,63.248
112.793,load:text_encoder,3.63,62.133,4.181,63.248
113.294,load:text_encoder,3.63,62.133,4.182,63.248
113.795,load:text_encoder,3.63,62.133,4.184,63.248
114.296,load:text_encoder,3.63,62.133,4.184,63.248
114.797,load:text_encoder,3.63,62.133,4.184,63.248
115.297,load:text_encoder,3.63,62.133,4.183,63.248
115.798,load:text_encoder,3.63,62.133,4.183,63.248
116.299,load:text_encoder,3.63,62.133,4.181,63.248
116.8,load:text_encoder,3.63,62.133,4.182,63.248
117.3,load:text_encoder,3.63,62.133,4.184,63.248
117.801,load:text_encoder,3.63,62.133,4.186,63.248
118.302,load:text_encoder,3.63,62.133,4.245,63.248
118.803,load:text_encoder,3.63,62.133,4.399,63.248
119.304,load:text_encoder,3.63,62.133,4.444,63.248
119.805,load:text_encoder,3.63,62.133,4.591,63.278
120.305,load:text_encoder,3.63,62.133,4.191,63.248
120.806,load:text_encoder,3.63,62.133,4.189,63.248
121.307,load:text_encoder,3.63,62.133,4.186,63.248
121.807,load:text_encoder,3.63,62.133,4.191,63.248
122.308,load:text_encoder,3.63,62.133,4.191,63.248
122.809,load:text_encoder,3.63,62.133,4.187,63.248
123.31,load:text_encoder,3.63,62.133,4.209,63.248
123.811,load:text_encoder,3.63,62.133,4.188,63.248
124.312,load:text_encoder,3.63,62.133,4.184,63.248
124.813,load:text_encoder,3.63,62.133,4.187,63.248
125.313,load:text_encoder,3.63,62.133,4.186,63.248
125.814,load:text_encoder,3.63,62.133,4.188,63.248
126.315,load:text_encoder,3.63,62.133,4.188,63.248
126.816,load:text_encoder,3.63,62.133,4.188,63.248
127.316,load:text_encoder,3.63,62.133,4.189,63.248
127.817,load:text_encoder,3.63,62.133,4.188,63.248
128.318,load:text_encoder,3.63,62.133,4.203,63.248
128.818,load:text_encoder,3.63,62.133,4.183,63.248
129.32,load:text_encoder,3.63,62.133,4.187,63.248
129.82,load:text_encoder,3.63,62.133,4.186,63.248
130.321,load:text_encoder,3.63,62.133,4.189,63.248
130.822,load:text_encoder,3.63,62.133,4.185,63.248
131.323,load:text_encoder,3.63,62.133,4.187,63.248
131.823,load:text_encoder,3.63,62.133,4.189,63.248
132.324,load:text_encoder,3.63,62.133,4.189,63.248
132.825,load:text_encoder,3.63,62.133,4.188,63.248
133.326,load:text_encoder,3.63,62.133,4.202,63.248
133.826,load:text_encoder,3.63,62.133,4.188,63.248
134.328,load:text_encoder,3.63,62.133,4.188,63.248
134.828,load:text_encoder,3.63,62.133,4.185,63.248
135.329,load:text_encoder,3.63,62.133,4.185,63.248
135.83,load:text_encoder,3.63,62.133,4.184,63.248
136.331,load:text_encoder,3.63,62.133,4.185,63.248
136.831,load:text_encoder,3.63,62.133,4.182,63.248
137.332,load:text_encoder,3.63,62.133,4.182,63.248
137.833,load:text_encoder,3.63,62.133,4.182,63.248
138.334,load:text_encoder,3.63,62.133,4.183,63.248
138.834,load:text_encoder,3.63,62.133,4.184,63.248
139.335,load:text_encoder,3.63,62.133,4.184,63.248
139.836,load:text_encoder,3.63,62.133,4.182,63.248
140.337,load:text_encoder,3.63,62.133,4.182,63.248
140.838,load:text_encoder,3.63,62.133,4.183,63.248
141.339,load:text_encoder,3.63,62.133,3.879,63.248
141.839,load:text_encoder,3.63,62.133,3.876,63.248
142.34,load:text_encoder,3.63,62.133,3.875,63.248
142.841,load:text_encoder,3.63,62.133,3.877,63.248
143.341,load:text_encoder,3.63,62.133,3.878,63.248
143.842,load:text_encoder,3.63,62.133,3.876,63.248
144.343,load:text_encoder,3.63,62.133,3.877,63.248
144.844,load:text_encoder,3.63,62.133,3.877,63.248
145.345,load:text_encoder,3.63,62.133,3.876,63.248
145.846,load:text_encoder,3.63,62.133,3.877,63.248
146.346,load:text_encoder,3.63,62.133,3.877,63.248
146.847,load:text_encoder,3.63,62.133,3.876,63.248
147.348,load:text_encoder,3.63,62.133,3.876,63.248
147.85,load:text_encoder,3.63,62.133,3.876,63.248
148.351,load:text_encoder,3.63,62.133,3.877,63.248
148.851,load:text_encoder,3.63,62.133,3.878,63.248
149.352,load:text_encoder,3.63,62.133,3.877,63.248
149.853,load:text_encoder,3.63,62.133,3.877,63.248
150.354,load:text_encoder,3.63,62.133,3.877,63.248
150.855,load:text_encoder,3.63,62.133,3.879,63.248
151.355,load:text_encoder,3.63,62.133,3.878,63.248
151.856,load:text_encoder,3.63,62.133,3.877,63.248
152.357,load:text_encoder,3.63,62.133,3.878,63.248
152.858,load:text_encoder,3.63,62.133,3.878,63.248
153.358,load:text_encoder,3.63,62.133,3.878,63.248
153.859,load:text_encoder,3.63,62.133,3.876,63.248
154.36,load:text_encoder,3.63,62.133,3.876,63.248
154.861,load:text_encoder,3.63,62.133,3.876,63.248
155.362,load:text_encoder,3.63,62.133,3.875,63.248
155.863,load:text_encoder,3.63,62.133,3.876,63.248
156.363,load:text_encoder,3.63,62.133,3.875,63.248
156.864,load:text_encoder,3.63,62.133,3.875,63.248
157.365,load:text_encoder,3.63,62.133,3.875,63.248
157.866,load:text_encoder,3.63,62.133,3.875,63.248
158.366,load:text_encoder,3.63,62.133,3.874,63.248
158.867,load:text_encoder,3.63,62.133,3.874,63.248
159.368,load:text_encoder,3.63,62.133,3.874,63.248
159.868,load:text_encoder,3.63,62.133,3.874,63.248
160.369,load:text_encoder,3.63,62.133,3.875,63.248
160.87,load:text_encoder,3.63,62.133,3.876,63.248
161.371,load:text_encoder,3.63,62.133,3.875,63.248
161.872,load:text_encoder,3.63,62.133,3.873,63.248
162.373,load:text_encoder,3.63,62.133,3.873,63.248
162.873,load:text_encoder,3.64,62.133,3.873,63.248
163.374,load:text_encoder,3.806,62.133,3.874,63.248
163.875,load:text_encoder,4.539,62.133,3.874,63.248
164.376,load:text_encoder,4.539,62.133,3.875,63.248
164.876,load:text_encoder,4.539,62.133,3.875,63.248
165.377,load:text_encoder,4.548,62.133,3.876,63.248
165.878,load:text_encoder,4.548,62.133,3.876,63.248
166.379,load:text_encoder,4.714,62.133,3.875,63.248
166.88,load:text_encoder,4.959,62.133,3.877,63.248
167.38,load:text_encoder,4.959,62.133,3.877,63.248
167.881,load:text_encoder,4.959,62.133,3.878,63.248
168.382,load:text_encoder,4.959,62.133,3.878,63.248
168.883,load:text_encoder,4.959,62.133,3.878,63.248
169.383,load:text_encoder,4.959,62.133,3.857,63.248
169.884,load:text_encoder,4.959,62.133,3.855,63.248
170.385,load:text_encoder,4.959,62.133,3.855,63.248
173.179,load:text_encoder,4.959,62.133,3.857,63.248
173.681,load:text_encoder,5.447,62.133,3.858,63.248
174.182,load:text_encoder,5.447,62.133,3.858,63.248
174.683,load:text_encoder,5.447,62.133,3.859,63.248
175.183,load:text_encoder,5.447,62.133,3.859,63.248
176.209,load:text_encoder,5.447,62.133,3.859,63.248
176.71,load:text_encoder,5.447,62.133,3.859,63.248
177.211,load:text_encoder,5.447,62.133,3.857,63.248
177.711,load:text_encoder,5.447,62.133,3.856,63.248
178.212,load:text_encoder,5.447,62.133,3.867,63.248
178.713,load:text_encoder,5.447,62.133,3.865,63.248
179.214,load:text_encoder,5.447,62.133,3.867,63.248
179.715,load:text_encoder,5.447,62.133,3.866,63.248
180.216,load:text_encoder,5.447,62.133,3.866,63.248
180.716,load:text_encoder,5.447,62.133,3.865,63.248
181.217,load:text_encoder,5.447,62.133,3.867,63.248
181.718,load:text_encoder,5.457,62.133,3.866,63.248
182.219,load:text_encoder,5.457,62.133,3.866,63.248
182.719,load:text_encoder,5.457,62.133,3.866,63.248
183.22,load:text_encoder,5.457,62.133,3.866,63.248
183.721,load:text_encoder,5.457,62.133,3.864,63.248
184.222,load:text_encoder,5.457,62.133,3.866,63.248
184.722,load:text_encoder,5.457,62.133,3.867,63.248
185.224,load:text_encoder,5.457,62.133,3.866,63.248
185.724,load:text_encoder,5.457,62.133,3.868,63.248
186.225,load:text_encoder,5.457,62.133,3.869,63.248
186.726,load:text_encoder,5.457,62.133,3.869,63.248
187.227,load:text_encoder,5.457,62.133,3.869,63.248
187.727,load:text_encoder,5.457,62.133,3.869,63.248
188.228,load:text_encoder,5.457,62.133,3.869,63.248
188.729,load:text_encoder,5.457,62.133,3.869,63.248
189.229,load:text_encoder,5.457,62.133,3.871,63.248
189.73,load:text_encoder,5.457,62.133,3.87,63.248
190.232,load:text_encoder,5.457,62.133,3.868,63.248
190.732,load:text_encoder,5.457,62.133,3.869,63.248
191.233,load:text_encoder,5.457,62.133,3.87,63.248
191.734,load:text_encoder,5.457,62.133,3.869,63.248
192.235,load:text_encoder,5.457,62.133,3.869,63.248
192.735,load:text_encoder,5.457,62.133,3.868,63.248
193.236,load:text_encoder,5.457,62.133,3.869,63.248
193.737,load:text_encoder,5.457,62.133,3.868,63.248
194.237,load:text_encoder,5.457,62.133,3.868,63.248
194.738,load:text_encoder,5.457,62.133,3.868,63.248
195.239,load:text_encoder,5.457,62.133,3.866,63.248
195.74,load:text_encoder,5.457,62.133,3.865,63.248
196.241,load:text_encoder,5.457,62.133,3.865,63.248
196.742,load:text_encoder,5.457,62.133,3.866,63.248
197.243,load:text_encoder,5.457,62.133,3.866,63.248
197.743,load:text_encoder,5.457,62.133,3.866,63.248
198.244,load:text_encoder,5.457,62.133,3.866,63.248
198.745,load:text_encoder,5.457,62.133,3.867,63.248
199.245,load:text_encoder,5.457,62.133,3.867,63.248
199.746,load:text_encoder,5.457,62.133,3.866,63.248
200.247,load:text_encoder,5.457,62.133,3.866,63.248
200.748,load:text_encoder,5.457,62.133,3.866,63.248
201.249,load:text_encoder,5.457,62.133,3.865,63.248
201.75,load:text_encoder,5.457,62.133,3.868,63.248
202.251,load:text_encoder,5.457,62.133,3.867,63.248
202.751,load:text_encoder,5.867,62.133,3.866,63.248
203.252,load:text_encoder,6.355,62.133,3.867,63.248
203.753,load:text_encoder,6.355,62.133,3.867,63.248
204.254,load:text_encoder,6.355,62.133,3.867,63.248
204.754,load:text_encoder,6.365,62.133,3.867,63.248
205.255,load:text_encoder,6.531,62.133,3.868,63.248
205.756,load:text_encoder,7.263,62.133,3.87,63.248
206.257,load:text_encoder,7.263,62.133,3.871,63.248
206.758,load:text_encoder,7.263,62.133,3.871,63.248
207.259,load:text_encoder,7.351,62.133,3.872,63.248
207.759,load:text_encoder,7.351,62.133,3.873,63.248
208.26,load:text_encoder,7.683,62.133,3.874,63.248
208.761,load:text_encoder,8.171,62.133,3.871,63.248
209.261,load:text_encoder,8.172,62.133,3.871,63.248
209.762,load:text_encoder,8.181,62.133,3.872,63.248
210.263,load:text_encoder,8.181,62.133,3.872,63.248
210.764,load:text_encoder,8.591,62.133,3.871,63.248
211.264,load:text_encoder,9.08,62.133,3.871,63.248
211.765,load:text_encoder,9.08,62.133,3.872,63.248
212.266,load:text_encoder,9.08,62.133,3.871,63.248
212.767,load:text_encoder,9.168,62.133,3.873,63.248
213.268,load:text_encoder,9.256,62.133,3.873,63.248
213.769,load:text_encoder,9.988,62.133,3.876,63.248
214.269,load:text_encoder,9.988,62.133,3.873,63.248
214.77,load:text_encoder,9.988,62.133,3.871,63.248
215.271,load:text_encoder,9.998,62.133,3.872,63.248
215.772,load:text_encoder,10.154,62.133,3.873,63.248
216.272,load:text_encoder,10.896,62.133,3.874,63.248
216.773,load:text_encoder,10.896,62.133,3.872,63.248
217.274,load:text_encoder,10.896,62.133,3.872,63.248
217.775,load:text_encoder,10.906,62.133,3.873,63.248
218.276,load:text_encoder,10.906,62.133,3.871,63.248
218.776,load:text_encoder,11.316,62.133,3.872,63.248
219.277,load:text_encoder,11.804,62.133,3.873,63.248
219.778,load:text_encoder,11.804,62.133,3.874,63.248
220.279,load:text_encoder,11.804,62.133,3.874,63.248
220.779,load:text_encoder,11.892,62.133,3.873,63.248
221.28,load:text_encoder,11.98,62.133,3.874,63.248
221.781,load:text_encoder,12.713,62.133,3.879,63.248
222.282,load:text_encoder,12.713,62.133,3.879,63.248
222.782,load:text_encoder,12.713,62.133,3.879,63.248
223.284,load:text_encoder,12.722,62.133,3.878,63.248
223.784,load:text_encoder,12.888,62.133,3.878,63.248
224.285,load:text_encoder,13.621,62.133,3.88,63.248
224.786,load:text_encoder,13.621,62.133,3.877,63.248
225.287,load:text_encoder,13.621,62.133,3.878,63.248
225.787,load:text_encoder,13.709,62.133,3.88,63.248
226.288,load:text_encoder,13.797,62.133,3.88,63.248
226.789,load:text_encoder,14.529,62.133,3.88,63.248
227.29,load:text_encoder,14.529,62.133,3.88,63.248
227.79,load:text_encoder,14.529,62.133,3.879,63.248
228.291,load:text_encoder,14.539,62.133,3.881,63.248
228.792,load:text_encoder,14.539,62.133,3.88,63.248
229.293,load:text_encoder,14.949,62.133,3.881,63.248
229.794,load:text_encoder,15.437,62.133,3.882,63.248
230.295,load:text_encoder,15.437,62.133,3.883,63.248
230.795,load:text_encoder,15.437,62.133,3.882,63.248
231.296,load:text_encoder,15.525,62.133,3.884,63.248
231.797,load:text_encoder,15.857,62.133,3.884,63.248
232.298,load:text_encoder,16.346,62.133,3.885,63.248
232.798,load:text_encoder,16.346,62.133,3.886,63.248
233.299,load:text_encoder,16.355,62.133,3.886,63.248
233.8,load:text_encoder,16.355,62.133,3.884,63.248
234.301,load:text_encoder,16.765,62.133,3.886,63.248
234.802,load:text_encoder,17.254,62.133,3.886,63.248
235.303,load:text_encoder,17.254,62.133,3.886,63.248
235.803,load:text_encoder,17.254,62.133,3.886,63.248
236.304,load:text_encoder,17.264,62.133,3.887,63.248
236.805,load:text_encoder,17.43,62.133,3.887,63.248
237.306,load:text_encoder,18.162,62.133,3.888,63.248
237.806,load:text_encoder,18.162,62.133,3.889,63.248
238.307,load:text_encoder,18.162,62.133,3.891,63.248
238.808,load:text_encoder,18.172,62.133,3.917,63.248
239.308,load:text_encoder,18.338,62.133,3.917,63.248
239.81,load:text_encoder,19.07,62.133,3.918,63.248
240.31,load:text_encoder,19.07,62.133,3.915,63.248
240.811,load:text_encoder,19.07,62.133,3.921,63.248
241.312,load:text_encoder,19.08,62.133,3.921,63.248
241.813,load:text_encoder,19.08,62.133,3.922,63.248
242.313,load:text_encoder,19.246,62.133,3.923,63.248
242.814,load:text_encoder,19.978,62.133,3.922,63.248
243.315,load:text_encoder,19.978,62.133,3.922,63.248
243.816,load:text_encoder,19.988,62.133,3.923,63.248
244.317,load:text_encoder,19.988,62.133,3.924,63.248
244.817,load:text_encoder,20.398,62.133,3.924,63.248
245.318,load:text_encoder,21.971,62.133,3.928,63.248
245.82,load:text_encoder,23.611,62.133,3.929,63.248
246.32,load:text_encoder,23.611,62.133,3.931,63.248
246.822,load:text_encoder,23.699,62.133,3.931,63.248
247.322,load:text_encoder,25.428,62.133,3.932,63.248
247.823,load:text_encoder,27.332,62.133,3.936,63.248
248.324,load:text_encoder,29.07,62.133,3.941,63.248
248.825,load:text_encoder,30.877,62.133,3.943,63.248
249.325,load:text_encoder,31.795,62.133,3.943,63.248
249.826,load:text_encoder,32.449,62.133,3.944,63.248
250.327,load:text_encoder,32.694,62.133,3.945,63.248
250.828,load:text_encoder,32.694,62.133,3.942,63.248
251.328,load:text_encoder,32.781,62.133,3.941,63.248
251.829,load:text_encoder,33.113,62.133,3.941,63.248
252.33,load:text_encoder,33.602,62.133,3.941,63.248
252.831,load:text_encoder,33.602,62.133,3.939,63.248
253.332,load:text_encoder,34.51,62.133,3.941,63.248
253.833,load:text_encoder,34.52,62.133,3.941,63.248
254.334,load:text_encoder,34.686,62.133,3.944,63.248
254.834,load:text_encoder,35.418,62.133,3.944,63.248
255.335,load:text_encoder,35.418,62.133,3.945,63.248
255.836,load:text_encoder,35.418,62.133,3.945,63.248
256.336,load:text_encoder,35.428,62.133,3.949,63.248
256.837,load:text_encoder,35.594,62.133,3.949,63.248
257.338,load:text_encoder,36.326,62.133,3.95,63.248
257.839,load:text_encoder,37.323,62.133,3.952,63.248
258.339,load:text_encoder,38.319,62.133,3.956,63.248
258.84,load:text_encoder,39.051,62.133,3.955,63.248
259.341,load:text_encoder,39.051,62.133,3.955,63.248
259.842,load:text_encoder,39.051,62.133,3.954,63.248
260.343,load:text_encoder,39.061,62.133,3.956,63.248
260.844,load:text_encoder,39.471,62.133,3.956,63.248
261.345,load:text_encoder,39.959,62.133,3.956,63.248
261.845,load:text_encoder,39.959,62.133,3.957,63.248
262.346,load:text_encoder,39.969,62.133,3.957,63.248
262.847,load:text_encoder,40.135,62.133,3.956,63.248
263.347,load:text_encoder,40.868,62.133,3.958,63.248
263.848,load:text_encoder,40.868,62.133,3.958,63.248
264.349,load:text_encoder,40.955,62.133,3.961,63.248
264.85,load:text_encoder,40.955,62.133,3.961,63.248
265.351,load:text_encoder,41.776,62.133,3.96,63.248
265.852,load:text_encoder,41.776,62.133,3.963,63.248
266.352,load:text_encoder,41.776,62.133,3.963,63.248
266.853,load:text_encoder,41.786,62.133,3.963,63.248
267.354,load:text_encoder,42.684,62.133,3.963,63.248
267.855,load:text_encoder,42.684,62.133,3.962,63.248
268.355,load:text_encoder,42.694,62.133,3.96,63.248
268.856,load:text_encoder,42.694,62.133,3.964,63.248
269.357,load:text_encoder,43.592,62.133,3.964,63.248
269.858,load:text_encoder,43.592,62.133,3.963,63.248
270.359,load:text_encoder,43.592,62.133,3.964,63.248
270.86,load:text_encoder,43.68,62.133,3.964,63.248
271.361,load:text_encoder,43.768,62.133,3.963,63.248
271.862,load:text_encoder,44.5,62.133,3.962,63.248
272.362,load:text_encoder,44.5,62.133,3.963,63.248
272.863,load:text_encoder,44.5,62.133,3.964,63.248
273.364,load:text_encoder,44.51,62.133,3.966,63.248
273.865,load:text_encoder,44.676,62.133,3.968,63.248
274.365,load:text_encoder,45.409,62.133,3.968,63.248
274.866,load:text_encoder,45.409,62.133,3.967,63.248
275.367,load:text_encoder,45.409,62.133,3.968,63.248
275.868,load:text_encoder,45.418,62.133,3.967,63.248
276.369,load:text_encoder,45.584,62.133,3.967,63.248
276.869,load:text_encoder,46.317,62.133,3.969,63.248
277.37,load:text_encoder,46.317,62.133,3.969,63.248
277.871,load:text_encoder,46.317,62.133,3.969,63.248
278.372,load:text_encoder,46.405,62.133,3.969,63.248
278.872,load:text_encoder,46.405,62.133,3.971,63.248
279.373,load:text_encoder,46.737,62.133,3.969,63.248
279.874,load:text_encoder,47.225,62.133,3.971,63.248
280.374,load:text_encoder,47.225,62.133,3.939,63.248
280.875,load:text_encoder,47.313,62.133,3.938,63.248
281.376,load:text_encoder,48.221,62.133,3.938,63.248
281.877,load:text_encoder,49.461,62.133,3.939,63.248
282.377,load:text_encoder,50.858,62.133,3.943,63.248
282.878,load:text_encoder,52.674,62.133,3.949,63.248
283.379,load:text_encoder,54.491,62.133,3.953,63.248
283.88,load:text_encoder,56.317,62.133,3.957,63.248
284.38,load:text_encoder,59.042,62.133,3.961,63.248
284.881,load:text_encoder,61.091,62.133,3.965,63.248
285.382,load:text_encoder,61.958,62.133,3.968,63.25
287.372,load:text_encoder,62.133,62.133,3.85,63.25
287.876,load:text_encoder,62.133,62.133,3.93,63.25
288.377,run:text_encoder,62.133,62.133,4.011,63.324
288.878,run:text_encoder,62.142,62.142,4.269,63.34
289.382,load:vae_encoder,0.008,62.161,4.267,1.211
289.883,load:vae_encoder,0.219,62.161,4.269,3.652
290.383,load:vae_encoder,0.469,62.161,4.253,3.652
290.884,load:vae_encoder,0.72,62.161,4.258,3.652
291.385,load:vae_encoder,0.829,62.161,4.261,3.652
291.886,load:vae_encoder,1.079,62.161,4.262,3.652
292.386,load:vae_encoder,1.314,62.161,4.261,3.652
292.887,load:vae_encoder,1.532,62.161,4.264,3.652
293.388,load:vae_encoder,1.72,62.161,4.265,3.652
293.889,load:vae_encoder,1.97,62.161,4.263,3.652
294.39,load:vae_encoder,2.033,62.161,4.264,3.652
294.89,load:vae_encoder,2.22,62.161,4.264,3.652
295.391,load:vae_encoder,2.47,62.161,4.264,3.672
295.892,load:vae_encoder,2.549,62.161,4.263,3.75
296.392,load:vae_encoder,2.721,62.161,4.263,3.926
296.893,load:vae_encoder,2.971,62.161,4.264,4.18
297.394,load:vae_encoder,3.064,62.161,4.265,4.277
297.895,load:vae_encoder,3.283,62.161,4.265,4.494
298.396,load:vae_encoder,3.471,62.161,4.269,4.69
298.896,load:vae_encoder,3.58,62.161,4.27,4.787
299.397,load:vae_encoder,3.784,62.161,4.269,5.002
299.898,load:vae_encoder,3.971,62.161,4.268,5.178
300.398,load:vae_encoder,4.096,62.161,4.27,5.315
300.899,load:vae_encoder,4.284,62.161,4.27,5.49
301.4,load:vae_encoder,4.471,62.161,4.272,5.686
301.901,load:vae_encoder,4.722,62.161,4.271,5.94
302.405,load:vae_encoder,4.722,62.161,4.263,5.94
302.906,load:vae_encoder,4.972,62.161,4.264,6.174
303.406,load:vae_encoder,5.097,62.161,4.268,6.311
303.907,load:vae_encoder,5.285,62.161,4.268,6.486
304.408,load:vae_encoder,5.472,62.161,4.268,6.682
304.909,load:vae_encoder,5.722,62.161,4.268,6.936
305.409,load:vae_encoder,5.785,62.161,4.266,6.994
305.91,load:vae_encoder,5.972,62.161,4.268,7.19
306.411,load:vae_encoder,6.223,62.161,4.267,7.424
306.911,load:vae_encoder,6.301,62.161,4.271,7.502
307.412,load:vae_encoder,6.473,62.161,4.26,7.678
307.913,load:vae_encoder,6.723,62.161,4.261,7.934
308.414,load:vae_encoder,6.817,62.161,4.262,8.031
308.915,load:vae_encoder,7.035,62.161,4.261,8.246
309.415,load:vae_encoder,7.223,62.161,4.265,8.442
309.916,load:vae_encoder,7.333,62.161,4.265,8.539
310.417,load:vae_encoder,7.536,62.161,4.265,8.754
310.918,load:vae_encoder,7.723,62.161,4.265,8.93
311.418,load:vae_encoder,7.848,62.161,4.266,9.067
311.919,load:vae_encoder,8.036,62.161,4.267,9.242
312.42,load:vae_encoder,8.224,62.161,4.267,9.438
312.922,load:vae_encoder,8.474,62.161,4.268,9.692
313.422,load:vae_encoder,8.536,62.161,4.269,9.75
313.923,load:vae_encoder,8.724,62.161,4.267,9.926
314.424,load:vae_encoder,8.974,62.161,4.267,10.18
314.924,load:vae_encoder,9.05,62.161,4.268,10.258
315.425,load:vae_encoder,9.232,62.161,4.271,10.436
315.926,load:vae_encoder,9.39,62.161,4.263,10.592
316.427,load:vae_encoder,9.603,62.161,4.264,10.807
316.928,load:vae_encoder,9.708,62.161,4.264,10.904
317.428,load:vae_encoder,9.772,62.161,4.267,11.061
317.93,load:vae_encoder,10.006,62.161,4.267,11.199
318.431,load:vae_encoder,10.272,62.161,4.268,11.473
318.943,load:denoise,30.856,62.161,4.29,32.07
319.444,load:denoise,0.662,62.161,4.29,32.07
319.945,load:denoise,0.662,62.161,4.29,32.07
320.445,load:denoise,0.734,62.161,4.292,32.07
320.946,load:denoise,0.878,62.161,4.293,32.07
321.447,load:denoise,1.236,62.161,4.294,32.07
321.948,load:denoise,1.236,62.161,4.295,32.07
322.448,load:denoise,1.38,62.161,4.295,32.07
322.95,load:denoise,1.865,62.161,4.295,32.072
323.451,load:denoise,1.865,62.161,4.297,32.072
323.951,load:denoise,1.936,62.161,4.297,32.072
324.452,load:denoise,2.08,62.161,4.297,32.072
324.953,load:denoise,2.439,62.161,4.297,32.072
325.454,load:denoise,2.439,62.161,4.299,32.072
325.954,load:denoise,2.582,62.161,4.3,32.072
326.455,load:denoise,3.067,62.161,4.303,32.072
326.956,load:denoise,3.067,62.161,4.301,32.072
327.457,load:denoise,3.139,62.161,4.298,32.072
327.957,load:denoise,3.282,62.161,4.297,32.072
328.458,load:denoise,3.641,62.161,4.298,32.072
328.959,load:denoise,3.641,62.161,4.298,32.072
329.46,load:denoise,3.785,62.161,4.298,32.072
329.96,load:denoise,4.0,62.161,4.301,32.072
330.461,load:denoise,4.359,62.161,4.3,32.072
330.962,load:denoise,4.359,62.161,4.299,32.072
331.462,load:denoise,4.503,62.161,4.301,32.072
331.963,load:denoise,4.987,62.161,4.291,32.072
332.464,load:denoise,4.987,62.161,4.292,32.072
332.965,load:denoise,4.987,62.161,4.291,32.072
333.465,load:denoise,5.472,62.161,4.294,32.072
333.966,load:denoise,5.472,62.161,4.282,32.072
334.467,load:denoise,5.472,62.161,4.283,32.072
334.968,load:denoise,5.687,62.161,4.283,32.072
335.468,load:denoise,6.046,62.161,4.284,32.072
335.969,load:denoise,6.046,62.161,4.288,32.072
336.47,load:denoise,6.19,62.161,4.286,32.072
336.971,load:denoise,6.675,62.161,4.287,32.072
337.472,load:denoise,6.675,62.161,4.287,32.072
337.972,load:denoise,6.675,62.161,4.285,32.072
338.473,load:denoise,6.89,62.161,4.285,32.072
338.974,load:denoise,7.249,62.161,4.285,32.072
339.474,load:denoise,7.249,62.161,4.285,32.072
339.975,load:denoise,7.392,62.161,4.286,32.072
340.476,load:denoise,7.877,62.161,4.287,32.072
340.977,load:denoise,7.877,62.161,4.287,32.072
341.478,load:denoise,7.877,62.161,4.286,32.072
341.978,load:denoise,8.092,62.161,4.29,32.072
342.479,load:denoise,8.451,62.161,4.289,32.072
342.98,load:denoise,8.451,62.161,4.289,32.072
343.481,load:denoise,8.595,62.161,4.291,32.072
343.981,load:denoise,8.738,62.161,4.287,32.072
344.544,load:denoise,8.882,62.161,4.28,32.072
345.045,load:denoise,9.367,62.161,4.282,32.072
345.546,load:denoise,9.367,62.161,4.282,32.072
346.047,load:denoise,9.438,62.161,4.282,32.072
346.547,load:denoise,9.654,62.161,4.281,32.072
347.048,load:denoise,9.941,62.161,4.28,32.072
347.549,load:denoise,9.941,62.161,4.281,32.072
348.05,load:denoise,10.156,62.161,4.286,32.072
348.55,load:denoise,10.641,62.161,4.287,32.072
349.051,load:denoise,10.641,62.161,4.287,32.072
349.552,load:denoise,10.641,62.161,4.287,32.072
350.053,load:denoise,10.928,62.161,4.29,32.072
350.554,load:denoise,11.072,62.161,4.289,32.072
351.054,load:denoise,11.556,62.161,4.289,32.072
351.555,load:denoise,11.556,62.161,4.288,32.072
352.056,load:denoise,11.556,62.161,4.292,32.072
352.557,load:denoise,11.7,62.161,4.289,32.072
353.057,load:denoise,11.843,62.161,4.29,32.072
353.558,load:denoise,12.13,62.161,4.29,32.072
354.059,load:denoise,12.274,62.161,4.293,32.072
354.56,load:denoise,12.759,62.161,4.291,32.074
355.061,load:denoise,12.759,62.161,4.291,32.074
355.561,load:denoise,12.759,62.161,4.28,32.074
356.062,load:denoise,12.902,62.161,4.286,32.074
356.563,load:denoise,13.046,62.161,4.288,32.074
357.064,load:denoise,13.333,62.161,4.288,32.074
357.564,load:denoise,13.476,62.161,4.288,32.074
358.065,load:denoise,13.961,62.161,4.281,32.074
358.566,load:denoise,13.961,62.161,4.281,32.074
359.066,load:denoise,13.961,62.161,4.282,32.074
359.567,load:denoise,14.105,62.161,4.282,32.074
360.068,load:denoise,14.464,62.161,4.284,32.074
360.569,load:denoise,14.464,62.161,4.284,32.074
361.069,load:denoise,14.607,62.161,4.303,32.074
361.57,load:denoise,15.092,62.161,4.331,32.074
362.072,load:denoise,15.092,62.161,4.334,32.074
362.572,load:denoise,15.092,62.161,4.335,32.074
363.073,load:denoise,15.307,62.161,4.334,32.074
363.574,load:denoise,15.666,62.161,4.335,32.074
364.074,load:denoise,15.666,62.161,4.342,32.074
364.575,load:denoise,15.81,62.161,4.339,32.074
365.076,load:denoise,16.294,62.161,4.339,32.074
365.577,load:denoise,16.294,62.161,4.34,32.074
366.077,load:denoise,16.294,62.161,4.34,32.074
366.578,load:denoise,16.51,62.161,4.34,32.074
367.079,load:denoise,16.869,62.161,4.341,32.074
367.58,load:denoise,16.869,62.161,4.346,32.074
368.081,load:denoise,17.012,62.161,4.341,32.074
368.581,load:denoise,17.156,62.161,4.342,32.074
369.082,load:denoise,17.299,62.161,4.342,32.074
369.583,load:denoise,17.586,62.161,4.343,32.074
370.084,load:denoise,17.73,62.161,4.339,32.074
370.584,load:denoise,18.215,62.161,4.332,32.074
371.085,load:denoise,18.215,62.161,4.355,32.074
371.586,load:denoise,18.215,62.161,4.357,32.074
372.087,load:denoise,18.699,62.161,4.361,32.074
372.587,load:denoise,18.699,62.161,4.365,32.074
373.088,load:denoise,18.699,62.161,4.368,32.074
373.589,load:denoise,18.843,62.161,4.37,32.074
374.09,load:denoise,18.986,62.161,4.371,32.074
374.591,load:denoise,19.273,62.161,4.37,32.074
375.092,load:denoise,19.417,62.161,4.371,32.074
375.592,load:denoise,19.902,62.161,4.371,32.074
376.093,load:denoise,19.902,62.161,4.373,32.074
376.594,load:denoise,19.902,62.161,4.374,32.074
377.094,load:denoise,20.045,62.161,4.373,32.074
377.595,load:denoise,20.189,62.161,4.372,32.074
378.096,load:denoise,20.476,62.161,4.371,32.074
378.597,load:denoise,20.619,62.161,4.371,32.074
379.097,load:denoise,21.104,62.161,4.371,32.074
379.599,load:denoise,21.104,62.161,4.372,32.074
380.099,load:denoise,21.104,62.161,4.372,32.074
380.6,load:denoise,21.248,62.161,4.372,32.074
381.101,load:denoise,21.391,62.161,4.373,32.074
381.602,load:denoise,21.678,62.161,4.375,32.074
382.102,load:denoise,21.822,62.161,4.378,32.074
382.603,load:denoise,21.894,62.161,4.295,32.074
383.104,load:denoise,22.037,62.161,4.296,32.074
383.605,load:denoise,22.594,62.161,4.29,32.074
384.105,load:denoise,22.594,62.161,4.286,32.074
384.606,load:denoise,22.594,62.161,4.287,32.074
385.107,load:denoise,22.881,62.161,4.285,32.074
385.608,load:denoise,22.881,62.161,4.285,32.074
386.108,load:denoise,23.509,62.161,4.322,32.074
386.609,load:denoise,23.509,62.161,4.324,32.074
387.11,load:denoise,23.509,62.161,4.328,32.074
387.611,load:denoise,23.581,62.161,4.329,32.074
388.112,load:denoise,23.724,62.161,4.329,32.074
388.612,load:denoise,24.083,62.161,4.332,32.074
389.113,load:denoise,24.083,62.161,4.332,32.074
389.614,load:denoise,24.227,62.161,4.333,32.074
390.115,load:denoise,24.712,62.161,4.334,32.076
390.615,load:denoise,24.712,62.161,4.338,32.076
391.116,load:denoise,24.783,62.161,4.339,32.076
391.617,load:denoise,24.927,62.161,4.355,32.076
392.118,load:denoise,25.286,62.161,4.356,32.076
392.619,load:denoise,25.286,62.161,4.357,32.076
393.12,load:denoise,25.429,62.161,4.357,32.076
393.62,load:denoise,25.914,62.161,4.36,32.076
394.121,load:denoise,25.914,62.161,4.362,32.076
394.622,load:denoise,25.986,62.161,4.363,32.076
395.123,load:denoise,26.129,62.161,4.364,32.076
395.623,load:denoise,26.488,62.161,4.365,32.076
396.124,load:denoise,26.488,62.161,4.364,32.076
396.625,load:denoise,26.632,62.161,4.34,32.076
397.125,load:denoise,27.188,62.161,4.332,32.076
397.626,load:denoise,27.188,62.161,4.332,32.076
398.127,load:denoise,27.188,62.161,4.333,32.076
398.628,load:denoise,27.332,62.161,4.334,32.076
399.128,load:denoise,27.691,62.161,4.334,32.076
399.629,load:denoise,27.691,62.161,4.334,32.076
400.13,load:denoise,27.834,62.161,4.333,32.076
400.631,load:denoise,28.319,62.161,4.338,32.076
401.132,load:denoise,28.319,62.161,4.334,32.076
401.633,load:denoise,28.319,62.161,4.333,32.076
402.134,load:denoise,28.534,62.161,4.335,32.076
402.634,load:denoise,28.893,62.161,4.335,32.076
403.135,load:denoise,28.893,62.161,4.336,32.076
403.636,load:denoise,29.037,62.161,4.336,32.076
404.137,load:denoise,29.521,62.161,4.326,32.076
404.637,load:denoise,29.521,62.161,4.33,32.076
405.138,load:denoise,29.521,62.161,4.331,32.076
405.639,load:denoise,29.737,62.161,4.338,32.076
406.14,load:denoise,30.096,62.161,4.334,32.076
406.641,load:denoise,30.096,62.161,4.334,32.076
407.142,load:denoise,30.239,62.161,4.342,32.076
407.642,load:denoise,30.383,62.161,4.354,32.076
408.143,load:denoise,30.526,62.161,4.345,32.076
408.644,load:denoise,30.814,62.161,4.343,32.076
409.145,load:denoise,30.957,62.161,4.346,32.154
409.645,load:denoise,31.442,62.161,4.343,32.643
410.146,load:denoise,31.442,62.161,4.339,32.643
410.647,load:denoise,31.442,62.161,4.338,32.643
411.148,load:denoise,31.926,62.161,4.341,33.131
411.648,load:denoise,31.926,62.161,4.353,33.131
412.149,load:denoise,31.926,62.161,4.35,33.131
412.65,load:denoise,32.07,62.161,4.35,33.268
413.15,load:denoise,32.501,62.161,4.352,33.697
413.652,load:denoise,32.501,62.161,4.36,33.697
414.152,load:denoise,32.644,62.161,4.355,33.854
414.653,load:denoise,33.129,62.161,4.355,34.322
415.154,load:denoise,33.129,62.161,4.355,34.322
415.655,load:denoise,33.129,62.161,4.348,34.322
416.155,load:denoise,33.272,62.161,4.344,34.479
416.656,load:denoise,33.703,62.161,4.345,34.908
417.157,load:denoise,33.703,62.161,4.352,34.908
417.658,load:denoise,33.847,62.161,4.36,35.045
418.158,load:denoise,34.331,62.161,4.355,35.533
418.659,load:denoise,34.331,62.161,4.358,35.533
419.16,load:denoise,34.331,62.161,4.359,35.533
419.661,load:denoise,34.475,62.161,4.35,35.67
420.162,load:denoise,34.618,62.161,4.354,35.826
420.663,load:denoise,34.906,62.161,4.355,36.1
421.163,load:denoise,35.049,62.161,4.359,36.256
421.664,load:denoise,35.193,62.161,4.361,36.393
422.165,load:denoise,35.336,62.161,4.362,36.529
422.666,load:denoise,35.821,62.161,4.355,37.018
423.167,load:denoise,35.821,62.161,4.356,37.018
423.668,load:denoise,35.821,62.161,4.357,37.018
424.168,load:denoise,36.108,62.161,4.348,37.311
424.669,load:denoise,36.252,62.161,4.348,37.447
425.17,load:denoise,36.736,62.161,4.352,37.938
425.67,load:denoise,36.736,62.161,4.352,37.938
426.171,load:denoise,36.736,62.161,4.353,37.938
426.672,load:denoise,36.88,62.161,4.353,38.074
427.173,load:denoise,37.023,62.161,4.356,38.231
427.674,load:denoise,37.311,62.161,4.358,38.524
428.175,load:denoise,37.454,62.161,4.359,38.66
428.675,load:denoise,37.939,62.161,4.358,39.149
429.176,load:denoise,37.939,62.161,4.358,39.149
429.677,load:denoise,37.939,62.161,4.351,39.149
430.178,load:denoise,38.082,62.161,4.353,39.285
430.678,load:denoise,38.226,62.161,4.353,39.422
431.179,load:denoise,38.513,62.161,4.355,39.715
431.68,load:denoise,38.657,62.161,4.354,39.852
432.181,load:denoise,39.141,62.161,4.357,40.34
432.682,load:denoise,39.141,62.161,4.358,40.34
433.183,load:denoise,39.141,62.161,4.362,40.34
433.683,load:denoise,39.285,62.161,4.363,40.496
434.184,load:denoise,39.428,62.161,4.363,40.633
434.685,load:denoise,39.715,62.161,4.364,40.926
435.186,load:denoise,39.859,62.161,4.366,41.063
435.686,load:denoise,39.931,62.161,4.367,41.141
436.187,load:denoise,40.416,62.161,4.359,41.609
436.688,load:denoise,40.416,62.161,4.358,41.609
437.188,load:denoise,40.487,62.161,4.349,41.688
437.689,load:denoise,40.631,62.161,4.351,41.824
438.19,load:denoise,40.918,62.161,4.354,42.117
438.691,load:denoise,41.062,62.161,4.354,42.274
439.191,load:denoise,41.546,62.161,4.358,42.742
439.692,load:denoise,41.546,62.161,4.359,42.742
440.194,load:denoise,41.546,62.161,4.358,42.742
440.694,load:denoise,41.69,62.161,4.359,42.899
441.195,load:denoise,41.833,62.161,4.363,43.035
441.696,load:denoise,42.12,62.161,4.364,43.328
442.197,load:denoise,42.264,62.161,4.365,43.465
442.697,load:denoise,42.749,62.161,4.365,43.953
443.198,load:denoise,42.749,62.161,4.366,43.953
443.699,load:denoise,42.749,62.161,4.366,43.953
444.2,load:denoise,42.892,62.161,4.367,44.09
444.7,load:denoise,43.036,62.161,4.365,44.246
445.202,load:denoise,43.323,62.161,4.368,44.52
445.702,load:denoise,43.466,62.161,4.367,44.676
446.203,load:denoise,43.538,62.161,4.367,44.734
446.704,load:denoise,43.754,62.161,4.368,44.949
447.205,load:denoise,44.041,62.161,4.37,45.242
447.705,load:denoise,44.041,62.161,4.371,45.242
448.241,load:denoise,44.184,62.161,4.364,45.379
448.742,load:denoise,44.669,62.161,4.364,45.867
449.242,load:denoise,44.669,62.161,4.364,45.867
449.743,load:denoise,45.154,62.161,4.366,46.356
450.244,load:denoise,45.154,62.161,4.366,46.356
450.745,load:denoise,45.154,62.161,4.351,46.356
451.245,load:denoise,45.297,62.161,4.355,46.492
451.746,load:denoise,45.441,62.161,4.358,46.649
452.247,load:denoise,45.728,62.161,4.36,46.922
452.748,load:denoise,45.871,62.161,4.36,47.078
453.249,load:denoise,46.356,62.161,4.361,47.567
453.75,load:denoise,46.356,62.161,4.365,47.567
454.25,load:denoise,46.356,62.161,4.365,47.567
454.751,load:denoise,46.5,62.161,4.355,47.703
455.252,load:denoise,46.643,62.161,4.359,47.84
455.753,load:denoise,46.93,62.161,4.365,48.133
456.253,load:denoise,47.074,62.161,4.365,48.27
456.754,load:denoise,47.559,62.161,4.367,48.758
457.255,load:denoise,47.559,62.161,4.367,48.758
457.755,load:denoise,47.559,62.161,4.371,48.758
458.257,load:denoise,47.702,62.161,4.371,48.895
458.757,load:denoise,47.846,62.161,4.372,49.051
459.258,load:denoise,48.133,62.161,4.373,49.344
459.759,load:denoise,48.276,62.161,4.371,49.481
460.26,load:denoise,48.348,62.161,4.372,49.559
460.76,load:denoise,48.492,62.161,4.37,49.695
461.261,load:denoise,49.048,62.161,4.363,50.244
461.762,load:denoise,49.048,62.161,4.367,50.244
462.263,load:denoise,49.048,62.161,4.368,50.244
462.764,load:denoise,49.335,62.161,4.368,50.537
463.264,load:denoise,49.479,62.161,4.369,50.674
463.765,load:denoise,49.964,62.161,4.363,51.162
464.266,load:denoise,49.964,62.161,4.364,51.162
464.766,load:denoise,49.964,62.161,4.364,51.162
465.268,load:denoise,50.035,62.161,4.366,51.24
465.768,load:denoise,50.251,62.161,4.369,51.455
466.269,load:denoise,50.538,62.161,4.37,51.748
466.77,load:denoise,50.681,62.161,4.371,51.885
467.271,load:denoise,51.166,62.161,4.37,52.373
467.771,load:denoise,51.166,62.161,4.371,52.373
468.272,load:denoise,51.166,62.161,4.372,52.373
468.773,load:denoise,51.238,62.161,4.373,52.432
469.274,load:denoise,51.453,62.161,4.374,52.666
469.774,load:denoise,51.74,62.161,4.376,52.94
470.276,load:denoise,51.74,62.161,4.376,52.94
470.776,load:denoise,52.368,62.161,4.376,53.565
471.277,load:denoise,52.368,62.161,4.377,53.565
471.778,load:denoise,52.368,62.161,4.378,53.565
472.279,load:denoise,52.44,62.161,4.379,53.643
472.779,load:denoise,52.656,62.161,4.37,53.858
473.28,load:denoise,52.943,62.161,4.374,54.151
473.781,load:denoise,52.943,62.161,4.376,54.151
474.281,load:denoise,53.158,62.161,4.377,54.365
474.782,load:denoise,53.643,62.161,4.372,54.854
475.283,load:denoise,53.643,62.161,4.363,54.854
475.784,load:denoise,53.643,62.161,4.368,54.854
476.284,load:denoise,53.858,62.161,4.368,55.068
476.785,load:denoise,54.145,62.161,4.368,55.342
477.286,load:denoise,54.145,62.161,4.367,55.342
477.787,load:denoise,54.773,62.161,4.375,55.967
478.287,load:denoise,54.773,62.161,4.375,55.967
478.789,load:denoise,54.773,62.161,4.375,55.967
479.29,load:denoise,54.845,62.161,4.376,56.045
479.79,load:denoise,55.061,62.161,4.375,56.26
480.291,load:denoise,55.348,62.161,4.377,56.553
480.792,load:denoise,55.348,62.161,4.377,56.553
481.293,load:denoise,55.976,62.161,4.378,57.178
481.793,load:denoise,55.976,62.161,4.37,57.178
482.294,load:denoise,55.976,62.161,4.382,57.178
482.795,load:denoise,56.048,62.161,4.379,57.256
483.296,load:denoise,56.191,62.161,4.379,57.393
483.797,load:denoise,56.55,62.161,4.38,57.744
484.298,load:denoise,56.55,62.161,4.382,57.744
484.798,load:denoise,56.765,62.161,4.376,57.959
485.299,load:denoise,56.909,62.161,4.378,58.115
485.8,load:denoise,57.268,62.161,4.384,58.467
486.301,load:denoise,57.268,62.161,4.389,58.467
486.801,load:denoise,57.411,62.161,4.388,58.623
487.302,load:denoise,57.627,62.161,4.375,58.838
487.803,load:denoise,57.986,62.161,4.376,59.19
488.304,load:denoise,57.986,62.161,4.375,59.19
488.804,load:denoise,58.129,62.161,4.375,59.326
489.305,load:denoise,58.273,62.161,4.377,59.483
489.806,load:denoise,58.416,62.161,4.377,59.619
490.307,load:denoise,58.703,62.161,4.379,59.912
490.807,load:denoise,58.847,62.161,4.369,60.049
491.309,load:denoise,59.332,62.161,4.373,60.537
491.809,load:denoise,59.332,62.161,4.379,60.537
492.31,load:denoise,59.332,62.161,4.379,60.537
492.811,load:denoise,59.816,62.161,4.38,61.026
493.312,load:denoise,59.816,62.161,4.382,61.026
493.812,load:denoise,59.816,62.161,4.384,61.026
494.313,load:denoise,59.96,62.161,4.385,61.162
494.814,load:denoise,60.391,62.161,4.387,61.592
495.315,load:denoise,60.391,62.161,4.387,61.592
495.815,load:denoise,60.534,62.161,4.387,61.729
496.316,load:denoise,61.019,62.161,4.389,62.219
496.817,load:denoise,61.019,62.161,4.39,62.219
497.318,load:denoise,61.019,62.161,4.391,62.219
497.819,load:denoise,61.162,62.161,4.391,62.375
498.319,load:denoise,61.593,62.161,4.394,62.805
498.82,load:denoise,61.593,62.161,4.394,62.805
499.321,load:denoise,61.737,62.161,4.395,62.942
499.822,run:denoise,62.548,62.548,4.481,63.797
500.322,run:denoise,62.926,68.09,4.552,70.596
500.823,run:denoise,62.926,68.09,4.552,70.596
501.324,run:denoise,62.926,68.09,4.528,70.596
501.825,run:denoise,62.926,68.09,4.519,70.596
502.325,run:denoise,62.926,68.09,4.52,70.596
502.826,run:denoise,62.926,68.09,4.518,70.596
503.327,run:denoise,65.193,68.09,4.518,70.596
503.828,run:denoise,62.926,68.09,4.519,70.596
504.329,run:denoise,64.438,68.09,4.519,70.596
504.83,run:denoise,62.926,68.09,4.52,70.596
505.33,run:denoise,65.697,68.09,4.52,70.596
505.831,run:denoise,62.926,68.09,4.52,70.596
506.332,run:denoise,65.585,68.09,4.522,70.596
506.833,run:denoise,62.926,68.09,4.523,70.596
507.334,run:denoise,65.327,68.09,4.524,70.596
507.834,run:denoise,62.926,68.09,4.525,70.596
508.335,run:denoise,65.327,68.09,4.526,70.596
508.836,run:denoise,62.926,68.09,4.525,70.596
509.337,run:denoise,63.808,68.09,4.526,70.596
509.838,run:denoise,62.926,68.09,4.525,70.596
510.339,run:denoise,61.779,68.09,4.53,70.596
510.839,run:denoise,61.779,68.09,4.531,70.596
511.34,run:denoise,61.779,68.09,4.531,70.596
511.841,run:denoise,61.779,68.09,4.531,70.596
512.342,run:denoise,61.779,68.09,4.531,70.596
512.842,run:denoise,61.779,68.09,4.53,70.596
513.343,run:denoise,61.779,68.09,4.531,70.596
513.845,run:denoise,61.779,68.09,4.531,70.596
514.345,run:denoise,61.779,68.09,4.532,70.596
514.846,run:denoise,61.779,68.09,4.532,70.596
515.347,run:denoise,61.779,68.09,4.532,70.596
515.847,run:denoise,61.779,68.09,4.532,70.596
516.348,run:denoise,61.779,68.09,4.533,70.596
516.849,run:denoise,61.779,68.09,4.532,70.596
517.35,run:denoise,62.94,68.104,4.535,70.596
517.85,run:denoise,62.94,68.104,4.537,70.596
518.351,run:denoise,64.451,68.104,4.537,70.596
518.852,run:denoise,62.94,68.104,4.537,70.596
519.353,run:denoise,65.711,68.104,4.537,70.596
519.854,run:denoise,62.94,68.104,4.536,70.596
520.355,run:denoise,65.598,68.104,4.536,70.596
520.855,run:denoise,62.94,68.104,4.536,70.596
521.356,run:denoise,65.341,68.104,4.536,70.596
521.857,run:denoise,62.94,68.104,4.535,70.596
522.358,run:denoise,65.341,68.104,4.535,70.596
522.858,run:denoise,62.94,68.104,4.537,70.596
523.359,run:denoise,62.94,68.104,4.537,70.596
523.86,run:denoise,62.94,68.104,4.537,70.596
524.361,run:denoise,62.94,68.104,4.537,70.596
524.862,run:denoise,67.096,68.104,4.538,70.596
525.363,run:denoise,62.94,68.104,4.538,70.596
525.864,run:denoise,64.073,68.104,4.537,70.596
526.365,run:denoise,62.94,68.104,4.538,70.596
526.865,run:denoise,65.598,68.104,4.537,70.596
527.366,run:denoise,62.563,68.104,4.538,70.596
527.867,run:denoise,63.695,68.104,4.536,70.596
528.367,run:denoise,67.096,68.104,4.537,70.596
528.868,run:denoise,63.695,68.104,4.537,70.596
529.37,run:denoise,67.096,68.104,4.537,70.596
529.87,run:denoise,68.104,68.104,4.538,70.596
530.371,run:denoise,67.096,68.104,4.538,70.596
530.872,run:denoise,67.096,68.104,4.539,70.596
531.373,run:denoise,65.711,68.104,4.538,70.596
531.873,run:denoise,67.096,68.104,4.539,70.596
532.374,run:denoise,64.843,68.104,4.538,70.596
532.875,run:denoise,67.096,68.104,4.538,70.596
533.376,run:denoise,63.821,68.104,4.539,70.596
533.876,run:denoise,67.096,68.104,4.54,70.596
534.377,run:denoise,65.341,68.104,4.54,70.596
534.878,run:denoise,62.94,68.104,4.54,70.596
535.379,run:denoise,65.341,68.104,4.54,70.596
535.88,run:denoise,62.94,68.104,4.54,70.596
536.381,run:denoise,63.318,68.104,4.54,70.596
536.881,run:denoise,62.94,68.104,4.54,70.596
537.382,run:denoise,62.94,68.104,4.528,70.596
537.883,run:denoise,65.207,68.104,4.528,70.596
538.384,run:denoise,62.94,68.104,4.529,70.596
538.884,run:denoise,64.451,68.104,4.53,70.596
539.385,run:denoise,62.94,68.104,4.53,70.596
539.886,run:denoise,65.711,68.104,4.529,70.596
540.387,run:denoise,62.94,68.104,4.529,70.596
540.888,run:denoise,65.598,68.104,4.529,70.596
541.389,run:denoise,62.94,68.104,4.529,70.596
541.889,run:denoise,65.341,68.104,4.53,70.596
542.39,run:denoise,62.94,68.104,4.53,70.596
542.891,run:denoise,65.341,68.104,4.53,70.596
543.392,run:denoise,62.94,68.104,4.531,70.596
543.892,run:denoise,62.94,68.104,4.531,70.596
544.393,run:denoise,62.563,68.104,4.531,70.596
544.894,run:denoise,62.939,68.104,4.53,70.596
545.395,run:denoise,65.598,68.104,4.53,70.596
545.896,run:denoise,67.096,68.104,4.531,70.596
546.397,run:denoise,64.836,68.104,4.531,70.596
546.897,run:denoise,67.096,68.104,4.531,70.596
547.398,run:denoise,63.821,68.104,4.529,70.596
547.899,run:denoise,67.096,68.104,4.527,70.596
548.4,run:denoise,63.695,68.104,4.528,70.596
548.9,run:denoise,67.096,68.104,4.528,70.596
549.401,run:denoise,63.695,68.104,4.528,70.596
549.902,run:denoise,67.096,68.104,4.527,70.596
550.403,run:denoise,67.096,68.104,4.527,70.596
550.904,run:denoise,67.096,68.104,4.527,70.596
551.405,run:denoise,62.94,68.104,4.527,70.596
551.905,run:denoise,64.451,68.104,4.527,70.596
552.406,run:denoise,62.94,68.104,4.526,70.596
552.907,run:denoise,64.073,68.104,4.527,70.596
553.408,run:denoise,62.94,68.104,4.528,70.596
553.908,run:denoise,65.598,68.104,4.528,70.596
554.409,run:denoise,62.94,68.104,4.527,70.596
554.91,run:denoise,65.031,68.104,4.528,70.596
555.411,run:denoise,62.94,68.104,4.529,70.596
555.912,run:denoise,65.341,68.104,4.529,70.596
556.413,run:denoise,62.94,68.104,4.529,70.596
556.913,run:denoise,65.341,68.104,4.528,70.596
557.414,run:denoise,62.94,68.104,4.528,70.596
557.915,run:denoise,62.94,68.104,4.526,70.596
558.416,run:denoise,62.94,68.104,4.527,70.596
558.916,run:denoise,62.94,68.104,4.528,70.596
559.417,run:denoise,64.451,68.104,4.528,70.596
559.918,run:denoise,62.94,68.104,4.528,70.596
560.419,run:denoise,64.073,68.104,4.528,70.596
560.92,run:denoise,62.94,68.104,4.528,70.596
561.421,run:denoise,61.792,68.104,4.527,70.596
561.921,run:denoise,62.939,68.104,4.528,70.596
562.422,run:denoise,64.073,68.104,4.528,70.596
562.923,run:denoise,65.459,68.104,4.528,70.596
563.423,run:denoise,64.073,68.104,4.529,70.596
563.924,run:denoise,65.459,68.104,4.528,70.596
564.425,run:denoise,64.829,68.104,4.529,70.596
564.926,run:denoise,65.459,68.104,4.529,70.596
565.426,run:denoise,65.459,68.104,4.53,70.596
565.928,run:denoise,65.207,68.104,4.529,70.596
566.428,run:denoise,65.459,68.104,4.529,70.596
566.929,run:denoise,65.598,68.104,4.529,70.596
567.43,run:denoise,65.459,68.104,4.529,70.596
567.931,run:denoise,64.836,68.104,4.528,70.596
568.431,run:denoise,62.94,68.104,4.528,70.596
568.932,run:denoise,65.341,68.104,4.528,70.596
569.433,run:denoise,62.94,68.104,4.528,70.596
569.934,run:denoise,65.341,68.104,4.527,70.596
570.434,run:denoise,62.94,68.104,4.529,70.596
570.936,run:denoise,64.451,68.104,4.529,70.596
571.437,run:denoise,62.94,68.104,4.528,70.596
571.937,run:denoise,62.94,68.104,4.529,70.596
572.438,run:denoise,62.94,68.104,4.529,70.596
572.939,run:denoise,62.94,68.104,4.529,70.596
573.44,run:denoise,64.829,68.104,4.529,70.596
573.94,run:denoise,62.94,68.104,4.529,70.596
574.441,run:denoise,64.073,68.104,4.529,70.596
574.942,run:denoise,62.94,68.104,4.53,70.596
575.442,run:denoise,65.598,68.104,4.53,70.596
575.943,run:denoise,62.94,68.104,4.53,70.596
576.445,run:denoise,65.341,68.104,4.528,70.596
576.945,run:denoise,62.94,68.104,4.528,70.596
577.446,run:denoise,65.341,68.104,4.527,70.596
577.947,run:denoise,62.94,68.104,4.516,70.596
578.448,run:denoise,63.317,68.104,4.514,70.596
578.948,run:denoise,62.939,68.104,4.515,70.596
579.449,run:denoise,65.459,68.104,4.517,70.596
579.95,run:denoise,65.459,68.104,4.519,70.596
580.45,run:denoise,65.459,68.104,4.519,70.596
580.951,run:denoise,65.976,68.104,4.52,70.596
581.453,run:denoise,65.459,68.104,4.52,70.596
581.953,run:denoise,65.409,68.104,4.521,70.596
582.454,run:denoise,65.459,68.104,4.52,70.596
582.955,run:denoise,65.341,68.104,4.52,70.596
583.455,run:denoise,65.459,68.104,4.522,70.596
583.956,run:denoise,64.073,68.104,4.522,70.596
584.457,run:denoise,65.459,68.104,4.522,70.596
584.958,run:denoise,64.073,68.104,4.522,70.596
585.458,run:denoise,62.94,68.104,4.524,70.596
585.959,run:denoise,62.94,68.104,4.524,70.596
586.46,run:denoise,62.94,68.104,4.524,70.596
586.961,run:denoise,62.94,68.104,4.524,70.596
587.461,run:denoise,64.451,68.104,4.525,70.596
587.962,run:denoise,62.94,68.104,4.525,70.596
588.463,run:denoise,64.073,68.104,4.526,70.596
588.964,run:denoise,62.94,68.104,4.526,70.596
589.464,run:denoise,65.598,68.104,4.525,70.596
589.965,run:denoise,62.94,68.104,4.526,70.596
590.466,run:denoise,64.836,68.104,4.526,70.596
590.967,run:denoise,62.94,68.104,4.526,70.596
591.467,run:denoise,65.341,68.104,4.527,70.596
591.969,run:denoise,62.94,68.104,4.527,70.596
592.469,run:denoise,64.073,68.104,4.527,70.596
592.97,run:denoise,62.94,68.104,4.527,70.596
593.471,run:denoise,62.94,68.104,4.525,70.596
593.971,run:denoise,62.94,68.104,4.526,70.596
594.472,run:denoise,62.94,68.104,4.526,70.596
594.973,run:denoise,64.451,68.104,4.526,70.596
595.474,run:denoise,62.939,68.104,4.527,70.596
595.975,run:denoise,63.317,68.104,4.527,70.596
596.475,run:denoise,65.459,68.104,4.527,70.596
596.977,run:denoise,65.341,68.104,4.527,70.596
597.477,run:denoise,65.459,68.104,4.526,70.596
597.978,run:denoise,64.073,68.104,4.525,70.596
598.479,run:denoise,65.459,68.104,4.526,70.596
598.98,run:denoise,64.073,68.104,4.526,70.596
599.48,run:denoise,65.459,68.104,4.526,70.596
599.981,run:denoise,65.459,68.104,4.525,70.596
600.482,run:denoise,65.459,68.104,4.525,70.596
600.983,run:denoise,65.459,68.104,4.525,70.596
601.483,run:denoise,64.451,68.104,4.525,70.596
601.984,run:denoise,65.459,68.104,4.515,70.596
602.485,run:denoise,65.711,68.104,4.515,70.596
602.986,run:denoise,62.94,68.104,4.516,70.596
603.487,run:denoise,65.598,68.104,4.516,70.596
603.988,run:denoise,62.94,68.104,4.519,70.596
604.488,run:denoise,65.341,68.104,4.52,70.596
604.989,run:denoise,62.94,68.104,4.52,70.596
605.49,run:denoise,65.341,68.104,4.521,70.596
605.991,run:denoise,62.94,68.104,4.522,70.596
606.491,run:denoise,64.073,68.104,4.521,70.596
606.992,run:denoise,62.94,68.104,4.521,70.596
607.493,run:denoise,62.94,68.104,4.521,70.596
607.994,run:denoise,62.94,68.104,4.523,70.596
608.495,run:denoise,62.94,68.104,4.522,70.596
608.996,run:denoise,64.451,68.104,4.523,70.596
609.496,run:denoise,62.94,68.104,4.524,70.596
609.997,run:denoise,65.711,68.104,4.523,70.596
610.498,run:denoise,62.94,68.104,4.523,70.596
610.998,run:denoise,65.598,68.104,4.523,70.596
611.499,run:denoise,62.94,68.104,4.524,70.596
612.0,run:denoise,65.341,68.104,4.523,70.596
612.501,run:denoise,62.939,68.104,4.523,70.596
613.002,run:denoise,62.562,68.104,4.523,70.596
613.503,run:denoise,65.459,68.104,4.523,70.596
614.003,run:denoise,64.829,68.104,4.525,70.596
614.504,run:denoise,65.459,68.104,4.525,70.596
615.005,run:denoise,65.459,68.104,4.526,70.596
615.506,run:denoise,67.096,68.104,4.525,70.596
616.006,run:denoise,65.459,68.104,4.527,70.596
616.507,run:denoise,65.598,68.104,4.527,70.596
617.008,run:denoise,65.459,68.104,4.527,70.596
617.509,run:denoise,65.031,68.104,4.526,70.596
618.01,run:denoise,65.459,68.104,4.52,70.596
618.511,run:denoise,65.341,68.104,4.52,70.596
619.011,run:denoise,65.459,68.104,4.52,70.596
619.512,run:denoise,64.073,68.104,4.52,70.596
620.013,run:denoise,62.94,68.104,4.519,70.596
620.514,run:denoise,64.073,68.104,4.519,70.596
621.014,run:denoise,62.94,68.104,4.52,70.596
621.515,run:denoise,62.94,68.104,4.52,70.596
622.016,run:denoise,62.94,68.104,4.52,70.596
622.517,run:denoise,62.94,68.104,4.521,70.596
623.018,run:denoise,65.207,68.104,4.521,70.596
623.519,run:denoise,62.94,68.104,4.521,70.596
624.019,run:denoise,64.073,68.104,4.522,70.596
624.52,run:denoise,62.94,68.104,4.523,70.596
625.021,run:denoise,65.598,68.104,4.523,70.596
625.522,run:denoise,62.94,68.104,4.523,70.596
626.022,run:denoise,65.031,68.104,4.524,70.596
626.523,run:denoise,62.94,68.104,4.524,70.596
627.024,run:denoise,65.341,68.104,4.524,70.596
627.525,run:denoise,62.94,68.104,4.524,70.596
628.025,run:denoise,65.341,68.104,4.526,70.596
628.526,run:denoise,62.94,68.104,4.526,70.596
629.027,run:denoise,62.94,68.104,4.526,70.596
629.528,run:denoise,62.939,68.104,4.525,70.596
630.028,run:denoise,62.563,68.104,4.527,70.596
630.529,run:denoise,64.703,68.104,4.526,70.596
631.03,run:denoise,65.459,68.104,4.526,70.596
631.531,run:denoise,65.598,68.104,4.527,70.596
632.031,run:denoise,65.459,68.104,4.526,70.596
632.532,run:denoise,65.341,68.104,4.526,70.596
633.033,run:denoise,65.459,68.104,4.526,70.596
633.534,run:denoise,64.073,68.104,4.526,70.596
634.035,run:denoise,65.459,68.104,4.526,70.596
634.536,run:denoise,64.073,68.104,4.526,70.596
635.036,run:denoise,65.459,68.104,4.526,70.596
635.537,run:denoise,64.829,68.104,4.526,70.596
636.038,run:denoise,65.459,68.104,4.525,70.596
636.539,run:denoise,65.459,68.104,4.523,70.596
637.039,run:denoise,64.829,68.104,4.523,70.596
637.54,run:denoise,62.94,68.104,4.524,70.596
638.041,run:denoise,64.451,68.104,4.524,70.596
638.542,run:denoise,62.94,68.104,4.525,70.596
639.043,run:denoise,65.711,68.104,4.525,70.596
639.544,run:denoise,62.94,68.104,4.525,70.596
640.045,run:denoise,65.598,68.104,4.524,70.596
640.545,run:denoise,62.94,68.104,4.524,70.596
641.046,run:denoise,65.341,68.104,4.524,70.596
641.547,run:denoise,62.94,68.104,4.525,70.596
642.047,run:denoise,65.341,68.104,4.525,70.596
642.548,run:denoise,62.94,68.104,4.525,70.596
643.049,run:denoise,63.318,68.104,4.525,70.596
643.55,run:denoise,62.94,68.104,4.526,70.596
644.051,run:denoise,62.94,68.104,4.527,70.596
644.552,run:denoise,62.94,68.104,4.527,70.596
645.053,run:denoise,62.94,68.104,4.527,70.596
645.553,run:denoise,64.451,68.104,4.526,70.596
646.054,run:denoise,62.94,68.104,4.527,70.596
646.555,run:denoise,65.711,68.104,4.527,70.596
647.056,run:denoise,62.563,68.104,4.527,70.596
647.556,run:denoise,65.341,68.104,4.527,70.596
648.057,run:denoise,65.459,68.104,4.527,70.596
648.558,run:denoise,64.073,68.104,4.527,70.596
649.059,run:denoise,65.459,68.104,4.527,70.596
649.56,run:denoise,64.073,68.104,4.527,70.596
650.061,run:denoise,65.459,68.104,4.528,70.596
650.561,run:denoise,64.829,68.104,4.528,70.596
651.062,run:denoise,65.459,68.104,4.529,70.596
651.563,run:denoise,65.459,68.104,4.529,70.596
652.064,run:denoise,67.096,68.104,4.527,70.596
652.564,run:denoise,65.459,68.104,4.528,70.596
653.065,run:denoise,65.976,68.104,4.528,70.596
653.566,run:denoise,65.459,68.104,4.528,70.596
654.067,run:denoise,65.598,68.104,4.528,70.596
654.568,run:denoise,62.94,68.104,4.528,70.596
655.069,run:denoise,65.598,68.104,4.528,70.596
655.569,run:denoise,62.94,68.104,4.528,70.596
656.07,run:denoise,65.341,68.104,4.516,70.596
656.571,run:denoise,62.94,68.104,4.52,70.596
657.072,run:denoise,65.341,68.104,4.519,70.596
657.572,run:denoise,62.94,68.104,4.454,70.596
658.073,run:denoise,63.318,68.104,4.45,70.596
658.574,run:denoise,62.94,68.104,4.452,70.596
659.075,run:denoise,62.94,68.104,4.452,70.596
659.576,run:denoise,62.939,68.104,4.452,70.596
660.077,run:denoise,62.94,68.104,4.452,70.596
660.577,run:denoise,64.451,68.104,4.453,70.596
661.078,run:denoise,62.94,68.104,4.453,70.596
661.579,run:denoise,65.711,68.104,4.453,70.596
662.079,run:denoise,62.94,68.104,4.453,70.596
662.58,run:denoise,65.598,68.104,4.457,70.596
663.081,run:denoise,62.94,68.104,4.456,70.596
663.582,run:denoise,65.341,68.104,4.457,70.596
664.082,run:denoise,62.563,68.104,4.457,70.596
664.584,run:denoise,64.073,68.104,4.456,70.596
665.084,run:denoise,65.459,68.104,4.456,70.596
665.585,run:denoise,64.829,68.104,4.456,70.596
666.086,run:denoise,65.459,68.104,4.456,70.596
666.587,run:denoise,65.459,68.104,4.458,70.596
667.087,run:denoise,66.089,68.104,4.458,70.596
667.588,run:denoise,65.459,68.104,4.458,70.596
668.089,run:denoise,65.598,68.104,4.458,70.596
668.59,run:denoise,65.459,68.104,4.458,70.596
669.09,run:denoise,66.102,68.104,4.458,70.596
669.591,run:denoise,65.459,68.104,4.459,70.596
670.092,run:denoise,65.341,68.104,4.459,70.596
670.593,run:denoise,65.459,68.104,4.459,70.596
671.094,run:denoise,65.341,68.104,4.46,70.596
671.595,run:denoise,62.94,68.104,4.461,70.596
672.095,run:denoise,65.341,68.104,4.466,70.596
672.596,run:denoise,62.94,68.104,4.466,70.596
673.097,run:denoise,62.94,68.104,4.467,70.596
673.598,run:denoise,62.94,68.104,4.466,70.596
674.098,run:denoise,62.94,68.104,4.466,70.596
674.599,run:denoise,64.829,68.104,4.468,70.596
675.1,run:denoise,62.94,68.104,4.467,70.596
675.601,run:denoise,64.451,68.104,4.467,70.596
676.102,run:denoise,62.94,68.104,4.467,70.596
676.603,run:denoise,65.711,68.104,4.467,70.596
677.103,run:denoise,62.94,68.104,4.468,70.596
677.604,run:denoise,65.598,68.104,4.469,70.596
678.105,run:denoise,62.94,68.104,4.466,70.596
678.606,run:denoise,65.341,68.104,4.466,70.596
679.106,run:denoise,62.94,68.104,4.467,70.596
679.607,run:denoise,65.341,68.104,4.467,70.596
680.108,run:denoise,62.94,68.104,4.464,70.596
680.609,run:denoise,63.318,68.104,4.465,70.596
681.109,run:denoise,62.563,68.104,4.465,70.596
681.61,run:denoise,62.939,68.104,4.463,70.596
682.111,run:denoise,67.096,68.104,4.462,70.596
682.612,run:denoise,65.459,68.104,4.463,70.596
683.112,run:denoise,65.976,68.104,4.464,70.596
683.613,run:denoise,65.459,68.104,4.465,70.596
684.114,run:denoise,64.836,68.104,4.466,70.596
684.615,run:denoise,65.459,68.104,4.466,70.596
685.115,run:denoise,65.341,68.104,4.467,70.596
685.617,run:denoise,65.459,68.104,4.466,70.596
686.118,run:denoise,64.073,68.104,4.468,70.596
686.618,run:denoise,65.459,68.104,4.468,70.596
687.119,run:denoise,64.073,68.104,4.468,70.596
687.62,run:denoise,65.459,68.104,4.468,70.596
688.12,run:denoise,62.94,68.104,4.468,70.596
688.621,run:denoise,62.94,68.104,4.468,70.596
689.122,run:denoise,62.94,68.104,4.466,70.596
689.623,run:denoise,64.829,68.104,4.466,70.596
690.123,run:denoise,62.94,68.104,4.466,70.596
690.625,run:denoise,64.073,68.104,4.466,70.596
691.125,run:denoise,62.94,68.104,4.465,70.596
691.626,run:denoise,65.409,68.104,4.465,70.596
692.127,run:denoise,62.94,68.104,4.464,70.596
692.628,run:denoise,65.598,68.104,4.464,70.596
693.128,run:denoise,62.94,68.104,4.465,70.596
693.629,run:denoise,65.341,68.104,4.469,70.596
694.13,run:denoise,62.94,68.104,4.466,70.596
694.631,run:denoise,65.341,68.104,4.466,70.596
695.132,run:denoise,62.94,68.104,4.467,70.596
695.632,run:denoise,62.94,68.104,4.467,70.596
696.134,run:denoise,62.94,68.104,4.468,70.596
696.634,run:denoise,62.94,68.104,4.468,70.596
697.135,run:denoise,65.207,68.104,4.468,70.596
697.636,run:denoise,62.94,68.104,4.468,70.596
698.137,run:denoise,61.779,68.104,4.468,70.596
698.637,run:denoise,62.939,68.104,4.468,70.596
699.138,run:denoise,65.409,68.104,4.468,70.596
699.639,run:denoise,65.459,68.104,4.469,70.596
700.14,run:denoise,65.341,68.104,4.468,70.596
700.64,run:denoise,65.459,68.104,4.468,70.596
701.142,run:denoise,64.073,68.104,4.468,70.596
701.643,run:denoise,65.459,68.104,4.47,70.596
702.143,run:denoise,64.073,68.104,4.469,70.596
702.644,run:denoise,65.459,68.104,4.468,70.596
703.145,run:denoise,65.459,68.104,4.469,70.596
703.646,run:denoise,65.459,68.104,4.468,70.596
704.146,run:denoise,65.459,68.104,4.468,70.596
704.647,run:denoise,66.089,68.104,4.468,70.596
705.148,run:denoise,62.94,68.104,4.468,70.596
705.649,run:denoise,64.073,68.104,4.471,70.596
706.15,run:denoise,62.94,68.104,4.467,70.596
706.651,run:denoise,66.354,68.104,4.467,70.596
707.151,run:denoise,62.94,68.104,4.467,70.596
707.652,run:denoise,65.598,68.104,4.472,70.596
708.153,run:denoise,62.94,68.104,4.467,70.596
708.654,run:denoise,65.341,68.104,4.466,70.596
709.154,run:denoise,62.94,68.104,4.466,70.596
709.655,run:denoise,65.341,68.104,4.473,70.596
710.156,run:denoise,62.94,68.104,4.468,70.596
710.657,run:denoise,62.94,68.104,4.467,70.596
711.157,run:denoise,62.94,68.104,4.467,70.596
711.659,run:denoise,62.94,68.104,4.471,70.596
712.16,run:denoise,62.939,68.104,4.467,70.596
712.661,run:denoise,62.94,68.104,4.467,70.596
713.161,run:denoise,64.451,68.104,4.467,70.596
713.662,run:denoise,62.94,68.104,4.468,70.596
714.163,run:denoise,65.711,68.104,4.468,70.596
714.663,run:denoise,62.94,68.104,4.467,70.596
715.164,run:denoise,61.792,68.104,4.467,70.596
715.665,run:denoise,62.939,68.104,4.465,70.596
716.166,run:denoise,64.073,68.104,4.465,70.596
716.667,run:denoise,65.459,68.104,4.466,70.596
717.168,run:denoise,64.073,68.104,4.466,70.596
717.668,run:denoise,65.459,68.104,4.466,70.596
718.169,run:denoise,65.459,68.104,4.488,70.596
718.67,run:denoise,65.459,68.104,4.466,70.596
719.171,run:denoise,65.459,68.104,4.466,70.596
719.672,run:denoise,66.089,68.104,4.466,70.596
720.172,run:denoise,65.459,68.104,4.465,70.596
720.673,run:denoise,65.976,68.104,4.466,70.596
721.174,run:denoise,65.459,68.104,4.466,70.596
721.675,run:denoise,65.409,68.104,4.467,70.596
722.176,run:denoise,62.94,68.104,4.468,70.596
722.677,run:denoise,65.031,68.104,4.467,70.596
723.177,run:denoise,62.94,68.104,4.468,70.596
723.678,run:denoise,65.341,68.104,4.468,70.596
724.179,run:denoise,62.94,68.104,4.468,70.596
724.68,run:denoise,65.341,68.104,4.467,70.596
725.18,run:denoise,62.94,68.104,4.468,70.596
725.681,run:denoise,63.318,68.104,4.468,70.596
726.182,run:denoise,62.94,68.104,4.468,70.596
726.683,run:denoise,62.94,68.104,4.468,70.596
727.184,run:denoise,62.939,68.104,4.469,70.596
727.685,run:denoise,62.94,68.104,4.469,70.596
728.185,run:denoise,64.451,68.104,4.469,70.596
728.686,run:denoise,62.94,68.104,4.469,70.596
729.187,run:denoise,65.711,68.104,4.469,70.596
729.688,run:denoise,62.94,68.104,4.469,70.596
730.188,run:denoise,65.598,68.104,4.468,70.596
730.689,run:denoise,62.94,68.104,4.467,70.596
731.19,run:denoise,65.341,68.104,4.467,70.596
731.691,run:denoise,62.94,68.104,4.468,70.596
732.191,run:denoise,63.335,68.104,4.469,70.596
732.692,run:denoise,62.939,68.104,4.469,70.596
733.194,run:denoise,64.829,68.104,4.469,70.596
733.695,run:denoise,65.459,68.104,4.468,70.596
734.195,run:denoise,65.459,68.104,4.468,70.596
734.696,run:denoise,65.459,68.104,4.467,70.596
735.197,run:denoise,65.459,68.104,4.467,70.596
735.698,run:denoise,65.976,68.104,4.468,70.596
736.198,run:denoise,65.459,68.104,4.468,70.596
736.699,run:denoise,65.409,68.104,4.468,70.596
737.2,run:denoise,65.459,68.104,4.468,70.596
737.701,run:denoise,65.341,68.104,4.468,70.596
738.202,run:denoise,65.459,68.104,4.468,70.596
738.702,run:denoise,64.073,68.104,4.467,70.596
739.203,run:denoise,62.94,68.104,4.467,70.596
739.704,run:denoise,65.341,68.104,4.467,70.596
740.205,run:denoise,62.94,68.104,4.468,70.596
740.705,run:denoise,63.318,68.104,4.468,70.596
741.206,run:denoise,62.94,68.104,4.468,70.596
741.707,run:denoise,62.94,68.104,4.467,70.596
742.208,run:denoise,62.94,68.104,4.467,70.596
742.709,run:denoise,62.94,68.104,4.467,70.596
743.21,run:denoise,64.451,68.104,4.467,70.596
743.711,run:denoise,62.94,68.104,4.469,70.596
744.211,run:denoise,65.711,68.104,4.47,70.596
744.712,run:denoise,62.94,68.104,4.47,70.596
745.213,run:denoise,65.598,68.104,4.471,70.596
745.714,run:denoise,62.94,68.104,4.471,70.596
746.214,run:denoise,65.341,68.104,4.471,70.596
746.715,run:denoise,62.94,68.104,4.471,70.596
747.216,run:denoise,65.341,68.104,4.471,70.596
747.716,run:denoise,62.94,68.104,4.47,70.596
748.218,run:denoise,63.318,68.104,4.472,70.596
748.718,run:denoise,62.94,68.104,4.471,70.596
749.219,run:denoise,62.939,68.104,4.471,70.596
749.72,run:denoise,62.939,68.104,4.471,70.596
750.221,run:denoise,65.459,68.104,4.472,70.596
750.721,run:denoise,65.976,68.104,4.471,70.596
751.222,run:denoise,65.459,68.104,4.471,70.596
751.723,run:denoise,65.409,68.104,4.471,70.596
752.224,run:denoise,65.459,68.104,4.472,70.596
752.724,run:denoise,65.341,68.104,4.473,70.596
753.226,run:denoise,65.459,68.104,4.472,70.596
753.727,run:denoise,64.073,68.104,4.473,70.596
754.227,run:denoise,65.459,68.104,4.472,70.596
754.728,run:denoise,64.073,68.104,4.471,70.596
755.229,run:denoise,65.459,68.104,4.469,70.596
755.729,run:denoise,64.829,68.104,4.47,70.596
756.23,run:denoise,62.94,68.104,4.469,70.596
756.731,run:denoise,62.94,68.104,4.469,70.596
757.232,run:denoise,65.207,68.104,4.469,70.596
757.732,run:denoise,62.94,68.104,4.469,70.596
758.234,run:denoise,64.451,68.104,4.469,70.596
758.734,run:denoise,62.94,68.104,4.469,70.596
759.235,run:denoise,65.711,68.104,4.469,70.596
759.736,run:denoise,62.94,68.104,4.469,70.596
760.237,run:denoise,65.598,68.104,4.47,70.596
760.737,run:denoise,62.94,68.104,4.47,70.596
761.238,run:denoise,65.341,68.104,4.47,70.596
761.739,run:denoise,62.94,68.104,4.469,70.596
762.24,run:denoise,65.341,68.104,4.47,70.596
762.74,run:denoise,62.94,68.104,4.469,70.596
763.241,run:denoise,63.318,68.104,4.47,70.596
763.743,run:denoise,62.94,68.104,4.47,70.596
764.243,run:denoise,62.94,68.104,4.471,70.596
764.744,run:denoise,62.94,68.104,4.47,70.596
765.245,run:denoise,62.94,68.104,4.47,70.596
765.746,run:denoise,64.451,68.104,4.47,70.596
766.246,run:denoise,62.939,68.104,4.47,70.596
766.747,run:denoise,63.317,68.104,4.469,70.596
767.248,run:denoise,65.459,68.104,4.469,70.596
767.749,run:denoise,65.341,68.104,4.468,70.596
768.249,run:denoise,65.459,68.104,4.47,70.596
768.751,run:denoise,64.073,68.104,4.47,70.596
769.251,run:denoise,65.459,68.104,4.47,70.596
769.752,run:denoise,64.073,68.104,4.47,70.596
770.253,run:denoise,65.459,68.104,4.47,70.596
770.754,run:denoise,64.829,68.104,4.47,70.596
771.254,run:denoise,65.459,68.104,4.47,70.596
771.755,run:denoise,65.459,68.104,4.47,70.596
772.256,run:denoise,65.459,68.104,4.47,70.596
772.757,run:denoise,65.459,68.104,4.471,70.596
773.257,run:denoise,64.073,68.104,4.471,70.596
773.758,run:denoise,62.94,68.104,4.471,70.596
774.26,run:denoise,65.711,68.104,4.473,70.596
774.761,run:denoise,62.94,68.104,4.472,70.596
775.261,run:denoise,65.598,68.104,4.472,70.596
775.762,run:denoise,62.94,68.104,4.471,70.596
776.263,run:denoise,65.341,68.104,4.472,70.596
776.763,run:denoise,62.94,68.104,4.471,70.596
777.264,run:denoise,65.341,68.104,4.471,70.596
777.765,run:denoise,62.94,68.104,4.472,70.596
778.266,run:denoise,64.073,68.104,4.471,70.596
778.766,run:denoise,62.94,68.104,4.471,70.596
779.268,run:denoise,62.94,68.104,4.471,70.596
779.769,run:denoise,62.94,68.104,4.469,70.596
780.269,run:denoise,62.94,68.104,4.47,70.596
780.77,run:denoise,64.829,68.104,4.469,70.596
781.271,run:denoise,62.94,68.104,4.469,70.596
781.771,run:denoise,64.073,68.104,4.47,70.596
782.272,run:denoise,62.94,68.104,4.47,70.596
782.773,run:denoise,65.598,68.104,4.47,70.596
783.274,run:denoise,62.939,68.104,4.47,70.596
783.775,run:denoise,62.563,68.104,4.472,70.596
784.276,run:denoise,65.459,68.104,4.472,70.596
784.777,run:denoise,64.073,68.104,4.473,70.596
785.277,run:denoise,65.459,68.104,4.472,70.596
785.778,run:denoise,64.073,68.104,4.473,70.596
786.279,run:denoise,65.459,68.104,4.473,70.596
786.78,run:denoise,65.459,68.104,4.472,70.596
787.28,run:denoise,65.459,68.104,4.472,70.596
787.781,run:denoise,65.459,68.104,4.47,70.596
788.282,run:denoise,66.102,68.104,4.47,70.596
788.782,run:denoise,65.459,68.104,4.471,70.596
789.283,run:denoise,65.598,68.104,4.471,70.596
789.785,run:denoise,65.459,68.104,4.469,70.596
790.285,run:denoise,66.102,68.104,4.469,70.596
790.786,run:denoise,62.94,68.104,4.47,70.596
791.287,run:denoise,65.341,68.104,4.47,70.596
791.788,run:denoise,62.94,68.104,4.471,70.596
792.288,run:denoise,65.341,68.104,4.471,70.596
792.789,run:denoise,62.94,68.104,4.474,70.596
793.29,run:denoise,65.341,68.104,4.474,70.596
793.79,run:denoise,62.94,68.104,4.473,70.596
794.291,run:denoise,62.94,68.104,4.473,70.596
794.793,run:denoise,62.94,68.104,4.473,70.596
795.293,run:denoise,62.94,68.104,4.473,70.596
795.794,run:denoise,67.096,68.104,4.472,70.596
796.295,run:denoise,62.94,68.104,4.472,70.596
796.796,run:denoise,64.073,68.104,4.472,70.596
797.296,run:denoise,62.94,68.104,4.472,70.596
797.797,run:denoise,65.976,68.104,4.472,70.596
798.298,run:denoise,62.94,68.104,4.473,70.596
798.799,run:denoise,65.598,68.104,4.472,70.596
799.299,run:denoise,62.94,68.104,4.472,70.596
799.8,run:denoise,65.341,68.104,4.472,70.596
800.301,run:denoise,62.939,68.104,4.472,70.596
800.802,run:denoise,62.562,68.104,4.472,70.596
801.303,run:denoise,65.459,68.104,4.472,70.596
801.804,run:denoise,65.459,68.104,4.472,70.596
802.304,run:denoise,65.459,68.104,4.472,70.596
802.805,run:denoise,65.459,68.104,4.472,70.596
803.306,run:denoise,65.207,68.104,4.472,70.596
803.807,run:denoise,65.459,68.104,4.472,70.596
804.307,run:denoise,65.598,68.104,4.472,70.596
804.808,run:denoise,65.459,68.104,4.472,70.596
805.31,run:denoise,65.598,68.104,4.472,70.596
805.811,run:denoise,65.459,68.104,4.472,70.596
806.311,run:denoise,65.341,68.104,4.472,70.596
806.812,run:denoise,65.459,68.104,4.472,70.596
807.313,run:denoise,64.073,68.104,4.473,70.596
807.813,run:denoise,62.94,68.104,4.468,70.596
808.314,run:denoise,65.341,68.104,4.469,70.596
808.815,run:denoise,62.94,68.104,4.471,70.596
809.316,run:denoise,62.94,68.104,4.471,70.596
809.816,run:denoise,62.94,68.104,4.47,70.596
810.318,run:denoise,62.94,68.104,4.47,70.596
810.818,run:denoise,62.939,68.104,4.469,70.596
811.319,run:denoise,62.94,68.104,4.469,70.596
811.82,run:denoise,64.451,68.104,4.468,70.596
812.321,run:denoise,62.94,68.104,4.468,70.596
812.822,run:denoise,65.711,68.104,4.469,70.596
813.322,run:denoise,62.94,68.104,4.469,70.596
813.823,run:denoise,65.598,68.104,4.469,70.596
814.324,run:denoise,62.94,68.104,4.469,70.596
814.825,run:denoise,65.341,68.104,4.47,70.596
815.325,run:denoise,62.94,68.104,4.47,70.596
815.827,run:denoise,65.341,68.104,4.469,70.596
816.327,run:denoise,62.94,68.104,4.47,70.596
816.828,run:denoise,63.318,68.104,4.47,70.596
817.329,run:denoise,62.939,68.104,4.469,70.596
817.83,run:denoise,62.563,68.104,4.47,70.596
818.33,run:denoise,65.459,68.104,4.47,70.596
818.831,run:denoise,65.459,68.104,4.469,70.596
819.332,run:denoise,66.354,68.104,4.47,70.596
819.833,run:denoise,65.459,68.104,4.47,70.596
820.333,run:denoise,65.598,68.104,4.47,70.596
820.835,run:denoise,65.459,68.104,4.47,70.596
821.335,run:denoise,65.341,68.104,4.47,70.596
821.836,run:denoise,65.459,68.104,4.469,70.596
822.337,run:denoise,64.073,68.104,4.471,70.596
822.838,run:denoise,65.459,68.104,4.471,70.596
823.338,run:denoise,64.073,68.104,4.47,70.596
823.839,run:denoise,65.459,68.104,4.471,70.596
824.34,run:denoise,64.073,68.104,4.471,70.596
824.841,run:denoise,62.94,68.104,4.471,70.596
825.342,run:denoise,62.94,68.104,4.47,70.596
825.842,run:denoise,62.94,68.104,4.47,70.596
826.343,run:denoise,62.94,68.104,4.47,70.596
826.844,run:denoise,67.096,68.104,4.47,70.596
827.345,run:denoise,62.94,68.104,4.47,70.596
827.845,run:denoise,64.451,68.104,4.469,70.596
828.346,run:denoise,62.94,68.104,4.47,70.596
828.847,run:denoise,65.711,68.104,4.469,70.596
829.348,run:denoise,62.94,68.104,4.47,70.596
829.848,run:denoise,65.598,68.104,4.471,70.596
830.349,run:denoise,62.94,68.104,4.471,70.596
830.85,run:denoise,65.341,68.104,4.471,70.596
831.351,run:denoise,62.94,68.104,4.471,70.596
831.852,run:denoise,65.341,68.104,4.47,70.596
832.353,run:denoise,62.94,68.104,4.47,70.596
832.853,run:denoise,63.318,68.104,4.471,70.596
833.354,run:denoise,62.94,68.104,4.471,70.596
833.855,run:denoise,62.94,68.104,4.471,70.596
834.356,run:denoise,62.939,68.104,4.472,70.596
834.856,run:denoise,62.563,68.104,4.471,70.596
835.357,run:denoise,65.976,68.104,4.47,70.596
835.858,run:denoise,65.459,68.104,4.469,70.596
836.359,run:denoise,65.409,68.104,4.469,70.596
836.86,run:denoise,65.459,68.104,4.468,70.596
837.361,run:denoise,65.341,68.104,4.469,70.596
837.862,run:denoise,65.459,68.104,4.469,70.596
838.362,run:denoise,64.073,68.104,4.469,70.596
838.863,run:denoise,65.459,68.104,4.469,70.596
839.364,run:denoise,64.073,68.104,4.468,70.596
839.865,run:denoise,65.459,68.104,4.467,70.596
840.365,run:denoise,64.829,68.104,4.467,70.596
840.866,run:denoise,65.459,68.104,4.468,70.596
841.367,run:denoise,65.459,68.104,4.468,70.596
841.868,run:denoise,62.94,68.104,4.467,70.596
842.369,run:denoise,62.94,68.104,4.467,70.596
842.87,run:denoise,64.451,68.104,4.468,70.596
843.37,run:denoise,62.94,68.104,4.469,70.596
843.871,run:denoise,64.073,68.104,4.472,70.596
844.372,run:denoise,62.94,68.104,4.472,70.596
844.873,run:denoise,64.836,68.104,4.472,70.596
845.373,run:denoise,62.94,68.104,4.474,70.596
845.874,run:denoise,65.598,68.104,4.474,70.596
846.375,run:denoise,62.94,68.104,4.474,70.596
846.876,run:denoise,65.341,68.104,4.475,70.596
847.377,run:denoise,62.94,68.104,4.474,70.596
847.878,run:denoise,65.341,68.104,4.473,70.596
848.379,run:denoise,62.94,68.104,4.474,70.596
848.879,run:denoise,63.318,68.104,4.474,70.596
849.38,run:denoise,62.94,68.104,4.473,70.596
849.881,run:denoise,62.94,68.104,4.472,70.596
850.382,run:denoise,62.939,68.104,4.472,70.596
850.882,run:denoise,62.94,68.104,4.473,70.596
851.383,run:denoise,64.451,68.104,4.474,70.596
851.884,run:denoise,62.563,68.104,4.473,70.596
852.385,run:denoise,65.409,68.104,4.473,70.596
852.886,run:denoise,65.459,68.104,4.473,70.596
853.387,run:denoise,65.341,68.104,4.473,70.596
853.887,run:denoise,65.459,68.104,4.473,70.596
854.388,run:denoise,64.073,68.104,4.473,70.596
854.889,run:denoise,65.459,68.104,4.473,70.596
855.39,run:denoise,64.073,68.104,4.473,70.596
855.89,run:denoise,65.459,68.104,4.471,70.596
856.391,run:denoise,64.829,68.104,4.471,70.596
856.892,run:denoise,65.459,68.104,4.471,70.596
857.393,run:denoise,65.459,68.104,4.471,70.596
857.894,run:denoise,65.459,68.104,4.472,70.596
858.395,run:denoise,65.459,68.104,4.472,70.596
858.896,run:denoise,64.451,68.104,4.473,70.596
859.396,run:denoise,62.94,68.104,4.473,70.596
859.897,run:denoise,64.073,68.104,4.471,70.596
860.398,run:denoise,62.94,68.104,4.471,70.596
860.899,run:denoise,65.031,68.104,4.471,70.596
861.399,run:denoise,62.94,68.104,4.471,70.596
861.9,run:denoise,65.598,68.104,4.471,70.596
862.401,run:denoise,62.94,68.104,4.471,70.596
862.902,run:denoise,65.341,68.104,4.472,70.596
863.403,run:denoise,62.94,68.104,4.472,70.596
863.904,run:denoise,65.341,68.104,4.471,70.596
864.405,run:denoise,62.94,68.104,4.472,70.596
864.905,run:denoise,63.318,68.104,4.472,70.596
865.406,run:denoise,62.94,68.104,4.472,70.596
865.907,run:denoise,62.94,68.104,4.471,70.596
866.408,run:denoise,62.939,68.104,4.471,70.596
866.908,run:denoise,62.94,68.104,4.471,70.596
867.409,run:denoise,64.451,68.104,4.471,70.596
867.91,run:denoise,62.94,68.104,4.47,70.596
868.411,run:denoise,65.711,68.104,4.47,70.596
868.912,run:denoise,62.563,68.104,4.47,70.596
869.413,run:denoise,65.341,68.104,4.47,70.596
869.913,run:denoise,65.459,68.104,4.469,70.596
870.414,run:denoise,64.073,68.104,4.47,70.596
870.915,run:denoise,65.459,68.104,4.47,70.596
871.416,run:denoise,64.073,68.104,4.47,70.596
871.916,run:denoise,65.459,68.104,4.471,70.596
872.417,run:denoise,64.829,68.104,4.47,70.596
872.918,run:denoise,65.459,68.104,4.469,70.596
873.419,run:denoise,65.459,68.104,4.47,70.596
873.92,run:denoise,65.459,68.104,4.471,70.596
874.421,run:denoise,65.459,68.104,4.471,70.596
874.922,run:denoise,66.102,68.104,4.471,70.596
875.422,run:denoise,65.459,68.104,4.472,70.596
875.923,run:denoise,65.711,68.104,4.471,70.596
876.424,run:denoise,62.94,68.104,4.471,70.596
876.925,run:denoise,65.598,68.104,4.471,70.596
877.425,run:denoise,62.94,68.104,4.471,70.596
877.927,run:denoise,65.031,68.104,4.471,70.596
878.428,run:denoise,62.94,68.104,4.472,70.596
878.928,run:denoise,65.341,68.104,4.472,70.596
879.429,run:denoise,62.94,68.104,4.471,70.596
879.93,run:denoise,65.341,68.104,4.47,70.596
880.431,run:denoise,62.94,68.104,4.47,70.596
880.931,run:denoise,62.94,68.104,4.47,70.596
881.432,run:denoise,62.94,68.104,4.47,70.596
881.933,run:denoise,62.94,68.104,4.471,70.596
882.434,run:denoise,62.939,68.104,4.472,70.596
882.934,run:denoise,62.94,68.104,4.472,70.596
883.436,run:denoise,64.451,68.104,4.472,70.596
883.936,run:denoise,62.94,68.104,4.473,70.596
884.437,run:denoise,65.711,68.104,4.472,70.596
884.938,run:denoise,62.94,68.104,4.472,70.596
885.439,run:denoise,65.598,68.104,4.472,70.596
885.939,run:denoise,62.563,68.104,4.472,70.596
886.44,run:denoise,64.073,68.104,4.471,70.596
886.941,run:denoise,65.459,68.104,4.471,70.596
887.442,run:denoise,64.073,68.104,4.471,70.596
887.942,run:denoise,65.459,68.104,4.471,70.596
888.444,run:denoise,64.829,68.104,4.471,70.596
888.945,run:denoise,65.459,68.104,4.471,70.596
889.445,run:denoise,65.459,68.104,4.471,70.596
889.946,run:denoise,65.459,68.104,4.471,70.596
890.447,run:denoise,65.459,68.104,4.47,70.596
890.948,run:denoise,66.102,68.104,4.47,70.596
891.448,run:denoise,65.459,68.104,4.5,70.596
891.949,run:denoise,65.598,68.104,4.5,70.596
892.45,run:denoise,65.459,68.104,4.5,70.596
893.108,run:denoise,65.598,68.104,4.515,70.596
893.609,run:denoise,65.341,68.104,4.502,70.596
894.109,run:denoise,62.94,68.104,4.502,70.596
894.61,run:denoise,65.341,68.104,4.502,70.596
895.111,run:denoise,62.94,68.104,4.503,70.596
895.612,run:denoise,65.341,68.104,4.501,70.596
896.112,run:denoise,62.94,68.104,4.5,70.596
896.613,run:denoise,62.94,68.104,4.5,70.596
897.114,run:denoise,62.94,68.104,4.5,70.596
897.615,run:denoise,62.94,68.104,4.5,70.596
898.115,run:denoise,65.207,68.104,4.499,70.596
898.616,run:denoise,62.94,68.104,4.5,70.596
899.118,run:denoise,64.451,68.104,4.5,70.596
899.619,run:denoise,62.94,68.104,4.5,70.596
900.119,run:denoise,65.711,68.104,4.498,70.596
900.62,run:denoise,62.94,68.104,4.498,70.596
901.121,run:denoise,65.598,68.104,4.499,70.596
901.622,run:denoise,62.94,68.104,4.5,70.596
902.122,run:denoise,65.341,68.104,4.501,70.596
902.623,run:denoise,62.939,68.104,4.502,70.596
903.124,run:denoise,62.562,68.104,4.502,70.596
903.624,run:denoise,65.459,68.104,4.502,70.596
904.126,run:denoise,64.829,68.104,4.502,70.596
904.627,run:denoise,65.459,68.104,4.502,70.596
905.127,run:denoise,65.459,68.104,4.502,70.596
905.628,run:denoise,65.459,68.104,4.502,70.596
906.129,run:denoise,65.459,68.104,4.503,70.596
906.629,run:denoise,65.976,68.104,4.502,70.596
907.13,run:denoise,65.459,68.104,4.502,70.596
907.631,run:denoise,65.409,68.104,4.502,70.596
908.132,run:denoise,65.459,68.104,4.502,70.596
908.632,run:denoise,65.341,68.104,4.502,70.596
909.133,run:denoise,65.459,68.104,4.501,70.596
909.635,run:denoise,64.829,68.104,4.501,70.596
910.135,run:denoise,62.94,68.104,4.5,70.596
910.636,run:denoise,65.341,68.104,4.501,70.596
911.137,run:denoise,62.94,68.104,4.501,70.596
911.638,run:denoise,65.341,68.104,4.502,70.596
912.138,run:denoise,62.94,68.104,4.503,70.596
912.639,run:denoise,62.94,68.104,4.502,70.596
913.14,run:denoise,62.94,68.104,4.502,70.596
913.64,run:denoise,62.94,68.104,4.503,70.596
914.141,run:denoise,65.207,68.104,4.501,70.596
914.643,run:denoise,62.94,68.104,4.501,70.596
915.143,run:denoise,64.451,68.104,4.502,70.596
915.644,run:denoise,62.94,68.104,4.503,70.596
916.145,run:denoise,65.711,68.104,4.501,70.596
916.646,run:denoise,62.94,68.104,4.502,70.596
917.146,run:denoise,65.598,68.104,4.501,70.596
917.647,run:denoise,62.94,68.104,4.506,70.596
918.148,run:denoise,65.341,68.104,4.502,70.596
918.648,run:denoise,62.94,68.104,4.501,70.596
919.149,run:denoise,65.341,68.104,4.501,70.596
919.65,run:denoise,62.939,68.104,4.505,70.596
920.151,run:denoise,62.562,68.104,4.501,70.596
920.652,run:denoise,65.459,68.104,4.5,70.596
921.153,run:denoise,65.459,68.104,4.5,70.596
921.654,run:denoise,65.459,68.104,4.506,70.596
922.154,run:denoise,65.459,68.104,4.501,70.596
922.655,run:denoise,66.102,68.104,4.501,70.596
923.156,run:denoise,65.459,68.104,4.501,70.596
923.657,run:denoise,65.598,68.104,4.508,70.596
924.157,run:denoise,65.459,68.104,4.502,70.596
924.658,run:denoise,65.341,68.104,4.501,70.596
925.159,run:denoise,65.459,68.104,4.501,70.596
925.66,run:denoise,65.341,68.104,4.501,70.596
926.161,run:denoise,65.459,68.104,4.501,70.596
926.662,run:denoise,64.073,68.104,4.502,70.596
927.162,run:denoise,62.94,68.104,4.502,70.596
927.663,run:denoise,65.341,68.104,4.503,70.596
928.164,run:denoise,62.94,68.104,4.503,70.596
928.665,run:denoise,63.318,68.104,4.502,70.596
929.165,run:denoise,62.94,68.104,4.502,70.596
929.666,run:denoise,62.94,68.104,4.501,70.596
930.167,run:denoise,62.94,68.104,4.501,70.596
930.668,run:denoise,62.94,68.104,4.502,70.596
931.169,run:denoise,64.451,68.104,4.502,70.596
931.67,run:denoise,62.94,68.104,4.501,70.596
932.171,run:denoise,64.073,68.104,4.501,70.596
932.672,run:denoise,62.94,68.104,4.503,70.596
933.173,run:denoise,65.598,68.104,4.502,70.596
933.674,run:denoise,62.94,68.104,4.503,70.596
934.175,run:denoise,65.031,68.104,4.502,70.596
934.675,run:denoise,62.94,68.104,4.503,70.596
935.176,run:denoise,65.341,68.104,4.503,70.596
935.677,run:denoise,62.94,68.104,4.503,70.596
936.178,run:denoise,65.341,68.104,4.503,70.596
936.679,run:denoise,62.939,68.104,4.501,70.596
937.18,run:denoise,62.563,68.104,4.501,70.596
937.68,run:denoise,65.459,68.104,4.501,70.596
938.182,run:denoise,65.459,68.104,4.501,70.596
938.683,run:denoise,67.096,68.104,4.501,70.596
939.183,run:denoise,65.459,68.104,4.501,70.596
939.684,run:denoise,65.976,68.104,4.501,70.596
940.185,run:denoise,65.459,68.104,4.5,70.596
940.686,run:denoise,65.409,68.104,4.501,70.596
941.187,run:denoise,65.459,68.104,4.501,70.596
941.688,run:denoise,65.341,68.104,4.501,70.596
942.188,run:denoise,65.459,68.104,4.501,70.596
942.689,run:denoise,64.073,68.104,4.502,70.596
943.19,run:denoise,65.459,68.104,4.502,70.596
943.691,run:denoise,64.073,68.104,4.503,70.596
944.191,run:denoise,62.94,68.104,4.503,70.596
944.692,run:denoise,63.318,68.104,4.503,70.596
945.193,run:denoise,62.94,68.104,4.503,70.596
945.694,run:denoise,62.94,68.104,4.502,70.596
946.194,run:denoise,62.94,68.104,4.502,70.596
946.695,run:denoise,62.94,68.104,4.503,70.596
947.196,run:denoise,64.829,68.104,4.503,70.596
947.697,run:denoise,62.94,68.104,4.503,70.596
948.197,run:denoise,64.073,68.104,4.504,70.596
948.698,run:denoise,62.94,68.104,4.503,70.596
949.199,run:denoise,65.409,68.104,4.504,70.596
949.7,run:denoise,62.94,68.104,4.502,70.596
950.2,run:denoise,65.598,68.104,4.502,70.596
950.701,run:denoise,62.94,68.104,4.502,70.596
951.203,run:denoise,65.341,68.104,4.503,70.596
951.703,run:denoise,62.94,68.104,4.503,70.596
952.204,run:denoise,65.341,68.104,4.503,70.596
952.705,run:denoise,62.94,68.104,4.502,70.596
953.206,run:denoise,63.318,68.104,4.503,70.596
953.706,run:denoise,62.939,68.104,4.503,70.596
954.207,run:denoise,62.563,68.104,4.503,70.596
954.708,run:denoise,68.104,68.104,4.504,70.596
955.209,run:denoise,65.459,68.104,4.504,70.596
955.709,run:denoise,65.976,68.104,4.503,70.596
956.211,run:denoise,65.459,68.104,4.503,70.596
956.711,run:denoise,65.409,68.104,4.502,70.596
957.212,run:denoise,65.459,68.104,4.502,70.596
957.713,run:denoise,65.341,68.104,4.502,70.596
958.214,run:denoise,65.459,68.104,4.521,70.596
958.714,run:denoise,64.073,68.104,4.502,70.596
959.215,run:denoise,65.459,68.104,4.502,70.596
959.716,run:denoise,64.073,68.104,4.501,70.596
960.217,run:denoise,65.459,68.104,4.501,70.596
960.717,run:denoise,62.939,68.104,4.501,70.596
961.218,run:denoise,62.94,68.104,4.502,70.596
961.72,run:denoise,62.94,68.104,4.502,70.596
962.22,run:denoise,62.94,68.104,4.502,70.596
962.721,run:denoise,62.94,68.104,4.502,70.596
963.222,run:denoise,64.829,68.104,4.501,70.596
963.723,run:denoise,62.94,68.104,4.502,70.596
964.223,run:denoise,64.073,68.104,4.502,70.596
964.724,run:denoise,62.94,68.104,4.502,70.596
965.225,run:denoise,66.354,68.104,4.503,70.596
965.726,run:denoise,62.94,68.104,4.502,70.596
966.226,run:denoise,65.598,68.104,4.501,70.596
966.728,run:denoise,62.94,68.104,4.501,70.596
967.228,run:denoise,65.341,68.104,4.501,70.596
967.729,run:denoise,62.94,68.104,4.501,70.596
968.23,run:denoise,65.341,68.104,4.501,70.596
968.731,run:denoise,62.94,68.104,4.501,70.596
969.231,run:denoise,63.318,68.104,4.501,70.596
969.732,run:denoise,62.94,68.104,4.501,70.596
970.233,run:denoise,62.94,68.104,4.501,70.596
970.734,run:denoise,62.939,68.104,4.501,70.596
971.234,run:denoise,62.563,68.104,4.502,70.596
971.736,run:denoise,65.976,68.104,4.5,70.596
972.237,run:denoise,65.459,68.104,4.5,70.596
972.737,run:denoise,65.409,68.104,4.5,70.596
973.238,run:denoise,65.459,68.104,4.502,70.596
973.739,run:denoise,65.341,68.104,4.501,70.596
974.239,run:denoise,65.459,68.104,4.501,70.596
974.74,run:denoise,64.073,68.104,4.501,70.596
975.241,run:denoise,65.459,68.104,4.502,70.596
975.743,run:denoise,64.073,68.104,4.502,70.596
976.243,run:denoise,65.459,68.104,4.502,70.596
976.744,run:denoise,64.073,68.104,4.502,70.596
977.245,run:denoise,65.459,68.104,4.502,70.596
977.746,run:denoise,65.459,68.104,4.502,70.596
978.247,run:denoise,62.94,68.104,4.503,70.596
978.748,run:denoise,62.94,68.104,4.502,70.596
979.248,run:denoise,67.096,68.104,4.502,70.596
979.749,run:denoise,62.94,68.104,4.501,70.596
980.25,run:denoise,64.451,68.104,4.501,70.596
980.751,run:denoise,62.94,68.104,4.501,70.596
981.251,run:denoise,65.711,68.104,4.501,70.596
981.752,run:denoise,62.94,68.104,4.5,70.596
982.253,run:denoise,65.598,68.104,4.5,70.596
982.754,run:denoise,62.94,68.104,4.5,70.596
983.255,run:denoise,65.341,68.104,4.5,70.596
983.756,run:denoise,62.94,68.104,4.5,70.596
984.256,run:denoise,65.341,68.104,4.501,70.596
984.757,run:denoise,62.94,68.104,4.501,70.596
985.258,run:denoise,63.318,68.104,4.501,70.596
985.759,run:denoise,62.94,68.104,4.501,70.596
986.259,run:denoise,62.94,68.104,4.501,70.596
986.76,run:denoise,62.94,68.104,4.501,70.596
987.261,run:denoise,62.94,68.104,4.5,70.596
987.762,run:denoise,64.451,68.104,4.501,70.596
988.262,run:denoise,62.563,68.104,4.501,70.596
988.763,run:denoise,65.598,68.104,4.501,70.596
989.264,run:denoise,65.459,68.104,4.501,70.596
989.765,run:denoise,65.341,68.104,4.501,70.596
990.265,run:denoise,65.459,68.104,4.501,70.596
990.766,run:denoise,65.341,68.104,4.5,70.596
991.267,run:denoise,65.459,68.104,4.501,70.596
991.768,run:denoise,64.073,68.104,4.501,70.596
992.268,run:denoise,65.459,68.104,4.501,70.596
992.77,run:denoise,64.073,68.104,4.501,70.596
993.27,run:denoise,65.459,68.104,4.5,70.596
993.771,run:denoise,64.829,68.104,4.498,70.596
994.272,run:denoise,65.459,68.104,4.499,70.596
994.773,run:denoise,65.459,68.104,4.499,70.596
995.274,run:denoise,65.207,68.104,4.499,70.596
995.774,run:denoise,62.94,68.104,4.499,70.596
996.275,run:denoise,64.451,68.104,4.499,70.596
996.776,run:denoise,62.94,68.104,4.499,70.596
997.277,run:denoise,64.073,68.104,4.5,70.596
997.778,run:denoise,62.94,68.104,4.501,70.596
998.279,run:denoise,65.598,68.104,4.501,70.596
998.779,run:denoise,62.94,68.104,4.5,70.596
999.28,run:denoise,65.031,68.104,4.5,70.596
999.781,run:denoise,62.94,68.104,4.501,70.596
1000.282,run:denoise,65.341,68.104,4.501,70.596
1000.782,run:denoise,62.94,68.104,4.502,70.596
1001.283,run:denoise,65.341,68.104,4.502,70.596
1001.784,run:denoise,62.94,68.104,4.501,70.596
1002.285,run:denoise,62.94,68.104,4.501,70.596
1002.785,run:denoise,62.94,68.104,4.503,70.596
1003.287,run:denoise,62.94,68.104,4.503,70.596
1003.788,run:denoise,62.939,68.104,4.504,70.596
1004.288,run:denoise,62.94,68.104,4.504,70.596
1004.789,run:denoise,64.451,68.104,4.503,70.596
1005.29,run:denoise,62.563,68.104,4.504,70.596
1005.791,run:denoise,65.409,68.104,4.503,70.596
1006.291,run:denoise,65.459,68.104,4.503,70.596
1006.792,run:denoise,65.341,68.104,4.502,70.596
1007.293,run:denoise,65.459,68.104,4.503,70.596
1007.793,run:denoise,64.073,68.104,4.504,70.596
1008.295,run:denoise,65.459,68.104,4.505,70.596
1008.796,run:denoise,64.073,68.104,4.504,70.596
1009.296,run:denoise,65.459,68.104,4.504,70.596
1009.797,run:denoise,62.94,68.104,4.503,70.596
1010.298,run:denoise,65.459,68.104,4.503,70.596
1010.799,run:denoise,65.459,68.104,4.503,70.596
1011.299,run:denoise,65.459,68.104,4.503,70.596
1011.8,run:denoise,65.459,68.104,4.502,70.596
1012.301,run:denoise,64.451,68.104,4.502,70.596
1012.802,run:denoise,62.94,68.104,4.503,70.596
1013.303,run:denoise,64.451,68.104,4.503,70.596
1013.804,run:denoise,62.94,68.104,4.503,70.596
1014.304,run:denoise,65.711,68.104,4.503,70.596
1014.805,run:denoise,62.94,68.104,4.502,70.596
1015.306,run:denoise,65.598,68.104,4.499,70.596
1015.807,run:denoise,62.94,68.104,4.499,70.596
1016.307,run:denoise,65.341,68.104,4.5,70.596
1016.808,run:denoise,62.94,68.104,4.5,70.596
1017.309,run:denoise,65.341,68.104,4.499,70.596
1017.81,run:denoise,62.94,68.104,4.456,70.596
1018.31,run:denoise,64.073,68.104,4.456,70.596
1018.812,run:denoise,62.94,68.104,4.535,70.596
1019.313,run:denoise,62.94,68.104,4.538,70.596
1019.814,run:denoise,62.94,68.104,4.539,70.596
1020.314,run:denoise,62.94,68.104,4.54,70.596
1020.815,run:denoise,66.089,68.104,4.54,70.596
1021.316,run:denoise,62.94,68.104,4.54,70.596
1021.816,run:denoise,64.073,68.104,4.539,70.596
1022.317,run:denoise,62.563,68.104,4.539,70.596
1022.818,run:denoise,65.409,68.104,4.539,70.596
1023.319,run:denoise,65.459,68.104,4.541,70.596
1023.82,run:denoise,65.341,68.104,4.541,70.596
1024.321,run:denoise,65.459,68.104,4.544,70.596
1024.822,run:denoise,64.073,68.104,4.544,70.596
1025.323,run:denoise,65.459,68.104,4.544,70.596
1025.823,run:denoise,64.073,68.104,4.542,70.596
1026.324,run:denoise,65.459,68.104,4.542,70.596
1026.825,run:denoise,64.829,68.104,4.525,70.596
1027.326,run:denoise,65.459,68.104,4.519,70.596
1027.826,run:denoise,65.459,68.104,4.52,70.596
1028.327,run:denoise,65.459,68.104,4.52,70.596
1028.828,run:denoise,65.459,68.104,4.518,70.596
1029.329,run:denoise,64.451,68.104,4.518,70.596
1029.83,run:denoise,62.94,68.104,4.522,70.596
1030.331,run:denoise,64.073,68.104,4.522,70.596
1030.831,run:denoise,62.94,68.104,4.522,70.596
1031.332,run:denoise,66.102,68.104,4.521,70.596
1031.833,run:denoise,62.94,68.104,4.52,70.596
1032.334,run:denoise,65.598,68.104,4.521,70.596
1032.834,run:denoise,62.94,68.104,4.521,70.596
1033.335,run:denoise,65.341,68.104,4.521,70.596
1033.836,run:denoise,62.94,68.104,4.522,70.596
1034.337,run:denoise,65.341,68.104,4.521,70.596
1034.838,run:denoise,62.94,68.104,4.52,70.596
1035.339,run:denoise,63.318,68.104,4.455,70.596
1035.839,run:denoise,62.94,68.104,4.454,70.596
1036.34,run:denoise,62.94,68.104,4.454,70.596
1036.841,run:denoise,62.94,68.104,4.453,70.596
1037.342,run:denoise,62.94,68.104,4.453,70.596
1037.842,run:denoise,64.451,68.104,4.452,70.596
1038.343,run:denoise,62.94,68.104,4.453,70.596
1038.844,run:denoise,65.711,68.104,4.453,70.596
1039.345,run:denoise,62.563,68.104,4.453,70.596
1039.846,run:denoise,65.341,68.104,4.455,70.596
1040.347,run:denoise,65.459,68.104,4.457,70.596
1040.847,run:denoise,64.073,68.104,4.457,70.596
1041.348,run:denoise,65.459,68.104,4.457,70.596
1041.849,run:denoise,64.073,68.104,4.456,70.596
1042.35,run:denoise,65.459,68.104,4.46,70.596
1042.85,run:denoise,64.073,68.104,4.46,70.596
1043.351,run:denoise,65.459,68.104,4.46,70.596
1043.852,run:denoise,65.459,68.104,4.46,70.596
1044.352,run:denoise,65.459,68.104,4.461,70.596
1044.854,run:denoise,65.459,68.104,4.461,70.596
1045.355,run:denoise,68.104,68.104,4.461,70.596
1045.855,run:denoise,65.459,68.104,4.461,70.596
1046.356,run:denoise,64.073,68.104,4.459,70.596
1046.857,run:denoise,62.94,68.104,4.459,70.596
1047.358,run:denoise,65.711,68.104,4.459,70.596
1047.858,run:denoise,62.94,68.104,4.459,70.596
1048.359,run:denoise,65.598,68.104,4.459,70.596
1048.86,run:denoise,62.94,68.104,4.459,70.596
1049.36,run:denoise,65.341,68.104,4.459,70.596
1049.862,run:denoise,62.94,68.104,4.458,70.596
1050.363,run:denoise,65.341,68.104,4.459,70.596
1050.863,run:denoise,62.94,68.104,4.46,70.596
1051.364,run:denoise,64.829,68.104,4.46,70.596
1051.865,run:denoise,62.94,68.104,4.46,70.596
1052.366,run:denoise,62.94,68.104,4.46,70.596
1052.866,run:denoise,62.94,68.104,4.458,70.596
1053.367,run:denoise,62.94,68.104,4.458,70.596
1053.868,run:denoise,67.096,68.104,4.458,70.596
1054.369,run:denoise,62.94,68.104,4.459,70.596
1054.869,run:denoise,64.451,68.104,4.46,70.596
1055.371,run:denoise,62.94,68.104,4.46,70.596
1055.872,run:denoise,65.711,68.104,4.458,70.596
1056.372,run:denoise,62.563,68.104,4.458,70.596
1056.873,run:denoise,65.341,68.104,4.46,70.596
1057.374,run:denoise,65.459,68.104,4.46,70.596
1057.875,run:denoise,64.073,68.104,4.458,70.596
1058.375,run:denoise,65.459,68.104,4.458,70.596
1058.876,run:denoise,64.073,68.104,4.459,70.596
1059.377,run:denoise,65.459,68.104,4.459,70.596
1059.878,run:denoise,64.829,68.104,4.458,70.596
1060.379,run:denoise,65.459,68.104,4.458,70.596
1060.88,run:denoise,65.459,68.104,4.46,70.596
1061.38,run:denoise,65.459,68.104,4.46,70.596
1061.881,run:denoise,65.459,68.104,4.458,70.596
1062.382,run:denoise,64.451,68.104,4.458,70.596
1062.883,run:denoise,65.459,68.104,4.46,70.596
1063.383,run:denoise,65.711,68.104,4.46,70.596
1063.884,run:denoise,62.94,68.104,4.458,70.596
1064.385,run:denoise,65.409,68.104,4.458,70.596
1064.886,run:denoise,62.94,68.104,4.459,70.596
1065.387,run:denoise,65.598,68.104,4.459,70.596
1065.888,run:denoise,62.94,68.104,4.457,70.596
1066.389,run:denoise,65.341,68.104,4.457,70.596
1066.889,run:denoise,62.94,68.104,4.457,70.596
1067.39,run:denoise,65.341,68.104,4.457,70.596
1067.891,run:denoise,62.94,68.104,4.454,70.596
1068.392,run:denoise,63.318,68.104,4.455,70.596
1068.892,run:denoise,62.94,68.104,4.455,70.596
1069.393,run:denoise,62.94,68.104,4.455,70.596
1069.894,run:denoise,62.94,68.104,4.455,70.596
1070.395,run:denoise,62.94,68.104,4.455,70.596
1070.896,run:denoise,64.451,68.104,4.455,70.596
1071.397,run:denoise,62.94,68.104,4.457,70.596
1071.897,run:denoise,64.073,68.104,4.457,70.596
1072.398,run:denoise,62.94,68.104,4.457,70.596
1072.899,run:denoise,66.354,68.104,4.459,70.596
1073.4,run:denoise,62.563,68.104,4.459,70.596
1073.901,run:denoise,65.341,68.104,4.46,70.596
1074.401,run:denoise,65.459,68.104,4.46,70.596
1074.902,run:denoise,64.073,68.104,4.459,70.596
1075.403,run:denoise,65.459,68.104,4.459,70.596
1075.904,run:denoise,64.073,68.104,4.458,70.596
1076.405,run:denoise,65.459,68.104,4.459,70.596
1076.906,run:denoise,64.829,68.104,4.461,70.596
1077.406,run:denoise,65.459,68.104,4.461,70.596
1077.907,run:denoise,65.459,68.104,4.461,70.596
1078.408,run:denoise,65.459,68.104,4.461,70.596
1078.909,run:denoise,65.459,68.104,4.461,70.596
1079.409,run:denoise,65.976,68.104,4.461,70.596
1079.91,run:denoise,65.459,68.104,4.461,70.596
1080.411,run:denoise,65.711,68.104,4.46,70.596
1080.912,run:denoise,62.94,68.104,4.46,70.596
1081.412,run:denoise,65.598,68.104,4.46,70.596
1081.913,run:denoise,62.94,68.104,4.458,70.596
1082.414,run:denoise,64.836,68.104,4.459,70.596
1082.915,run:denoise,62.94,68.104,4.46,70.596
1083.415,run:denoise,65.341,68.104,4.46,70.596
1083.916,run:denoise,62.94,68.104,4.459,70.596
1084.417,run:denoise,65.341,68.104,4.459,70.596
1084.918,run:denoise,62.94,68.104,4.46,70.596
1085.418,run:denoise,62.94,68.104,4.459,70.596
1085.919,run:denoise,62.94,68.104,4.459,70.596
1086.421,run:denoise,62.94,68.104,4.459,70.596
1086.921,run:denoise,62.939,68.104,4.458,70.596
1087.422,run:denoise,62.94,68.104,4.459,70.596
1087.923,run:denoise,64.451,68.104,4.459,70.596
1088.424,run:denoise,62.94,68.104,4.459,70.596
1088.924,run:denoise,65.711,68.104,4.459,70.596
1089.425,run:denoise,62.94,68.104,4.46,70.596
1089.926,run:denoise,65.598,68.104,4.459,70.596
1090.427,run:denoise,62.563,68.104,4.459,70.596
1090.927,run:denoise,64.073,68.104,4.459,70.596
1091.429,run:denoise,65.459,68.104,4.459,70.596
1091.929,run:denoise,64.073,68.104,4.458,70.596
1092.43,run:denoise,65.459,68.104,4.459,70.596
1092.931,run:denoise,64.073,68.104,4.459,70.596
1093.432,run:denoise,65.459,68.104,4.459,70.596
1093.932,run:denoise,65.459,68.104,4.46,70.596
1094.433,run:denoise,65.459,68.104,4.459,70.596
1094.934,run:denoise,65.459,68.104,4.459,70.596
1095.434,run:denoise,66.089,68.104,4.459,70.596
1095.935,run:denoise,65.459,68.104,4.459,70.596
1096.436,run:denoise,65.976,68.104,4.458,70.596
1096.937,run:denoise,65.459,68.104,4.458,70.596
1097.438,run:denoise,66.354,68.104,4.459,70.596
1097.939,run:denoise,62.94,68.104,4.459,70.596
1098.44,run:denoise,65.598,68.104,4.459,70.596
1098.94,run:denoise,62.94,68.104,4.459,70.596
1099.441,run:denoise,65.341,68.104,4.459,70.596
1099.942,run:denoise,62.94,68.104,4.459,70.596
1100.443,run:denoise,65.341,68.104,4.46,70.596
1100.943,run:denoise,62.94,68.104,4.46,70.596
1101.444,run:denoise,65.341,68.104,4.46,70.596
1101.945,run:denoise,62.94,68.104,4.459,70.596
1102.446,run:denoise,62.94,68.104,4.46,70.596
1102.947,run:denoise,62.94,68.104,4.46,70.596
1103.448,run:denoise,62.94,68.104,4.461,70.596
1103.948,run:denoise,67.096,68.104,4.461,70.596
1104.449,run:denoise,62.94,68.104,4.46,70.596
1104.95,run:denoise,64.073,68.104,4.46,70.596
1105.451,run:denoise,62.94,68.104,4.461,70.596
1105.951,run:denoise,65.341,68.104,4.46,70.596
1106.452,run:denoise,62.94,68.104,4.46,70.596
1106.954,run:denoise,65.598,68.104,4.46,70.596
1107.454,run:denoise,62.563,68.104,4.461,70.596
1107.955,run:denoise,64.073,68.104,4.459,70.596
1108.456,run:denoise,65.459,68.104,4.459,70.596
1108.957,run:denoise,64.073,68.104,4.459,70.596
1109.457,run:denoise,65.459,68.104,4.461,70.596
1109.958,run:denoise,64.829,68.104,4.46,70.596
1110.459,run:denoise,65.459,68.104,4.461,70.596
1110.96,run:denoise,65.459,68.104,4.461,70.596
1111.46,run:denoise,65.459,68.104,4.46,70.596
1111.961,run:denoise,65.459,68.104,4.461,70.596
1112.463,run:denoise,66.354,68.104,4.461,70.596
1112.963,run:denoise,65.459,68.104,4.461,70.596
1113.464,run:denoise,65.598,68.104,4.461,70.596
1113.965,run:denoise,65.459,68.104,4.46,70.596
1114.466,run:denoise,65.598,68.104,4.46,70.596
1114.966,run:denoise,62.94,68.104,4.46,70.596
1115.467,run:denoise,65.409,68.104,4.46,70.596
1115.968,run:denoise,62.94,68.104,4.459,70.596
1116.469,run:denoise,65.341,68.104,4.458,70.596
1116.969,run:denoise,62.94,68.104,4.458,70.596
1117.471,run:denoise,65.341,68.104,4.459,70.596
1117.971,run:denoise,62.94,68.104,4.459,70.596
1118.472,run:denoise,63.318,68.104,4.459,70.596
1118.973,run:denoise,62.94,68.104,4.459,70.596
1119.474,run:denoise,62.94,68.104,4.457,70.596
1119.975,run:denoise,62.94,68.104,4.458,70.596
1120.475,run:denoise,62.94,68.104,4.458,70.596
1120.976,run:denoise,64.451,68.104,4.458,70.596
1121.477,run:denoise,62.94,68.104,4.459,70.596
1121.978,run:denoise,64.073,68.104,4.459,70.596
1122.479,run:denoise,62.94,68.104,4.459,70.596
1122.98,run:denoise,65.598,68.104,4.46,70.596
1123.481,run:denoise,62.94,68.104,4.46,70.596
1123.981,run:denoise,65.598,68.104,4.461,70.596
1124.482,run:denoise,62.563,68.104,4.461,70.596
1124.983,run:denoise,64.073,68.104,4.461,70.596
1125.484,run:denoise,65.459,68.104,4.462,70.596
1125.984,run:denoise,64.073,68.104,4.46,70.596
1126.485,run:denoise,65.459,68.104,4.461,70.596
1126.986,run:denoise,64.829,68.104,4.461,70.596
1127.486,run:denoise,65.459,68.104,4.461,70.596
1127.988,run:denoise,65.459,68.104,4.462,70.596
1128.489,run:denoise,65.459,68.104,4.462,70.596
1128.989,run:denoise,65.459,68.104,4.463,70.596
1129.49,run:denoise,66.354,68.104,4.463,70.596
1129.991,run:denoise,65.459,68.104,4.463,70.596
1130.492,run:denoise,65.598,68.104,4.462,70.596
1130.992,run:denoise,65.459,68.104,4.462,70.596
1131.493,run:denoise,65.598,68.104,4.463,70.596
1131.994,run:denoise,62.94,68.104,4.463,70.596
1132.495,run:denoise,65.409,68.104,4.464,70.596
1132.996,run:denoise,62.94,68.104,4.464,70.596
1133.497,run:denoise,65.341,68.104,4.464,70.596
1133.997,run:denoise,62.94,68.104,4.464,70.596
1134.498,run:denoise,65.341,68.104,4.463,70.596
1134.999,run:denoise,62.94,68.104,4.463,70.596
1135.5,run:denoise,63.318,68.104,4.463,70.596
1136.0,run:denoise,62.94,68.104,4.464,70.596
1136.501,run:denoise,62.94,68.104,4.464,70.596
1137.002,run:denoise,62.94,68.104,4.464,70.596
1137.503,run:denoise,62.94,68.104,4.463,70.596
1138.003,run:denoise,64.451,68.104,4.462,70.596
1138.505,run:denoise,62.94,68.104,4.462,70.596
1139.006,run:denoise,64.073,68.104,4.462,70.596
1139.506,run:denoise,62.94,68.104,4.462,70.596
1140.007,run:denoise,65.598,68.104,4.464,70.596
1140.508,run:denoise,62.94,68.104,4.464,70.596
1141.008,run:denoise,65.031,68.104,4.464,70.596
1141.509,run:denoise,62.563,68.104,4.464,70.596
1142.01,run:denoise,64.073,68.104,4.464,70.596
1142.511,run:denoise,65.459,68.104,4.464,70.596
1143.011,run:denoise,64.073,68.104,4.463,70.596
1143.513,run:denoise,65.459,68.104,4.464,70.596
1144.014,run:denoise,65.459,68.104,4.464,70.596
1144.514,run:denoise,65.459,68.104,4.463,70.596
1145.015,run:denoise,65.459,68.104,4.463,70.596
1145.516,run:denoise,67.096,68.104,4.463,70.596
1146.016,run:denoise,65.459,68.104,4.464,70.596
1146.517,run:denoise,65.976,68.104,4.462,70.596
1147.018,run:denoise,65.459,68.104,4.463,70.596
1147.519,run:denoise,65.409,68.104,4.463,70.596
1148.019,run:denoise,65.459,68.104,4.463,70.596
1148.521,run:denoise,65.598,68.104,4.462,70.596
1149.022,run:denoise,62.94,68.104,4.462,70.596
1149.522,run:denoise,65.341,68.104,4.463,70.596
1150.023,run:denoise,62.94,68.104,4.462,70.596
1150.524,run:denoise,65.341,68.104,4.462,70.596
1151.025,run:denoise,62.94,68.104,4.462,70.596
1151.525,run:denoise,65.341,68.104,4.462,70.596
1152.026,run:denoise,62.94,68.104,4.461,70.596
1152.527,run:denoise,62.94,68.104,4.46,70.596
1153.028,run:denoise,62.94,68.104,4.461,70.596
1153.528,run:denoise,62.94,68.104,4.461,70.596
1154.03,run:denoise,65.207,68.104,4.463,70.596
1154.53,run:denoise,62.94,68.104,4.463,70.596
1155.031,run:denoise,64.451,68.104,4.463,70.596
1155.532,run:denoise,62.94,68.104,4.463,70.596
1156.033,run:denoise,65.711,68.104,4.465,70.596
1156.533,run:denoise,62.94,68.104,4.464,70.596
1157.034,run:denoise,65.598,68.104,4.464,70.596
1157.535,run:denoise,62.94,68.104,4.464,70.596
1158.036,run:denoise,65.341,68.104,4.465,70.596
1158.536,run:denoise,62.563,68.104,4.464,70.596
1159.038,run:denoise,64.073,68.104,4.464,70.596
1159.538,run:denoise,65.459,68.104,4.464,70.596
1160.039,run:denoise,63.318,68.104,4.462,70.596
1160.54,run:denoise,65.459,68.104,4.461,70.596
1161.041,run:denoise,65.459,68.104,4.461,70.596
1161.541,run:denoise,65.459,68.104,4.461,70.596
1162.042,run:denoise,65.459,68.104,4.461,70.596
1162.543,run:denoise,64.451,68.104,4.463,70.596
1163.044,run:denoise,65.459,68.104,4.463,70.596
1163.544,run:denoise,65.976,68.104,4.463,70.596
1164.045,run:denoise,65.459,68.104,4.463,70.596
1164.546,run:denoise,65.409,68.104,4.462,70.596
1165.047,run:denoise,65.459,68.104,4.462,70.596
1165.548,run:denoise,65.598,68.104,4.462,70.596
1166.049,run:denoise,62.94,68.104,4.461,70.596
1166.549,run:denoise,65.341,68.104,4.461,70.596
1167.05,run:denoise,62.94,68.104,4.461,70.596
1167.551,run:denoise,65.341,68.104,4.461,70.596
1168.052,run:denoise,62.94,68.104,4.461,70.596
1168.552,run:denoise,65.341,68.104,4.462,70.596
1169.053,run:denoise,62.94,68.104,4.462,70.596
1169.554,run:denoise,62.94,68.104,4.462,70.596
1170.055,run:denoise,62.94,68.104,4.462,70.596
1170.556,run:denoise,62.94,68.104,4.461,70.596
1171.057,run:denoise,64.829,68.104,4.461,70.596
1171.557,run:denoise,62.94,68.104,4.462,70.596
1172.058,run:denoise,64.451,68.104,4.462,70.596
1172.559,run:denoise,62.94,68.104,4.461,70.596
1173.06,run:denoise,65.711,68.104,4.461,70.596
1173.56,run:denoise,62.94,68.104,4.461,70.596
1174.061,run:denoise,65.598,68.104,4.462,70.596
1174.562,run:denoise,62.94,68.104,4.462,70.596
1175.063,run:denoise,65.341,68.104,4.462,70.596
1175.564,run:denoise,62.563,68.104,4.462,70.596
1176.064,run:denoise,64.073,68.104,4.463,70.596
1176.565,run:denoise,65.459,68.104,4.463,70.596
1177.066,run:denoise,62.939,68.104,4.463,70.596
1177.567,run:denoise,65.459,68.104,4.463,70.596
1178.067,run:denoise,65.459,68.104,4.463,70.596
1178.568,run:denoise,65.459,68.104,4.464,70.596
1179.07,run:denoise,65.459,68.104,4.464,70.596
1179.571,run:denoise,64.451,68.104,4.465,70.596
1180.072,run:denoise,65.459,68.104,4.463,70.596
1180.573,run:denoise,65.976,68.104,4.463,70.596
1181.074,run:denoise,65.459,68.104,4.463,70.596
1181.574,run:denoise,65.409,68.104,4.463,70.596
1182.075,run:denoise,65.459,68.104,4.463,70.596
1182.576,run:denoise,65.598,68.104,4.464,70.596
1183.077,run:denoise,62.94,68.104,4.464,70.596
1183.577,run:denoise,65.341,68.104,4.464,70.596
1184.078,run:denoise,62.94,68.104,4.464,70.596
1184.579,run:denoise,65.341,68.104,4.463,70.596
1185.08,run:denoise,62.94,68.104,4.464,70.596
1185.581,run:denoise,64.073,68.104,4.464,70.596
1186.082,run:denoise,62.94,68.104,4.464,70.596
1186.582,run:denoise,62.94,68.104,4.465,70.596
1187.083,run:denoise,62.94,68.104,4.465,70.596
1187.584,run:denoise,62.94,68.104,4.465,70.596
1188.085,run:denoise,66.089,68.104,4.463,70.596
1188.585,run:denoise,62.94,68.104,4.462,70.596
1189.086,run:denoise,64.073,68.104,4.462,70.596
1189.587,run:denoise,62.94,68.104,4.462,70.596
1190.088,run:denoise,65.711,68.104,4.463,70.596
1190.588,run:denoise,62.94,68.104,4.463,70.596
1191.089,run:denoise,65.598,68.104,4.463,70.596
1191.59,run:denoise,62.94,68.104,4.463,70.596
1192.091,run:denoise,65.341,68.104,4.462,70.596
1192.591,run:denoise,62.563,68.104,4.464,70.596
1193.092,run:denoise,64.073,68.104,4.464,70.596
1193.593,run:denoise,65.459,68.104,4.463,70.596
1194.093,run:denoise,64.829,68.104,4.462,70.596
1194.594,run:denoise,65.459,68.104,4.464,70.596
1195.095,run:denoise,65.459,68.104,4.463,70.596
1195.596,run:denoise,65.459,68.104,4.463,70.596
1196.097,run:denoise,65.459,68.104,4.462,70.596
1196.598,run:denoise,64.451,68.104,4.461,70.596
1197.099,run:denoise,65.459,68.104,4.462,70.596
1197.599,run:denoise,65.598,68.104,4.462,70.596
1198.106,run:denoise,65.459,68.104,4.474,70.596
1198.606,run:denoise,65.409,68.104,4.462,70.596
1199.107,run:denoise,65.459,68.104,4.463,70.596
1199.608,run:denoise,65.598,68.104,4.463,70.596
1200.108,run:denoise,62.94,68.104,4.464,70.596
1200.61,run:denoise,65.341,68.104,4.464,70.596
1201.111,run:denoise,62.94,68.104,4.464,70.596
1201.611,run:denoise,65.341,68.104,4.465,70.596
1202.112,run:denoise,62.94,68.104,4.465,70.596
1202.613,run:denoise,65.341,68.104,4.464,70.596
1203.114,run:denoise,62.94,68.104,4.465,70.596
1203.614,run:denoise,62.94,68.104,4.466,70.596
1204.115,run:denoise,62.94,68.104,4.466,70.596
1204.616,run:denoise,62.94,68.104,4.466,70.596
1205.117,run:denoise,62.939,68.104,4.466,70.596
1205.617,run:denoise,62.94,68.104,4.466,70.596
1206.119,run:denoise,64.451,68.104,4.468,70.596
1206.619,run:denoise,62.94,68.104,4.467,70.596
1207.12,run:denoise,65.711,68.104,4.465,70.596
1207.621,run:denoise,62.94,68.104,4.465,70.596
1208.122,run:denoise,65.598,68.104,4.465,70.596
1208.622,run:denoise,62.94,68.104,4.464,70.596
1209.123,run:denoise,65.341,68.104,4.465,70.596
1209.624,run:denoise,62.563,68.104,4.465,70.596
1210.125,run:denoise,64.073,68.104,4.466,70.596
1210.625,run:denoise,65.459,68.104,4.465,70.596
1211.127,run:denoise,64.073,68.104,4.465,70.596
1211.628,run:denoise,65.459,68.104,4.466,70.596
1212.128,run:denoise,65.459,68.104,4.466,70.596
1212.629,run:denoise,65.459,68.104,4.466,70.596
1213.131,run:denoise,65.459,68.104,4.466,70.596
1213.632,run:denoise,67.096,68.104,4.466,70.596
1214.133,run:denoise,65.459,68.104,4.463,70.596
1214.638,run:denoise,65.976,68.104,4.463,70.596
1215.139,run:denoise,65.459,68.104,4.465,70.596
1215.64,run:denoise,65.598,68.104,4.464,70.596
1216.141,run:denoise,65.459,68.104,4.463,70.596
1216.642,run:denoise,65.598,68.104,4.463,70.596
1217.143,run:denoise,62.94,68.104,4.464,70.596
1217.644,run:denoise,64.843,68.104,4.466,70.596
1218.144,run:denoise,62.94,68.104,4.465,70.596
1218.645,run:denoise,65.341,68.104,4.465,70.596
1219.146,run:denoise,62.94,68.104,4.464,70.596
1219.647,run:denoise,65.341,68.104,4.47,70.596
1220.147,run:denoise,62.94,68.104,4.464,70.596
1220.648,run:denoise,63.318,68.104,4.464,70.596
1221.149,run:denoise,62.94,68.104,4.464,70.596
1221.65,run:denoise,62.94,68.104,4.464,70.596
1222.151,run:denoise,62.94,68.104,4.464,70.596
1222.652,run:denoise,62.94,68.104,4.464,70.596
1223.152,run:denoise,64.451,68.104,4.464,70.596
1223.653,run:denoise,62.94,68.104,4.469,70.596
1224.154,run:denoise,65.711,68.104,4.465,70.596
1224.655,run:denoise,62.94,68.104,4.465,70.596
1225.155,run:denoise,65.598,68.104,4.465,70.596
1225.657,run:denoise,62.94,68.104,4.471,70.596
1226.157,run:denoise,65.031,68.104,4.465,70.596
1226.659,run:denoise,62.563,68.104,4.465,70.596
1227.159,run:denoise,64.073,68.104,4.465,70.596
1227.66,run:denoise,65.459,68.104,4.464,70.596
1228.161,run:denoise,64.073,68.104,4.464,70.596
1228.662,run:denoise,65.459,68.104,4.464,70.596
1229.162,run:denoise,64.829,68.104,4.464,70.596
1229.663,run:denoise,65.459,68.104,4.466,70.596
1230.164,run:denoise,65.459,68.104,4.466,70.596
1230.665,run:denoise,68.104,68.104,4.465,70.596
1231.165,run:denoise,65.459,68.104,4.465,70.596
1231.666,run:denoise,65.976,68.104,4.464,70.596
1232.167,run:denoise,65.459,68.104,4.464,70.596
1232.668,run:denoise,65.598,68.104,4.466,70.596
1233.169,run:denoise,65.459,68.104,4.469,70.596
1233.67,run:denoise,65.598,68.104,4.468,70.596
1234.17,run:denoise,62.94,68.104,4.468,70.596
1234.671,run:denoise,64.836,68.104,4.468,70.596
1235.172,run:denoise,62.94,68.104,4.469,70.596
1235.673,run:denoise,65.341,68.104,4.47,70.596
1236.173,run:denoise,62.94,68.104,4.471,70.596
1236.674,run:denoise,65.341,68.104,4.47,70.596
1237.175,run:denoise,62.94,68.104,4.47,70.596
1237.676,run:denoise,63.318,68.104,4.47,70.596
1238.177,run:denoise,62.94,68.104,4.47,70.596
1238.678,run:denoise,62.94,68.104,4.47,70.596
1239.178,run:denoise,62.94,68.104,4.469,70.596
1239.679,run:denoise,62.94,68.104,4.469,70.596
1240.18,run:denoise,64.451,68.104,4.47,70.596
1240.681,run:denoise,62.94,68.104,4.469,70.596
1241.181,run:denoise,64.073,68.104,4.469,70.596
1241.682,run:denoise,62.94,68.104,4.47,70.596
1242.183,run:denoise,65.598,68.104,4.47,70.596
1242.684,run:denoise,62.94,68.104,4.471,70.596
1243.185,run:denoise,65.409,68.104,4.472,70.596
1243.686,run:denoise,62.563,68.104,4.472,70.596
1244.186,run:denoise,64.073,68.104,4.472,70.596
1244.687,run:denoise,65.459,68.104,4.472,70.596
1245.188,run:denoise,64.073,68.104,4.472,70.596
1245.689,run:denoise,65.459,68.104,4.471,70.596
1246.189,run:denoise,64.451,68.104,4.471,70.596
1246.69,run:denoise,65.459,68.104,4.471,70.596
1247.191,run:denoise,65.459,68.104,4.471,70.596
1247.692,run:denoise,68.104,68.104,4.472,70.596
1248.193,run:denoise,65.459,68.104,4.472,70.596
1248.694,run:denoise,65.976,68.104,4.473,70.596
1249.194,run:denoise,65.459,68.104,4.473,70.596
1249.695,run:denoise,65.598,68.104,4.473,70.596
1250.196,run:denoise,65.459,68.104,4.474,70.596
1250.697,run:denoise,65.598,68.104,4.478,70.596
1251.197,run:denoise,62.94,68.104,4.478,70.596
1251.698,run:denoise,64.836,68.104,4.478,70.596
1252.199,run:denoise,62.94,68.104,4.478,70.596
1252.7,run:denoise,65.341,68.104,4.478,70.596
1253.201,run:denoise,62.94,68.104,4.478,70.596
1253.702,run:denoise,65.341,68.104,4.477,70.596
1254.203,run:denoise,62.94,68.104,4.478,70.596
1254.703,run:denoise,63.318,68.104,4.478,70.596
1255.204,run:denoise,62.94,68.104,4.478,70.596
1255.705,run:denoise,62.94,68.104,4.477,70.596
1256.206,run:denoise,62.939,68.104,4.477,70.596
1256.706,run:denoise,62.94,68.104,4.477,70.596
1257.207,run:denoise,64.451,68.104,4.477,70.596
1257.708,run:denoise,62.94,68.104,4.477,70.596
1258.209,run:denoise,65.711,68.104,4.478,70.596
1258.709,run:denoise,62.94,68.104,4.477,70.596
1259.21,run:denoise,65.598,68.104,4.501,70.596
1259.711,run:denoise,62.94,68.104,4.478,70.596
1260.212,run:denoise,64.836,68.104,4.478,70.596
1260.712,run:denoise,62.563,68.104,4.478,70.596
1261.213,run:denoise,64.073,68.104,4.478,70.596
1261.714,run:denoise,65.459,68.104,4.477,70.596
1262.215,run:denoise,64.073,68.104,4.477,70.596
1262.715,run:denoise,65.459,68.104,4.477,70.596
1263.217,run:denoise,65.459,68.104,4.477,70.596
1263.718,run:denoise,65.459,68.104,4.476,70.596
1264.218,run:denoise,65.459,68.104,4.476,70.596
1264.719,run:denoise,68.104,68.104,4.476,70.596
1265.22,run:denoise,65.459,68.104,4.476,70.596
1265.721,run:denoise,65.976,68.104,4.477,70.596
1266.221,run:denoise,65.459,68.104,4.478,70.596
1266.722,run:denoise,65.598,68.104,4.478,70.596
1267.223,run:denoise,65.459,68.104,4.478,70.596
1267.724,run:denoise,65.598,68.104,4.477,70.596
1268.225,run:denoise,62.94,68.104,4.477,70.596
1268.726,run:denoise,64.843,68.104,4.477,70.596
1269.227,run:denoise,62.94,68.104,4.478,70.596
1269.727,run:denoise,65.341,68.104,4.478,70.596
1270.228,run:denoise,62.94,68.104,4.478,70.596
1270.729,run:denoise,65.341,68.104,4.478,70.596
1271.229,run:denoise,62.94,68.104,4.478,70.596
1271.73,run:denoise,63.318,68.104,4.478,70.596
1272.231,run:denoise,62.94,68.104,4.479,70.596
1272.732,run:denoise,62.94,68.104,4.479,70.596
1273.233,run:denoise,62.94,68.104,4.479,70.596
1273.734,run:denoise,62.94,68.104,4.479,70.596
1274.235,run:denoise,64.451,68.104,4.479,70.596
1274.736,run:denoise,62.94,68.104,4.479,70.596
1275.236,run:denoise,64.073,68.104,4.479,70.596
1275.737,run:denoise,62.94,68.104,4.476,70.596
1276.238,run:denoise,65.598,68.104,4.478,70.596
1276.739,run:denoise,62.94,68.104,4.477,70.596
1277.239,run:denoise,65.409,68.104,4.477,70.596
1277.74,run:denoise,62.563,68.104,4.475,70.596
1278.241,run:denoise,64.073,68.104,4.476,70.596
1278.742,run:denoise,65.459,68.104,4.475,70.596
1279.243,run:denoise,64.073,68.104,4.476,70.596
1279.744,run:denoise,65.459,68.104,4.475,70.596
1280.245,run:denoise,64.829,68.104,4.476,70.596
1280.745,run:denoise,65.459,68.104,4.476,70.596
1281.246,run:denoise,65.459,68.104,4.477,70.596
1281.747,run:denoise,65.459,68.104,4.476,70.596
1282.247,run:denoise,65.459,68.104,4.477,70.596
1282.748,run:denoise,66.354,68.104,4.477,70.596
1283.249,run:denoise,65.459,68.104,4.477,70.596
1283.75,run:denoise,65.598,68.104,4.477,70.596
1284.251,run:denoise,65.459,68.104,4.479,70.596
1284.752,run:denoise,65.598,68.104,4.478,70.596
1285.253,run:denoise,62.94,68.104,4.478,70.596
1285.753,run:denoise,65.598,68.104,4.477,70.596
1286.254,run:denoise,62.94,68.104,4.479,70.596
1286.755,run:denoise,65.341,68.104,4.478,70.596
1287.255,run:denoise,62.94,68.104,4.478,70.596
1287.756,run:denoise,65.341,68.104,4.477,70.596
1288.257,run:denoise,62.94,68.104,4.479,70.596
1288.758,run:denoise,63.318,68.104,4.479,70.596
1289.259,run:denoise,62.94,68.104,4.479,70.596
1289.76,run:denoise,62.94,68.104,4.478,70.596
1290.26,run:denoise,62.94,68.104,4.477,70.596
1290.761,run:denoise,62.94,68.104,4.476,70.596
1291.262,run:denoise,64.829,68.104,4.476,70.596
1291.763,run:denoise,62.94,68.104,4.476,70.596
1292.263,run:denoise,64.073,68.104,4.478,70.596
1292.764,run:denoise,62.94,68.104,4.478,70.596
1293.265,run:denoise,65.598,68.104,4.478,70.596
1293.766,run:denoise,62.94,68.104,4.478,70.596
1294.267,run:denoise,65.598,68.104,4.479,70.596
1294.768,run:denoise,62.563,68.104,4.479,70.596
1295.268,run:denoise,64.073,68.104,4.479,70.596
1295.769,run:denoise,65.459,68.104,4.479,70.596
1296.27,run:denoise,64.073,68.104,4.48,70.596
1296.771,run:denoise,65.459,68.104,4.48,70.596
1297.271,run:denoise,64.829,68.104,4.48,70.596
1297.772,run:denoise,65.459,68.104,4.48,70.596
1298.273,run:denoise,65.459,68.104,4.479,70.596
1298.774,run:denoise,65.459,68.104,4.479,70.596
1299.275,run:denoise,65.459,68.104,4.479,70.596
1299.776,run:denoise,64.451,68.104,4.479,70.596
1300.277,run:denoise,65.459,68.104,4.48,70.596
1300.777,run:denoise,65.976,68.104,4.48,70.596
1301.278,run:denoise,65.459,68.104,4.48,70.596
1301.779,run:denoise,65.976,68.104,4.479,70.596
1302.279,run:denoise,62.94,68.104,4.48,70.596
1302.78,run:denoise,65.598,68.104,4.48,70.596
1303.281,run:denoise,62.94,68.104,4.481,70.596
1303.782,run:denoise,65.341,68.104,4.48,70.596
1304.282,run:denoise,62.94,68.104,4.481,70.596
1304.784,run:denoise,65.341,68.104,4.481,70.596
1305.284,run:denoise,62.94,68.104,4.481,70.596
1305.785,run:denoise,65.341,68.104,4.479,70.596
1306.286,run:denoise,62.94,68.104,4.479,70.596
1306.787,run:denoise,62.94,68.104,4.476,70.596
1307.287,run:denoise,62.94,68.104,4.476,70.596
1307.788,run:denoise,62.94,68.104,4.476,70.596
1308.289,run:denoise,65.207,68.104,4.477,70.596
1308.79,run:denoise,62.94,68.104,4.476,70.596
1309.29,run:denoise,64.451,68.104,4.476,70.596
1309.792,run:denoise,62.94,68.104,4.476,70.596
1310.293,run:denoise,65.711,68.104,4.476,70.596
1310.793,run:denoise,62.94,68.104,4.477,70.596
1311.294,run:denoise,65.598,68.104,4.477,70.596
1311.795,run:denoise,62.563,68.104,4.476,70.596
1312.296,run:denoise,63.821,68.104,4.476,70.596
1312.796,run:denoise,65.459,68.104,4.477,70.596
1313.297,run:denoise,64.073,68.104,4.478,70.596
1313.798,run:denoise,65.459,68.104,4.478,70.596
1314.298,run:denoise,64.073,68.104,4.479,70.596
1314.799,run:denoise,65.459,68.104,4.479,70.596
1315.301,run:denoise,64.829,68.104,4.479,70.596
1315.801,run:denoise,65.459,68.104,4.479,70.596
1316.302,run:denoise,65.459,68.104,4.479,70.596
1316.803,run:denoise,65.459,68.104,4.48,70.596
1317.304,run:denoise,65.459,68.104,4.48,70.596
1317.804,run:denoise,66.354,68.104,4.479,70.596
1318.305,run:denoise,65.459,68.104,4.479,70.596
1318.806,run:denoise,65.711,68.104,4.479,70.596
1319.307,run:denoise,62.94,68.104,4.479,70.596
1319.807,run:denoise,66.354,68.104,4.478,70.596
1320.309,run:denoise,62.94,68.104,4.478,70.596
1320.809,run:denoise,65.598,68.104,4.478,70.596
1321.31,run:denoise,62.94,68.104,4.479,70.596
1321.811,run:denoise,65.341,68.104,4.479,70.596
1322.312,run:denoise,62.94,68.104,4.479,70.596
1322.812,run:denoise,65.341,68.104,4.478,70.596
1323.313,run:denoise,62.94,68.104,4.479,70.596
1323.814,run:denoise,64.451,68.104,4.479,70.596
1324.315,run:denoise,62.94,68.104,4.479,70.596
1324.815,run:denoise,62.94,68.104,4.481,70.596
1325.316,run:denoise,62.94,68.104,4.481,70.596
1325.817,run:denoise,62.94,68.104,4.479,70.596
1326.318,run:denoise,67.096,68.104,4.479,70.596
1326.818,run:denoise,62.94,68.104,4.476,70.596
1327.319,run:denoise,64.451,68.104,4.476,70.596
1327.82,run:denoise,62.94,68.104,4.477,70.596
1328.321,run:denoise,65.711,68.104,4.477,70.596
1328.919,free:denoise,0.05,68.104,4.477,70.596
1335.641,load:decode,0.05,68.104,4.403,1.285
1336.142,load:decode,0.824,68.104,4.408,3.727
1336.643,load:decode,1.762,68.104,4.409,3.727
1337.143,load:decode,2.512,68.104,4.411,3.746
1337.644,load:decode,4.013,68.104,4.42,5.233
1338.145,load:decode,5.327,68.104,4.411,6.561
1338.646,load:decode,8.516,68.104,4.42,9.746
1339.146,load:decode,9.75,68.104,4.415,10.957
1339.647,load:decode,10.267,68.104,4.42,11.469
1340.148,run:decode,14.897,68.104,4.626,16.656
1340.649,run:decode,14.982,68.104,4.628,16.734
1341.149,run:decode,15.068,68.104,4.629,16.813
1341.65,run:decode,15.077,68.104,4.633,16.871
1342.151,run:decode,15.062,68.104,4.626,17.145
1342.652,run:decode,15.147,68.104,4.626,17.145
1343.152,run:decode,15.205,68.104,4.627,17.145
1343.653,run:decode,15.298,68.104,4.632,17.145
1344.154,run:decode,15.311,68.104,4.628,17.301
1344.654,run:decode,15.383,68.104,4.627,17.301
1345.155,run:decode,15.42,68.104,4.627,17.301
1345.656,run:decode,15.547,68.104,4.632,17.301
1346.157,run:decode,15.574,68.104,4.626,17.359
1346.657,run:decode,15.491,68.104,4.627,17.594
1347.158,run:decode,15.546,68.104,4.628,17.594
1347.659,run:decode,15.627,68.104,4.628,17.594
1348.16,run:decode,15.676,68.104,4.627,17.594
1348.661,run:decode,15.541,68.104,4.627,17.75
1349.161,run:decode,15.658,68.104,4.628,17.75
1349.663,run:decode,15.685,68.104,4.627,17.75
1350.164,run:decode,15.777,68.104,4.627,17.75
1350.664,run:decode,15.622,68.104,4.628,17.926
1351.165,run:decode,15.715,68.104,4.628,17.926
1351.666,run:decode,15.78,68.104,4.626,17.926
1352.167,run:decode,15.834,68.104,4.625,17.926
1352.667,run:decode,15.751,68.104,4.626,17.926
1353.168,run:decode,15.796,68.104,4.628,17.926
1353.669,run:decode,15.895,68.104,4.629,17.926
1354.17,run:decode,15.956,68.104,4.628,17.926
1354.671,run:decode,11.758,68.104,4.73,18.688
1355.172,run:decode,11.758,68.104,5.673,18.688
1355.672,run:decode,11.758,68.104,6.217,18.688
1356.173,run:decode,11.758,68.104,6.716,18.688
1356.675,run:decode,11.758,68.104,8.001,18.688
1357.175,run:decode,11.758,68.104,7.71,18.688
1357.676,run:decode,11.758,68.104,6.604,18.688
1358.177,run:decode,11.758,68.104,6.818,18.688
1358.677,run:decode,10.599,68.104,5.216,18.703
1359.179,encode_mp4,0.051,68.104,5.502,1.315
1359.679,encode_mp4,0.051,68.104,5.617,1.315
1360.18,encode_mp4,0.051,68.104,5.838,1.315
1360.684,encode_mp4,0.051,68.104,6.096,1.315
1361.185,encode_mp4,0.051,68.104,6.101,1.315
1361.686,encode_mp4,0.051,68.104,5.987,1.315
1362.188,encode_mp4,0.051,68.104,6.12,1.315
1362.633,init,0.051,68.104,5.254,1.315
