t_rel,phase,hbm_alloc_gib,hbm_peak_gib,host_used_gib,nvml_used_gib
2.997,init,0.0,0.0,3.484,0.687
3.5,init,0.0,0.0,3.489,0.687
4.021,init,0.0,0.0,3.495,0.687
4.574,init,0.0,0.0,3.493,0.687
5.075,init,0.0,0.0,3.496,0.687
5.577,init,0.0,0.0,3.508,0.687
6.089,init,0.0,0.0,3.528,0.687
6.593,init,0.0,0.0,3.554,0.687
7.109,init,0.0,0.0,3.596,0.687
7.624,init,0.0,0.0,3.647,0.687
8.126,init,0.0,0.0,3.679,0.687
8.652,init,0.0,0.0,3.709,0.687
9.153,init,0.0,0.0,3.721,0.687
9.688,free:before_encode,0.0,0.0,3.736,0.687
10.192,load:text_encoder,0.0,0.0,3.979,1.098
10.713,load:text_encoder,3.142,62.133,4.067,63.248
11.214,load:text_encoder,3.142,62.133,4.069,63.248
11.715,load:text_encoder,3.142,62.133,4.069,63.248
12.215,load:text_encoder,3.142,62.133,4.068,63.248
12.716,load:text_encoder,3.142,62.133,4.068,63.248
13.217,load:text_encoder,3.142,62.133,4.07,63.248
13.717,load:text_encoder,3.142,62.133,4.07,63.248
14.218,load:text_encoder,3.386,62.133,4.069,63.248
14.719,load:text_encoder,3.386,62.133,4.072,63.248
15.22,load:text_encoder,3.386,62.133,4.073,63.248
15.721,load:text_encoder,3.386,62.133,4.072,63.248
16.222,load:text_encoder,3.386,62.133,4.072,63.248
16.722,load:text_encoder,3.386,62.133,4.073,63.248
17.223,load:text_encoder,3.386,62.133,4.074,63.248
17.724,load:text_encoder,3.386,62.133,4.075,63.248
18.225,load:text_encoder,3.63,62.133,4.076,63.248
18.726,load:text_encoder,3.63,62.133,4.078,63.248
19.226,load:text_encoder,3.63,62.133,4.077,63.248
19.727,load:text_encoder,3.64,62.133,4.078,63.248
20.228,load:text_encoder,3.64,62.133,4.078,63.248
20.729,load:text_encoder,4.05,62.133,4.076,63.248
21.229,load:text_encoder,4.539,62.133,4.074,63.248
21.73,load:text_encoder,4.539,62.133,4.075,63.248
22.231,load:text_encoder,4.548,62.133,4.075,63.248
22.732,load:text_encoder,4.548,62.133,4.076,63.248
23.232,load:text_encoder,4.959,62.133,4.075,63.248
23.733,load:text_encoder,5.447,62.133,4.076,63.248
24.234,load:text_encoder,5.447,62.133,4.076,63.248
24.735,load:text_encoder,5.447,62.133,4.077,63.248
25.236,load:text_encoder,5.535,62.133,4.078,63.248
25.736,load:text_encoder,5.623,62.133,4.077,63.248
26.237,load:text_encoder,6.355,62.133,4.078,63.248
26.738,load:text_encoder,6.355,62.133,4.08,63.248
27.239,load:text_encoder,6.355,62.133,4.081,63.248
27.739,load:text_encoder,6.443,62.133,4.075,63.248
28.24,load:text_encoder,6.443,62.133,4.073,63.248
28.741,load:text_encoder,6.531,62.133,4.074,63.248
29.241,load:text_encoder,7.263,62.133,4.073,63.248
29.743,load:text_encoder,7.263,62.133,4.075,63.248
30.243,load:text_encoder,7.351,62.133,4.076,63.248
30.744,load:text_encoder,7.351,62.133,4.076,63.248
31.245,load:text_encoder,7.439,62.133,4.076,63.248
31.746,load:text_encoder,8.172,62.133,4.078,63.248
32.246,load:text_encoder,8.172,62.133,4.078,63.248
32.747,load:text_encoder,8.172,62.133,4.078,63.248
33.248,load:text_encoder,8.181,62.133,4.079,63.248
33.748,load:text_encoder,8.347,62.133,4.078,63.248
34.249,load:text_encoder,9.08,62.133,4.079,63.248
34.75,load:text_encoder,9.08,62.133,4.08,63.248
35.251,load:text_encoder,9.08,62.133,4.081,63.248
35.752,load:text_encoder,9.168,62.133,4.083,63.248
36.253,load:text_encoder,9.246,62.133,4.082,63.248
36.753,load:text_encoder,9.988,62.133,4.083,63.248
37.254,load:text_encoder,9.988,62.133,4.084,63.248
37.755,load:text_encoder,9.988,62.133,4.084,63.248
38.255,load:text_encoder,10.076,62.133,4.084,63.248
38.756,load:text_encoder,10.076,62.133,4.083,63.248
39.257,load:text_encoder,10.164,62.133,4.083,63.248
39.758,load:text_encoder,10.896,62.133,4.086,63.248
40.258,load:text_encoder,10.896,62.133,4.086,63.248
40.76,load:text_encoder,10.896,62.133,4.085,63.248
41.26,load:text_encoder,10.984,62.133,4.085,63.248
41.761,load:text_encoder,11.062,62.133,4.087,63.248
42.262,load:text_encoder,11.804,62.133,4.087,63.248
42.763,load:text_encoder,11.804,62.133,4.088,63.248
43.263,load:text_encoder,11.804,62.133,4.086,63.248
43.764,load:text_encoder,11.814,62.133,4.085,63.248
44.265,load:text_encoder,11.98,62.133,4.084,63.248
44.765,load:text_encoder,12.713,62.133,4.085,63.248
45.266,load:text_encoder,12.713,62.133,4.085,63.248
45.767,load:text_encoder,12.713,62.133,4.088,63.248
46.268,load:text_encoder,12.722,62.133,4.086,63.248
46.769,load:text_encoder,12.722,62.133,4.089,63.248
47.27,load:text_encoder,13.133,62.133,4.088,63.248
47.771,load:text_encoder,13.621,62.133,4.09,63.248
48.271,load:text_encoder,13.621,62.133,4.09,63.248
48.772,load:text_encoder,13.621,62.133,4.092,63.248
49.273,load:text_encoder,13.709,62.133,4.09,63.248
49.775,load:text_encoder,13.797,62.133,4.09,63.248
50.275,load:text_encoder,14.529,62.133,4.09,63.248
50.776,load:text_encoder,14.529,62.133,4.092,63.248
51.277,load:text_encoder,14.529,62.133,4.092,63.248
51.778,load:text_encoder,14.539,62.133,4.094,63.248
52.279,load:text_encoder,14.705,62.133,4.095,63.248
52.779,load:text_encoder,15.437,62.133,4.095,63.248
53.28,load:text_encoder,15.437,62.133,4.095,63.248
53.781,load:text_encoder,15.437,62.133,4.096,63.248
54.282,load:text_encoder,15.447,62.133,4.095,63.248
54.782,load:text_encoder,15.447,62.133,4.094,63.248
55.283,load:text_encoder,15.857,62.133,4.094,63.248
55.784,load:text_encoder,16.346,62.133,4.094,63.248
56.285,load:text_encoder,16.346,62.133,4.097,63.248
56.785,load:text_encoder,16.433,62.133,4.099,63.248
57.286,load:text_encoder,16.433,62.133,4.099,63.248
57.787,load:text_encoder,16.521,62.133,4.1,63.248
58.288,load:text_encoder,17.254,62.133,4.102,63.248
58.789,load:text_encoder,17.254,62.133,4.1,63.248
59.289,load:text_encoder,17.254,62.133,4.101,63.248
59.79,load:text_encoder,17.342,62.133,4.101,63.248
60.291,load:text_encoder,17.43,62.133,4.103,63.248
60.792,load:text_encoder,18.162,62.133,4.101,63.248
61.292,load:text_encoder,18.162,62.133,4.102,63.248
61.793,load:text_encoder,18.162,62.133,4.102,63.248
62.294,load:text_encoder,18.25,62.133,4.103,63.248
62.795,load:text_encoder,18.25,62.133,4.104,63.248
63.296,load:text_encoder,18.826,62.133,4.104,63.248
63.796,load:text_encoder,19.07,62.133,4.105,63.248
64.297,load:text_encoder,19.07,62.133,4.106,63.248
64.798,load:text_encoder,19.158,62.133,4.106,63.248
65.299,load:text_encoder,19.158,62.133,4.107,63.248
65.799,load:text_encoder,19.49,62.133,4.106,63.248
66.3,load:text_encoder,19.978,62.133,4.107,63.248
66.801,load:text_encoder,19.978,62.133,4.107,63.248
67.302,load:text_encoder,19.978,62.133,4.107,63.248
67.802,load:text_encoder,20.066,62.133,4.107,63.248
68.304,load:text_encoder,20.154,62.133,4.126,63.248
68.804,load:text_encoder,20.887,62.133,4.11,63.248
69.305,load:text_encoder,20.887,62.133,4.109,63.248
69.806,load:text_encoder,20.887,62.133,4.109,63.248
70.307,load:text_encoder,20.975,62.133,4.11,63.248
70.807,load:text_encoder,21.062,62.133,4.11,63.248
71.308,load:text_encoder,21.795,62.133,4.11,63.248
71.809,load:text_encoder,21.795,62.133,4.111,63.248
72.31,load:text_encoder,21.795,62.133,4.111,63.248
72.81,load:text_encoder,21.805,62.133,4.111,63.248
73.311,load:text_encoder,21.805,62.133,4.111,63.248
73.812,load:text_encoder,22.215,62.133,4.111,63.248
74.313,load:text_encoder,22.703,62.133,4.112,63.248
74.814,load:text_encoder,22.703,62.133,4.117,63.248
75.315,load:text_encoder,22.703,62.133,4.117,63.248
75.815,load:text_encoder,22.791,62.133,4.119,63.248
76.316,load:text_encoder,22.879,62.133,4.119,63.248
76.817,load:text_encoder,23.611,62.133,4.119,63.248
77.318,load:text_encoder,23.611,62.133,4.119,63.248
77.819,load:text_encoder,23.611,62.133,4.12,63.248
78.32,load:text_encoder,23.621,62.133,4.122,63.248
78.82,load:text_encoder,23.787,62.133,4.121,63.248
79.321,load:text_encoder,24.52,62.133,4.113,63.248
79.822,load:text_encoder,24.52,62.133,4.114,63.248
80.323,load:text_encoder,24.52,62.133,4.115,63.248
80.824,load:text_encoder,24.529,62.133,4.116,63.248
81.325,load:text_encoder,24.529,62.133,4.115,63.248
81.825,load:text_encoder,24.939,62.133,4.116,63.248
82.326,load:text_encoder,25.428,62.133,4.118,63.248
82.827,load:text_encoder,25.428,62.133,4.119,63.248
83.328,load:text_encoder,25.428,62.133,4.119,63.248
83.829,load:text_encoder,25.438,62.133,4.119,63.248
84.329,load:text_encoder,25.848,62.133,4.12,63.248
84.83,load:text_encoder,26.336,62.133,4.121,63.248
85.331,load:text_encoder,26.336,62.133,4.12,63.248
85.832,load:text_encoder,26.336,62.133,4.121,63.248
86.333,load:text_encoder,26.346,62.133,4.122,63.248
86.834,load:text_encoder,26.512,62.133,4.122,63.248
87.334,load:text_encoder,27.244,62.133,4.121,63.248
87.835,load:text_encoder,27.244,62.133,4.123,63.248
88.336,load:text_encoder,27.244,62.133,4.123,63.248
88.837,load:text_encoder,27.332,62.133,4.122,63.248
89.337,load:text_encoder,27.332,62.133,4.122,63.248
89.838,load:text_encoder,27.42,62.133,4.122,63.248
90.339,load:text_encoder,28.152,62.133,4.121,63.248
90.84,load:text_encoder,28.152,62.133,4.123,63.248
91.341,load:text_encoder,28.162,62.133,4.123,63.248
91.842,load:text_encoder,28.162,62.133,4.123,63.248
92.342,load:text_encoder,28.572,62.133,4.123,63.248
92.843,load:text_encoder,29.061,62.133,4.124,63.248
93.344,load:text_encoder,29.061,62.133,4.125,63.248
93.845,load:text_encoder,29.061,62.133,4.125,63.248
94.345,load:text_encoder,29.149,62.133,4.126,63.248
94.846,load:text_encoder,29.236,62.133,4.127,63.248
95.347,load:text_encoder,29.969,62.133,4.127,63.248
95.848,load:text_encoder,29.969,62.133,4.128,63.248
96.349,load:text_encoder,29.969,62.133,4.129,63.248
96.85,load:text_encoder,30.057,62.133,4.131,63.248
97.35,load:text_encoder,30.135,62.133,4.129,63.248
97.851,load:text_encoder,30.633,62.133,4.13,63.248
98.352,load:text_encoder,30.877,62.133,4.129,63.248
98.853,load:text_encoder,30.877,62.133,4.132,63.248
99.353,load:text_encoder,30.965,62.133,4.131,63.248
99.854,load:text_encoder,30.965,62.133,4.131,63.248
100.355,load:text_encoder,31.053,62.133,4.129,63.248
100.855,load:text_encoder,31.785,62.133,4.13,63.248
101.356,load:text_encoder,31.785,62.133,4.129,63.248
101.858,load:text_encoder,31.785,62.133,4.129,63.248
102.358,load:text_encoder,31.873,62.133,4.129,63.248
102.859,load:text_encoder,31.951,62.133,4.132,63.248
103.36,load:text_encoder,32.694,62.133,4.131,63.248
103.861,load:text_encoder,32.694,62.133,4.131,63.248
104.361,load:text_encoder,32.694,62.133,4.131,63.248
104.862,load:text_encoder,32.703,62.133,4.135,63.248
105.363,load:text_encoder,32.869,62.133,4.135,63.248
105.864,load:text_encoder,33.602,62.133,4.134,63.248
106.365,load:text_encoder,33.602,62.133,4.134,63.248
106.866,load:text_encoder,33.602,62.133,4.136,63.248
107.367,load:text_encoder,33.69,62.133,4.136,63.248
107.868,load:text_encoder,33.69,62.133,4.136,63.248
108.369,load:text_encoder,34.022,62.133,4.136,63.248
108.869,load:text_encoder,34.51,62.133,4.138,63.248
109.37,load:text_encoder,34.51,62.133,4.137,63.248
109.871,load:text_encoder,34.51,62.133,4.137,63.248
110.372,load:text_encoder,34.598,62.133,4.137,63.248
110.872,load:text_encoder,34.686,62.133,4.139,63.248
111.373,load:text_encoder,35.418,62.133,4.138,63.248
111.874,load:text_encoder,35.418,62.133,4.139,63.248
112.374,load:text_encoder,35.418,62.133,4.08,63.248
112.876,load:text_encoder,35.428,62.133,4.079,63.248
113.377,load:text_encoder,35.594,62.133,4.078,63.248
113.878,load:text_encoder,36.326,62.133,4.078,63.248
114.378,load:text_encoder,36.326,62.133,4.079,63.248
114.879,load:text_encoder,36.326,62.133,4.081,63.248
115.38,load:text_encoder,36.336,62.133,4.08,63.248
115.881,load:text_encoder,36.336,62.133,4.082,63.248
116.381,load:text_encoder,36.502,62.133,4.083,63.248
116.882,load:text_encoder,37.235,62.133,4.082,63.248
117.383,load:text_encoder,37.235,62.133,4.082,63.248
117.884,load:text_encoder,37.235,62.133,4.082,63.248
118.385,load:text_encoder,37.244,62.133,4.082,63.248
118.886,load:text_encoder,37.655,62.133,4.083,63.248
119.386,load:text_encoder,38.143,62.133,4.083,63.248
119.887,load:text_encoder,38.143,62.133,4.083,63.248
120.388,load:text_encoder,38.143,62.133,4.083,63.248
120.889,load:text_encoder,38.231,62.133,4.085,63.248
121.389,load:text_encoder,38.309,62.133,4.082,63.248
121.89,load:text_encoder,39.051,62.133,4.081,63.248
122.391,load:text_encoder,39.051,62.133,4.082,63.248
122.892,load:text_encoder,39.051,62.133,4.084,63.248
123.392,load:text_encoder,39.139,62.133,4.083,63.248
123.894,load:text_encoder,39.139,62.133,4.084,63.248
124.394,load:text_encoder,39.471,62.133,4.083,63.248
124.895,load:text_encoder,39.959,62.133,4.086,63.248
125.396,load:text_encoder,39.959,62.133,4.084,63.248
125.897,load:text_encoder,39.969,62.133,4.085,63.248
126.397,load:text_encoder,39.969,62.133,4.084,63.248
126.898,load:text_encoder,40.379,62.133,4.085,63.248
127.399,load:text_encoder,40.868,62.133,4.085,63.248
127.9,load:text_encoder,40.868,62.133,4.085,63.248
128.4,load:text_encoder,40.868,62.133,4.086,63.248
128.901,load:text_encoder,40.877,62.133,4.085,63.248
129.403,load:text_encoder,41.043,62.133,4.088,63.248
129.903,load:text_encoder,41.776,62.133,4.089,63.248
130.404,load:text_encoder,41.776,62.133,4.088,63.248
130.905,load:text_encoder,41.776,62.133,4.088,63.248
131.406,load:text_encoder,41.864,62.133,4.089,63.248
131.907,load:text_encoder,41.942,62.133,4.089,63.248
132.411,load:text_encoder,42.44,62.133,4.09,63.248
132.912,load:text_encoder,42.684,62.133,4.093,63.248
133.413,load:text_encoder,42.684,62.133,4.092,63.248
133.913,load:text_encoder,42.694,62.133,4.092,63.248
134.414,load:text_encoder,42.694,62.133,4.092,63.248
134.915,load:text_encoder,43.104,62.133,4.092,63.248
135.416,load:text_encoder,43.592,62.133,4.094,63.248
135.917,load:text_encoder,43.592,62.133,4.095,63.248
136.418,load:text_encoder,43.592,62.133,4.096,63.248
136.918,load:text_encoder,43.602,62.133,4.096,63.248
137.419,load:text_encoder,43.768,62.133,4.098,63.248
137.92,load:text_encoder,44.5,62.133,4.099,63.248
138.421,load:text_encoder,44.5,62.133,4.099,63.248
138.921,load:text_encoder,44.5,62.133,4.1,63.248
139.422,load:text_encoder,44.588,62.133,4.1,63.248
139.923,load:text_encoder,44.676,62.133,4.099,63.248
140.424,load:text_encoder,45.409,62.133,4.1,63.248
140.925,load:text_encoder,45.409,62.133,4.101,63.248
141.426,load:text_encoder,45.409,62.133,4.1,63.248
141.927,load:text_encoder,45.418,62.133,4.1,63.248
142.427,load:text_encoder,45.418,62.133,4.1,63.248
142.928,load:text_encoder,45.584,62.133,4.102,63.248
143.429,load:text_encoder,46.317,62.133,4.102,63.248
143.93,load:text_encoder,46.317,62.133,4.101,63.248
144.43,load:text_encoder,46.317,62.133,4.101,63.248
144.931,load:text_encoder,46.327,62.133,4.103,63.248
145.433,load:text_encoder,46.493,62.133,4.104,63.248
145.934,load:text_encoder,47.225,62.133,4.104,63.248
146.436,load:text_encoder,47.225,62.133,4.106,63.248
146.936,load:text_encoder,47.225,62.133,4.104,63.248
147.437,load:text_encoder,47.313,62.133,4.106,63.248
147.938,load:text_encoder,47.401,62.133,4.106,63.248
148.438,load:text_encoder,48.133,62.133,4.106,63.248
148.939,load:text_encoder,48.133,62.133,4.106,63.248
149.44,load:text_encoder,48.133,62.133,4.109,63.248
149.941,load:text_encoder,48.221,62.133,4.11,63.248
150.441,load:text_encoder,48.221,62.133,4.11,63.248
150.942,load:text_encoder,48.553,62.133,4.109,63.248
151.443,load:text_encoder,49.042,62.133,4.111,63.248
151.944,load:text_encoder,49.042,62.133,4.111,63.248
152.445,load:text_encoder,49.129,62.133,4.112,63.248
152.946,load:text_encoder,49.129,62.133,4.114,63.248
153.446,load:text_encoder,49.217,62.133,4.114,63.248
153.947,load:text_encoder,49.95,62.133,4.116,63.248
154.448,load:text_encoder,49.95,62.133,4.115,63.248
154.949,load:text_encoder,49.95,62.133,4.113,63.248
155.449,load:text_encoder,50.038,62.133,4.116,63.248
155.95,load:text_encoder,50.116,62.133,4.116,63.248
156.451,load:text_encoder,50.858,62.133,4.118,63.248
156.952,load:text_encoder,50.858,62.133,4.119,63.248
157.453,load:text_encoder,50.858,62.133,4.119,63.248
157.954,load:text_encoder,50.946,62.133,4.119,63.248
158.454,load:text_encoder,50.946,62.133,4.119,63.248
158.955,load:text_encoder,51.522,62.133,4.121,63.248
159.456,load:text_encoder,51.766,62.133,4.121,63.248
159.957,load:text_encoder,51.766,62.133,4.119,63.248
160.457,load:text_encoder,51.776,62.133,4.119,63.248
160.958,load:text_encoder,51.776,62.133,4.119,63.248
161.459,load:text_encoder,51.942,62.133,4.119,63.248
161.96,load:text_encoder,52.674,62.133,4.12,63.248
162.46,load:text_encoder,52.674,62.133,4.12,63.248
162.962,load:text_encoder,52.674,62.133,4.12,63.248
163.463,load:text_encoder,52.684,62.133,4.118,63.248
163.963,load:text_encoder,52.85,62.133,4.12,63.248
164.464,load:text_encoder,53.583,62.133,4.119,63.248
164.965,load:text_encoder,53.583,62.133,4.122,63.248
165.466,load:text_encoder,53.583,62.133,4.121,63.248
165.966,load:text_encoder,53.592,62.133,4.122,63.248
166.467,load:text_encoder,53.758,62.133,4.122,63.248
166.968,load:text_encoder,54.491,62.133,4.124,63.248
167.468,load:text_encoder,54.491,62.133,4.123,63.248
167.969,load:text_encoder,54.491,62.133,4.125,63.248
168.471,load:text_encoder,54.501,62.133,4.125,63.248
168.971,load:text_encoder,54.501,62.133,4.126,63.248
169.472,load:text_encoder,54.911,62.133,4.125,63.248
169.973,load:text_encoder,55.399,62.133,4.127,63.248
170.473,load:text_encoder,55.399,62.133,4.125,63.248
170.974,load:text_encoder,55.399,62.133,4.125,63.248
171.475,load:text_encoder,55.409,62.133,4.126,63.248
171.976,load:text_encoder,55.575,62.133,4.128,63.248
172.476,load:text_encoder,56.307,62.133,4.129,63.248
172.977,load:text_encoder,56.307,62.133,4.128,63.248
173.478,load:text_encoder,56.307,62.133,4.127,63.248
173.979,load:text_encoder,56.317,62.133,4.128,63.248
174.48,load:text_encoder,56.483,62.133,4.128,63.248
174.981,load:text_encoder,57.216,62.133,4.129,63.248
175.481,load:text_encoder,57.216,62.133,4.129,63.248
175.982,load:text_encoder,57.216,62.133,4.111,63.248
176.483,load:text_encoder,57.303,62.133,4.109,63.248
176.984,load:text_encoder,57.303,62.133,4.111,63.248
177.485,load:text_encoder,57.635,62.133,4.108,63.248
177.985,load:text_encoder,58.124,62.133,4.11,63.248
178.486,load:text_encoder,58.124,62.133,4.112,63.248
178.987,load:text_encoder,58.124,62.133,4.109,63.248
179.488,load:text_encoder,58.212,62.133,4.108,63.248
179.989,load:text_encoder,58.3,62.133,4.108,63.248
180.49,load:text_encoder,59.032,62.133,4.111,63.248
180.991,load:text_encoder,59.032,62.133,4.11,63.248
181.491,load:text_encoder,59.032,62.133,4.109,63.248
181.992,load:text_encoder,59.042,62.133,4.11,63.248
182.493,load:text_encoder,59.208,62.133,4.115,63.248
182.994,load:text_encoder,59.94,62.133,4.111,63.248
183.494,load:text_encoder,59.94,62.133,4.111,63.248
183.995,load:text_encoder,59.94,62.133,4.113,63.248
184.496,load:text_encoder,59.95,62.133,4.121,63.248
184.997,load:text_encoder,59.95,62.133,4.114,63.248
185.498,load:text_encoder,60.36,62.133,4.111,63.248
185.999,load:text_encoder,60.848,62.133,4.115,63.248
186.5,load:text_encoder,60.848,62.133,4.124,63.248
187.0,load:text_encoder,60.936,62.133,4.116,63.248
187.501,load:text_encoder,60.936,62.133,4.114,63.248
188.002,load:text_encoder,61.024,62.133,4.115,63.248
188.502,load:text_encoder,61.138,62.133,4.121,63.248
189.003,load:text_encoder,61.308,62.133,4.115,63.248
189.504,load:text_encoder,61.478,62.133,4.114,63.248
190.006,load:text_encoder,61.649,62.133,4.116,63.248
190.507,load:text_encoder,61.83,62.133,4.118,63.25
191.008,load:text_encoder,62.041,62.133,4.116,63.25
192.682,load:text_encoder,62.133,62.133,3.998,63.25
193.183,run:text_encoder,62.133,62.133,4.16,63.324
193.684,run:text_encoder,62.142,62.142,4.293,63.336
194.244,free:text_encoder,0.008,62.161,4.42,1.211
194.744,load:vae_encoder,0.063,62.161,4.421,1.367
195.245,load:vae_encoder,0.222,62.161,4.422,1.416
195.746,load:vae_encoder,0.478,62.161,4.422,1.682
196.257,load:vae_encoder,0.572,62.161,4.426,4.203
196.758,load:vae_encoder,0.783,62.161,4.427,4.203
197.259,load:vae_encoder,1.033,62.161,4.427,4.203
197.759,load:vae_encoder,1.283,62.161,4.427,4.203
198.26,load:vae_encoder,1.377,62.161,4.426,4.203
198.761,load:vae_encoder,1.596,62.161,4.429,4.203
199.262,load:vae_encoder,1.846,62.161,4.429,4.203
199.762,load:vae_encoder,2.096,62.161,4.429,4.203
200.263,load:vae_encoder,2.284,62.161,4.43,4.203
200.764,load:vae_encoder,2.534,62.161,4.429,4.203
201.265,load:vae_encoder,2.597,62.161,4.429,4.203
201.766,load:vae_encoder,2.784,62.161,4.428,4.203
202.267,load:vae_encoder,3.034,62.161,4.43,4.242
202.767,load:vae_encoder,3.128,62.161,4.429,4.32
203.268,load:vae_encoder,3.285,62.161,4.43,4.477
203.769,load:vae_encoder,3.535,62.161,4.431,4.731
204.269,load:vae_encoder,3.644,62.161,4.43,4.848
204.77,load:vae_encoder,3.847,62.161,4.431,5.043
205.271,load:vae_encoder,4.035,62.161,4.432,5.238
205.772,load:vae_encoder,4.16,62.161,4.432,5.356
206.273,load:vae_encoder,4.348,62.161,4.434,5.553
206.774,load:vae_encoder,4.535,62.161,4.433,5.729
207.274,load:vae_encoder,4.785,62.161,4.434,5.983
207.775,load:vae_encoder,4.848,62.161,4.435,6.041
208.276,load:vae_encoder,5.035,62.161,4.437,6.236
208.777,load:vae_encoder,5.286,62.161,4.436,6.49
209.291,load:vae_encoder,5.286,62.161,4.427,6.49
209.792,load:vae_encoder,5.536,62.161,4.428,6.744
210.292,load:vae_encoder,5.786,62.161,4.43,6.979
210.793,load:vae_encoder,5.849,62.161,4.431,7.057
211.294,load:vae_encoder,6.036,62.161,4.43,7.233
211.795,load:vae_encoder,6.286,62.161,4.431,7.486
212.295,load:vae_encoder,6.364,62.161,4.432,7.565
212.796,load:vae_encoder,6.536,62.161,4.429,7.74
213.297,load:vae_encoder,6.787,62.161,4.43,7.994
213.798,load:vae_encoder,6.88,62.161,4.432,8.072
214.299,load:vae_encoder,7.099,62.161,4.432,8.307
214.799,load:vae_encoder,7.287,62.161,4.435,8.483
215.3,load:vae_encoder,7.396,62.161,4.435,8.6
215.801,load:vae_encoder,7.599,62.161,4.436,8.795
216.302,load:vae_encoder,7.787,62.161,4.436,8.992
216.802,load:vae_encoder,7.912,62.161,4.44,9.109
217.303,load:vae_encoder,8.1,62.161,4.439,9.305
217.804,load:vae_encoder,8.287,62.161,4.439,9.481
218.304,load:vae_encoder,8.537,62.161,4.44,9.734
218.806,load:vae_encoder,8.6,62.161,4.443,9.793
219.306,load:vae_encoder,8.788,62.161,4.442,9.988
219.807,load:vae_encoder,9.038,62.161,4.443,10.242
220.308,load:vae_encoder,9.116,62.161,4.444,10.32
220.809,load:vae_encoder,9.288,62.161,4.443,10.496
221.309,load:vae_encoder,9.538,62.161,4.443,10.731
221.81,load:vae_encoder,9.637,62.161,4.444,10.848
222.311,load:vae_encoder,9.822,62.161,4.444,11.024
222.812,load:vae_encoder,10.059,62.161,4.436,11.258
223.312,load:vae_encoder,10.167,62.161,4.434,11.375
223.938,free:vae_encoder,0.008,62.161,4.434,11.473
224.439,load:denoise,0.177,62.161,4.461,32.07
224.94,load:denoise,0.662,62.161,4.464,32.07
225.44,load:denoise,0.662,62.161,4.463,32.07
225.941,load:denoise,0.806,62.161,4.462,32.07
226.442,load:denoise,1.236,62.161,4.462,32.07
226.943,load:denoise,1.236,62.161,4.468,32.07
227.444,load:denoise,1.38,62.161,4.466,32.07
227.944,load:denoise,1.865,62.161,4.467,32.072
228.446,load:denoise,1.865,62.161,4.467,32.072
228.947,load:denoise,1.865,62.161,4.465,32.072
229.448,load:denoise,2.008,62.161,4.464,32.072
229.948,load:denoise,2.152,62.161,4.465,32.072
230.449,load:denoise,2.439,62.161,4.465,32.072
230.95,load:denoise,2.582,62.161,4.468,32.072
231.45,load:denoise,3.067,62.161,4.465,32.072
231.951,load:denoise,3.067,62.161,4.466,32.072
232.452,load:denoise,3.067,62.161,4.438,32.072
232.953,load:denoise,3.211,62.161,4.441,32.072
233.454,load:denoise,3.354,62.161,4.44,32.072
233.954,load:denoise,3.641,62.161,4.439,32.072
234.455,load:denoise,3.785,62.161,4.439,32.072
234.956,load:denoise,3.928,62.161,4.442,32.072
235.457,load:denoise,4.072,62.161,4.441,32.072
235.957,load:denoise,4.359,62.161,4.441,32.072
236.458,load:denoise,4.503,62.161,4.442,32.072
236.959,load:denoise,4.987,62.161,4.435,32.072
237.46,load:denoise,4.987,62.161,4.435,32.072
237.96,load:denoise,4.987,62.161,4.434,32.072
238.461,load:denoise,5.472,62.161,4.434,32.072
238.962,load:denoise,5.472,62.161,4.434,32.072
239.462,load:denoise,5.472,62.161,4.434,32.072
239.963,load:denoise,5.616,62.161,4.433,32.072
240.464,load:denoise,5.759,62.161,4.433,32.072
240.965,load:denoise,6.046,62.161,4.437,32.072
241.466,load:denoise,6.19,62.161,4.437,32.072
241.967,load:denoise,6.675,62.161,4.437,32.072
242.467,load:denoise,6.675,62.161,4.437,32.072
242.968,load:denoise,6.675,62.161,4.438,32.072
243.469,load:denoise,6.818,62.161,4.438,32.072
243.97,load:denoise,6.962,62.161,4.439,32.072
244.47,load:denoise,7.249,62.161,4.439,32.072
244.971,load:denoise,7.392,62.161,4.441,32.072
245.472,load:denoise,7.877,62.161,4.44,32.072
245.973,load:denoise,7.877,62.161,4.44,32.072
246.474,load:denoise,7.877,62.161,4.439,32.072
246.974,load:denoise,8.021,62.161,4.443,32.072
247.475,load:denoise,8.164,62.161,4.443,32.072
247.976,load:denoise,8.451,62.161,4.443,32.072
248.477,load:denoise,8.595,62.161,4.444,32.072
248.977,load:denoise,8.667,62.161,4.445,32.072
249.478,load:denoise,8.882,62.161,4.445,32.072
249.979,load:denoise,9.367,62.161,4.437,32.072
250.48,load:denoise,9.367,62.161,4.437,32.072
250.98,load:denoise,9.367,62.161,4.438,32.072
251.481,load:denoise,9.51,62.161,4.437,32.072
251.982,load:denoise,9.941,62.161,4.437,32.072
252.483,load:denoise,9.941,62.161,4.436,32.072
252.983,load:denoise,10.084,62.161,4.437,32.072
253.484,load:denoise,10.641,62.161,4.438,32.072
253.985,load:denoise,10.641,62.161,4.438,32.072
254.486,load:denoise,10.641,62.161,4.439,32.072
254.987,load:denoise,10.928,62.161,4.439,32.072
255.487,load:denoise,10.928,62.161,4.439,32.072
255.988,load:denoise,11.072,62.161,4.44,32.072
256.489,load:denoise,11.556,62.161,4.441,32.072
256.99,load:denoise,11.556,62.161,4.44,32.072
257.49,load:denoise,11.628,62.161,4.44,32.072
257.991,load:denoise,11.772,62.161,4.441,32.072
258.492,load:denoise,12.13,62.161,4.441,32.072
258.993,load:denoise,12.13,62.161,4.441,32.072
259.494,load:denoise,12.274,62.161,4.441,32.072
259.995,load:denoise,12.759,62.161,4.441,32.074
260.495,load:denoise,12.759,62.161,4.45,32.074
260.996,load:denoise,12.83,62.161,4.442,32.074
261.497,load:denoise,12.974,62.161,4.441,32.074
261.998,load:denoise,13.333,62.161,4.442,32.074
262.498,load:denoise,13.333,62.161,4.447,32.074
262.999,load:denoise,13.476,62.161,4.442,32.074
263.5,load:denoise,13.961,62.161,4.435,32.074
264.0,load:denoise,13.961,62.161,4.435,32.074
264.501,load:denoise,13.961,62.161,4.441,32.074
265.002,load:denoise,14.176,62.161,4.434,32.074
265.503,load:denoise,14.464,62.161,4.435,32.074
266.003,load:denoise,14.607,62.161,4.435,32.074
266.504,load:denoise,15.092,62.161,4.443,32.074
267.005,load:denoise,15.092,62.161,4.437,32.074
267.507,load:denoise,15.092,62.161,4.437,32.074
268.007,load:denoise,15.164,62.161,4.438,32.074
268.508,load:denoise,15.379,62.161,4.438,32.074
269.009,load:denoise,15.666,62.161,4.439,32.074
269.509,load:denoise,15.81,62.161,4.438,32.074
270.01,load:denoise,16.294,62.161,4.438,32.074
270.511,load:denoise,16.294,62.161,4.439,32.074
271.012,load:denoise,16.294,62.161,4.44,32.074
271.512,load:denoise,16.366,62.161,4.441,32.074
272.013,load:denoise,16.581,62.161,4.441,32.074
272.514,load:denoise,16.869,62.161,4.454,32.074
273.015,load:denoise,17.012,62.161,4.454,32.074
273.516,load:denoise,17.084,62.161,4.453,32.074
274.017,load:denoise,17.227,62.161,4.454,32.074
274.517,load:denoise,17.586,62.161,4.455,32.074
275.018,load:denoise,17.586,62.161,4.455,32.074
275.519,load:denoise,17.73,62.161,4.454,32.074
276.02,load:denoise,18.215,62.161,4.446,32.074
276.52,load:denoise,18.215,62.161,4.45,32.074
277.021,load:denoise,18.699,62.161,4.451,32.074
277.522,load:denoise,18.699,62.161,4.451,32.074
278.023,load:denoise,18.699,62.161,4.451,32.074
278.523,load:denoise,18.771,62.161,4.451,32.074
279.024,load:denoise,18.986,62.161,4.451,32.074
279.525,load:denoise,19.273,62.161,4.453,32.074
280.026,load:denoise,19.273,62.161,4.455,32.074
280.527,load:denoise,19.902,62.161,4.455,32.074
281.028,load:denoise,19.902,62.161,4.454,32.074
281.528,load:denoise,19.902,62.161,4.451,32.074
282.029,load:denoise,19.973,62.161,4.449,32.074
282.53,load:denoise,20.189,62.161,4.452,32.074
283.031,load:denoise,20.476,62.161,4.453,32.074
283.531,load:denoise,20.476,62.161,4.454,32.074
284.032,load:denoise,21.104,62.161,4.455,32.074
284.533,load:denoise,21.104,62.161,4.457,32.074
285.033,load:denoise,21.104,62.161,4.457,32.074
285.535,load:denoise,21.176,62.161,4.458,32.074
286.035,load:denoise,21.391,62.161,4.456,32.074
286.536,load:denoise,21.678,62.161,4.458,32.074
287.037,load:denoise,21.678,62.161,4.458,32.074
287.538,load:denoise,21.894,62.161,4.459,32.074
288.038,load:denoise,22.037,62.161,4.459,32.074
288.539,load:denoise,22.594,62.161,4.449,32.074
289.04,load:denoise,22.594,62.161,4.45,32.074
289.541,load:denoise,22.594,62.161,4.451,32.074
290.041,load:denoise,22.881,62.161,4.451,32.074
290.542,load:denoise,22.881,62.161,4.451,32.074
291.043,load:denoise,23.509,62.161,4.452,32.074
291.544,load:denoise,23.509,62.161,4.452,32.074
292.044,load:denoise,23.509,62.161,4.453,32.074
292.545,load:denoise,23.581,62.161,4.453,32.074
293.046,load:denoise,23.724,62.161,4.452,32.074
293.547,load:denoise,24.083,62.161,4.453,32.074
294.048,load:denoise,24.083,62.161,4.454,32.074
294.548,load:denoise,24.712,62.161,4.455,32.076
295.049,load:denoise,24.712,62.161,4.456,32.076
295.55,load:denoise,24.712,62.161,4.456,32.076
296.051,load:denoise,24.783,62.161,4.455,32.076
296.551,load:denoise,24.927,62.161,4.455,32.076
297.052,load:denoise,25.286,62.161,4.456,32.076
297.553,load:denoise,25.286,62.161,4.455,32.076
298.054,load:denoise,25.429,62.161,4.456,32.076
298.555,load:denoise,25.914,62.161,4.456,32.076
299.056,load:denoise,25.914,62.161,4.457,32.076
299.556,load:denoise,25.986,62.161,4.457,32.076
300.057,load:denoise,26.129,62.161,4.459,32.076
300.558,load:denoise,26.488,62.161,4.461,32.076
301.058,load:denoise,26.488,62.161,4.46,32.076
301.559,load:denoise,26.632,62.161,4.459,32.076
302.06,load:denoise,27.188,62.161,4.453,32.076
302.561,load:denoise,27.188,62.161,4.453,32.076
303.062,load:denoise,27.188,62.161,4.452,32.076
303.562,load:denoise,27.332,62.161,4.452,32.076
304.063,load:denoise,27.691,62.161,4.455,32.076
304.564,load:denoise,27.691,62.161,4.454,32.076
305.064,load:denoise,27.834,62.161,4.453,32.076
305.565,load:denoise,28.319,62.161,4.452,32.076
306.067,load:denoise,28.319,62.161,4.454,32.076
306.567,load:denoise,28.391,62.161,4.456,32.076
307.068,load:denoise,28.534,62.161,4.457,32.076
307.569,load:denoise,28.893,62.161,4.457,32.076
308.07,load:denoise,28.893,62.161,4.456,32.076
308.57,load:denoise,29.037,62.161,4.457,32.076
309.071,load:denoise,29.521,62.161,4.458,32.076
309.572,load:denoise,29.521,62.161,4.457,32.076
310.073,load:denoise,29.593,62.161,4.457,32.076
310.573,load:denoise,29.737,62.161,4.457,32.076
311.075,load:denoise,30.096,62.161,4.458,32.076
311.575,load:denoise,30.096,62.161,4.457,32.076
312.076,load:denoise,30.239,62.161,4.458,32.076
312.577,load:denoise,30.455,62.161,4.459,32.076
313.078,load:denoise,30.814,62.161,4.459,32.076
313.578,load:denoise,30.814,62.161,4.457,32.076
314.079,load:denoise,30.957,62.161,4.46,32.154
314.58,load:denoise,31.442,62.161,4.452,32.643
315.081,load:denoise,31.442,62.161,4.453,32.643
315.582,load:denoise,31.442,62.161,4.453,32.643
316.082,load:denoise,31.926,62.161,4.455,33.131
316.583,load:denoise,31.926,62.161,4.454,33.131
317.084,load:denoise,31.998,62.161,4.454,33.209
317.584,load:denoise,32.142,62.161,4.454,33.346
318.085,load:denoise,32.501,62.161,4.456,33.697
318.586,load:denoise,32.501,62.161,4.457,33.697
319.087,load:denoise,32.644,62.161,4.457,33.854
319.588,load:denoise,33.129,62.161,4.457,34.322
320.089,load:denoise,33.129,62.161,4.458,34.322
320.59,load:denoise,33.201,62.161,4.459,34.401
321.091,load:denoise,33.344,62.161,4.459,34.537
321.591,load:denoise,33.703,62.161,4.46,34.908
322.092,load:denoise,33.703,62.161,4.462,34.908
322.593,load:denoise,33.847,62.161,4.461,35.045
323.093,load:denoise,34.331,62.161,4.462,35.533
323.594,load:denoise,34.331,62.161,4.463,35.533
324.095,load:denoise,34.331,62.161,4.463,35.533
324.596,load:denoise,34.547,62.161,4.462,35.748
325.097,load:denoise,34.906,62.161,4.463,36.1
325.598,load:denoise,34.906,62.161,4.461,36.1
326.099,load:denoise,35.049,62.161,4.461,36.256
326.599,load:denoise,35.193,62.161,4.463,36.393
327.112,load:denoise,35.336,62.161,4.456,36.529
327.613,load:denoise,35.821,62.161,4.456,37.018
328.114,load:denoise,35.821,62.161,4.456,37.018
328.615,load:denoise,36.108,62.161,4.456,37.311
329.115,load:denoise,36.108,62.161,4.456,37.311
329.616,load:denoise,36.252,62.161,4.457,37.447
330.117,load:denoise,36.736,62.161,4.458,37.938
330.618,load:denoise,36.736,62.161,4.457,37.938
331.118,load:denoise,36.736,62.161,4.458,37.938
331.619,load:denoise,36.952,62.161,4.459,38.152
332.12,load:denoise,37.311,62.161,4.46,38.524
332.621,load:denoise,37.311,62.161,4.459,38.524
333.122,load:denoise,37.454,62.161,4.459,38.66
333.622,load:denoise,37.939,62.161,4.46,39.149
334.123,load:denoise,37.939,62.161,4.46,39.149
334.624,load:denoise,37.939,62.161,4.459,39.149
335.125,load:denoise,38.154,62.161,4.46,39.363
335.625,load:denoise,38.513,62.161,4.46,39.715
336.126,load:denoise,38.513,62.161,4.461,39.715
336.627,load:denoise,38.657,62.161,4.465,39.852
337.128,load:denoise,39.141,62.161,4.467,40.34
337.629,load:denoise,39.141,62.161,4.467,40.34
338.13,load:denoise,39.141,62.161,4.467,40.34
338.631,load:denoise,39.357,62.161,4.469,40.555
339.131,load:denoise,39.715,62.161,4.47,40.926
339.632,load:denoise,39.715,62.161,4.47,40.926
340.133,load:denoise,39.859,62.161,4.471,41.063
340.633,load:denoise,40.416,62.161,4.464,41.609
341.134,load:denoise,40.416,62.161,4.464,41.609
341.635,load:denoise,40.416,62.161,4.465,41.609
342.136,load:denoise,40.559,62.161,4.466,41.766
342.636,load:denoise,40.918,62.161,4.465,42.117
343.137,load:denoise,40.918,62.161,4.467,42.117
343.638,load:denoise,41.062,62.161,4.468,42.274
344.139,load:denoise,41.546,62.161,4.47,42.742
344.64,load:denoise,41.546,62.161,4.478,42.742
345.141,load:denoise,41.546,62.161,4.478,42.742
345.642,load:denoise,41.762,62.161,4.476,42.957
346.143,load:denoise,42.12,62.161,4.478,43.328
346.643,load:denoise,42.12,62.161,4.479,43.328
347.144,load:denoise,42.264,62.161,4.48,43.465
347.645,load:denoise,42.749,62.161,4.48,43.953
348.145,load:denoise,42.749,62.161,4.48,43.953
348.646,load:denoise,42.749,62.161,4.484,43.953
349.147,load:denoise,42.892,62.161,4.485,44.09
349.648,load:denoise,43.323,62.161,4.493,44.52
350.149,load:denoise,43.323,62.161,4.484,44.52
350.65,load:denoise,43.466,62.161,4.487,44.676
351.151,load:denoise,43.61,62.161,4.487,44.813
351.651,load:denoise,43.754,62.161,4.486,44.949
352.152,load:denoise,44.041,62.161,4.486,45.242
352.653,load:denoise,44.184,62.161,4.487,45.379
353.154,load:denoise,44.669,62.161,4.481,45.867
353.654,load:denoise,44.669,62.161,4.48,45.867
354.155,load:denoise,44.669,62.161,4.48,45.867
354.656,load:denoise,45.154,62.161,4.48,46.356
355.157,load:denoise,45.154,62.161,4.48,46.356
355.657,load:denoise,45.154,62.161,4.481,46.356
356.158,load:denoise,45.297,62.161,4.482,46.492
356.659,load:denoise,45.728,62.161,4.483,46.922
357.16,load:denoise,45.728,62.161,4.483,46.922
357.661,load:denoise,45.871,62.161,4.482,47.078
358.162,load:denoise,46.356,62.161,4.484,47.567
358.662,load:denoise,46.356,62.161,4.483,47.567
359.163,load:denoise,46.356,62.161,4.486,47.567
359.664,load:denoise,46.5,62.161,4.487,47.703
360.165,load:denoise,46.93,62.161,4.488,48.133
360.665,load:denoise,46.93,62.161,4.488,48.133
361.166,load:denoise,47.074,62.161,4.49,48.27
361.667,load:denoise,47.559,62.161,4.49,48.758
362.168,load:denoise,47.559,62.161,4.49,48.758
362.669,load:denoise,47.559,62.161,4.49,48.758
363.17,load:denoise,47.702,62.161,4.49,48.895
363.671,load:denoise,48.133,62.161,4.491,49.344
364.171,load:denoise,48.133,62.161,4.491,49.344
364.672,load:denoise,48.276,62.161,4.491,49.481
365.173,load:denoise,48.42,62.161,4.492,49.617
365.673,load:denoise,48.563,62.161,4.492,49.774
366.174,load:denoise,49.048,62.161,4.485,50.244
366.675,load:denoise,49.048,62.161,4.485,50.244
367.176,load:denoise,49.335,62.161,4.489,50.537
367.676,load:denoise,49.335,62.161,4.489,50.537
368.177,load:denoise,49.479,62.161,4.489,50.674
368.678,load:denoise,49.964,62.161,4.489,51.162
369.179,load:denoise,49.964,62.161,4.488,51.162
369.68,load:denoise,49.964,62.161,4.488,51.162
370.181,load:denoise,50.107,62.161,4.491,51.318
370.681,load:denoise,50.251,62.161,4.49,51.455
371.182,load:denoise,50.538,62.161,4.491,51.748
371.683,load:denoise,50.681,62.161,4.49,51.885
372.184,load:denoise,51.166,62.161,4.492,52.373
372.684,load:denoise,51.166,62.161,4.492,52.373
373.185,load:denoise,51.166,62.161,4.495,52.373
373.686,load:denoise,51.31,62.161,4.494,52.51
374.187,load:denoise,51.453,62.161,4.493,52.666
374.688,load:denoise,51.74,62.161,4.494,52.94
375.189,load:denoise,51.884,62.161,4.497,53.096
375.69,load:denoise,52.368,62.161,4.497,53.565
376.19,load:denoise,52.368,62.161,4.497,53.565
376.691,load:denoise,52.368,62.161,4.5,53.565
377.192,load:denoise,52.512,62.161,4.5,53.721
377.693,load:denoise,52.656,62.161,4.5,53.858
378.193,load:denoise,52.943,62.161,4.5,54.151
378.694,load:denoise,53.086,62.161,4.5,54.287
379.299,load:denoise,53.158,62.161,4.493,54.365
379.8,load:denoise,53.643,62.161,4.493,54.854
380.301,load:denoise,53.643,62.161,4.494,54.854
380.802,load:denoise,53.715,62.161,4.494,54.912
381.302,load:denoise,54.145,62.161,4.495,55.342
381.803,load:denoise,54.145,62.161,4.495,55.342
382.304,load:denoise,54.289,62.161,4.496,55.498
382.804,load:denoise,54.773,62.161,4.494,55.967
383.305,load:denoise,54.773,62.161,4.496,55.967
383.807,load:denoise,54.773,62.161,4.495,55.967
384.308,load:denoise,54.917,62.161,4.496,56.123
384.808,load:denoise,55.348,62.161,4.497,56.553
385.309,load:denoise,55.348,62.161,4.498,56.553
385.81,load:denoise,55.491,62.161,4.498,56.69
386.311,load:denoise,55.976,62.161,4.5,57.178
386.811,load:denoise,55.976,62.161,4.499,57.178
387.312,load:denoise,55.976,62.161,4.501,57.178
387.813,load:denoise,56.119,62.161,4.501,57.315
388.314,load:denoise,56.55,62.161,4.503,57.744
388.815,load:denoise,56.55,62.161,4.504,57.744
389.316,load:denoise,56.694,62.161,4.504,57.901
389.816,load:denoise,56.837,62.161,4.505,58.037
390.317,load:denoise,56.981,62.161,4.505,58.174
390.818,load:denoise,57.268,62.161,4.505,58.467
391.319,load:denoise,57.411,62.161,4.508,58.623
391.819,load:denoise,57.483,62.161,4.5,58.682
392.32,load:denoise,57.699,62.161,4.5,58.897
392.821,load:denoise,57.986,62.161,4.5,59.19
393.322,load:denoise,58.129,62.161,4.501,59.326
393.825,load:denoise,58.201,62.161,4.501,59.404
394.325,load:denoise,58.345,62.161,4.501,59.541
394.826,load:denoise,58.703,62.161,4.501,59.912
395.327,load:denoise,58.703,62.161,4.503,59.912
395.828,load:denoise,58.847,62.161,4.505,60.049
396.329,load:denoise,59.332,62.161,4.504,60.537
396.83,load:denoise,59.332,62.161,4.507,60.537
397.33,load:denoise,59.816,62.161,4.507,61.026
397.831,load:denoise,59.816,62.161,4.507,61.026
398.332,load:denoise,59.816,62.161,4.508,61.026
398.833,load:denoise,59.888,62.161,4.507,61.084
399.333,load:denoise,60.104,62.161,4.509,61.299
399.834,load:denoise,60.391,62.161,4.51,61.592
400.335,load:denoise,60.391,62.161,4.509,61.592
400.836,load:denoise,61.019,62.161,4.511,62.219
401.337,load:denoise,61.019,62.161,4.512,62.219
401.838,load:denoise,61.019,62.161,4.511,62.219
402.339,load:denoise,61.091,62.161,4.511,62.297
402.84,load:denoise,61.306,62.161,4.512,62.512
403.341,load:denoise,61.593,62.161,4.513,62.805
403.842,load:denoise,61.593,62.161,4.514,62.805
404.365,load:denoise,61.737,62.161,4.506,62.942
404.865,run:denoise,68.09,68.09,4.64,70.459
405.366,run:denoise,68.09,68.09,4.641,70.459
405.867,run:denoise,64.06,68.09,4.642,70.459
406.368,run:denoise,68.09,68.09,4.642,70.459
406.868,run:denoise,65.963,68.09,4.641,70.459
407.369,run:denoise,62.926,68.09,4.642,70.459
407.87,run:denoise,68.09,68.09,4.641,70.459
408.371,run:denoise,64.829,68.09,4.641,70.459
408.871,run:denoise,68.09,68.09,4.638,70.459
409.373,run:denoise,68.09,68.09,4.638,70.459
409.873,run:denoise,64.312,68.09,4.639,70.459
410.374,run:denoise,68.09,68.09,4.64,70.459
410.875,run:denoise,67.083,68.09,4.641,70.459
411.376,run:denoise,64.06,68.09,4.638,70.459
411.876,run:denoise,68.09,68.09,4.64,70.459
412.377,run:denoise,65.018,68.09,4.64,70.459
412.878,run:denoise,68.09,68.09,4.64,70.459
413.379,run:denoise,68.09,68.09,4.64,70.459
413.879,run:denoise,64.312,68.09,4.639,70.459
414.38,run:denoise,68.09,68.09,4.639,70.459
414.882,run:denoise,61.779,68.09,4.644,70.459
415.382,run:denoise,61.779,68.09,4.645,70.459
415.883,run:denoise,61.779,68.09,4.645,70.459
416.384,run:denoise,61.779,68.09,4.644,70.459
416.885,run:denoise,61.779,68.09,4.644,70.459
417.385,run:denoise,61.779,68.09,4.644,70.459
417.886,run:denoise,61.779,68.09,4.643,70.459
418.387,run:denoise,61.779,68.09,4.643,70.459
418.888,run:denoise,61.779,68.09,4.642,70.459
419.388,run:denoise,61.779,68.09,4.642,70.459
419.89,run:denoise,61.779,68.09,4.644,70.459
420.391,run:denoise,64.325,68.104,4.647,70.459
420.892,run:denoise,68.104,68.104,4.648,70.459
421.392,run:denoise,68.104,68.104,4.648,70.459
421.893,run:denoise,64.073,68.104,4.648,70.459
422.394,run:denoise,68.104,68.104,4.648,70.459
422.894,run:denoise,65.976,68.104,4.646,70.459
423.395,run:denoise,68.104,68.104,4.647,70.459
423.896,run:denoise,68.104,68.104,4.648,70.459
424.397,run:denoise,65.598,68.104,4.648,70.459
424.897,run:denoise,68.104,68.104,4.647,70.459
425.399,run:denoise,68.104,68.104,4.647,70.459
425.9,run:denoise,64.073,68.104,4.649,70.459
426.4,run:denoise,68.104,68.104,4.649,70.459
426.901,run:denoise,65.598,68.104,4.648,70.459
427.402,run:denoise,68.104,68.104,4.648,70.459
427.902,run:denoise,68.104,68.104,4.649,70.459
428.403,run:denoise,64.325,68.104,4.649,70.459
428.904,run:denoise,68.104,68.104,4.649,70.459
429.405,run:denoise,68.104,68.104,4.649,70.459
429.905,run:denoise,64.073,68.104,4.65,70.459
430.407,run:denoise,62.939,68.104,4.65,70.459
430.907,run:denoise,65.409,68.104,4.649,70.459
431.408,run:denoise,64.829,68.104,4.65,70.479
431.909,run:denoise,64.829,68.104,4.65,70.479
432.41,run:denoise,62.939,68.104,4.651,70.479
432.91,run:denoise,64.829,68.104,4.649,70.479
433.411,run:denoise,66.354,68.104,4.649,70.479
433.912,run:denoise,68.104,68.104,4.651,70.479
434.413,run:denoise,64.829,68.104,4.65,70.479
434.914,run:denoise,65.341,68.104,4.65,70.479
435.414,run:denoise,64.829,68.104,4.65,70.479
435.915,run:denoise,68.104,68.104,4.652,70.479
436.416,run:denoise,64.073,68.104,4.652,70.479
436.917,run:denoise,68.104,68.104,4.652,70.479
437.417,run:denoise,65.409,68.104,4.652,70.479
437.918,run:denoise,68.104,68.104,4.652,70.479
438.419,run:denoise,68.104,68.104,4.653,70.479
438.92,run:denoise,64.325,68.104,4.651,70.479
439.42,run:denoise,68.104,68.104,4.65,70.479
439.921,run:denoise,68.104,68.104,4.652,70.479
440.422,run:denoise,64.073,68.104,4.651,70.479
440.923,run:denoise,68.104,68.104,4.65,70.479
441.424,run:denoise,65.409,68.104,4.65,70.479
441.925,run:denoise,68.104,68.104,4.65,70.479
442.425,run:denoise,68.104,68.104,4.651,70.479
442.926,run:denoise,64.325,68.104,4.65,70.479
443.427,run:denoise,68.104,68.104,4.649,70.479
443.928,run:denoise,68.104,68.104,4.65,70.479
444.428,run:denoise,64.073,68.104,4.651,70.479
444.929,run:denoise,68.104,68.104,4.651,70.479
445.43,run:denoise,61.819,68.104,4.651,70.479
445.931,run:denoise,62.939,68.104,4.651,70.479
446.432,run:denoise,64.829,68.104,4.653,70.479
446.933,run:denoise,63.318,68.104,4.651,70.479
447.434,run:denoise,64.829,68.104,4.651,70.479
447.934,run:denoise,64.451,68.104,4.651,70.479
448.435,run:denoise,65.207,68.104,4.652,70.479
448.936,run:denoise,64.829,68.104,4.652,70.479
449.437,run:denoise,65.031,68.104,4.652,70.479
449.937,run:denoise,64.829,68.104,4.652,70.479
450.438,run:denoise,64.829,68.104,4.653,70.479
450.939,run:denoise,65.207,68.104,4.653,70.479
451.44,run:denoise,68.104,68.104,4.653,70.479
451.941,run:denoise,65.598,68.104,4.653,70.479
452.442,run:denoise,68.104,68.104,4.653,70.479
452.942,run:denoise,68.104,68.104,4.651,70.479
453.443,run:denoise,66.354,68.104,4.651,70.479
453.944,run:denoise,68.104,68.104,4.652,70.479
454.445,run:denoise,68.104,68.104,4.653,70.479
454.945,run:denoise,64.073,68.104,4.655,70.479
455.446,run:denoise,68.104,68.104,4.654,70.479
455.955,run:denoise,66.343,68.104,4.668,70.479
456.457,run:denoise,64.073,68.104,4.654,70.479
456.957,run:denoise,68.104,68.104,4.656,70.479
457.458,run:denoise,65.031,68.104,4.658,70.479
457.959,run:denoise,68.104,68.104,4.658,70.479
458.46,run:denoise,68.104,68.104,4.659,70.479
458.96,run:denoise,64.325,68.104,4.658,70.479
459.461,run:denoise,68.104,68.104,4.657,70.479
459.962,run:denoise,64.829,68.104,4.657,70.479
460.463,run:denoise,64.073,68.104,4.658,70.479
460.963,run:denoise,62.562,68.104,4.657,70.479
461.465,run:denoise,65.976,68.104,4.654,70.479
461.965,run:denoise,65.207,68.104,4.654,70.479
462.466,run:denoise,65.207,68.104,4.656,70.479
462.967,run:denoise,62.939,68.104,4.656,70.479
463.468,run:denoise,65.207,68.104,4.655,70.479
463.968,run:denoise,64.843,68.104,4.653,70.479
464.469,run:denoise,66.089,68.104,4.653,70.479
464.97,run:denoise,65.207,68.104,4.652,70.479
465.471,run:denoise,64.073,68.104,4.652,70.479
465.971,run:denoise,65.207,68.104,4.652,70.479
466.472,run:denoise,68.104,68.104,4.653,70.479
466.974,run:denoise,64.073,68.104,4.654,70.479
467.474,run:denoise,68.104,68.104,4.654,70.479
467.975,run:denoise,65.409,68.104,4.654,70.479
468.476,run:denoise,68.104,68.104,4.654,70.479
468.977,run:denoise,68.104,68.104,4.653,70.479
469.477,run:denoise,64.325,68.104,4.654,70.479
469.978,run:denoise,68.104,68.104,4.652,70.479
470.479,run:denoise,68.104,68.104,4.65,70.479
470.98,run:denoise,64.073,68.104,4.651,70.479
471.48,run:denoise,68.104,68.104,4.651,70.479
471.982,run:denoise,65.409,68.104,4.651,70.479
472.483,run:denoise,68.104,68.104,4.648,70.479
472.983,run:denoise,68.104,68.104,4.648,70.479
473.484,run:denoise,64.325,68.104,4.649,70.479
473.985,run:denoise,68.104,68.104,4.649,70.479
474.485,run:denoise,68.104,68.104,4.648,70.479
474.986,run:denoise,64.073,68.104,4.646,70.479
475.487,run:denoise,68.104,68.104,4.646,70.479
475.988,run:denoise,65.409,68.104,4.646,70.479
476.489,run:denoise,62.563,68.104,4.649,70.479
476.991,run:denoise,65.207,68.104,4.648,70.479
477.492,run:denoise,64.073,68.104,4.647,70.479
477.993,run:denoise,65.207,68.104,4.647,70.479
478.494,run:denoise,65.207,68.104,4.651,70.479
478.994,run:denoise,62.939,68.104,4.648,70.479
479.495,run:denoise,65.207,68.104,4.647,70.479
479.996,run:denoise,66.354,68.104,4.647,70.479
480.497,run:denoise,65.207,68.104,4.651,70.479
480.997,run:denoise,65.207,68.104,4.648,70.479
481.498,run:denoise,64.073,68.104,4.648,70.479
481.999,run:denoise,68.104,68.104,4.648,70.479
482.501,run:denoise,66.343,68.104,4.646,70.479
483.001,run:denoise,64.073,68.104,4.647,70.479
483.502,run:denoise,68.104,68.104,4.647,70.479
484.003,run:denoise,64.843,68.104,4.647,70.479
484.504,run:denoise,68.104,68.104,4.655,70.479
485.004,run:denoise,68.104,68.104,4.647,70.479
485.505,run:denoise,64.073,68.104,4.647,70.479
486.006,run:denoise,68.104,68.104,4.647,70.479
486.506,run:denoise,64.829,68.104,4.648,70.479
487.007,run:denoise,64.073,68.104,4.648,70.479
487.509,run:denoise,68.104,68.104,4.647,70.479
488.009,run:denoise,65.031,68.104,4.647,70.479
488.51,run:denoise,68.104,68.104,4.647,70.479
489.011,run:denoise,68.104,68.104,4.648,70.479
489.511,run:denoise,64.325,68.104,4.648,70.479
490.012,run:denoise,68.104,68.104,4.648,70.479
490.513,run:denoise,65.207,68.104,4.647,70.479
491.014,run:denoise,64.073,68.104,4.648,70.479
491.514,run:denoise,68.104,68.104,4.648,70.479
492.015,run:denoise,62.563,68.104,4.648,70.479
492.516,run:denoise,65.207,68.104,4.648,70.479
493.017,run:denoise,65.207,68.104,4.648,70.479
493.518,run:denoise,62.939,68.104,4.648,70.479
494.019,run:denoise,65.207,68.104,4.648,70.479
494.519,run:denoise,64.843,68.104,4.647,70.479
495.02,run:denoise,66.089,68.104,4.648,70.479
495.521,run:denoise,65.207,68.104,4.647,70.479
496.022,run:denoise,64.073,68.104,4.648,70.479
496.522,run:denoise,65.207,68.104,4.649,70.479
497.023,run:denoise,65.207,68.104,4.649,70.479
497.524,run:denoise,64.073,68.104,4.648,70.479
498.025,run:denoise,68.104,68.104,4.648,70.479
498.526,run:denoise,65.031,68.104,4.645,70.479
499.026,run:denoise,68.104,68.104,4.645,70.479
499.527,run:denoise,68.104,68.104,4.645,70.479
500.028,run:denoise,64.325,68.104,4.645,70.479
500.529,run:denoise,68.104,68.104,4.644,70.479
501.029,run:denoise,68.104,68.104,4.645,70.479
501.53,run:denoise,64.073,68.104,4.645,70.479
502.031,run:denoise,68.104,68.104,4.645,70.479
502.532,run:denoise,65.409,68.104,4.645,70.479
503.032,run:denoise,68.104,68.104,4.645,70.479
503.533,run:denoise,68.104,68.104,4.645,70.479
504.034,run:denoise,64.325,68.104,4.645,70.479
504.535,run:denoise,68.104,68.104,4.644,70.479
505.035,run:denoise,68.104,68.104,4.646,70.479
505.536,run:denoise,64.073,68.104,4.645,70.479
506.037,run:denoise,68.104,68.104,4.646,70.479
506.537,run:denoise,65.409,68.104,4.646,70.479
507.038,run:denoise,68.104,68.104,4.647,70.479
507.539,run:denoise,62.939,68.104,4.647,70.479
508.04,run:denoise,64.073,68.104,4.648,70.479
508.541,run:denoise,65.207,68.104,4.647,70.479
509.042,run:denoise,65.207,68.104,4.649,70.479
509.542,run:denoise,62.939,68.104,4.648,70.479
510.043,run:denoise,65.207,68.104,4.649,70.479
510.544,run:denoise,65.976,68.104,4.648,70.479
511.045,run:denoise,65.207,68.104,4.647,70.479
511.545,run:denoise,65.207,68.104,4.647,70.479
512.046,run:denoise,62.94,68.104,4.647,70.479
512.547,run:denoise,65.207,68.104,4.646,70.479
513.048,run:denoise,65.598,68.104,4.646,70.479
513.549,run:denoise,68.104,68.104,4.646,70.479
514.05,run:denoise,68.104,68.104,4.646,70.479
514.55,run:denoise,66.354,68.104,4.648,70.479
515.051,run:denoise,68.104,68.104,4.648,70.479
515.552,run:denoise,68.104,68.104,4.649,70.479
516.053,run:denoise,64.073,68.104,4.652,70.479
516.553,run:denoise,68.104,68.104,4.652,70.479
517.054,run:denoise,65.839,68.104,4.652,70.479
517.555,run:denoise,64.073,68.104,4.652,70.479
518.056,run:denoise,68.104,68.104,4.652,70.479
518.556,run:denoise,64.843,68.104,4.651,70.479
519.058,run:denoise,68.104,68.104,4.651,70.479
519.558,run:denoise,68.104,68.104,4.651,70.479
520.059,run:denoise,64.073,68.104,4.652,70.479
520.56,run:denoise,68.104,68.104,4.652,70.479
521.061,run:denoise,66.343,68.104,4.65,70.479
521.561,run:denoise,64.073,68.104,4.647,70.479
522.062,run:denoise,68.104,68.104,4.647,70.479
522.563,run:denoise,61.792,68.104,4.645,70.479
523.064,run:denoise,62.939,68.104,4.646,70.479
523.564,run:denoise,65.207,68.104,4.646,70.479
524.066,run:denoise,62.939,68.104,4.646,70.479
524.567,run:denoise,65.207,68.104,4.646,70.479
525.068,run:denoise,64.836,68.104,4.646,70.479
525.569,run:denoise,66.089,68.104,4.653,70.479
526.07,run:denoise,65.207,68.104,4.653,70.479
526.57,run:denoise,64.073,68.104,4.652,70.479
527.071,run:denoise,65.207,68.104,4.653,70.479
527.572,run:denoise,65.207,68.104,4.653,70.479
528.072,run:denoise,62.939,68.104,4.653,70.479
528.573,run:denoise,68.104,68.104,4.651,70.479
529.074,run:denoise,65.031,68.104,4.652,70.479
529.575,run:denoise,68.104,68.104,4.651,70.479
530.076,run:denoise,68.104,68.104,4.651,70.479
530.577,run:denoise,64.325,68.104,4.646,70.479
531.077,run:denoise,68.104,68.104,4.646,70.479
531.578,run:denoise,68.104,68.104,4.647,70.479
532.079,run:denoise,64.073,68.104,4.647,70.479
532.58,run:denoise,68.104,68.104,4.645,70.479
533.08,run:denoise,65.409,68.104,4.645,70.479
533.581,run:denoise,68.104,68.104,4.646,70.479
534.082,run:denoise,68.104,68.104,4.646,70.479
534.583,run:denoise,64.325,68.104,4.646,70.479
535.084,run:denoise,68.104,68.104,4.646,70.479
535.585,run:denoise,68.104,68.104,4.647,70.479
536.085,run:denoise,64.073,68.104,4.647,70.479
536.586,run:denoise,68.104,68.104,4.645,70.479
537.087,run:denoise,65.409,68.104,4.646,70.479
537.588,run:denoise,68.104,68.104,4.648,70.479
538.088,run:denoise,62.562,68.104,4.648,70.479
538.589,run:denoise,64.073,68.104,4.647,70.479
539.09,run:denoise,65.207,68.104,4.648,70.479
539.591,run:denoise,65.207,68.104,4.646,70.479
540.092,run:denoise,62.939,68.104,4.647,70.479
540.593,run:denoise,65.207,68.104,4.646,70.479
541.093,run:denoise,66.354,68.104,4.646,70.479
541.594,run:denoise,65.207,68.104,4.647,70.479
542.095,run:denoise,65.207,68.104,4.647,70.479
542.596,run:denoise,64.073,68.104,4.646,70.479
543.096,run:denoise,65.207,68.104,4.646,70.479
543.597,run:denoise,65.837,68.104,4.646,70.479
544.098,run:denoise,63.695,68.104,4.646,70.479
544.599,run:denoise,68.104,68.104,4.645,70.479
545.1,run:denoise,64.843,68.104,4.645,70.479
545.601,run:denoise,68.104,68.104,4.646,70.479
546.102,run:denoise,68.104,68.104,4.646,70.479
546.603,run:denoise,64.451,68.104,4.646,70.479
547.103,run:denoise,68.104,68.104,4.646,70.479
547.604,run:denoise,65.207,68.104,4.646,70.479
548.105,run:denoise,64.073,68.104,4.646,70.479
548.606,run:denoise,68.104,68.104,4.647,70.479
549.106,run:denoise,65.031,68.104,4.647,70.479
549.607,run:denoise,68.104,68.104,4.647,70.479
550.108,run:denoise,68.104,68.104,4.647,70.479
550.609,run:denoise,64.325,68.104,4.646,70.479
551.11,run:denoise,68.104,68.104,4.646,70.479
551.611,run:denoise,68.104,68.104,4.646,70.479
552.111,run:denoise,64.073,68.104,4.647,70.479
552.612,run:denoise,68.104,68.104,4.646,70.479
553.113,run:denoise,65.031,68.104,4.647,70.479
553.613,run:denoise,62.562,68.104,4.647,70.479
554.114,run:denoise,65.207,68.104,4.648,70.479
554.615,run:denoise,64.073,68.104,4.648,70.479
555.116,run:denoise,65.207,68.104,4.648,70.479
555.617,run:denoise,64.451,68.104,4.648,70.479
556.118,run:denoise,62.939,68.104,4.648,70.479
556.618,run:denoise,65.207,68.104,4.65,70.479
557.119,run:denoise,65.976,68.104,4.648,70.479
557.62,run:denoise,65.207,68.104,4.648,70.479
558.121,run:denoise,65.207,68.104,4.649,70.479
558.621,run:denoise,62.94,68.104,4.648,70.479
559.122,run:denoise,68.104,68.104,4.648,70.479
559.623,run:denoise,65.409,68.104,4.648,70.479
560.124,run:denoise,68.104,68.104,4.647,70.479
560.625,run:denoise,68.104,68.104,4.647,70.479
561.126,run:denoise,64.836,68.104,4.647,70.479
561.626,run:denoise,68.104,68.104,4.647,70.479
562.127,run:denoise,68.104,68.104,4.648,70.479
562.628,run:denoise,64.073,68.104,4.647,70.479
563.129,run:denoise,68.104,68.104,4.647,70.479
563.629,run:denoise,65.839,68.104,4.647,70.479
564.13,run:denoise,63.695,68.104,4.648,70.479
564.631,run:denoise,68.104,68.104,4.646,70.479
565.132,run:denoise,64.843,68.104,4.646,70.479
565.633,run:denoise,68.104,68.104,4.645,70.479
566.134,run:denoise,68.104,68.104,4.647,70.479
566.635,run:denoise,64.073,68.104,4.648,70.479
567.135,run:denoise,68.104,68.104,4.649,70.479
567.636,run:denoise,66.343,68.104,4.649,70.479
568.137,run:denoise,64.073,68.104,4.648,70.479
568.638,run:denoise,68.104,68.104,4.647,70.479
569.138,run:denoise,62.563,68.104,4.647,70.479
569.639,run:denoise,65.207,68.104,4.647,70.479
570.14,run:denoise,65.207,68.104,4.646,70.479
570.641,run:denoise,62.939,68.104,4.648,70.479
571.141,run:denoise,65.207,68.104,4.648,70.479
571.642,run:denoise,66.102,68.104,4.648,70.479
572.143,run:denoise,66.089,68.104,4.648,70.479
572.644,run:denoise,65.207,68.104,4.647,70.479
573.144,run:denoise,64.073,68.104,4.647,70.479
573.645,run:denoise,65.207,68.104,4.648,70.479
574.146,run:denoise,65.207,68.104,4.648,70.479
574.647,run:denoise,64.073,68.104,4.648,70.479
575.147,run:denoise,68.104,68.104,4.648,70.479
575.648,run:denoise,65.031,68.104,4.648,70.479
576.15,run:denoise,68.104,68.104,4.649,70.479
576.65,run:denoise,68.104,68.104,4.647,70.479
577.151,run:denoise,64.325,68.104,4.647,70.479
577.652,run:denoise,68.104,68.104,4.648,70.479
578.152,run:denoise,68.104,68.104,4.647,70.479
578.653,run:denoise,64.073,68.104,4.649,70.479
579.154,run:denoise,68.104,68.104,4.646,70.479
579.655,run:denoise,65.409,68.104,4.646,70.479
580.155,run:denoise,68.104,68.104,4.648,70.479
580.657,run:denoise,68.104,68.104,4.647,70.479
581.159,run:denoise,64.325,68.104,4.647,70.479
581.66,run:denoise,68.104,68.104,4.647,70.479
582.16,run:denoise,68.104,68.104,4.646,70.479
582.661,run:denoise,64.073,68.104,4.646,70.479
583.162,run:denoise,68.104,68.104,4.647,70.479
583.663,run:denoise,65.409,68.104,4.647,70.479
584.163,run:denoise,68.104,68.104,4.647,70.479
584.664,run:denoise,62.939,68.104,4.647,70.479
585.165,run:denoise,64.073,68.104,4.647,70.479
585.666,run:denoise,65.207,68.104,4.647,70.479
586.166,run:denoise,65.207,68.104,4.647,70.479
586.667,run:denoise,62.939,68.104,4.647,70.479
587.168,run:denoise,65.207,68.104,4.647,70.479
587.669,run:denoise,66.354,68.104,4.647,70.479
588.169,run:denoise,65.207,68.104,4.647,70.479
588.67,run:denoise,65.207,68.104,4.648,70.479
589.171,run:denoise,64.073,68.104,4.648,70.479
589.671,run:denoise,65.207,68.104,4.648,70.479
590.172,run:denoise,65.837,68.104,4.648,70.479
590.673,run:denoise,62.94,68.104,4.647,70.479
591.174,run:denoise,68.104,68.104,4.647,70.479
591.675,run:denoise,64.843,68.104,4.647,70.479
592.176,run:denoise,68.104,68.104,4.647,70.479
592.677,run:denoise,68.104,68.104,4.623,70.479
593.177,run:denoise,64.073,68.104,4.623,70.479
593.678,run:denoise,68.104,68.104,4.624,70.479
594.179,run:denoise,64.451,68.104,4.624,70.479
594.68,run:denoise,64.073,68.104,4.627,70.479
595.18,run:denoise,68.104,68.104,4.627,70.479
595.681,run:denoise,65.031,68.104,4.628,70.479
596.182,run:denoise,68.104,68.104,4.628,70.479
596.683,run:denoise,68.104,68.104,4.628,70.479
597.184,run:denoise,64.325,68.104,4.627,70.479
597.685,run:denoise,68.104,68.104,4.627,70.479
598.185,run:denoise,65.207,68.104,4.627,70.479
598.686,run:denoise,64.073,68.104,4.624,70.479
599.187,run:denoise,68.104,68.104,4.624,70.479
599.688,run:denoise,61.792,68.104,4.623,70.479
600.188,run:denoise,62.939,68.104,4.622,70.479
600.689,run:denoise,65.207,68.104,4.626,70.479
601.19,run:denoise,62.94,68.104,4.624,70.479
601.691,run:denoise,65.207,68.104,4.624,70.479
602.192,run:denoise,64.829,68.104,4.624,70.479
602.692,run:denoise,62.939,68.104,4.624,70.479
603.193,run:denoise,65.207,68.104,4.624,70.479
603.694,run:denoise,65.976,68.104,4.624,70.479
604.195,run:denoise,65.207,68.104,4.625,70.479
604.695,run:denoise,65.207,68.104,4.624,70.479
605.196,run:denoise,62.939,68.104,4.624,70.479
605.697,run:denoise,68.104,68.104,4.625,70.479
606.198,run:denoise,65.409,68.104,4.625,70.479
606.698,run:denoise,68.104,68.104,4.627,70.479
607.2,run:denoise,68.104,68.104,4.627,70.479
607.701,run:denoise,64.836,68.104,4.627,70.479
608.202,run:denoise,68.104,68.104,4.627,70.479
608.702,run:denoise,68.104,68.104,4.627,70.479
609.203,run:denoise,64.073,68.104,4.627,70.479
609.704,run:denoise,68.104,68.104,4.627,70.479
610.204,run:denoise,65.839,68.104,4.627,70.479
610.705,run:denoise,62.94,68.104,4.626,70.479
611.206,run:denoise,68.104,68.104,4.626,70.479
611.707,run:denoise,64.843,68.104,4.626,70.479
612.208,run:denoise,68.104,68.104,4.625,70.479
612.709,run:denoise,68.104,68.104,4.625,70.479
613.21,run:denoise,64.073,68.104,4.626,70.479
613.71,run:denoise,68.104,68.104,4.626,70.479
614.211,run:denoise,66.343,68.104,4.626,70.479
614.712,run:denoise,64.073,68.104,4.627,70.479
615.213,run:denoise,62.562,68.104,4.626,70.479
615.713,run:denoise,65.976,68.104,4.625,70.479
616.214,run:denoise,65.207,68.104,4.625,70.479
616.715,run:denoise,65.207,68.104,4.627,70.479
617.216,run:denoise,62.939,68.104,4.627,70.479
617.716,run:denoise,65.207,68.104,4.627,70.479
618.217,run:denoise,64.836,68.104,4.627,70.479
618.718,run:denoise,66.089,68.104,4.626,70.479
619.219,run:denoise,65.207,68.104,4.626,70.479
619.72,run:denoise,64.073,68.104,4.626,70.479
620.22,run:denoise,65.207,68.104,4.626,70.479
620.721,run:denoise,68.104,68.104,4.627,70.479
621.222,run:denoise,64.073,68.104,4.627,70.479
621.723,run:denoise,68.104,68.104,4.627,70.479
622.223,run:denoise,65.409,68.104,4.627,70.479
622.725,run:denoise,68.104,68.104,4.626,70.479
623.225,run:denoise,68.104,68.104,4.624,70.479
623.726,run:denoise,64.325,68.104,4.624,70.479
624.227,run:denoise,68.104,68.104,4.624,70.479
624.728,run:denoise,68.104,68.104,4.622,70.479
625.228,run:denoise,64.073,68.104,4.623,70.479
625.729,run:denoise,68.104,68.104,4.623,70.479
626.23,run:denoise,65.409,68.104,4.623,70.479
626.731,run:denoise,68.104,68.104,4.624,70.479
627.232,run:denoise,68.104,68.104,4.622,70.479
627.733,run:denoise,65.341,68.104,4.621,70.479
628.234,run:denoise,68.104,68.104,4.622,70.479
628.734,run:denoise,68.104,68.104,4.621,70.479
629.235,run:denoise,64.073,68.104,4.623,70.479
629.736,run:denoise,68.104,68.104,4.623,70.479
630.237,run:denoise,65.598,68.104,4.623,70.479
630.738,run:denoise,62.563,68.104,4.624,70.479
631.238,run:denoise,65.207,68.104,4.625,70.479
631.739,run:denoise,64.073,68.104,4.625,70.479
632.24,run:denoise,65.207,68.104,4.625,70.479
632.741,run:denoise,65.207,68.104,4.625,70.479
633.241,run:denoise,62.939,68.104,4.625,70.479
633.742,run:denoise,65.207,68.104,4.624,70.479
634.243,run:denoise,66.102,68.104,4.624,70.479
634.744,run:denoise,65.207,68.104,4.624,70.479
635.244,run:denoise,65.207,68.104,4.624,70.479
635.745,run:denoise,64.073,68.104,4.624,70.479
636.246,run:denoise,68.104,68.104,4.624,70.479
636.747,run:denoise,67.096,68.104,4.624,70.479
637.247,run:denoise,64.073,68.104,4.624,70.479
637.748,run:denoise,68.104,68.104,4.624,70.479
638.251,run:denoise,65.031,68.104,4.624,70.479
638.752,run:denoise,68.104,68.104,4.623,70.479
639.253,run:denoise,68.104,68.104,4.623,70.479
639.754,run:denoise,64.325,68.104,4.63,70.479
640.254,run:denoise,68.104,68.104,4.632,70.479
640.755,run:denoise,68.104,68.104,4.634,70.479
641.256,run:denoise,64.073,68.104,4.639,70.479
641.756,run:denoise,68.104,68.104,4.64,70.479
642.257,run:denoise,65.409,68.104,4.641,70.479
642.758,run:denoise,68.104,68.104,4.641,70.479
643.259,run:denoise,68.104,68.104,4.641,70.479
643.76,run:denoise,64.325,68.104,4.641,70.479
644.261,run:denoise,68.104,68.104,4.641,70.479
644.762,run:denoise,68.104,68.104,4.642,70.479
645.262,run:denoise,64.073,68.104,4.643,70.479
645.763,run:denoise,68.104,68.104,4.642,70.479
646.264,run:denoise,62.562,68.104,4.642,70.479
646.765,run:denoise,65.207,68.104,4.643,70.479
647.266,run:denoise,65.207,68.104,4.644,70.479
647.766,run:denoise,64.073,68.104,4.644,70.479
648.267,run:denoise,65.207,68.104,4.644,70.479
648.768,run:denoise,65.207,68.104,4.644,70.479
649.269,run:denoise,62.939,68.104,4.644,70.479
649.769,run:denoise,65.207,68.104,4.644,70.479
650.27,run:denoise,66.354,68.104,4.644,70.479
650.771,run:denoise,65.207,68.104,4.644,70.479
651.272,run:denoise,65.207,68.104,4.643,70.479
651.772,run:denoise,64.073,68.104,4.643,70.479
652.273,run:denoise,68.104,68.104,4.643,70.479
652.774,run:denoise,64.451,68.104,4.643,70.479
653.275,run:denoise,64.073,68.104,4.623,70.479
653.776,run:denoise,68.104,68.104,4.623,70.479
654.277,run:denoise,65.031,68.104,4.623,70.479
654.778,run:denoise,68.104,68.104,4.622,70.479
655.278,run:denoise,68.104,68.104,4.623,70.479
655.779,run:denoise,64.325,68.104,4.623,70.479
656.28,run:denoise,68.104,68.104,4.623,70.479
656.781,run:denoise,68.104,68.104,4.623,70.479
657.281,run:denoise,64.073,68.104,4.623,70.479
657.782,run:denoise,68.104,68.104,4.623,70.479
658.283,run:denoise,65.031,68.104,4.623,70.479
658.784,run:denoise,68.104,68.104,4.622,70.479
659.285,run:denoise,68.104,68.104,4.622,70.479
659.786,run:denoise,64.325,68.104,4.622,70.479
660.287,run:denoise,68.104,68.104,4.622,70.479
660.787,run:denoise,68.104,68.104,4.622,70.479
661.288,run:denoise,64.073,68.104,4.622,70.479
661.789,run:denoise,62.939,68.104,4.621,70.479
662.29,run:denoise,66.354,68.104,4.622,70.479
662.79,run:denoise,65.207,68.104,4.621,70.479
663.291,run:denoise,65.207,68.104,4.621,70.479
663.792,run:denoise,64.073,68.104,4.623,70.479
664.293,run:denoise,65.207,68.104,4.622,70.479
664.793,run:denoise,64.829,68.104,4.623,70.479
665.294,run:denoise,62.939,68.104,4.623,70.479
665.795,run:denoise,65.207,68.104,4.623,70.479
666.296,run:denoise,66.354,68.104,4.624,70.479
666.796,run:denoise,65.207,68.104,4.625,70.479
667.297,run:denoise,68.104,68.104,4.624,70.479
667.798,run:denoise,64.073,68.104,4.623,70.479
668.299,run:denoise,68.104,68.104,4.624,70.479
668.799,run:denoise,65.839,68.104,4.624,70.479
669.301,run:denoise,64.073,68.104,4.624,70.479
669.802,run:denoise,68.104,68.104,4.625,70.479
670.303,run:denoise,64.843,68.104,4.624,70.479
670.803,run:denoise,68.104,68.104,4.625,70.479
671.304,run:denoise,68.104,68.104,4.623,70.479
671.805,run:denoise,64.451,68.104,4.623,70.479
672.306,run:denoise,68.104,68.104,4.623,70.479
672.806,run:denoise,64.829,68.104,4.623,70.479
673.307,run:denoise,64.073,68.104,4.622,70.479
673.808,run:denoise,68.104,68.104,4.623,70.479
674.309,run:denoise,65.031,68.104,4.623,70.479
674.81,run:denoise,68.104,68.104,4.622,70.479
675.311,run:denoise,68.104,68.104,4.622,70.479
675.811,run:denoise,64.325,68.104,4.623,70.479
676.312,run:denoise,68.104,68.104,4.622,70.479
676.813,run:denoise,62.561,68.104,4.622,70.479
677.314,run:denoise,62.939,68.104,4.623,70.479
677.815,run:denoise,65.207,68.104,4.623,70.479
678.315,run:denoise,65.976,68.104,4.623,70.479
678.816,run:denoise,65.207,68.104,4.621,70.479
679.317,run:denoise,65.207,68.104,4.622,70.479
679.818,run:denoise,62.939,68.104,4.624,70.479
680.319,run:denoise,65.207,68.104,4.624,70.479
680.82,run:denoise,66.102,68.104,4.622,70.479
681.321,run:denoise,64.829,68.104,4.622,70.479
681.821,run:denoise,65.207,68.104,4.623,70.479
682.322,run:denoise,66.354,68.104,4.624,70.479
682.823,run:denoise,68.104,68.104,4.623,70.479
683.324,run:denoise,68.104,68.104,4.623,70.479
683.824,run:denoise,64.073,68.104,4.624,70.479
684.325,run:denoise,68.104,68.104,4.624,70.479
684.827,run:denoise,65.598,68.104,4.623,70.479
685.327,run:denoise,68.104,68.104,4.623,70.479
685.828,run:denoise,68.104,68.104,4.624,70.479
686.329,run:denoise,64.836,68.104,4.625,70.479
686.83,run:denoise,68.104,68.104,4.626,70.479
687.33,run:denoise,68.104,68.104,4.625,70.479
687.831,run:denoise,64.073,68.104,4.645,70.479
688.332,run:denoise,68.104,68.104,4.645,70.479
688.833,run:denoise,66.343,68.104,4.646,70.479
689.334,run:denoise,64.073,68.104,4.646,70.479
689.835,run:denoise,68.104,68.104,4.646,70.479
690.336,run:denoise,64.843,68.104,4.646,70.479
690.837,run:denoise,68.104,68.104,4.646,70.479
691.337,run:denoise,68.104,68.104,4.647,70.479
691.838,run:denoise,64.073,68.104,4.645,70.479
692.339,run:denoise,62.562,68.104,4.646,70.479
692.84,run:denoise,65.839,68.104,4.647,70.479
693.341,run:denoise,62.939,68.104,4.647,70.479
693.842,run:denoise,65.207,68.104,4.647,70.479
694.343,run:denoise,65.976,68.104,4.647,70.479
694.843,run:denoise,65.207,68.104,4.647,70.479
695.345,run:denoise,65.207,68.104,4.647,70.479
695.846,run:denoise,62.939,68.104,4.646,70.479
696.346,run:denoise,65.207,68.104,4.647,70.479
696.847,run:denoise,64.956,68.104,4.648,70.479
697.348,run:denoise,62.939,68.104,4.648,70.479
697.849,run:denoise,68.104,68.104,4.648,70.479
698.349,run:denoise,64.325,68.104,4.648,70.479
698.85,run:denoise,68.104,68.104,4.648,70.479
699.351,run:denoise,68.104,68.104,4.648,70.479
699.852,run:denoise,64.073,68.104,4.649,70.479
700.353,run:denoise,68.104,68.104,4.647,70.479
700.854,run:denoise,65.837,68.104,4.645,70.479
701.355,run:denoise,64.073,68.104,4.645,70.479
701.855,run:denoise,68.104,68.104,4.645,70.479
702.356,run:denoise,64.843,68.104,4.646,70.479
702.857,run:denoise,68.104,68.104,4.647,70.479
703.358,run:denoise,68.104,68.104,4.647,70.479
703.858,run:denoise,64.073,68.104,4.647,70.479
704.359,run:denoise,68.104,68.104,4.646,70.479
704.86,run:denoise,64.829,68.104,4.645,70.479
705.361,run:denoise,64.073,68.104,4.646,70.479
705.862,run:denoise,68.104,68.104,4.646,70.479
706.363,run:denoise,65.031,68.104,4.646,70.479
706.864,run:denoise,68.104,68.104,4.646,70.479
707.364,run:denoise,68.104,68.104,4.646,70.479
707.865,run:denoise,62.563,68.104,4.647,70.479
708.366,run:denoise,65.207,68.104,4.648,70.479
708.867,run:denoise,64.073,68.104,4.648,70.479
709.367,run:denoise,62.939,68.104,4.648,70.479
709.868,run:denoise,65.207,68.104,4.648,70.479
710.369,run:denoise,65.976,68.104,4.648,70.479
710.87,run:denoise,65.207,68.104,4.647,70.479
711.371,run:denoise,65.207,68.104,4.646,70.479
711.872,run:denoise,62.939,68.104,4.647,70.479
712.373,run:denoise,65.207,68.104,4.649,70.479
712.873,run:denoise,64.956,68.104,4.649,70.479
713.374,run:denoise,68.104,68.104,4.65,70.479
713.875,run:denoise,68.104,68.104,4.649,70.479
714.376,run:denoise,65.598,68.104,4.65,70.479
714.876,run:denoise,68.104,68.104,4.65,70.479
715.377,run:denoise,68.104,68.104,4.65,70.479
715.878,run:denoise,64.073,68.104,4.65,70.479
716.379,run:denoise,68.104,68.104,4.651,70.479
716.88,run:denoise,66.343,68.104,4.651,70.479
717.381,run:denoise,64.073,68.104,4.651,70.479
717.881,run:denoise,68.104,68.104,4.651,70.479
718.382,run:denoise,64.843,68.104,4.651,70.479
718.883,run:denoise,68.104,68.104,4.651,70.479
719.384,run:denoise,68.104,68.104,4.651,70.479
719.884,run:denoise,64.451,68.104,4.648,70.479
720.385,run:denoise,68.104,68.104,4.649,70.479
720.886,run:denoise,64.829,68.104,4.649,70.479
721.387,run:denoise,64.073,68.104,4.649,70.479
721.888,run:denoise,68.104,68.104,4.649,70.479
722.389,run:denoise,65.031,68.104,4.648,70.479
722.89,run:denoise,68.104,68.104,4.645,70.479
723.39,run:denoise,62.939,68.104,4.646,70.479
723.891,run:denoise,63.318,68.104,4.646,70.479
724.392,run:denoise,65.207,68.104,4.646,70.479
724.893,run:denoise,64.073,68.104,4.646,70.479
725.393,run:denoise,62.939,68.104,4.646,70.479
725.894,run:denoise,65.207,68.104,4.647,70.479
726.395,run:denoise,65.976,68.104,4.649,70.479
726.896,run:denoise,65.207,68.104,4.647,70.479
727.397,run:denoise,65.207,68.104,4.648,70.479
727.898,run:denoise,63.318,68.104,4.648,70.479
728.398,run:denoise,65.207,68.104,4.648,70.479
728.899,run:denoise,65.976,68.104,4.65,70.479
729.4,run:denoise,64.829,68.104,4.649,70.479
729.901,run:denoise,68.104,68.104,4.649,70.479
730.401,run:denoise,64.843,68.104,4.649,70.479
730.902,run:denoise,68.104,68.104,4.649,70.479
731.403,run:denoise,68.104,68.104,4.649,70.479
731.905,run:denoise,64.451,68.104,4.649,70.479
732.405,run:denoise,68.104,68.104,4.649,70.479
732.906,run:denoise,66.089,68.104,4.65,70.479
733.407,run:denoise,64.073,68.104,4.652,70.479
733.908,run:denoise,68.104,68.104,4.652,70.479
734.408,run:denoise,65.031,68.104,4.65,70.479
734.909,run:denoise,68.104,68.104,4.649,70.479
735.41,run:denoise,68.104,68.104,4.649,70.479
735.911,run:denoise,64.325,68.104,4.649,70.479
736.411,run:denoise,68.104,68.104,4.65,70.479
736.913,run:denoise,68.104,68.104,4.648,70.479
737.414,run:denoise,64.073,68.104,4.648,70.479
737.914,run:denoise,68.104,68.104,4.648,70.479
738.415,run:denoise,61.792,68.104,4.648,70.479
738.916,run:denoise,62.939,68.104,4.65,70.479
739.417,run:denoise,65.207,68.104,4.65,70.479
739.917,run:denoise,64.073,68.104,4.65,70.479
740.418,run:denoise,65.207,68.104,4.65,70.479
740.919,run:denoise,64.829,68.104,4.65,70.479
741.42,run:denoise,62.939,68.104,4.649,70.479
741.921,run:denoise,65.207,68.104,4.649,70.479
742.422,run:denoise,66.354,68.104,4.649,70.479
742.922,run:denoise,65.207,68.104,4.649,70.479
743.423,run:denoise,65.207,68.104,4.649,70.479
743.924,run:denoise,64.073,68.104,4.649,70.479
744.425,run:denoise,68.104,68.104,4.649,70.479
744.925,run:denoise,65.839,68.104,4.649,70.479
745.426,run:denoise,64.073,68.104,4.65,70.479
745.927,run:denoise,68.104,68.104,4.65,70.479
746.428,run:denoise,64.843,68.104,4.65,70.479
746.928,run:denoise,68.104,68.104,4.651,70.479
747.43,run:denoise,68.104,68.104,4.65,70.479
747.931,run:denoise,64.325,68.104,4.65,70.479
748.431,run:denoise,68.104,68.104,4.648,70.479
748.932,run:denoise,67.096,68.104,4.648,70.479
749.433,run:denoise,64.073,68.104,4.647,70.479
749.934,run:denoise,68.104,68.104,4.647,70.479
750.435,run:denoise,65.031,68.104,4.647,70.479
750.935,run:denoise,68.104,68.104,4.65,70.479
751.436,run:denoise,68.104,68.104,4.649,70.479
751.937,run:denoise,64.325,68.104,4.649,70.479
752.438,run:denoise,68.104,68.104,4.649,70.479
752.939,run:denoise,68.104,68.104,4.649,70.479
753.44,run:denoise,64.073,68.104,4.648,70.479
753.941,run:denoise,62.562,68.104,4.649,70.479
754.441,run:denoise,66.354,68.104,4.649,70.479
754.942,run:denoise,65.207,68.104,4.647,70.479
755.443,run:denoise,65.207,68.104,4.647,70.479
755.944,run:denoise,64.073,68.104,4.648,70.479
756.444,run:denoise,65.207,68.104,4.648,70.479
756.945,run:denoise,65.207,68.104,4.651,70.479
757.446,run:denoise,62.939,68.104,4.65,70.479
757.947,run:denoise,65.207,68.104,4.65,70.479
758.447,run:denoise,66.354,68.104,4.65,70.479
758.948,run:denoise,65.207,68.104,4.651,70.479
759.449,run:denoise,68.104,68.104,4.65,70.479
759.95,run:denoise,64.073,68.104,4.651,70.479
760.45,run:denoise,68.104,68.104,4.651,70.479
760.951,run:denoise,64.451,68.104,4.649,70.479
761.452,run:denoise,64.073,68.104,4.648,70.479
761.953,run:denoise,68.104,68.104,4.648,70.479
762.453,run:denoise,65.031,68.104,4.648,70.479
762.955,run:denoise,68.104,68.104,4.648,70.479
763.456,run:denoise,68.104,68.104,4.648,70.479
763.956,run:denoise,64.325,68.104,4.649,70.479
764.457,run:denoise,68.104,68.104,4.649,70.479
764.958,run:denoise,68.104,68.104,4.648,70.479
765.459,run:denoise,64.073,68.104,4.65,70.479
765.959,run:denoise,68.104,68.104,4.649,70.479
766.46,run:denoise,65.409,68.104,4.649,70.479
766.961,run:denoise,68.104,68.104,4.649,70.479
767.462,run:denoise,68.104,68.104,4.651,70.479
767.963,run:denoise,64.325,68.104,4.651,70.479
768.464,run:denoise,68.104,68.104,4.652,70.479
768.965,run:denoise,68.104,68.104,4.651,70.479
769.465,run:denoise,62.564,68.104,4.65,70.479
769.966,run:denoise,65.207,68.104,4.651,70.479
770.467,run:denoise,66.102,68.104,4.651,70.479
770.968,run:denoise,65.207,68.104,4.648,70.479
771.469,run:denoise,65.207,68.104,4.648,70.479
771.969,run:denoise,64.073,68.104,4.648,70.479
772.47,run:denoise,65.207,68.104,4.648,70.479
772.971,run:denoise,65.207,68.104,4.649,70.479
773.471,run:denoise,62.939,68.104,4.65,70.479
773.972,run:denoise,65.207,68.104,4.65,70.479
774.473,run:denoise,66.102,68.104,4.652,70.479
774.974,run:denoise,68.104,68.104,4.652,70.479
775.475,run:denoise,68.104,68.104,4.654,70.479
775.975,run:denoise,64.325,68.104,4.654,70.479
776.476,run:denoise,68.104,68.104,4.654,70.479
776.977,run:denoise,68.104,68.104,4.653,70.479
777.478,run:denoise,64.073,68.104,4.651,70.479
777.978,run:denoise,68.104,68.104,4.651,70.479
778.48,run:denoise,65.031,68.104,4.651,70.479
778.98,run:denoise,68.104,68.104,4.646,70.479
779.481,run:denoise,68.104,68.104,4.645,70.479
779.982,run:denoise,64.325,68.104,4.645,70.479
780.483,run:denoise,68.104,68.104,4.646,70.479
780.983,run:denoise,68.104,68.104,4.645,70.479
781.484,run:denoise,64.073,68.104,4.646,70.479
781.985,run:denoise,68.104,68.104,4.646,70.479
782.486,run:denoise,65.409,68.104,4.647,70.479
782.987,run:denoise,68.104,68.104,4.645,70.479
783.488,run:denoise,68.104,68.104,4.646,70.479
783.989,run:denoise,64.325,68.104,4.646,70.479
784.49,run:denoise,68.104,68.104,4.649,70.479
784.99,run:denoise,62.939,68.104,4.646,70.479
785.491,run:denoise,62.939,68.104,4.647,70.479
785.992,run:denoise,65.207,68.104,4.648,70.479
786.493,run:denoise,66.102,68.104,4.651,70.479
786.993,run:denoise,65.207,68.104,4.65,70.479
787.494,run:denoise,65.207,68.104,4.648,70.479
787.995,run:denoise,64.073,68.104,4.648,70.479
788.496,run:denoise,65.207,68.104,4.652,70.479
788.996,run:denoise,65.207,68.104,4.647,70.479
789.497,run:denoise,62.939,68.104,4.649,70.479
789.998,run:denoise,65.207,68.104,4.649,70.479
790.499,run:denoise,64.843,68.104,4.652,70.479
790.999,run:denoise,68.104,68.104,4.648,70.479
791.5,run:denoise,68.104,68.104,4.647,70.479
792.001,run:denoise,64.325,68.104,4.647,70.479
792.502,run:denoise,68.104,68.104,4.652,70.479
793.002,run:denoise,68.104,68.104,4.647,70.479
793.503,run:denoise,64.073,68.104,4.648,70.479
794.005,run:denoise,68.104,68.104,4.648,70.479
794.506,run:denoise,65.409,68.104,4.647,70.479
795.006,run:denoise,68.104,68.104,4.647,70.479
795.507,run:denoise,68.104,68.104,4.649,70.479
796.008,run:denoise,64.325,68.104,4.648,70.479
796.509,run:denoise,68.104,68.104,4.65,70.479
797.009,run:denoise,68.104,68.104,4.647,70.479
797.51,run:denoise,64.073,68.104,4.647,70.479
798.011,run:denoise,68.104,68.104,4.648,70.479
798.512,run:denoise,65.409,68.104,4.646,70.479
799.013,run:denoise,68.104,68.104,4.647,70.479
799.514,run:denoise,68.104,68.104,4.647,70.479
800.015,run:denoise,63.331,68.104,4.647,70.479
800.515,run:denoise,62.939,68.104,4.646,70.479
801.016,run:denoise,65.207,68.104,4.647,70.479
801.517,run:denoise,62.939,68.104,4.647,70.479
802.018,run:denoise,65.207,68.104,4.647,70.479
802.519,run:denoise,66.102,68.104,4.647,70.479
803.019,run:denoise,65.207,68.104,4.647,70.479
803.52,run:denoise,65.207,68.104,4.647,70.479
804.021,run:denoise,64.073,68.104,4.649,70.479
804.522,run:denoise,65.207,68.104,4.647,70.479
805.023,run:denoise,65.207,68.104,4.647,70.479
805.523,run:denoise,62.939,68.104,4.646,70.479
806.024,run:denoise,68.104,68.104,4.647,70.479
806.525,run:denoise,65.031,68.104,4.647,70.479
807.026,run:denoise,68.104,68.104,4.648,70.479
807.526,run:denoise,68.104,68.104,4.648,70.479
808.027,run:denoise,64.325,68.104,4.649,70.479
808.528,run:denoise,68.104,68.104,4.65,70.479
809.029,run:denoise,68.104,68.104,4.65,70.479
809.53,run:denoise,64.073,68.104,4.65,70.479
810.031,run:denoise,68.104,68.104,4.65,70.479
810.532,run:denoise,65.409,68.104,4.65,70.479
811.032,run:denoise,68.104,68.104,4.651,70.479
811.533,run:denoise,68.104,68.104,4.65,70.479
812.034,run:denoise,64.325,68.104,4.65,70.479
812.535,run:denoise,68.104,68.104,4.649,70.479
813.035,run:denoise,68.104,68.104,4.649,70.479
813.536,run:denoise,64.073,68.104,4.649,70.479
814.037,run:denoise,68.104,68.104,4.65,70.479
814.538,run:denoise,65.409,68.104,4.649,70.479
815.039,run:denoise,68.104,68.104,4.649,70.479
815.54,run:denoise,62.562,68.104,4.649,70.479
816.041,run:denoise,64.073,68.104,4.652,70.479
816.541,run:denoise,65.207,68.104,4.651,70.479
817.042,run:denoise,65.207,68.104,4.651,70.479
817.543,run:denoise,62.939,68.104,4.652,70.479
818.044,run:denoise,65.207,68.104,4.65,70.479
818.544,run:denoise,66.102,68.104,4.65,70.479
819.045,run:denoise,65.207,68.104,4.65,70.479
819.546,run:denoise,65.207,68.104,4.65,70.479
820.047,run:denoise,64.073,68.104,4.65,70.479
820.548,run:denoise,65.207,68.104,4.65,70.479
821.049,run:denoise,65.207,68.104,4.65,70.479
821.55,run:denoise,64.073,68.104,4.65,70.479
822.05,run:denoise,68.104,68.104,4.651,70.479
822.551,run:denoise,65.031,68.104,4.65,70.479
823.052,run:denoise,68.104,68.104,4.648,70.479
823.553,run:denoise,68.104,68.104,4.648,70.479
824.053,run:denoise,64.325,68.104,4.649,70.479
824.554,run:denoise,68.104,68.104,4.648,70.479
825.055,run:denoise,68.104,68.104,4.648,70.479
825.556,run:denoise,64.073,68.104,4.652,70.479
826.057,run:denoise,68.104,68.104,4.648,70.479
826.558,run:denoise,65.409,68.104,4.647,70.479
827.059,run:denoise,68.104,68.104,4.647,70.479
827.559,run:denoise,68.104,68.104,4.647,70.479
828.06,run:denoise,65.333,68.104,4.648,70.479
828.561,run:denoise,68.104,68.104,4.648,70.479
829.062,run:denoise,68.104,68.104,4.647,70.479
829.562,run:denoise,64.073,68.104,4.648,70.479
830.064,run:denoise,68.104,68.104,4.649,70.479
830.564,run:denoise,65.598,68.104,4.649,70.479
831.065,run:denoise,62.563,68.104,4.649,70.479
831.566,run:denoise,65.207,68.104,4.649,70.479
832.067,run:denoise,64.073,68.104,4.649,70.479
832.567,run:denoise,65.207,68.104,4.626,70.479
833.068,run:denoise,65.207,68.104,4.626,70.479
833.569,run:denoise,62.939,68.104,4.626,70.479
834.07,run:denoise,65.207,68.104,4.627,70.479
834.571,run:denoise,66.102,68.104,4.625,70.479
835.071,run:denoise,66.089,68.104,4.626,70.479
835.573,run:denoise,65.207,68.104,4.626,70.479
836.074,run:denoise,64.073,68.104,4.626,70.479
836.574,run:denoise,68.104,68.104,4.627,70.479
837.075,run:denoise,68.104,68.104,4.628,70.479
837.576,run:denoise,64.073,68.104,4.627,70.479
838.077,run:denoise,68.104,68.104,4.627,70.479
838.577,run:denoise,65.409,68.104,4.626,70.479
839.078,run:denoise,68.104,68.104,4.626,70.479
839.579,run:denoise,68.104,68.104,4.626,70.479
840.08,run:denoise,64.325,68.104,4.626,70.479
840.581,run:denoise,68.104,68.104,4.627,70.479
841.082,run:denoise,68.104,68.104,4.627,70.479
841.583,run:denoise,64.073,68.104,4.628,70.479
842.083,run:denoise,68.104,68.104,4.628,70.479
842.584,run:denoise,64.956,68.104,4.627,70.479
843.085,run:denoise,62.939,68.104,4.627,70.479
843.586,run:denoise,68.104,68.104,4.627,70.479
844.086,run:denoise,64.843,68.104,4.627,70.479
844.587,run:denoise,68.104,68.104,4.627,70.479
845.088,run:denoise,68.104,68.104,4.628,70.479
845.589,run:denoise,64.073,68.104,4.627,70.479
846.089,run:denoise,68.104,68.104,4.627,70.479
846.59,run:denoise,63.317,68.104,4.627,70.479
847.091,run:denoise,62.939,68.104,4.628,70.479
847.592,run:denoise,65.207,68.104,4.628,70.479
848.092,run:denoise,65.976,68.104,4.628,70.479
848.593,run:denoise,65.207,68.104,4.628,70.479
849.094,run:denoise,65.207,68.104,4.629,70.479
849.595,run:denoise,62.939,68.104,4.628,70.479
850.095,run:denoise,65.207,68.104,4.628,70.479
850.596,run:denoise,65.976,68.104,4.626,70.479
851.098,run:denoise,68.104,68.104,4.627,70.479
851.598,run:denoise,65.207,68.104,4.627,70.479
852.099,run:denoise,64.325,68.104,4.626,70.479
852.6,run:denoise,68.104,68.104,4.625,70.479
853.101,run:denoise,68.104,68.104,4.626,70.479
853.601,run:denoise,64.073,68.104,4.625,70.479
854.102,run:denoise,68.104,68.104,4.625,70.479
854.603,run:denoise,64.956,68.104,4.625,70.479
855.104,run:denoise,62.939,68.104,4.625,70.479
855.605,run:denoise,68.104,68.104,4.625,70.479
856.106,run:denoise,64.843,68.104,4.625,70.479
856.607,run:denoise,68.104,68.104,4.626,70.479
857.108,run:denoise,68.104,68.104,4.626,70.479
857.608,run:denoise,64.073,68.104,4.626,70.479
858.109,run:denoise,68.104,68.104,4.626,70.479
858.61,run:denoise,64.451,68.104,4.626,70.479
859.111,run:denoise,64.073,68.104,4.626,70.479
859.611,run:denoise,68.104,68.104,4.626,70.479
860.112,run:denoise,64.843,68.104,4.627,70.479
860.613,run:denoise,68.104,68.104,4.626,70.479
861.114,run:denoise,68.104,68.104,4.626,70.479
861.614,run:denoise,64.451,68.104,4.627,70.479
862.115,run:denoise,62.939,68.104,4.628,70.479
862.616,run:denoise,64.073,68.104,4.627,70.479
863.117,run:denoise,62.939,68.104,4.627,70.479
863.617,run:denoise,65.207,68.104,4.626,70.479
864.118,run:denoise,65.976,68.104,4.626,70.479
864.619,run:denoise,65.207,68.104,4.627,70.479
865.12,run:denoise,65.207,68.104,4.627,70.479
865.621,run:denoise,62.939,68.104,4.626,70.479
866.121,run:denoise,65.207,68.104,4.628,70.479
866.623,run:denoise,66.343,68.104,4.625,70.479
867.124,run:denoise,62.939,68.104,4.626,70.479
867.624,run:denoise,68.104,68.104,4.626,70.479
868.125,run:denoise,64.836,68.104,4.626,70.479
868.626,run:denoise,68.104,68.104,4.624,70.479
869.127,run:denoise,68.104,68.104,4.625,70.479
869.627,run:denoise,64.073,68.104,4.626,70.479
870.128,run:denoise,68.104,68.104,4.625,70.479
870.629,run:denoise,64.451,68.104,4.628,70.479
871.13,run:denoise,64.073,68.104,4.626,70.479
871.631,run:denoise,68.104,68.104,4.627,70.479
872.132,run:denoise,65.031,68.104,4.627,70.479
872.632,run:denoise,68.104,68.104,4.625,70.479
873.133,run:denoise,68.104,68.104,4.626,70.479
873.634,run:denoise,64.325,68.104,4.626,70.479
874.138,run:denoise,68.104,68.104,4.626,70.479
874.638,run:denoise,68.104,68.104,4.628,70.479
875.139,run:denoise,64.073,68.104,4.628,70.479
875.64,run:denoise,68.104,68.104,4.629,70.479
876.141,run:denoise,65.409,68.104,4.629,70.479
876.641,run:denoise,68.104,68.104,4.63,70.479
877.142,run:denoise,62.562,68.104,4.628,70.479
877.643,run:denoise,64.073,68.104,4.628,70.479
878.144,run:denoise,65.207,68.104,4.628,70.479
878.644,run:denoise,65.207,68.104,4.628,70.479
879.145,run:denoise,62.939,68.104,4.627,70.479
879.646,run:denoise,65.207,68.104,4.627,70.479
880.147,run:denoise,66.354,68.104,4.627,70.479
880.647,run:denoise,65.207,68.104,4.625,70.479
881.148,run:denoise,65.207,68.104,4.628,70.479
881.649,run:denoise,64.073,68.104,4.627,70.479
882.15,run:denoise,65.207,68.104,4.627,70.479
882.651,run:denoise,64.073,68.104,4.627,70.479
883.152,run:denoise,64.073,68.104,4.627,70.479
883.653,run:denoise,68.104,68.104,4.627,70.479
884.153,run:denoise,65.031,68.104,4.627,70.479
884.654,run:denoise,68.104,68.104,4.626,70.479
885.155,run:denoise,68.104,68.104,4.628,70.479
885.656,run:denoise,64.325,68.104,4.628,70.479
886.156,run:denoise,68.104,68.104,4.628,70.479
886.657,run:denoise,68.104,68.104,4.626,70.479
887.159,run:denoise,64.073,68.104,4.628,70.479
887.66,run:denoise,68.104,68.104,4.628,70.479
888.161,run:denoise,65.409,68.104,4.627,70.479
888.662,run:denoise,68.104,68.104,4.627,70.479
889.163,run:denoise,68.104,68.104,4.628,70.479
889.663,run:denoise,64.325,68.104,4.627,70.479
890.164,run:denoise,68.104,68.104,4.628,70.479
890.665,run:denoise,68.104,68.104,4.628,70.479
891.166,run:denoise,64.073,68.104,4.628,70.479
891.666,run:denoise,68.104,68.104,4.627,70.479
892.167,run:denoise,65.409,68.104,4.628,70.479
892.669,run:denoise,62.563,68.104,4.627,70.479
893.169,run:denoise,65.207,68.104,4.627,70.479
893.67,run:denoise,64.073,68.104,4.627,70.479
894.171,run:denoise,65.207,68.104,4.627,70.479
894.672,run:denoise,65.207,68.104,4.627,70.479
895.172,run:denoise,62.939,68.104,4.629,70.479
895.673,run:denoise,65.207,68.104,4.628,70.479
896.174,run:denoise,66.102,68.104,4.628,70.479
896.675,run:denoise,65.207,68.104,4.626,70.479
897.176,run:denoise,65.207,68.104,4.628,70.479
897.677,run:denoise,64.073,68.104,4.628,70.479
898.178,run:denoise,68.104,68.104,4.629,70.479
898.678,run:denoise,68.104,68.104,4.627,70.479
899.179,run:denoise,64.073,68.104,4.628,70.479
899.68,run:denoise,68.104,68.104,4.628,70.479
900.181,run:denoise,65.409,68.104,4.626,70.479
900.681,run:denoise,68.104,68.104,4.625,70.479
901.182,run:denoise,68.104,68.104,4.627,70.479
901.683,run:denoise,64.325,68.104,4.627,70.479
902.184,run:denoise,68.104,68.104,4.627,70.479
902.685,run:denoise,68.104,68.104,4.627,70.479
903.186,run:denoise,64.073,68.104,4.627,70.479
903.687,run:denoise,68.104,68.104,4.626,70.479
904.187,run:denoise,65.409,68.104,4.627,70.479
904.688,run:denoise,68.104,68.104,4.628,70.479
905.189,run:denoise,68.104,68.104,4.628,70.479
905.69,run:denoise,64.829,68.104,4.629,70.479
906.191,run:denoise,68.104,68.104,4.629,70.479
906.691,run:denoise,68.104,68.104,4.628,70.479
907.192,run:denoise,64.073,68.104,4.628,70.479
907.693,run:denoise,68.104,68.104,4.628,70.479
908.194,run:denoise,62.563,68.104,4.628,70.479
908.695,run:denoise,66.089,68.104,4.627,70.479
909.196,run:denoise,65.207,68.104,4.627,70.479
909.697,run:denoise,64.073,68.104,4.628,70.479
910.197,run:denoise,65.207,68.104,4.628,70.479
910.698,run:denoise,65.207,68.104,4.628,70.479
911.199,run:denoise,62.939,68.104,4.627,70.479
911.7,run:denoise,65.207,68.104,4.628,70.479
912.2,run:denoise,66.102,68.104,4.629,70.479
912.701,run:denoise,66.089,68.104,4.627,70.479
913.202,run:denoise,65.207,68.104,4.628,70.479
913.703,run:denoise,64.325,68.104,4.628,70.479
914.204,run:denoise,68.104,68.104,4.628,70.479
914.705,run:denoise,68.104,68.104,4.627,70.479
915.205,run:denoise,64.073,68.104,4.628,70.479
915.706,run:denoise,68.104,68.104,4.628,70.479
916.207,run:denoise,65.409,68.104,4.63,70.479
916.708,run:denoise,68.104,68.104,4.631,70.479
917.208,run:denoise,68.104,68.104,4.631,70.479
917.709,run:denoise,64.325,68.104,4.631,70.479
918.21,run:denoise,68.104,68.104,4.631,70.479
918.711,run:denoise,68.104,68.104,4.629,70.479
919.211,run:denoise,64.073,68.104,4.63,70.479
919.712,run:denoise,68.104,68.104,4.631,70.479
920.213,run:denoise,65.976,68.104,4.631,70.479
920.714,run:denoise,68.104,68.104,4.63,70.479
921.214,run:denoise,68.104,68.104,4.631,70.479
921.715,run:denoise,64.836,68.104,4.632,70.479
922.216,run:denoise,68.104,68.104,4.631,70.479
922.717,run:denoise,68.104,68.104,4.628,70.479
923.217,run:denoise,64.073,68.104,4.628,70.479
923.719,run:denoise,62.939,68.104,4.629,70.479
924.22,run:denoise,64.843,68.104,4.629,70.479
924.72,run:denoise,66.089,68.104,4.628,70.479
925.221,run:denoise,65.207,68.104,4.628,70.479
925.722,run:denoise,65.341,68.104,4.631,70.479
926.223,run:denoise,65.207,68.104,4.631,70.479
926.723,run:denoise,65.207,68.104,4.631,70.479
927.224,run:denoise,62.939,68.104,4.63,70.479
927.725,run:denoise,65.207,68.104,4.63,70.479
928.226,run:denoise,66.102,68.104,4.631,70.479
928.727,run:denoise,66.089,68.104,4.631,70.479
929.228,run:denoise,68.104,68.104,4.629,70.479
929.729,run:denoise,64.325,68.104,4.626,70.479
930.229,run:denoise,68.104,68.104,4.626,70.479
930.73,run:denoise,68.104,68.104,4.626,70.479
931.231,run:denoise,64.073,68.104,4.627,70.479
931.732,run:denoise,68.104,68.104,4.626,70.479
932.232,run:denoise,65.409,68.104,4.626,70.479
932.733,run:denoise,68.104,68.104,4.623,70.479
933.234,run:denoise,68.104,68.104,4.623,70.479
933.735,run:denoise,65.976,68.104,4.624,70.479
934.236,run:denoise,68.104,68.104,4.625,70.479
934.737,run:denoise,68.104,68.104,4.626,70.479
935.238,run:denoise,64.073,68.104,4.626,70.479
935.738,run:denoise,68.104,68.104,4.625,70.479
936.239,run:denoise,64.451,68.104,4.626,70.479
936.74,run:denoise,64.073,68.104,4.633,70.479
937.241,run:denoise,68.104,68.104,4.633,70.479
937.741,run:denoise,64.843,68.104,4.636,70.479
938.242,run:denoise,68.104,68.104,4.636,70.479
938.743,run:denoise,62.562,68.104,4.635,70.479
939.244,run:denoise,62.939,68.104,4.635,70.479
939.745,run:denoise,65.207,68.104,4.635,70.479
940.246,run:denoise,66.343,68.104,4.636,70.479
940.746,run:denoise,62.939,68.104,4.636,70.479
941.247,run:denoise,65.207,68.104,4.635,70.479
941.748,run:denoise,65.976,68.104,4.635,70.479
942.249,run:denoise,65.207,68.104,4.634,70.479
942.749,run:denoise,65.207,68.104,4.633,70.479
943.25,run:denoise,62.939,68.104,4.634,70.479
943.751,run:denoise,65.207,68.104,4.634,70.479
944.252,run:denoise,65.409,68.104,4.636,70.479
944.753,run:denoise,68.104,68.104,4.636,70.479
945.254,run:denoise,68.104,68.104,4.636,70.479
945.756,run:denoise,66.354,68.104,4.636,70.479
946.257,run:denoise,68.104,68.104,4.636,70.479
946.758,run:denoise,68.104,68.104,4.636,70.479
947.258,run:denoise,64.073,68.104,4.637,70.479
947.759,run:denoise,68.104,68.104,4.637,70.479
948.26,run:denoise,64.451,68.104,4.638,70.479
948.761,run:denoise,64.073,68.104,4.637,70.479
949.261,run:denoise,68.104,68.104,4.638,70.479
949.763,run:denoise,65.031,68.104,4.638,70.479
950.264,run:denoise,68.104,68.104,4.636,70.479
950.764,run:denoise,68.104,68.104,4.635,70.479
951.265,run:denoise,64.325,68.104,4.634,70.479
951.766,run:denoise,68.104,68.104,4.634,70.479
952.267,run:denoise,68.104,68.104,4.635,70.479
952.767,run:denoise,64.073,68.104,4.629,70.479
953.268,run:denoise,68.104,68.104,4.63,70.479
953.769,run:denoise,65.031,68.104,4.63,70.479
954.27,run:denoise,62.562,68.104,4.63,70.479
954.771,run:denoise,65.207,68.104,4.628,70.479
955.272,run:denoise,64.073,68.104,4.632,70.479
955.772,run:denoise,65.207,68.104,4.632,70.479
956.273,run:denoise,64.829,68.104,4.633,70.479
956.774,run:denoise,62.939,68.104,4.635,70.479
957.275,run:denoise,65.207,68.104,4.635,70.479
957.775,run:denoise,66.354,68.104,4.633,70.479
958.276,run:denoise,65.207,68.104,4.635,70.479
958.777,run:denoise,65.207,68.104,4.635,70.479
959.278,run:denoise,64.073,68.104,4.634,70.479
959.778,run:denoise,68.104,68.104,4.63,70.479
960.28,run:denoise,65.837,68.104,4.631,70.479
960.781,run:denoise,64.073,68.104,4.628,70.479
961.281,run:denoise,68.104,68.104,4.629,70.479
961.782,run:denoise,64.843,68.104,4.63,70.479
962.283,run:denoise,68.104,68.104,4.63,70.479
962.784,run:denoise,68.104,68.104,4.63,70.479
963.284,run:denoise,64.325,68.104,4.63,70.479
963.785,run:denoise,68.104,68.104,4.631,70.479
964.286,run:denoise,67.096,68.104,4.631,70.479
964.787,run:denoise,64.073,68.104,4.631,70.479
965.288,run:denoise,68.104,68.104,4.633,70.479
965.789,run:denoise,65.031,68.104,4.634,70.479
966.289,run:denoise,68.104,68.104,4.636,70.479
966.79,run:denoise,68.104,68.104,4.635,70.479
967.291,run:denoise,64.325,68.104,4.635,70.479
967.792,run:denoise,68.104,68.104,4.635,70.479
968.292,run:denoise,68.104,68.104,4.634,70.479
968.793,run:denoise,64.073,68.104,4.634,70.479
969.294,run:denoise,68.104,68.104,4.634,70.479
969.795,run:denoise,62.562,68.104,4.634,70.479
970.296,run:denoise,65.207,68.104,4.634,70.479
970.797,run:denoise,65.207,68.104,4.633,70.479
971.297,run:denoise,64.073,68.104,4.633,70.479
971.798,run:denoise,65.207,68.104,4.633,70.479
972.299,run:denoise,65.207,68.104,4.635,70.479
972.8,run:denoise,62.939,68.104,4.633,70.479
973.3,run:denoise,65.207,68.104,4.638,70.479
973.801,run:denoise,66.354,68.104,4.638,70.479
974.302,run:denoise,65.207,68.104,4.632,70.479
974.803,run:denoise,65.207,68.104,4.634,70.479
975.303,run:denoise,64.073,68.104,4.634,70.479
975.805,run:denoise,68.104,68.104,4.634,70.479
976.305,run:denoise,64.829,68.104,4.634,70.479
976.806,run:denoise,64.073,68.104,4.634,70.479
977.307,run:denoise,68.104,68.104,4.634,70.479
977.808,run:denoise,65.031,68.104,4.634,70.479
978.308,run:denoise,68.104,68.104,4.634,70.479
978.809,run:denoise,68.104,68.104,4.634,70.479
979.31,run:denoise,64.325,68.104,4.631,70.479
979.811,run:denoise,68.104,68.104,4.631,70.479
980.311,run:denoise,68.104,68.104,4.631,70.479
980.813,run:denoise,64.073,68.104,4.63,70.479
981.314,run:denoise,68.104,68.104,4.63,70.479
981.814,run:denoise,65.409,68.104,4.63,70.479
982.315,run:denoise,68.104,68.104,4.63,70.479
982.816,run:denoise,68.104,68.104,4.63,70.479
983.317,run:denoise,64.325,68.104,4.63,70.479
983.817,run:denoise,68.104,68.104,4.63,70.479
984.318,run:denoise,68.104,68.104,4.63,70.479
984.819,run:denoise,64.073,68.104,4.633,70.479
985.319,run:denoise,62.939,68.104,4.633,70.479
985.82,run:denoise,66.102,68.104,4.635,70.479
986.322,run:denoise,65.207,68.104,4.635,70.479
986.822,run:denoise,65.207,68.104,4.632,70.479
987.323,run:denoise,64.073,68.104,4.632,70.479
987.824,run:denoise,65.207,68.104,4.632,70.479
988.325,run:denoise,65.207,68.104,4.632,70.479
988.825,run:denoise,62.939,68.104,4.632,70.479
989.326,run:denoise,65.207,68.104,4.632,70.479
989.827,run:denoise,66.102,68.104,4.632,70.479
990.327,run:denoise,65.207,68.104,4.632,70.479
990.828,run:denoise,68.104,68.104,4.631,70.479
991.329,run:denoise,64.325,68.104,4.632,70.479
991.83,run:denoise,68.104,68.104,4.632,70.479
992.331,run:denoise,68.104,68.104,4.632,70.479
992.832,run:denoise,64.073,68.104,4.632,70.479
993.332,run:denoise,68.104,68.104,4.633,70.479
993.833,run:denoise,65.409,68.104,4.633,70.479
994.334,run:denoise,68.104,68.104,4.633,70.479
994.835,run:denoise,68.104,68.104,4.635,70.479
995.335,run:denoise,64.325,68.104,4.634,70.479
995.836,run:denoise,68.104,68.104,4.634,70.479
996.337,run:denoise,68.104,68.104,4.634,70.479
996.838,run:denoise,64.073,68.104,4.637,70.479
997.339,run:denoise,68.104,68.104,4.637,70.479
997.84,run:denoise,65.598,68.104,4.637,70.479
998.34,run:denoise,68.104,68.104,4.637,70.479
998.841,run:denoise,68.104,68.104,4.636,70.479
999.342,run:denoise,64.325,68.104,4.635,70.479
999.843,run:denoise,68.104,68.104,4.636,70.479
1000.343,run:denoise,62.562,68.104,4.633,70.479
1000.844,run:denoise,62.939,68.104,4.633,70.479
1001.345,run:denoise,65.207,68.104,4.633,70.479
1001.846,run:denoise,66.102,68.104,4.633,70.479
1002.347,run:denoise,66.089,68.104,4.633,70.479
1002.848,run:denoise,65.207,68.104,4.631,70.479
1003.348,run:denoise,64.073,68.104,4.631,70.479
1003.849,run:denoise,65.207,68.104,4.631,70.479
1004.35,run:denoise,65.207,68.104,4.631,70.479
1004.85,run:denoise,62.939,68.104,4.634,70.479
1005.351,run:denoise,65.207,68.104,4.633,70.479
1005.852,run:denoise,65.031,68.104,4.632,70.479
1006.353,run:denoise,68.104,68.104,4.633,70.479
1006.854,run:denoise,68.104,68.104,4.635,70.479
1007.355,run:denoise,64.325,68.104,4.636,70.479
1007.855,run:denoise,68.104,68.104,4.635,70.479
1008.356,run:denoise,68.104,68.104,4.635,70.479
1008.857,run:denoise,64.073,68.104,4.635,70.479
1009.358,run:denoise,68.104,68.104,4.634,70.479
1009.858,run:denoise,65.598,68.104,4.634,70.479
1010.359,run:denoise,68.104,68.104,4.634,70.479
1010.86,run:denoise,68.104,68.104,4.634,70.479
1011.361,run:denoise,64.836,68.104,4.635,70.479
1011.862,run:denoise,68.104,68.104,4.635,70.479
1012.363,run:denoise,68.104,68.104,4.635,70.479
1012.863,run:denoise,64.073,68.104,4.634,70.479
1013.364,run:denoise,68.104,68.104,4.635,70.479
1013.865,run:denoise,64.451,68.104,4.635,70.479
1014.366,run:denoise,64.073,68.104,4.635,70.479
1014.866,run:denoise,68.104,68.104,4.636,70.479
1015.367,run:denoise,64.843,68.104,4.638,70.479
1015.868,run:denoise,62.562,68.104,4.638,70.479
1016.369,run:denoise,65.207,68.104,4.638,70.479
1016.87,run:denoise,62.94,68.104,4.637,70.479
1017.371,run:denoise,65.207,68.104,4.636,70.479
1017.872,run:denoise,66.343,68.104,4.636,70.479
1018.372,run:denoise,62.939,68.104,4.637,70.479
1018.873,run:denoise,65.207,68.104,4.635,70.479
1019.374,run:denoise,65.976,68.104,4.637,70.479
1019.875,run:denoise,65.207,68.104,4.637,70.479
1020.375,run:denoise,65.207,68.104,4.637,70.479
1020.876,run:denoise,62.939,68.104,4.637,70.479
1021.377,run:denoise,68.104,68.104,4.638,70.479
1021.878,run:denoise,65.598,68.104,4.638,70.479
1022.379,run:denoise,68.104,68.104,4.638,70.479
1022.88,run:denoise,68.104,68.104,4.634,70.479
1023.38,run:denoise,64.843,68.104,4.634,70.479
1023.881,run:denoise,68.104,68.104,4.634,70.479
1024.382,run:denoise,68.104,68.104,4.634,70.479
1024.883,run:denoise,64.073,68.104,4.637,70.479
1025.383,run:denoise,68.104,68.104,4.636,70.479
1025.884,run:denoise,64.451,68.104,4.636,70.479
1026.385,run:denoise,64.073,68.104,4.636,70.479
1026.886,run:denoise,68.104,68.104,4.636,70.479
1027.386,run:denoise,65.031,68.104,4.636,70.479
1027.888,run:denoise,68.104,68.104,4.636,70.479
1028.388,run:denoise,68.104,68.104,4.636,70.479
1028.889,run:denoise,64.325,68.104,4.635,70.479
1029.39,run:denoise,68.104,68.104,4.636,70.479
1029.891,run:denoise,68.104,68.104,4.636,70.479
1030.391,run:denoise,64.073,68.104,4.633,70.479
1030.892,run:denoise,68.104,68.104,4.633,70.479
1031.393,run:denoise,62.562,68.104,4.633,70.479
1031.894,run:denoise,65.207,68.104,4.633,70.479
1032.394,run:denoise,65.207,68.104,4.633,70.479
1032.896,run:denoise,64.073,68.104,4.634,70.479
1033.396,run:denoise,65.207,68.104,4.634,70.479
1033.897,run:denoise,65.207,68.104,4.635,70.479
1034.398,run:denoise,62.939,68.104,4.638,70.479
1034.899,run:denoise,65.207,68.104,4.637,70.479
1035.399,run:denoise,66.354,68.104,4.637,70.479
1035.9,run:denoise,65.207,68.104,4.636,70.479
1036.401,run:denoise,65.207,68.104,4.636,70.479
1036.902,run:denoise,64.073,68.104,4.636,70.479
1037.402,run:denoise,68.104,68.104,4.639,70.479
1037.904,run:denoise,64.829,68.104,4.639,70.479
1038.404,run:denoise,64.073,68.104,4.639,70.479
1038.905,run:denoise,68.104,68.104,4.639,70.479
1039.406,run:denoise,65.031,68.104,4.633,70.479
1039.907,run:denoise,68.104,68.104,4.633,70.479
1040.407,run:denoise,68.104,68.104,4.633,70.479
1040.908,run:denoise,64.325,68.104,4.633,70.479
1041.409,run:denoise,68.104,68.104,4.633,70.479
1041.91,run:denoise,68.104,68.104,4.634,70.479
1042.41,run:denoise,64.073,68.104,4.634,70.479
1042.911,run:denoise,68.104,68.104,4.633,70.479
1043.413,run:denoise,65.409,68.104,4.634,70.479
1043.913,run:denoise,68.104,68.104,4.634,70.479
1044.414,run:denoise,68.104,68.104,4.634,70.479
1044.915,run:denoise,64.325,68.104,4.634,70.479
1045.416,run:denoise,68.104,68.104,4.635,70.479
1045.916,run:denoise,68.104,68.104,4.636,70.479
1046.417,run:denoise,64.073,68.104,4.637,70.479
1046.918,run:denoise,62.939,68.104,4.637,70.479
1047.419,run:denoise,66.102,68.104,4.637,70.479
1047.919,run:denoise,66.089,68.104,4.637,70.479
1048.421,run:denoise,65.207,68.104,4.637,70.479
1048.922,run:denoise,64.073,68.104,4.637,70.479
1049.422,run:denoise,65.207,68.104,4.637,70.479
1049.923,run:denoise,65.207,68.104,4.638,70.479
1050.424,run:denoise,62.939,68.104,4.638,70.479
1050.924,run:denoise,65.207,68.104,4.635,70.479
1051.425,run:denoise,66.102,68.104,4.635,70.479
1051.926,run:denoise,66.089,68.104,4.638,70.479
1052.427,run:denoise,68.104,68.104,4.638,70.479
1052.928,run:denoise,64.325,68.104,4.638,70.479
1053.428,run:denoise,68.104,68.104,4.636,70.479
1053.93,run:denoise,68.104,68.104,4.638,70.479
1054.43,run:denoise,64.073,68.104,4.639,70.479
1054.931,run:denoise,68.104,68.104,4.639,70.479
1055.432,run:denoise,65.409,68.104,4.638,70.479
1055.944,run:denoise,68.104,68.104,4.653,70.479
1056.445,run:denoise,68.104,68.104,4.639,70.479
1056.945,run:denoise,64.843,68.104,4.638,70.479
1057.446,run:denoise,68.104,68.104,4.639,70.479
1057.947,run:denoise,68.104,68.104,4.639,70.479
1058.448,run:denoise,64.073,68.104,4.64,70.479
1058.949,run:denoise,68.104,68.104,4.638,70.479
1059.45,run:denoise,64.829,68.104,4.638,70.479
1059.95,run:denoise,64.073,68.104,4.638,70.479
1060.451,run:denoise,68.104,68.104,4.638,70.479
1060.952,run:denoise,65.031,68.104,4.636,70.479
1061.453,run:denoise,68.104,68.104,4.635,70.479
1061.953,run:denoise,62.562,68.104,4.635,70.479
1062.454,run:denoise,64.073,68.104,4.636,70.479
1062.955,run:denoise,65.207,68.104,4.636,70.479
1063.456,run:denoise,64.451,68.104,4.636,70.479
1063.957,run:denoise,62.939,68.104,4.635,70.479
1064.458,run:denoise,65.207,68.104,4.635,70.479
1064.959,run:denoise,65.976,68.104,4.636,70.479
1065.459,run:denoise,65.207,68.104,4.636,70.479
1065.96,run:denoise,65.207,68.104,4.637,70.479
1066.461,run:denoise,62.939,68.104,4.637,70.479
1066.962,run:denoise,65.207,68.104,4.637,70.479
1067.462,run:denoise,65.409,68.104,4.636,70.479
1067.963,run:denoise,68.104,68.104,4.636,70.479
1068.464,run:denoise,68.104,68.104,4.636,70.479
1068.965,run:denoise,66.354,68.104,4.636,70.479
1069.466,run:denoise,68.104,68.104,4.635,70.479
1069.967,run:denoise,68.104,68.104,4.637,70.479
1070.468,run:denoise,64.073,68.104,4.637,70.479
1070.968,run:denoise,68.104,68.104,4.638,70.479
1071.469,run:denoise,64.451,68.104,4.638,70.479
1071.97,run:denoise,64.073,68.104,4.636,70.479
1072.471,run:denoise,68.104,68.104,4.635,70.479
1072.971,run:denoise,64.843,68.104,4.644,70.479
1073.472,run:denoise,68.104,68.104,4.646,70.479
1073.973,run:denoise,68.104,68.104,4.647,70.479
1074.474,run:denoise,63.821,68.104,4.648,70.479
1074.975,run:denoise,68.104,68.104,4.65,70.479
1075.476,run:denoise,66.089,68.104,4.65,70.479
1075.977,run:denoise,64.073,68.104,4.65,70.479
1076.477,run:denoise,68.104,68.104,4.659,70.479
1076.978,run:denoise,65.031,68.104,4.65,70.479
1077.479,run:denoise,62.562,68.104,4.649,70.479
1077.98,run:denoise,65.207,68.104,4.649,70.479
1078.48,run:denoise,64.073,68.104,4.65,70.479
1078.981,run:denoise,65.207,68.104,4.651,70.479
1079.482,run:denoise,64.829,68.104,4.651,70.479
1079.982,run:denoise,62.939,68.104,4.651,70.479
1080.483,run:denoise,65.207,68.104,4.655,70.479
1080.984,run:denoise,66.354,68.104,4.651,70.479
1081.485,run:denoise,65.207,68.104,4.651,70.479
1081.985,run:denoise,65.207,68.104,4.651,70.479
1082.486,run:denoise,64.073,68.104,4.651,70.479
1082.987,run:denoise,68.104,68.104,4.651,70.479
1083.488,run:denoise,66.343,68.104,4.649,70.479
1083.989,run:denoise,64.073,68.104,4.649,70.479
1084.489,run:denoise,68.104,68.104,4.652,70.479
1084.991,run:denoise,64.843,68.104,4.65,70.479
1085.491,run:denoise,68.104,68.104,4.65,70.479
1085.992,run:denoise,68.104,68.104,4.65,70.479
1086.493,run:denoise,64.325,68.104,4.653,70.479
1086.994,run:denoise,68.104,68.104,4.65,70.479
1087.494,run:denoise,68.104,68.104,4.65,70.479
1087.995,run:denoise,64.073,68.104,4.65,70.479
1088.496,run:denoise,68.104,68.104,4.654,70.479
1088.997,run:denoise,65.031,68.104,4.649,70.479
1089.497,run:denoise,68.104,68.104,4.65,70.479
1089.999,run:denoise,68.104,68.104,4.65,70.479
1090.499,run:denoise,64.325,68.104,4.647,70.479
1091.0,run:denoise,68.104,68.104,4.648,70.479
1091.501,run:denoise,68.104,68.104,4.648,70.479
1092.002,run:denoise,64.073,68.104,4.648,70.479
1092.502,run:denoise,68.104,68.104,4.653,70.479
1093.003,run:denoise,62.562,68.104,4.648,70.479
1093.504,run:denoise,65.207,68.104,4.648,70.479
1094.005,run:denoise,65.207,68.104,4.648,70.479
1094.505,run:denoise,64.073,68.104,4.651,70.479
1095.006,run:denoise,65.207,68.104,4.645,70.479
1095.507,run:denoise,65.207,68.104,4.646,70.479
1096.008,run:denoise,62.939,68.104,4.646,70.479
1096.508,run:denoise,65.207,68.104,4.65,70.479
1097.009,run:denoise,66.102,68.104,4.647,70.479
1097.51,run:denoise,65.207,68.104,4.647,70.479
1098.011,run:denoise,65.207,68.104,4.647,70.479
1098.511,run:denoise,64.451,68.104,4.646,70.479
1099.012,run:denoise,68.104,68.104,4.647,70.479
1099.513,run:denoise,68.104,68.104,4.647,70.479
1100.014,run:denoise,64.073,68.104,4.647,70.479
1100.515,run:denoise,68.104,68.104,4.645,70.479
1101.016,run:denoise,65.409,68.104,4.645,70.479
1101.516,run:denoise,68.104,68.104,4.645,70.479
1102.017,run:denoise,68.104,68.104,4.649,70.479
1102.518,run:denoise,64.325,68.104,4.651,70.479
1103.019,run:denoise,68.104,68.104,4.65,70.479
1103.519,run:denoise,68.104,68.104,4.65,70.479
1104.02,run:denoise,64.073,68.104,4.65,70.479
1104.521,run:denoise,68.104,68.104,4.651,70.479
1105.022,run:denoise,65.409,68.104,4.652,70.479
1105.523,run:denoise,68.104,68.104,4.652,70.479
1106.024,run:denoise,68.104,68.104,4.652,70.479
1106.525,run:denoise,65.031,68.104,4.647,70.479
1107.026,run:denoise,68.104,68.104,4.647,70.479
1107.526,run:denoise,68.104,68.104,4.648,70.479
1108.027,run:denoise,64.073,68.104,4.648,70.479
1108.528,run:denoise,62.939,68.104,4.649,70.479
1109.028,run:denoise,64.836,68.104,4.649,70.479
1109.529,run:denoise,66.089,68.104,4.649,70.479
1110.03,run:denoise,65.207,68.104,4.649,70.479
1110.531,run:denoise,64.451,68.104,4.649,70.479
1111.031,run:denoise,65.207,68.104,4.647,70.479
1111.532,run:denoise,65.207,68.104,4.646,70.479
1112.033,run:denoise,62.939,68.104,4.649,70.479
1112.534,run:denoise,65.207,68.104,4.646,70.479
1113.034,run:denoise,64.843,68.104,4.646,70.479
1113.535,run:denoise,66.089,68.104,4.647,70.479
1114.036,run:denoise,68.104,68.104,4.647,70.479
1114.537,run:denoise,64.325,68.104,4.648,70.479
1115.037,run:denoise,68.104,68.104,4.648,70.479
1115.538,run:denoise,68.104,68.104,4.648,70.479
1116.039,run:denoise,64.073,68.104,4.648,70.479
1116.54,run:denoise,68.104,68.104,4.648,70.479
1117.041,run:denoise,64.956,68.104,4.646,70.479
1117.542,run:denoise,65.207,68.104,4.646,70.479
1118.042,run:denoise,68.104,68.104,4.646,70.479
1118.543,run:denoise,64.843,68.104,4.648,70.479
1119.044,run:denoise,68.104,68.104,4.648,70.479
1119.545,run:denoise,68.104,68.104,4.647,70.479
1120.045,run:denoise,64.073,68.104,4.646,70.479
1120.546,run:denoise,68.104,68.104,4.647,70.479
1121.048,run:denoise,64.451,68.104,4.647,70.479
1121.548,run:denoise,64.073,68.104,4.647,70.479
1122.049,run:denoise,68.104,68.104,4.647,70.479
1122.55,run:denoise,64.843,68.104,4.644,70.479
1123.052,run:denoise,68.104,68.104,4.645,70.479
1123.553,run:denoise,62.562,68.104,4.645,70.479
1124.054,run:denoise,64.073,68.104,4.645,70.479
1124.554,run:denoise,65.207,68.104,4.65,70.479
1125.055,run:denoise,64.451,68.104,4.651,70.479
1125.556,run:denoise,62.939,68.104,4.651,70.479
1126.056,run:denoise,65.207,68.104,4.651,70.479
1126.558,run:denoise,65.976,68.104,4.651,70.479
1127.059,run:denoise,65.207,68.104,4.652,70.479
1127.559,run:denoise,65.207,68.104,4.652,70.479
1128.06,run:denoise,63.318,68.104,4.652,70.479
1128.561,run:denoise,65.207,68.104,4.652,70.479
1129.062,run:denoise,65.598,68.104,4.652,70.479
1129.562,run:denoise,64.829,68.104,4.652,70.479
1130.063,run:denoise,68.104,68.104,4.652,70.479
1130.564,run:denoise,64.843,68.104,4.645,70.479
1131.065,run:denoise,68.104,68.104,4.645,70.479
1131.566,run:denoise,68.104,68.104,4.645,70.479
1132.067,run:denoise,63.821,68.104,4.645,70.479
1132.567,run:denoise,68.104,68.104,4.645,70.479
1133.068,run:denoise,67.096,68.104,4.646,70.479
1133.569,run:denoise,64.073,68.104,4.645,70.479
1134.07,run:denoise,68.104,68.104,4.646,70.479
1134.57,run:denoise,65.031,68.104,4.646,70.479
1135.071,run:denoise,68.104,68.104,4.646,70.479
1135.572,run:denoise,68.104,68.104,4.646,70.479
1136.073,run:denoise,64.325,68.104,4.646,70.479
1136.574,run:denoise,68.104,68.104,4.646,70.479
1137.075,run:denoise,68.104,68.104,4.647,70.479
1137.576,run:denoise,64.073,68.104,4.646,70.479
1138.076,run:denoise,68.104,68.104,4.646,70.479
1138.577,run:denoise,65.409,68.104,4.646,70.479
1139.078,run:denoise,62.563,68.104,4.647,70.479
1139.58,run:denoise,65.207,68.104,4.647,70.479
1140.08,run:denoise,64.073,68.104,4.647,70.479
1140.581,run:denoise,65.207,68.104,4.647,70.479
1141.082,run:denoise,65.207,68.104,4.648,70.479
1141.583,run:denoise,62.939,68.104,4.647,70.479
1142.084,run:denoise,65.207,68.104,4.647,70.479
1142.585,run:denoise,66.102,68.104,4.646,70.479
1143.086,run:denoise,66.089,68.104,4.647,70.479
1143.586,run:denoise,65.207,68.104,4.647,70.479
1144.087,run:denoise,64.073,68.104,4.648,70.479
1144.588,run:denoise,68.104,68.104,4.65,70.479
1145.089,run:denoise,68.104,68.104,4.651,70.479
1145.589,run:denoise,64.073,68.104,4.651,70.479
1146.09,run:denoise,68.104,68.104,4.651,70.479
1146.591,run:denoise,65.409,68.104,4.651,70.479
1147.092,run:denoise,68.104,68.104,4.65,70.479
1147.593,run:denoise,68.104,68.104,4.65,70.479
1148.094,run:denoise,65.341,68.104,4.65,70.479
1148.595,run:denoise,68.104,68.104,4.65,70.479
1149.095,run:denoise,68.104,68.104,4.65,70.479
1149.596,run:denoise,64.073,68.104,4.649,70.479
1150.097,run:denoise,68.104,68.104,4.649,70.479
1150.598,run:denoise,65.839,68.104,4.65,70.479
1151.098,run:denoise,64.073,68.104,4.649,70.479
1151.599,run:denoise,68.104,68.104,4.649,70.479
1152.1,run:denoise,64.843,68.104,4.649,70.479
1152.601,run:denoise,68.104,68.104,4.647,70.479
1153.101,run:denoise,68.104,68.104,4.649,70.479
1153.602,run:denoise,64.073,68.104,4.649,70.479
1154.103,run:denoise,68.104,68.104,4.649,70.479
1159.96,free:denoise,0.05,68.104,4.573,1.285
1160.461,load:decode,0.265,68.104,4.573,1.471
1160.962,load:decode,0.903,68.104,4.576,4.236
1161.463,load:decode,1.826,68.104,4.578,4.238
1161.963,load:decode,3.389,68.104,4.582,4.59
1162.506,load:decode,5.328,68.104,4.584,6.526
1163.007,load:decode,8.83,68.104,4.589,10.043
1163.509,load:decode,10.314,68.104,4.585,11.527
1164.009,run:decode,14.907,68.104,4.792,16.678
1164.51,run:decode,14.986,68.104,4.792,16.736
1165.011,run:decode,15.061,68.104,4.793,16.795
1165.511,run:decode,15.154,68.104,4.793,16.873
1166.012,run:decode,15.12,68.104,4.794,17.147
1166.513,run:decode,15.168,68.104,4.795,17.147
1167.014,run:decode,15.226,68.104,4.795,17.147
1167.515,run:decode,15.277,68.104,4.795,17.147
1168.015,run:decode,15.304,68.104,4.795,17.303
1168.516,run:decode,15.414,68.104,4.795,17.303
1169.017,run:decode,15.486,68.104,4.795,17.303
1169.518,run:decode,15.54,68.104,4.794,17.303
1170.018,run:decode,15.581,68.104,4.794,17.361
1170.519,run:decode,15.464,68.104,4.793,17.596
1171.02,run:decode,15.567,68.104,4.794,17.596
1171.521,run:decode,15.604,68.104,4.797,17.596
1172.022,run:decode,15.662,68.104,4.797,17.596
1172.522,run:decode,15.583,68.104,4.793,17.752
1173.023,run:decode,15.613,68.104,4.793,17.752
1173.524,run:decode,15.719,68.104,4.793,17.752
1174.025,run:decode,15.74,68.104,4.793,17.752
1174.525,run:decode,15.652,68.104,4.793,17.908
1175.026,run:decode,15.659,68.104,4.793,17.908
1175.527,run:decode,15.769,68.104,4.794,17.908
1176.027,run:decode,15.879,68.104,4.794,17.908
1176.528,run:decode,15.746,68.104,4.795,17.908
1177.029,run:decode,15.818,68.104,4.795,17.908
1177.53,run:decode,15.895,68.104,4.795,17.908
1178.031,run:decode,15.919,68.104,4.796,17.908
1178.532,run:decode,11.043,68.104,4.795,18.69
1179.032,run:decode,11.758,68.104,5.743,18.69
1179.533,run:decode,11.758,68.104,6.449,18.69
1180.034,run:decode,11.758,68.104,7.177,18.69
1180.535,run:decode,11.758,68.104,7.719,18.69
1181.036,run:decode,11.758,68.104,8.437,18.69
1181.536,run:decode,11.758,68.104,9.008,18.69
1182.037,run:decode,11.758,68.104,6.675,18.69
1182.539,run:decode,11.758,68.104,6.898,18.69
1183.04,run:decode,10.557,68.104,5.311,18.69
1183.541,encode_mp4,0.051,68.104,5.497,1.315
1184.042,encode_mp4,0.051,68.104,5.76,1.315
1184.543,encode_mp4,0.051,68.104,6.098,1.315
1185.045,encode_mp4,0.051,68.104,6.247,1.315
1185.546,encode_mp4,0.051,68.104,6.249,1.315
1186.047,encode_mp4,0.051,68.104,6.043,1.315
1186.548,encode_mp4,0.051,68.104,6.288,1.315
1186.797,init,0.051,68.104,5.404,1.315
