t_rel,phase,hbm_alloc_gib,hbm_peak_gib,host_used_gib,nvml_used_gib
3.441,init,0.0,0.0,3.295,0.687
3.946,init,0.0,0.0,3.301,0.687
4.457,init,0.0,0.0,3.306,0.687
4.959,init,0.0,0.0,3.306,0.687
5.46,init,0.0,0.0,3.307,0.687
5.961,init,0.0,0.0,3.32,0.687
6.462,init,0.0,0.0,3.334,0.687
6.988,init,0.0,0.0,3.366,0.687
7.491,init,0.0,0.0,3.384,0.687
7.991,init,0.0,0.0,3.437,0.687
8.602,init,0.0,0.0,3.5,0.687
9.123,init,0.0,0.0,3.512,0.687
9.645,init,0.0,0.0,3.53,0.687
10.213,free:before_encode,0.0,0.0,3.55,0.687
10.751,load:text_encoder,1.449,62.133,3.811,63.248
11.252,load:text_encoder,3.142,62.133,3.785,63.248
11.752,load:text_encoder,3.142,62.133,3.786,63.248
12.253,load:text_encoder,3.142,62.133,3.786,63.248
12.754,load:text_encoder,3.142,62.133,3.762,63.248
13.255,load:text_encoder,3.142,62.133,3.763,63.248
13.755,load:text_encoder,3.142,62.133,3.764,63.248
14.256,load:text_encoder,3.63,62.133,3.763,63.248
14.757,load:text_encoder,3.63,62.133,3.762,63.248
15.258,load:text_encoder,3.63,62.133,3.765,63.248
15.758,load:text_encoder,3.63,62.133,3.766,63.248
16.259,load:text_encoder,3.63,62.133,3.766,63.248
16.76,load:text_encoder,3.63,62.133,3.764,63.248
17.261,load:text_encoder,3.63,62.133,3.768,63.248
17.761,load:text_encoder,3.63,62.133,3.768,63.248
18.262,load:text_encoder,3.63,62.133,3.768,63.248
18.763,load:text_encoder,3.63,62.133,3.767,63.248
19.264,load:text_encoder,3.63,62.133,3.77,63.248
19.765,load:text_encoder,3.64,62.133,3.769,63.248
20.265,load:text_encoder,3.64,62.133,3.77,63.248
20.766,load:text_encoder,4.05,62.133,3.77,63.248
21.267,load:text_encoder,4.539,62.133,3.772,63.248
21.767,load:text_encoder,4.539,62.133,3.773,63.248
22.268,load:text_encoder,4.627,62.133,3.771,63.248
22.769,load:text_encoder,4.627,62.133,3.77,63.248
23.27,load:text_encoder,4.959,62.133,3.774,63.248
23.771,load:text_encoder,5.447,62.133,3.774,63.248
24.271,load:text_encoder,5.447,62.133,3.774,63.248
24.772,load:text_encoder,5.447,62.133,3.774,63.248
25.273,load:text_encoder,5.457,62.133,3.776,63.248
25.774,load:text_encoder,5.623,62.133,3.775,63.248
26.274,load:text_encoder,6.355,62.133,3.774,63.248
26.775,load:text_encoder,6.355,62.133,3.78,63.248
27.276,load:text_encoder,6.355,62.133,3.784,63.248
27.776,load:text_encoder,6.443,62.133,3.784,63.248
28.277,load:text_encoder,6.443,62.133,3.783,63.248
28.778,load:text_encoder,7.019,62.133,3.785,63.248
29.279,load:text_encoder,7.263,62.133,3.787,63.248
29.78,load:text_encoder,7.263,62.133,3.788,63.248
30.281,load:text_encoder,7.273,62.133,3.789,63.248
30.781,load:text_encoder,7.273,62.133,3.789,63.248
31.282,load:text_encoder,7.683,62.133,3.79,63.248
31.783,load:text_encoder,8.172,62.133,3.795,63.248
32.284,load:text_encoder,8.172,62.133,3.794,63.248
32.784,load:text_encoder,8.172,62.133,3.799,63.248
33.285,load:text_encoder,8.259,62.133,3.799,63.248
33.786,load:text_encoder,8.347,62.133,3.8,63.248
34.287,load:text_encoder,9.08,62.133,3.797,63.248
34.787,load:text_encoder,9.08,62.133,3.802,63.248
35.289,load:text_encoder,9.08,62.133,3.81,63.248
35.789,load:text_encoder,9.168,62.133,3.81,63.248
36.29,load:text_encoder,9.246,62.133,3.809,63.248
36.791,load:text_encoder,9.988,62.133,3.809,63.248
37.291,load:text_encoder,9.988,62.133,3.81,63.248
37.792,load:text_encoder,9.988,62.133,3.812,63.248
38.293,load:text_encoder,9.998,62.133,3.812,63.248
38.794,load:text_encoder,9.998,62.133,3.812,63.248
39.294,load:text_encoder,10.408,62.133,3.814,63.248
39.795,load:text_encoder,10.896,62.133,3.815,63.248
40.296,load:text_encoder,10.896,62.133,3.815,63.248
40.797,load:text_encoder,10.896,62.133,3.816,63.248
41.298,load:text_encoder,10.906,62.133,3.815,63.248
41.798,load:text_encoder,11.072,62.133,3.816,63.248
42.299,load:text_encoder,11.804,62.133,3.816,63.248
42.8,load:text_encoder,11.804,62.133,3.818,63.248
43.301,load:text_encoder,11.804,62.133,3.819,63.248
43.801,load:text_encoder,11.814,62.133,3.82,63.248
44.302,load:text_encoder,11.98,62.133,3.819,63.248
44.803,load:text_encoder,12.713,62.133,3.819,63.248
45.303,load:text_encoder,12.713,62.133,3.821,63.248
45.804,load:text_encoder,12.713,62.133,3.822,63.248
46.305,load:text_encoder,12.722,62.133,3.821,63.248
46.806,load:text_encoder,12.722,62.133,3.823,63.248
47.307,load:text_encoder,13.133,62.133,3.823,63.248
47.808,load:text_encoder,13.621,62.133,3.825,63.248
48.308,load:text_encoder,13.621,62.133,3.824,63.248
48.809,load:text_encoder,13.621,62.133,3.824,63.248
49.31,load:text_encoder,13.709,62.133,3.826,63.248
49.812,load:text_encoder,13.797,62.133,3.817,63.248
50.313,load:text_encoder,14.529,62.133,3.817,63.248
50.813,load:text_encoder,14.529,62.133,3.816,63.248
51.314,load:text_encoder,14.529,62.133,3.813,63.248
51.815,load:text_encoder,14.617,62.133,3.816,63.248
52.316,load:text_encoder,14.705,62.133,3.815,63.248
52.817,load:text_encoder,15.437,62.133,3.814,63.248
53.317,load:text_encoder,15.437,62.133,3.816,63.248
53.818,load:text_encoder,15.437,62.133,3.816,63.248
54.319,load:text_encoder,15.447,62.133,3.817,63.248
54.82,load:text_encoder,15.447,62.133,3.818,63.248
55.32,load:text_encoder,15.857,62.133,3.818,63.248
55.821,load:text_encoder,16.346,62.133,3.816,63.248
56.322,load:text_encoder,16.346,62.133,3.816,63.248
56.822,load:text_encoder,16.433,62.133,3.816,63.248
57.324,load:text_encoder,16.433,62.133,3.818,63.248
57.824,load:text_encoder,16.765,62.133,3.819,63.248
58.325,load:text_encoder,17.254,62.133,3.818,63.248
58.826,load:text_encoder,17.254,62.133,3.82,63.248
59.327,load:text_encoder,17.254,62.133,3.823,63.248
59.827,load:text_encoder,17.342,62.133,3.823,63.248
60.328,load:text_encoder,17.43,62.133,3.821,63.248
60.829,load:text_encoder,18.162,62.133,3.821,63.248
61.329,load:text_encoder,18.162,62.133,3.821,63.248
61.83,load:text_encoder,18.162,62.133,3.823,63.248
62.331,load:text_encoder,18.25,62.133,3.823,63.248
62.832,load:text_encoder,18.25,62.133,3.824,63.248
63.333,load:text_encoder,18.826,62.133,3.824,63.248
63.835,load:text_encoder,19.07,62.133,3.822,63.248
64.335,load:text_encoder,19.07,62.133,3.826,63.248
64.836,load:text_encoder,19.158,62.133,3.825,63.248
65.337,load:text_encoder,19.158,62.133,3.826,63.248
65.838,load:text_encoder,19.49,62.133,3.826,63.248
66.338,load:text_encoder,19.978,62.133,3.826,63.248
66.839,load:text_encoder,19.978,62.133,3.826,63.248
67.34,load:text_encoder,19.978,62.133,3.828,63.248
67.841,load:text_encoder,19.988,62.133,3.828,63.248
68.342,load:text_encoder,20.154,62.133,3.828,63.248
68.843,load:text_encoder,20.887,62.133,3.828,63.248
69.344,load:text_encoder,20.887,62.133,3.83,63.248
69.844,load:text_encoder,20.887,62.133,3.83,63.248
70.345,load:text_encoder,20.896,62.133,3.831,63.248
70.846,load:text_encoder,21.062,62.133,3.83,63.248
71.346,load:text_encoder,21.795,62.133,3.829,63.248
71.847,load:text_encoder,21.795,62.133,3.83,63.248
72.348,load:text_encoder,21.795,62.133,3.83,63.248
72.849,load:text_encoder,21.883,62.133,3.83,63.248
73.349,load:text_encoder,21.883,62.133,3.829,63.248
73.851,load:text_encoder,21.971,62.133,3.829,63.248
74.351,load:text_encoder,22.703,62.133,3.832,63.248
74.852,load:text_encoder,22.703,62.133,3.832,63.248
75.353,load:text_encoder,22.703,62.133,3.831,63.248
75.853,load:text_encoder,22.713,62.133,3.832,63.248
76.354,load:text_encoder,22.879,62.133,3.831,63.248
76.855,load:text_encoder,23.611,62.133,3.832,63.248
77.356,load:text_encoder,23.611,62.133,3.834,63.248
77.856,load:text_encoder,23.611,62.133,3.834,63.248
78.357,load:text_encoder,23.699,62.133,3.834,63.248
78.858,load:text_encoder,23.787,62.133,3.834,63.248
79.359,load:text_encoder,24.52,62.133,3.834,63.248
79.86,load:text_encoder,24.52,62.133,3.835,63.248
80.361,load:text_encoder,24.52,62.133,3.836,63.248
80.861,load:text_encoder,24.529,62.133,3.837,63.248
81.362,load:text_encoder,24.529,62.133,3.836,63.248
81.863,load:text_encoder,24.939,62.133,3.836,63.248
82.363,load:text_encoder,25.428,62.133,3.839,63.248
82.864,load:text_encoder,25.428,62.133,3.839,63.248
83.365,load:text_encoder,25.428,62.133,3.839,63.248
83.866,load:text_encoder,25.438,62.133,3.839,63.248
84.366,load:text_encoder,25.848,62.133,3.839,63.248
84.867,load:text_encoder,26.336,62.133,3.839,63.248
85.368,load:text_encoder,26.336,62.133,3.839,63.248
85.869,load:text_encoder,26.336,62.133,3.84,63.248
86.37,load:text_encoder,26.424,62.133,3.841,63.248
86.87,load:text_encoder,26.502,62.133,3.84,63.248
87.371,load:text_encoder,27.244,62.133,3.839,63.248
87.872,load:text_encoder,27.244,62.133,3.84,63.248
88.373,load:text_encoder,27.244,62.133,3.842,63.248
88.873,load:text_encoder,27.254,62.133,3.842,63.248
89.374,load:text_encoder,27.254,62.133,3.843,63.248
89.875,load:text_encoder,27.42,62.133,3.843,63.248
90.376,load:text_encoder,28.152,62.133,3.844,63.248
90.877,load:text_encoder,28.152,62.133,3.843,63.248
91.378,load:text_encoder,28.162,62.133,3.843,63.248
91.878,load:text_encoder,28.162,62.133,3.843,63.248
92.379,load:text_encoder,28.572,62.133,3.845,63.248
92.88,load:text_encoder,29.061,62.133,3.843,63.248
93.381,load:text_encoder,29.061,62.133,3.842,63.248
93.881,load:text_encoder,29.061,62.133,3.843,63.248
94.382,load:text_encoder,29.149,62.133,3.846,63.248
94.883,load:text_encoder,29.227,62.133,3.846,63.248
95.384,load:text_encoder,29.969,62.133,3.844,63.248
95.884,load:text_encoder,29.969,62.133,3.844,63.248
96.386,load:text_encoder,29.969,62.133,3.845,63.248
96.886,load:text_encoder,30.057,62.133,3.845,63.248
97.387,load:text_encoder,30.135,62.133,3.846,63.248
97.888,load:text_encoder,30.633,62.133,3.846,63.248
98.388,load:text_encoder,30.877,62.133,3.847,63.248
98.889,load:text_encoder,30.877,62.133,3.848,63.248
99.39,load:text_encoder,30.965,62.133,3.85,63.248
99.891,load:text_encoder,30.965,62.133,3.85,63.248
100.391,load:text_encoder,31.297,62.133,3.85,63.248
100.892,load:text_encoder,31.785,62.133,3.852,63.248
101.393,load:text_encoder,31.785,62.133,3.85,63.248
101.894,load:text_encoder,31.785,62.133,3.85,63.248
102.395,load:text_encoder,31.795,62.133,3.851,63.248
102.896,load:text_encoder,31.961,62.133,3.851,63.248
103.396,load:text_encoder,32.694,62.133,3.851,63.248
103.897,load:text_encoder,32.694,62.133,3.85,63.248
104.398,load:text_encoder,32.694,62.133,3.854,63.248
104.899,load:text_encoder,32.781,62.133,3.856,63.248
105.399,load:text_encoder,32.869,62.133,3.855,63.248
105.9,load:text_encoder,33.602,62.133,3.854,63.248
106.401,load:text_encoder,33.602,62.133,3.854,63.248
106.901,load:text_encoder,33.602,62.133,3.853,63.248
107.403,load:text_encoder,33.612,62.133,3.855,63.248
107.903,load:text_encoder,33.612,62.133,3.855,63.248
108.404,load:text_encoder,33.778,62.133,3.856,63.248
108.905,load:text_encoder,34.51,62.133,3.853,63.248
109.406,load:text_encoder,34.51,62.133,3.855,63.248
109.906,load:text_encoder,34.51,62.133,3.856,63.248
110.407,load:text_encoder,34.598,62.133,3.856,63.248
110.908,load:text_encoder,34.686,62.133,3.857,63.248
111.409,load:text_encoder,35.418,62.133,3.855,63.248
111.909,load:text_encoder,35.418,62.133,3.857,63.248
112.41,load:text_encoder,35.418,62.133,3.863,63.248
112.911,load:text_encoder,35.506,62.133,3.864,63.248
113.412,load:text_encoder,35.594,62.133,3.857,63.248
113.913,load:text_encoder,36.326,62.133,3.857,63.248
114.414,load:text_encoder,36.326,62.133,3.858,63.248
114.914,load:text_encoder,36.326,62.133,3.858,63.248
115.415,load:text_encoder,36.414,62.133,3.857,63.248
115.916,load:text_encoder,36.414,62.133,3.856,63.248
116.417,load:text_encoder,36.746,62.133,3.856,63.248
116.917,load:text_encoder,37.235,62.133,3.858,63.248
117.418,load:text_encoder,37.235,62.133,3.86,63.248
117.919,load:text_encoder,37.235,62.133,3.861,63.248
118.42,load:text_encoder,37.323,62.133,3.861,63.248
118.921,load:text_encoder,37.655,62.133,3.862,63.248
119.421,load:text_encoder,38.143,62.133,3.863,63.248
119.922,load:text_encoder,38.143,62.133,3.863,63.248
120.423,load:text_encoder,38.143,62.133,3.864,63.248
120.924,load:text_encoder,38.231,62.133,3.865,63.248
121.425,load:text_encoder,38.309,62.133,3.865,63.248
121.925,load:text_encoder,39.051,62.133,3.863,63.248
122.426,load:text_encoder,39.051,62.133,3.863,63.248
122.927,load:text_encoder,39.051,62.133,3.864,63.248
123.427,load:text_encoder,39.061,62.133,3.866,63.248
123.929,load:text_encoder,39.061,62.133,3.866,63.248
124.43,load:text_encoder,39.471,62.133,3.867,63.248
124.93,load:text_encoder,39.959,62.133,3.866,63.248
125.431,load:text_encoder,39.959,62.133,3.865,63.248
125.932,load:text_encoder,40.047,62.133,3.864,63.248
126.432,load:text_encoder,40.047,62.133,3.863,63.248
126.933,load:text_encoder,40.135,62.133,3.865,63.248
127.434,load:text_encoder,40.868,62.133,3.866,63.248
127.935,load:text_encoder,40.868,62.133,3.865,63.248
128.435,load:text_encoder,40.868,62.133,3.865,63.248
128.936,load:text_encoder,40.955,62.133,3.867,63.248
129.437,load:text_encoder,41.043,62.133,3.868,63.248
129.938,load:text_encoder,41.776,62.133,3.868,63.248
130.439,load:text_encoder,41.776,62.133,3.868,63.248
130.94,load:text_encoder,41.776,62.133,3.87,63.248
131.44,load:text_encoder,41.786,62.133,3.869,63.248
131.941,load:text_encoder,41.942,62.133,3.87,63.248
132.442,load:text_encoder,42.684,62.133,3.869,63.248
132.942,load:text_encoder,42.684,62.133,3.871,63.248
133.443,load:text_encoder,42.684,62.133,3.872,63.248
133.944,load:text_encoder,42.694,62.133,3.871,63.248
134.445,load:text_encoder,42.694,62.133,3.873,63.248
134.946,load:text_encoder,42.86,62.133,3.871,63.248
135.447,load:text_encoder,43.592,62.133,3.87,63.248
135.948,load:text_encoder,43.592,62.133,3.87,63.248
136.448,load:text_encoder,43.592,62.133,3.87,63.248
136.949,load:text_encoder,43.68,62.133,3.87,63.248
137.45,load:text_encoder,43.768,62.133,3.873,63.248
137.951,load:text_encoder,44.5,62.133,3.873,63.248
138.451,load:text_encoder,44.5,62.133,3.874,63.248
138.952,load:text_encoder,44.5,62.133,3.875,63.248
139.453,load:text_encoder,44.51,62.133,3.876,63.248
139.954,load:text_encoder,44.676,62.133,3.877,63.248
140.454,load:text_encoder,45.409,62.133,3.877,63.248
140.956,load:text_encoder,45.409,62.133,3.878,63.248
141.456,load:text_encoder,45.409,62.133,3.877,63.248
141.957,load:text_encoder,45.418,62.133,3.876,63.248
142.458,load:text_encoder,45.418,62.133,3.876,63.248
142.959,load:text_encoder,45.584,62.133,3.875,63.248
143.459,load:text_encoder,46.317,62.133,3.88,63.248
143.96,load:text_encoder,46.317,62.133,3.878,63.248
144.461,load:text_encoder,46.317,62.133,3.881,63.248
144.962,load:text_encoder,46.405,62.133,3.88,63.248
145.462,load:text_encoder,46.493,62.133,3.883,63.248
145.963,load:text_encoder,47.225,62.133,3.88,63.248
146.465,load:text_encoder,47.225,62.133,3.88,63.248
146.965,load:text_encoder,47.225,62.133,3.879,63.248
147.466,load:text_encoder,47.313,62.133,3.882,63.248
147.967,load:text_encoder,47.401,62.133,3.881,63.248
148.468,load:text_encoder,48.133,62.133,3.88,63.248
148.968,load:text_encoder,48.133,62.133,3.88,63.248
149.469,load:text_encoder,48.133,62.133,3.883,63.248
149.97,load:text_encoder,48.221,62.133,3.883,63.248
150.471,load:text_encoder,48.221,62.133,3.884,63.248
150.971,load:text_encoder,48.553,62.133,3.883,63.248
151.472,load:text_encoder,49.042,62.133,3.884,63.248
151.973,load:text_encoder,49.042,62.133,3.885,63.248
152.474,load:text_encoder,49.051,62.133,3.885,63.248
152.975,load:text_encoder,49.051,62.133,3.885,63.248
153.476,load:text_encoder,49.461,62.133,3.886,63.248
153.976,load:text_encoder,49.95,62.133,3.885,63.248
154.477,load:text_encoder,49.95,62.133,3.888,63.248
154.978,load:text_encoder,49.95,62.133,3.887,63.248
155.479,load:text_encoder,50.038,62.133,3.846,63.248
155.979,load:text_encoder,50.116,62.133,3.844,63.248
156.48,load:text_encoder,50.858,62.133,3.846,63.248
156.981,load:text_encoder,50.858,62.133,3.846,63.248
157.482,load:text_encoder,50.858,62.133,3.85,63.248
157.983,load:text_encoder,50.868,62.133,3.849,63.248
158.484,load:text_encoder,50.868,62.133,3.849,63.248
158.985,load:text_encoder,51.034,62.133,3.849,63.248
159.485,load:text_encoder,51.766,62.133,3.851,63.248
159.986,load:text_encoder,51.766,62.133,3.85,63.248
160.487,load:text_encoder,51.854,62.133,3.851,63.248
160.987,load:text_encoder,51.854,62.133,3.854,63.248
161.488,load:text_encoder,51.942,62.133,3.856,63.248
161.989,load:text_encoder,52.674,62.133,3.855,63.248
162.49,load:text_encoder,52.674,62.133,3.855,63.248
162.991,load:text_encoder,52.674,62.133,3.856,63.248
163.492,load:text_encoder,52.684,62.133,3.859,63.248
163.993,load:text_encoder,52.85,62.133,3.854,63.248
164.493,load:text_encoder,53.583,62.133,3.854,63.248
164.994,load:text_encoder,53.583,62.133,3.854,63.248
165.495,load:text_encoder,53.583,62.133,3.857,63.248
165.995,load:text_encoder,53.592,62.133,3.86,63.248
166.496,load:text_encoder,53.749,62.133,3.861,63.248
166.997,load:text_encoder,54.491,62.133,3.861,63.248
167.498,load:text_encoder,54.491,62.133,3.862,63.248
167.998,load:text_encoder,54.491,62.133,3.861,63.248
168.5,load:text_encoder,54.501,62.133,3.862,63.248
169.0,load:text_encoder,54.501,62.133,3.876,63.248
169.501,load:text_encoder,54.911,62.133,3.885,63.248
170.002,load:text_encoder,55.399,62.133,3.884,63.248
170.503,load:text_encoder,55.399,62.133,3.884,63.248
171.003,load:text_encoder,55.399,62.133,3.886,63.248
171.504,load:text_encoder,55.409,62.133,3.964,63.248
172.005,load:text_encoder,55.575,62.133,3.962,63.248
172.506,load:text_encoder,56.307,62.133,3.963,63.248
173.006,load:text_encoder,56.307,62.133,3.963,63.248
173.507,load:text_encoder,56.307,62.133,3.964,63.248
174.008,load:text_encoder,56.395,62.133,3.965,63.248
174.509,load:text_encoder,56.483,62.133,3.967,63.248
175.01,load:text_encoder,57.216,62.133,3.967,63.248
175.511,load:text_encoder,57.216,62.133,3.964,63.248
176.011,load:text_encoder,57.216,62.133,3.967,63.248
176.512,load:text_encoder,57.225,62.133,3.967,63.248
177.013,load:text_encoder,57.225,62.133,3.967,63.248
177.514,load:text_encoder,57.391,62.133,3.968,63.248
178.014,load:text_encoder,58.124,62.133,3.969,63.248
178.515,load:text_encoder,58.124,62.133,3.969,63.248
179.016,load:text_encoder,58.124,62.133,3.972,63.248
179.517,load:text_encoder,58.134,62.133,3.971,63.248
180.018,load:text_encoder,58.3,62.133,3.971,63.248
180.519,load:text_encoder,59.032,62.133,3.971,63.248
181.02,load:text_encoder,59.032,62.133,3.97,63.248
181.52,load:text_encoder,59.032,62.133,3.972,63.248
182.021,load:text_encoder,59.12,62.133,3.972,63.248
182.522,load:text_encoder,59.208,62.133,3.972,63.248
183.023,load:text_encoder,59.94,62.133,3.972,63.248
183.524,load:text_encoder,59.94,62.133,3.973,63.248
184.025,load:text_encoder,59.94,62.133,3.973,63.248
184.526,load:text_encoder,59.95,62.133,3.974,63.248
185.027,load:text_encoder,59.95,62.133,3.972,63.248
185.528,load:text_encoder,60.116,62.133,3.972,63.248
186.029,load:text_encoder,60.848,62.133,3.972,63.248
186.529,load:text_encoder,60.848,62.133,3.973,63.248
187.03,load:text_encoder,60.936,62.133,3.973,63.248
187.531,load:text_encoder,60.936,62.133,3.976,63.248
188.032,load:text_encoder,61.024,62.133,3.974,63.248
188.532,load:text_encoder,61.129,62.133,3.973,63.248
189.034,load:text_encoder,61.308,62.133,3.974,63.248
189.535,load:text_encoder,61.478,62.133,3.973,63.248
190.036,load:text_encoder,61.649,62.133,3.975,63.248
190.536,load:text_encoder,61.874,62.133,3.975,63.25
191.037,load:text_encoder,62.041,62.133,3.974,63.25
192.731,load:text_encoder,62.133,62.133,3.857,63.25
193.344,load:text_encoder,62.133,62.133,3.995,63.25
193.846,run:text_encoder,62.133,62.133,4.113,63.324
194.346,run:text_encoder,62.142,62.142,4.254,63.336
194.891,free:text_encoder,0.008,62.161,4.376,1.211
195.392,load:vae_encoder,0.063,62.161,4.376,1.367
195.892,load:vae_encoder,0.245,62.161,4.377,1.442
196.393,load:vae_encoder,0.478,62.161,4.377,1.682
196.902,load:vae_encoder,0.572,62.161,4.381,4.203
197.403,load:vae_encoder,0.783,62.161,4.384,4.203
197.904,load:vae_encoder,1.033,62.161,4.382,4.203
198.405,load:vae_encoder,1.283,62.161,4.382,4.203
198.905,load:vae_encoder,1.534,62.161,4.382,4.203
199.406,load:vae_encoder,1.643,62.161,4.383,4.203
199.907,load:vae_encoder,1.862,62.161,4.384,4.203
200.408,load:vae_encoder,2.096,62.161,4.385,4.203
200.908,load:vae_encoder,2.284,62.161,4.384,4.203
201.409,load:vae_encoder,2.534,62.161,4.386,4.203
201.91,load:vae_encoder,2.612,62.161,4.385,4.203
202.411,load:vae_encoder,2.784,62.161,4.385,4.203
202.912,load:vae_encoder,3.034,62.161,4.385,4.242
203.412,load:vae_encoder,3.128,62.161,4.387,4.32
203.913,load:vae_encoder,3.347,62.161,4.387,4.555
204.414,load:vae_encoder,3.535,62.161,4.387,4.731
204.915,load:vae_encoder,3.644,62.161,4.386,4.848
205.415,load:vae_encoder,3.847,62.161,4.386,5.043
205.916,load:vae_encoder,4.035,62.161,4.386,5.238
206.417,load:vae_encoder,4.16,62.161,4.388,5.356
206.918,load:vae_encoder,4.348,62.161,4.388,5.553
207.419,load:vae_encoder,4.535,62.161,4.391,5.729
207.919,load:vae_encoder,4.785,62.161,4.392,5.983
208.42,load:vae_encoder,4.848,62.161,4.393,6.041
208.921,load:vae_encoder,5.035,62.161,4.393,6.236
209.422,load:vae_encoder,5.286,62.161,4.394,6.49
209.923,load:vae_encoder,5.286,62.161,4.386,6.49
210.424,load:vae_encoder,5.536,62.161,4.386,6.744
210.924,load:vae_encoder,5.786,62.161,4.388,6.979
211.425,load:vae_encoder,5.849,62.161,4.386,7.057
211.926,load:vae_encoder,6.036,62.161,4.387,7.233
212.426,load:vae_encoder,6.286,62.161,4.387,7.486
212.927,load:vae_encoder,6.364,62.161,4.387,7.565
213.428,load:vae_encoder,6.536,62.161,4.387,7.74
213.929,load:vae_encoder,6.787,62.161,4.387,7.994
214.43,load:vae_encoder,6.88,62.161,4.39,8.072
214.931,load:vae_encoder,7.099,62.161,4.389,8.307
215.431,load:vae_encoder,7.287,62.161,4.387,8.483
215.932,load:vae_encoder,7.396,62.161,4.388,8.6
216.433,load:vae_encoder,7.599,62.161,4.39,8.795
216.933,load:vae_encoder,7.787,62.161,4.39,8.992
217.434,load:vae_encoder,7.912,62.161,4.39,9.109
217.935,load:vae_encoder,8.1,62.161,4.391,9.305
218.436,load:vae_encoder,8.287,62.161,4.391,9.481
218.936,load:vae_encoder,8.537,62.161,4.392,9.734
219.438,load:vae_encoder,8.6,62.161,4.393,9.793
219.938,load:vae_encoder,8.788,62.161,4.394,9.988
220.439,load:vae_encoder,9.038,62.161,4.395,10.242
220.94,load:vae_encoder,9.116,62.161,4.396,10.32
221.441,load:vae_encoder,9.288,62.161,4.395,10.496
221.941,load:vae_encoder,9.538,62.161,4.396,10.731
222.442,load:vae_encoder,9.637,62.161,4.398,10.848
222.943,load:vae_encoder,9.822,62.161,4.399,11.024
223.443,load:vae_encoder,10.059,62.161,4.391,11.258
223.944,load:vae_encoder,10.167,62.161,4.391,11.375
224.554,free:vae_encoder,0.008,62.161,4.393,11.473
225.055,load:denoise,0.177,62.161,4.415,32.07
225.555,load:denoise,0.662,62.161,4.415,32.07
226.056,load:denoise,0.662,62.161,4.415,32.07
226.557,load:denoise,0.806,62.161,4.413,32.07
227.058,load:denoise,0.949,62.161,4.411,32.07
227.558,load:denoise,1.236,62.161,4.412,32.07
228.059,load:denoise,1.38,62.161,4.413,32.07
228.56,load:denoise,1.865,62.161,4.413,32.072
229.062,load:denoise,1.865,62.161,4.413,32.072
229.562,load:denoise,1.865,62.161,4.417,32.072
230.063,load:denoise,2.008,62.161,4.417,32.072
230.564,load:denoise,2.152,62.161,4.415,32.072
231.065,load:denoise,2.439,62.161,4.416,32.072
231.565,load:denoise,2.582,62.161,4.417,32.072
232.066,load:denoise,3.067,62.161,4.416,32.072
232.567,load:denoise,3.067,62.161,4.418,32.072
233.068,load:denoise,3.067,62.161,4.419,32.072
233.569,load:denoise,3.211,62.161,4.419,32.072
234.069,load:denoise,3.354,62.161,4.418,32.072
234.57,load:denoise,3.641,62.161,4.42,32.072
235.071,load:denoise,3.785,62.161,4.42,32.072
235.571,load:denoise,3.928,62.161,4.422,32.072
236.072,load:denoise,4.072,62.161,4.421,32.072
236.573,load:denoise,4.359,62.161,4.422,32.072
237.074,load:denoise,4.503,62.161,4.421,32.072
237.574,load:denoise,4.987,62.161,4.416,32.072
238.075,load:denoise,4.987,62.161,4.415,32.072
238.576,load:denoise,4.987,62.161,4.416,32.072
239.076,load:denoise,5.472,62.161,4.416,32.072
239.577,load:denoise,5.472,62.161,4.417,32.072
240.078,load:denoise,5.472,62.161,4.416,32.072
240.579,load:denoise,5.616,62.161,4.417,32.072
241.079,load:denoise,5.759,62.161,4.416,32.072
241.58,load:denoise,6.046,62.161,4.416,32.072
242.081,load:denoise,6.19,62.161,4.416,32.072
242.582,load:denoise,6.675,62.161,4.419,32.072
243.082,load:denoise,6.675,62.161,4.418,32.072
243.583,load:denoise,6.675,62.161,4.417,32.072
244.084,load:denoise,6.818,62.161,4.417,32.072
244.585,load:denoise,6.962,62.161,4.417,32.072
245.085,load:denoise,7.249,62.161,4.416,32.072
245.586,load:denoise,7.392,62.161,4.416,32.072
246.087,load:denoise,7.877,62.161,4.416,32.072
246.588,load:denoise,7.877,62.161,4.417,32.072
247.089,load:denoise,7.877,62.161,4.419,32.072
247.59,load:denoise,8.021,62.161,4.42,32.072
248.09,load:denoise,8.164,62.161,4.42,32.072
248.591,load:denoise,8.451,62.161,4.42,32.072
249.092,load:denoise,8.595,62.161,4.421,32.072
249.592,load:denoise,8.667,62.161,4.422,32.072
250.093,load:denoise,8.882,62.161,4.422,32.072
250.594,load:denoise,9.367,62.161,4.414,32.072
251.095,load:denoise,9.367,62.161,4.415,32.072
251.595,load:denoise,9.367,62.161,4.415,32.072
252.096,load:denoise,9.51,62.161,4.415,32.072
252.597,load:denoise,9.941,62.161,4.415,32.072
253.098,load:denoise,9.941,62.161,4.415,32.072
253.598,load:denoise,10.084,62.161,4.416,32.072
254.099,load:denoise,10.641,62.161,4.416,32.072
254.6,load:denoise,10.641,62.161,4.417,32.072
255.101,load:denoise,10.641,62.161,4.417,32.072
255.602,load:denoise,10.928,62.161,4.416,32.072
256.102,load:denoise,10.928,62.161,4.416,32.072
256.603,load:denoise,11.072,62.161,4.417,32.072
257.104,load:denoise,11.556,62.161,4.418,32.072
257.605,load:denoise,11.556,62.161,4.421,32.072
258.105,load:denoise,11.628,62.161,4.421,32.072
258.606,load:denoise,11.772,62.161,4.419,32.072
259.107,load:denoise,12.13,62.161,4.42,32.072
259.608,load:denoise,12.13,62.161,4.421,32.072
260.109,load:denoise,12.274,62.161,4.421,32.072
260.61,load:denoise,12.759,62.161,4.421,32.074
261.11,load:denoise,12.759,62.161,4.422,32.074
261.611,load:denoise,12.83,62.161,4.423,32.074
262.112,load:denoise,12.974,62.161,4.422,32.074
262.612,load:denoise,13.333,62.161,4.422,32.074
263.113,load:denoise,13.333,62.161,4.423,32.074
263.614,load:denoise,13.476,62.161,4.422,32.074
264.115,load:denoise,13.961,62.161,4.414,32.074
264.616,load:denoise,13.961,62.161,4.416,32.074
265.116,load:denoise,13.961,62.161,4.416,32.074
265.617,load:denoise,14.176,62.161,4.414,32.074
266.118,load:denoise,14.464,62.161,4.415,32.074
266.619,load:denoise,14.607,62.161,4.415,32.074
267.119,load:denoise,15.092,62.161,4.417,32.074
267.62,load:denoise,15.092,62.161,4.417,32.074
268.122,load:denoise,15.092,62.161,4.417,32.074
268.622,load:denoise,15.164,62.161,4.418,32.074
269.123,load:denoise,15.379,62.161,4.419,32.074
269.624,load:denoise,15.666,62.161,4.421,32.074
270.125,load:denoise,15.81,62.161,4.422,32.074
270.625,load:denoise,16.294,62.161,4.421,32.074
271.126,load:denoise,16.294,62.161,4.421,32.074
271.627,load:denoise,16.294,62.161,4.421,32.074
272.128,load:denoise,16.366,62.161,4.422,32.074
272.628,load:denoise,16.581,62.161,4.423,32.074
273.13,load:denoise,16.869,62.161,4.423,32.074
273.63,load:denoise,16.869,62.161,4.422,32.074
274.131,load:denoise,17.084,62.161,4.422,32.074
274.632,load:denoise,17.227,62.161,4.423,32.074
275.133,load:denoise,17.586,62.161,4.424,32.074
275.633,load:denoise,17.586,62.161,4.424,32.074
276.134,load:denoise,17.73,62.161,4.424,32.074
276.635,load:denoise,18.215,62.161,4.417,32.074
277.136,load:denoise,18.215,62.161,4.418,32.074
277.636,load:denoise,18.699,62.161,4.42,32.074
278.137,load:denoise,18.699,62.161,4.418,32.074
278.638,load:denoise,18.699,62.161,4.419,32.074
279.139,load:denoise,18.771,62.161,4.419,32.074
279.639,load:denoise,18.986,62.161,4.419,32.074
280.14,load:denoise,19.273,62.161,4.418,32.074
280.641,load:denoise,19.273,62.161,4.417,32.074
281.142,load:denoise,19.902,62.161,4.42,32.074
281.643,load:denoise,19.902,62.161,4.42,32.074
282.144,load:denoise,19.902,62.161,4.419,32.074
282.644,load:denoise,19.973,62.161,4.418,32.074
283.145,load:denoise,20.189,62.161,4.421,32.074
283.646,load:denoise,20.476,62.161,4.421,32.074
284.147,load:denoise,20.476,62.161,4.42,32.074
284.647,load:denoise,21.104,62.161,4.421,32.074
285.148,load:denoise,21.104,62.161,4.423,32.074
285.649,load:denoise,21.104,62.161,4.423,32.074
286.15,load:denoise,21.176,62.161,4.422,32.074
286.651,load:denoise,21.32,62.161,4.423,32.074
287.151,load:denoise,21.678,62.161,4.427,32.074
287.652,load:denoise,21.678,62.161,4.424,32.074
288.153,load:denoise,21.894,62.161,4.422,32.074
288.654,load:denoise,22.037,62.161,4.424,32.074
289.154,load:denoise,22.594,62.161,4.422,32.074
289.655,load:denoise,22.594,62.161,4.417,32.074
290.156,load:denoise,22.594,62.161,4.419,32.074
290.657,load:denoise,22.881,62.161,4.419,32.074
291.157,load:denoise,22.881,62.161,4.424,32.074
291.658,load:denoise,23.509,62.161,4.339,32.074
292.159,load:denoise,23.509,62.161,4.339,32.074
292.66,load:denoise,23.509,62.161,4.339,32.074
293.161,load:denoise,23.581,62.161,4.338,32.074
293.661,load:denoise,23.724,62.161,4.338,32.074
294.162,load:denoise,24.083,62.161,4.338,32.074
294.663,load:denoise,24.083,62.161,4.337,32.074
295.164,load:denoise,24.227,62.161,4.336,32.074
295.664,load:denoise,24.712,62.161,4.338,32.076
296.165,load:denoise,24.712,62.161,4.338,32.076
296.666,load:denoise,24.783,62.161,4.338,32.076
297.167,load:denoise,24.927,62.161,4.341,32.076
297.667,load:denoise,25.286,62.161,4.339,32.076
298.168,load:denoise,25.286,62.161,4.34,32.076
298.669,load:denoise,25.429,62.161,4.341,32.076
299.17,load:denoise,25.914,62.161,4.343,32.076
299.671,load:denoise,25.914,62.161,4.343,32.076
300.171,load:denoise,25.986,62.161,4.342,32.076
300.672,load:denoise,26.129,62.161,4.342,32.076
301.173,load:denoise,26.488,62.161,4.344,32.076
301.674,load:denoise,26.488,62.161,4.345,32.076
302.174,load:denoise,26.632,62.161,4.345,32.076
302.675,load:denoise,27.188,62.161,4.337,32.076
303.176,load:denoise,27.188,62.161,4.335,32.076
303.676,load:denoise,27.188,62.161,4.338,32.076
304.177,load:denoise,27.332,62.161,4.338,32.076
304.678,load:denoise,27.691,62.161,4.338,32.076
305.179,load:denoise,27.691,62.161,4.338,32.076
305.679,load:denoise,27.834,62.161,4.338,32.076
306.18,load:denoise,28.319,62.161,4.338,32.076
306.682,load:denoise,28.319,62.161,4.34,32.076
307.182,load:denoise,28.391,62.161,4.341,32.076
307.683,load:denoise,28.534,62.161,4.341,32.076
308.184,load:denoise,28.893,62.161,4.34,32.076
308.685,load:denoise,28.893,62.161,4.341,32.076
309.185,load:denoise,29.037,62.161,4.34,32.076
309.686,load:denoise,29.521,62.161,4.343,32.076
310.187,load:denoise,29.521,62.161,4.341,32.076
310.687,load:denoise,29.593,62.161,4.341,32.076
311.188,load:denoise,29.737,62.161,4.343,32.076
311.689,load:denoise,30.096,62.161,4.342,32.076
312.19,load:denoise,30.096,62.161,4.343,32.076
312.691,load:denoise,30.239,62.161,4.345,32.076
313.192,load:denoise,30.455,62.161,4.344,32.076
313.692,load:denoise,30.814,62.161,4.344,32.076
314.193,load:denoise,30.814,62.161,4.344,32.076
314.694,load:denoise,30.957,62.161,4.344,32.154
315.195,load:denoise,31.442,62.161,4.335,32.643
315.695,load:denoise,31.442,62.161,4.337,32.643
316.196,load:denoise,31.442,62.161,4.338,32.643
316.697,load:denoise,31.926,62.161,4.338,33.131
317.198,load:denoise,31.926,62.161,4.339,33.131
317.698,load:denoise,31.926,62.161,4.341,33.131
318.199,load:denoise,32.142,62.161,4.34,33.346
318.7,load:denoise,32.501,62.161,4.341,33.697
319.201,load:denoise,32.501,62.161,4.339,33.697
319.702,load:denoise,32.644,62.161,4.342,33.854
320.202,load:denoise,33.129,62.161,4.342,34.322
320.703,load:denoise,33.129,62.161,4.342,34.322
321.204,load:denoise,33.129,62.161,4.343,34.322
321.705,load:denoise,33.344,62.161,4.344,34.537
322.205,load:denoise,33.703,62.161,4.346,34.908
322.706,load:denoise,33.703,62.161,4.344,34.908
323.207,load:denoise,33.847,62.161,4.343,35.045
323.708,load:denoise,34.331,62.161,4.343,35.533
324.208,load:denoise,34.331,62.161,4.343,35.533
324.71,load:denoise,34.331,62.161,4.344,35.533
325.21,load:denoise,34.547,62.161,4.344,35.748
325.711,load:denoise,34.906,62.161,4.344,36.1
326.212,load:denoise,34.906,62.161,4.346,36.1
326.713,load:denoise,35.049,62.161,4.346,36.256
327.214,load:denoise,35.193,62.161,4.347,36.393
327.742,load:denoise,35.336,62.161,4.34,36.529
328.242,load:denoise,35.821,62.161,4.341,37.018
328.743,load:denoise,35.821,62.161,4.341,37.018
329.244,load:denoise,36.108,62.161,4.343,37.311
329.745,load:denoise,36.108,62.161,4.342,37.311
330.246,load:denoise,36.252,62.161,4.342,37.447
330.746,load:denoise,36.736,62.161,4.344,37.938
331.247,load:denoise,36.736,62.161,4.342,37.938
331.748,load:denoise,36.736,62.161,4.341,37.938
332.249,load:denoise,36.952,62.161,4.344,38.152
332.75,load:denoise,37.311,62.161,4.344,38.524
333.25,load:denoise,37.311,62.161,4.345,38.524
333.751,load:denoise,37.454,62.161,4.346,38.66
334.252,load:denoise,37.939,62.161,4.345,39.149
334.753,load:denoise,37.939,62.161,4.344,39.149
335.253,load:denoise,37.939,62.161,4.344,39.149
335.754,load:denoise,38.154,62.161,4.345,39.363
336.255,load:denoise,38.513,62.161,4.347,39.715
336.755,load:denoise,38.513,62.161,4.347,39.715
337.257,load:denoise,38.657,62.161,4.348,39.852
337.757,load:denoise,39.141,62.161,4.349,40.34
338.258,load:denoise,39.141,62.161,4.35,40.34
338.759,load:denoise,39.141,62.161,4.349,40.34
339.26,load:denoise,39.357,62.161,4.353,40.555
339.76,load:denoise,39.715,62.161,4.355,40.926
340.261,load:denoise,39.715,62.161,4.354,40.926
340.762,load:denoise,39.859,62.161,4.354,41.063
341.263,load:denoise,40.416,62.161,4.346,41.609
341.763,load:denoise,40.416,62.161,4.346,41.609
342.264,load:denoise,40.416,62.161,4.348,41.609
342.765,load:denoise,40.559,62.161,4.348,41.766
343.266,load:denoise,40.918,62.161,4.35,42.117
343.766,load:denoise,40.918,62.161,4.35,42.117
344.267,load:denoise,41.062,62.161,4.349,42.274
344.768,load:denoise,41.546,62.161,4.351,42.742
345.269,load:denoise,41.546,62.161,4.354,42.742
345.77,load:denoise,41.546,62.161,4.356,42.742
346.271,load:denoise,41.762,62.161,4.357,42.957
346.772,load:denoise,42.12,62.161,4.358,43.328
347.272,load:denoise,42.12,62.161,4.359,43.328
347.773,load:denoise,42.264,62.161,4.359,43.465
348.274,load:denoise,42.749,62.161,4.361,43.953
348.775,load:denoise,42.749,62.161,4.363,43.953
349.275,load:denoise,42.749,62.161,4.364,43.953
349.776,load:denoise,42.892,62.161,4.363,44.09
350.277,load:denoise,43.323,62.161,4.364,44.52
350.778,load:denoise,43.323,62.161,4.364,44.52
351.279,load:denoise,43.466,62.161,4.365,44.676
351.779,load:denoise,43.61,62.161,4.365,44.813
352.28,load:denoise,43.754,62.161,4.367,44.949
352.781,load:denoise,44.041,62.161,4.368,45.242
353.282,load:denoise,44.184,62.161,4.367,45.379
353.782,load:denoise,44.669,62.161,4.359,45.867
354.283,load:denoise,44.669,62.161,4.359,45.867
354.784,load:denoise,44.669,62.161,4.358,45.867
355.285,load:denoise,45.154,62.161,4.363,46.356
355.785,load:denoise,45.154,62.161,4.361,46.356
356.286,load:denoise,45.154,62.161,4.361,46.356
356.787,load:denoise,45.297,62.161,4.363,46.492
357.288,load:denoise,45.728,62.161,4.362,46.922
357.789,load:denoise,45.728,62.161,4.362,46.922
358.289,load:denoise,45.871,62.161,4.363,47.078
358.79,load:denoise,46.356,62.161,4.36,47.567
359.291,load:denoise,46.356,62.161,4.363,47.567
359.792,load:denoise,46.356,62.161,4.364,47.567
360.292,load:denoise,46.5,62.161,4.365,47.703
360.794,load:denoise,46.93,62.161,4.368,48.133
361.295,load:denoise,46.93,62.161,4.366,48.133
361.796,load:denoise,47.074,62.161,4.368,48.27
362.296,load:denoise,47.559,62.161,4.368,48.758
362.798,load:denoise,47.559,62.161,4.37,48.758
363.298,load:denoise,47.559,62.161,4.372,48.758
363.799,load:denoise,47.702,62.161,4.369,48.895
364.3,load:denoise,48.133,62.161,4.371,49.344
364.801,load:denoise,48.133,62.161,4.37,49.344
365.301,load:denoise,48.276,62.161,4.372,49.481
365.802,load:denoise,48.42,62.161,4.373,49.617
366.303,load:denoise,48.563,62.161,4.372,49.774
366.804,load:denoise,49.048,62.161,4.371,50.244
367.304,load:denoise,49.048,62.161,4.366,50.244
367.805,load:denoise,49.335,62.161,4.368,50.537
368.306,load:denoise,49.335,62.161,4.369,50.537
368.806,load:denoise,49.479,62.161,4.371,50.674
369.307,load:denoise,49.964,62.161,4.368,51.162
369.808,load:denoise,49.964,62.161,4.369,51.162
370.309,load:denoise,49.964,62.161,4.369,51.162
370.81,load:denoise,50.107,62.161,4.371,51.318
371.311,load:denoise,50.251,62.161,4.371,51.455
371.811,load:denoise,50.538,62.161,4.371,51.748
372.312,load:denoise,50.681,62.161,4.372,51.885
372.813,load:denoise,51.166,62.161,4.376,52.373
373.314,load:denoise,51.166,62.161,4.373,52.373
373.814,load:denoise,51.166,62.161,4.375,52.373
374.315,load:denoise,51.31,62.161,4.374,52.51
374.816,load:denoise,51.453,62.161,4.374,52.666
375.317,load:denoise,51.74,62.161,4.371,52.94
375.818,load:denoise,51.884,62.161,4.374,53.096
376.319,load:denoise,52.368,62.161,4.375,53.565
376.819,load:denoise,52.368,62.161,4.376,53.565
377.32,load:denoise,52.368,62.161,4.377,53.565
377.821,load:denoise,52.512,62.161,4.377,53.721
378.322,load:denoise,52.656,62.161,4.378,53.858
378.822,load:denoise,52.943,62.161,4.378,54.151
379.323,load:denoise,53.086,62.161,4.38,54.287
379.934,load:denoise,53.158,62.161,4.372,54.365
380.435,load:denoise,53.643,62.161,4.373,54.854
380.935,load:denoise,53.643,62.161,4.372,54.854
381.436,load:denoise,53.715,62.161,4.374,54.912
381.937,load:denoise,54.145,62.161,4.374,55.342
382.437,load:denoise,54.145,62.161,4.375,55.342
382.938,load:denoise,54.289,62.161,4.375,55.498
383.439,load:denoise,54.773,62.161,4.375,55.967
383.94,load:denoise,54.773,62.161,4.374,55.967
384.441,load:denoise,54.773,62.161,4.375,55.967
384.942,load:denoise,54.917,62.161,4.375,56.123
385.443,load:denoise,55.348,62.161,4.375,56.553
385.943,load:denoise,55.348,62.161,4.375,56.553
386.444,load:denoise,55.491,62.161,4.376,56.69
386.945,load:denoise,55.976,62.161,4.377,57.178
387.446,load:denoise,55.976,62.161,4.378,57.178
387.946,load:denoise,55.976,62.161,4.379,57.178
388.447,load:denoise,56.119,62.161,4.379,57.315
388.948,load:denoise,56.55,62.161,4.382,57.744
389.449,load:denoise,56.55,62.161,4.381,57.744
389.95,load:denoise,56.694,62.161,4.382,57.901
390.451,load:denoise,56.837,62.161,4.382,58.037
390.951,load:denoise,56.981,62.161,4.383,58.174
391.452,load:denoise,57.268,62.161,4.382,58.467
391.953,load:denoise,57.411,62.161,4.384,58.623
392.454,load:denoise,57.483,62.161,4.377,58.682
392.954,load:denoise,57.699,62.161,4.377,58.897
393.455,load:denoise,57.986,62.161,4.377,59.19
393.956,load:denoise,58.129,62.161,4.377,59.326
394.457,load:denoise,58.201,62.161,4.378,59.404
394.957,load:denoise,58.345,62.161,4.378,59.541
395.458,load:denoise,58.703,62.161,4.38,59.912
395.959,load:denoise,58.703,62.161,4.38,59.912
396.46,load:denoise,58.847,62.161,4.379,60.049
396.961,load:denoise,59.332,62.161,4.379,60.537
397.462,load:denoise,59.332,62.161,4.38,60.537
397.962,load:denoise,59.816,62.161,4.382,61.026
398.463,load:denoise,59.816,62.161,4.382,61.026
398.964,load:denoise,59.816,62.161,4.384,61.026
399.465,load:denoise,59.888,62.161,4.384,61.084
399.965,load:denoise,60.104,62.161,4.384,61.299
400.466,load:denoise,60.391,62.161,4.385,61.592
400.967,load:denoise,60.391,62.161,4.387,61.592
401.468,load:denoise,61.019,62.161,4.387,62.219
401.969,load:denoise,61.019,62.161,4.388,62.219
402.469,load:denoise,61.019,62.161,4.389,62.219
402.97,load:denoise,61.091,62.161,4.39,62.297
403.471,load:denoise,61.306,62.161,4.388,62.512
403.972,load:denoise,61.593,62.161,4.389,62.805
404.472,load:denoise,61.593,62.161,4.39,62.805
405.005,load:denoise,61.737,62.161,4.384,62.942
405.506,run:denoise,65.327,68.09,4.511,70.596
406.006,run:denoise,62.926,68.09,4.511,70.596
406.507,run:denoise,65.327,68.09,4.511,70.596
407.008,run:denoise,62.926,68.09,4.511,70.596
407.508,run:denoise,63.304,68.09,4.509,70.596
408.009,run:denoise,62.926,68.09,4.509,70.596
408.51,run:denoise,62.926,68.09,4.509,70.596
409.011,run:denoise,62.926,68.09,4.509,70.596
409.512,run:denoise,62.926,68.09,4.51,70.596
410.013,run:denoise,67.083,68.09,4.51,70.596
410.513,run:denoise,62.926,68.09,4.51,70.596
411.014,run:denoise,64.438,68.09,4.511,70.596
411.515,run:denoise,62.926,68.09,4.512,70.596
412.016,run:denoise,65.697,68.09,4.513,70.596
412.516,run:denoise,62.926,68.09,4.513,70.596
413.017,run:denoise,65.585,68.09,4.513,70.596
413.518,run:denoise,62.926,68.09,4.51,70.596
414.018,run:denoise,65.327,68.09,4.511,70.596
414.52,run:denoise,62.926,68.09,4.51,70.596
415.02,run:denoise,65.327,68.09,4.509,70.596
415.521,run:denoise,61.779,68.09,4.512,70.596
416.022,run:denoise,61.779,68.09,4.512,70.596
416.524,run:denoise,61.779,68.09,4.512,70.596
417.025,run:denoise,61.779,68.09,4.512,70.596
417.525,run:denoise,61.779,68.09,4.514,70.596
418.026,run:denoise,61.779,68.09,4.514,70.596
418.527,run:denoise,61.779,68.09,4.514,70.596
419.028,run:denoise,61.779,68.09,4.516,70.596
419.53,run:denoise,61.779,68.09,4.515,70.596
420.03,run:denoise,61.779,68.09,4.515,70.596
420.531,run:denoise,61.779,68.09,4.515,70.596
421.032,run:denoise,61.779,68.09,4.515,70.596
421.533,run:denoise,61.779,68.09,4.515,70.596
422.033,run:denoise,61.779,68.09,4.515,70.596
422.534,run:denoise,62.94,68.104,4.519,70.596
423.035,run:denoise,62.94,68.104,4.519,70.596
423.535,run:denoise,62.94,68.104,4.52,70.596
424.036,run:denoise,64.451,68.104,4.519,70.596
424.537,run:denoise,62.94,68.104,4.519,70.596
425.038,run:denoise,65.711,68.104,4.52,70.596
425.538,run:denoise,62.94,68.104,4.519,70.596
426.039,run:denoise,65.598,68.104,4.518,70.596
426.54,run:denoise,62.94,68.104,4.518,70.596
427.041,run:denoise,65.341,68.104,4.519,70.596
427.541,run:denoise,62.94,68.104,4.52,70.596
428.042,run:denoise,65.341,68.104,4.52,70.596
428.543,run:denoise,62.94,68.104,4.52,70.596
429.043,run:denoise,62.94,68.104,4.52,70.596
429.544,run:denoise,62.94,68.104,4.52,70.596
430.046,run:denoise,62.94,68.104,4.52,70.596
430.546,run:denoise,64.829,68.104,4.52,70.596
431.047,run:denoise,62.94,68.104,4.521,70.596
431.548,run:denoise,64.073,68.104,4.521,70.596
432.049,run:denoise,62.94,68.104,4.522,70.596
432.549,run:denoise,61.779,68.104,4.522,70.596
433.05,run:denoise,62.939,68.104,4.522,70.596
433.551,run:denoise,63.695,68.104,4.521,70.596
434.051,run:denoise,67.096,68.104,4.521,70.596
434.552,run:denoise,63.695,68.104,4.521,70.596
435.054,run:denoise,67.096,68.104,4.521,70.596
435.554,run:denoise,67.096,68.104,4.521,70.596
436.055,run:denoise,67.096,68.104,4.519,70.596
436.556,run:denoise,67.096,68.104,4.519,70.596
437.056,run:denoise,65.031,68.104,4.519,70.596
437.557,run:denoise,67.096,68.104,4.52,70.596
438.058,run:denoise,64.836,68.104,4.519,70.596
438.559,run:denoise,67.096,68.104,4.519,70.596
439.059,run:denoise,63.821,68.104,4.52,70.596
439.56,run:denoise,62.94,68.104,4.521,70.596
440.061,run:denoise,65.341,68.104,4.521,70.596
440.562,run:denoise,62.94,68.104,4.521,70.596
441.063,run:denoise,64.325,68.104,4.521,70.596
441.563,run:denoise,62.94,68.104,4.52,70.596
442.064,run:denoise,62.94,68.104,4.517,70.596
442.565,run:denoise,62.94,68.104,4.517,70.596
443.066,run:denoise,62.94,68.104,4.517,70.596
443.566,run:denoise,64.073,68.104,4.517,70.596
444.067,run:denoise,62.94,68.104,4.517,70.596
444.568,run:denoise,65.711,68.104,4.517,70.596
445.069,run:denoise,62.94,68.104,4.517,70.596
445.57,run:denoise,65.598,68.104,4.516,70.596
446.071,run:denoise,62.94,68.104,4.517,70.596
446.571,run:denoise,65.341,68.104,4.517,70.596
447.072,run:denoise,62.94,68.104,4.517,70.596
447.573,run:denoise,65.341,68.104,4.517,70.596
448.073,run:denoise,62.94,68.104,4.518,70.596
448.574,run:denoise,63.318,68.104,4.518,70.596
449.075,run:denoise,62.94,68.104,4.519,70.596
449.576,run:denoise,62.939,68.104,4.519,70.596
450.076,run:denoise,62.939,68.104,4.518,70.596
450.578,run:denoise,67.096,68.104,4.518,70.596
451.078,run:denoise,64.843,68.104,4.519,70.596
451.579,run:denoise,67.096,68.104,4.518,70.596
452.08,run:denoise,64.325,68.104,4.519,70.596
452.581,run:denoise,67.096,68.104,4.519,70.596
453.081,run:denoise,63.695,68.104,4.519,70.596
453.582,run:denoise,67.096,68.104,4.518,70.596
454.083,run:denoise,63.695,68.104,4.519,70.596
454.584,run:denoise,67.096,68.104,4.519,70.596
455.084,run:denoise,68.104,68.104,4.519,70.596
455.585,run:denoise,67.096,68.104,4.518,70.596
456.086,run:denoise,67.096,68.104,4.519,70.596
456.587,run:denoise,65.207,68.104,4.519,70.596
457.088,run:denoise,62.94,68.104,4.52,70.596
457.589,run:denoise,64.073,68.104,4.52,70.596
458.089,run:denoise,62.94,68.104,4.521,70.596
458.59,run:denoise,66.102,68.104,4.521,70.596
459.091,run:denoise,62.94,68.104,4.521,70.596
459.592,run:denoise,65.598,68.104,4.52,70.596
460.092,run:denoise,62.94,68.104,4.52,70.596
460.593,run:denoise,65.341,68.104,4.519,70.596
461.094,run:denoise,62.94,68.104,4.519,70.596
461.595,run:denoise,65.341,68.104,4.518,70.596
462.096,run:denoise,62.94,68.104,4.52,70.596
462.596,run:denoise,62.94,68.104,4.52,70.596
463.097,run:denoise,62.94,68.104,4.52,70.596
463.598,run:denoise,62.94,68.104,4.519,70.596
464.099,run:denoise,64.829,68.104,4.52,70.596
464.599,run:denoise,62.94,68.104,4.518,70.596
465.102,run:denoise,64.073,68.104,4.518,70.596
465.603,run:denoise,62.94,68.104,4.517,70.596
466.104,run:denoise,65.598,68.104,4.518,70.596
466.605,run:denoise,62.939,68.104,4.518,70.596
467.106,run:denoise,62.562,68.104,4.519,70.596
467.607,run:denoise,65.459,68.104,4.52,70.596
468.107,run:denoise,64.073,68.104,4.52,70.596
468.608,run:denoise,65.459,68.104,4.522,70.596
469.109,run:denoise,64.829,68.104,4.521,70.596
469.609,run:denoise,65.459,68.104,4.52,70.596
470.11,run:denoise,65.459,68.104,4.521,70.596
470.611,run:denoise,64.451,68.104,4.521,70.596
471.112,run:denoise,65.459,68.104,4.521,70.596
471.613,run:denoise,65.598,68.104,4.52,70.596
472.114,run:denoise,65.459,68.104,4.52,70.596
472.615,run:denoise,65.341,68.104,4.517,70.596
473.115,run:denoise,65.459,68.104,4.517,70.596
473.616,run:denoise,65.341,68.104,4.517,70.596
474.117,run:denoise,62.94,68.104,4.516,70.596
474.617,run:denoise,65.341,68.104,4.516,70.596
475.118,run:denoise,62.94,68.104,4.516,70.596
475.619,run:denoise,63.318,68.104,4.516,70.596
476.12,run:denoise,62.94,68.104,4.517,70.596
476.621,run:denoise,62.94,68.104,4.517,70.596
477.122,run:denoise,62.94,68.104,4.518,70.596
477.622,run:denoise,62.94,68.104,4.519,70.596
478.123,run:denoise,64.451,68.104,4.519,70.596
478.624,run:denoise,62.94,68.104,4.519,70.596
479.124,run:denoise,65.711,68.104,4.519,70.596
479.625,run:denoise,62.94,68.104,4.518,70.596
480.126,run:denoise,65.598,68.104,4.52,70.596
480.627,run:denoise,62.94,68.104,4.519,70.596
481.128,run:denoise,65.341,68.104,4.519,70.596
481.628,run:denoise,62.94,68.104,4.521,70.596
482.129,run:denoise,65.341,68.104,4.521,70.596
482.63,run:denoise,62.94,68.104,4.521,70.596
483.131,run:denoise,62.94,68.104,4.521,70.596
483.631,run:denoise,62.939,68.104,4.519,70.596
484.132,run:denoise,62.563,68.104,4.52,70.596
484.633,run:denoise,64.451,68.104,4.519,70.596
485.133,run:denoise,65.459,68.104,4.52,70.596
485.634,run:denoise,65.598,68.104,4.52,70.596
486.135,run:denoise,65.459,68.104,4.52,70.596
486.636,run:denoise,65.341,68.104,4.519,70.596
487.137,run:denoise,65.459,68.104,4.519,70.596
487.638,run:denoise,64.073,68.104,4.519,70.596
488.138,run:denoise,65.459,68.104,4.52,70.596
488.639,run:denoise,64.073,68.104,4.52,70.596
489.14,run:denoise,65.459,68.104,4.52,70.596
489.641,run:denoise,64.829,68.104,4.52,70.596
490.142,run:denoise,65.459,68.104,4.52,70.596
490.642,run:denoise,65.459,68.104,4.52,70.596
491.143,run:denoise,64.829,68.104,4.52,70.596
491.644,run:denoise,62.94,68.104,4.519,70.596
492.145,run:denoise,64.073,68.104,4.519,70.596
492.646,run:denoise,62.94,68.104,4.518,70.596
493.147,run:denoise,66.354,68.104,4.519,70.596
493.648,run:denoise,62.94,68.104,4.517,70.596
494.148,run:denoise,65.031,68.104,4.517,70.596
494.649,run:denoise,62.94,68.104,4.517,70.596
495.15,run:denoise,65.341,68.104,4.521,70.596
495.651,run:denoise,62.94,68.104,4.518,70.596
496.151,run:denoise,63.821,68.104,4.517,70.596
496.652,run:denoise,62.94,68.104,4.517,70.596
497.153,run:denoise,62.94,68.104,4.527,70.596
497.654,run:denoise,62.94,68.104,4.518,70.596
498.155,run:denoise,62.94,68.104,4.518,70.596
498.656,run:denoise,64.451,68.104,4.518,70.596
499.156,run:denoise,62.94,68.104,4.522,70.596
499.657,run:denoise,65.711,68.104,4.518,70.596
500.158,run:denoise,62.94,68.104,4.518,70.596
500.659,run:denoise,65.598,68.104,4.516,70.596
501.159,run:denoise,62.563,68.104,4.516,70.596
501.66,run:denoise,64.073,68.104,4.518,70.596
502.161,run:denoise,65.459,68.104,4.519,70.596
502.662,run:denoise,64.073,68.104,4.519,70.596
503.164,run:denoise,65.459,68.104,4.524,70.596
503.665,run:denoise,65.459,68.104,4.518,70.596
504.165,run:denoise,65.459,68.104,4.518,70.596
504.666,run:denoise,65.459,68.104,4.518,70.596
505.167,run:denoise,66.102,68.104,4.516,70.596
505.668,run:denoise,65.459,68.104,4.517,70.596
506.168,run:denoise,65.409,68.104,4.516,70.596
506.669,run:denoise,65.459,68.104,4.517,70.596
507.17,run:denoise,65.341,68.104,4.519,70.596
507.671,run:denoise,65.459,68.104,4.519,70.596
508.171,run:denoise,65.341,68.104,4.519,70.596
508.672,run:denoise,62.94,68.104,4.52,70.596
509.173,run:denoise,65.341,68.104,4.52,70.596
509.674,run:denoise,62.94,68.104,4.521,70.596
510.174,run:denoise,63.318,68.104,4.521,70.596
510.675,run:denoise,62.94,68.104,4.522,70.596
511.176,run:denoise,62.94,68.104,4.522,70.596
511.677,run:denoise,65.207,68.104,4.521,70.596
512.177,run:denoise,62.94,68.104,4.522,70.596
512.678,run:denoise,64.451,68.104,4.522,70.596
513.179,run:denoise,62.94,68.104,4.519,70.596
513.68,run:denoise,65.341,68.104,4.52,70.596
514.181,run:denoise,62.94,68.104,4.521,70.596
514.681,run:denoise,65.598,68.104,4.522,70.596
515.182,run:denoise,62.94,68.104,4.521,70.596
515.683,run:denoise,65.341,68.104,4.521,70.596
516.184,run:denoise,62.94,68.104,4.521,70.596
516.684,run:denoise,65.341,68.104,4.52,70.596
517.185,run:denoise,62.94,68.104,4.524,70.596
517.686,run:denoise,62.94,68.104,4.521,70.596
518.187,run:denoise,62.563,68.104,4.52,70.596
518.688,run:denoise,62.939,68.104,4.521,70.596
519.189,run:denoise,66.102,68.104,4.521,70.596
519.689,run:denoise,65.459,68.104,4.521,70.596
520.19,run:denoise,65.409,68.104,4.522,70.596
520.691,run:denoise,65.459,68.104,4.521,70.596
521.192,run:denoise,65.341,68.104,4.522,70.596
521.692,run:denoise,65.459,68.104,4.522,70.596
522.193,run:denoise,64.073,68.104,4.522,70.596
522.694,run:denoise,65.459,68.104,4.523,70.596
523.195,run:denoise,64.073,68.104,4.518,70.596
523.696,run:denoise,65.459,68.104,4.519,70.596
524.197,run:denoise,64.829,68.104,4.519,70.596
524.697,run:denoise,65.459,68.104,4.519,70.596
525.198,run:denoise,62.94,68.104,4.518,70.596
525.699,run:denoise,64.829,68.104,4.519,70.596
526.2,run:denoise,62.94,68.104,4.519,70.596
526.7,run:denoise,64.073,68.104,4.519,70.596
527.201,run:denoise,62.94,68.104,4.518,70.596
527.702,run:denoise,66.354,68.104,4.518,70.596
528.203,run:denoise,62.94,68.104,4.518,70.596
528.704,run:denoise,65.409,68.104,4.519,70.596
529.205,run:denoise,62.94,68.104,4.519,70.596
529.705,run:denoise,65.341,68.104,4.52,70.596
530.206,run:denoise,62.94,68.104,4.519,70.596
530.707,run:denoise,65.341,68.104,4.519,70.596
531.208,run:denoise,62.94,68.104,4.518,70.596
531.708,run:denoise,62.94,68.104,4.496,70.596
532.209,run:denoise,62.94,68.104,4.495,70.596
532.71,run:denoise,62.94,68.104,4.495,70.596
533.211,run:denoise,65.207,68.104,4.495,70.596
533.712,run:denoise,62.94,68.104,4.494,70.596
534.213,run:denoise,64.073,68.104,4.495,70.596
534.713,run:denoise,62.94,68.104,4.495,70.596
535.214,run:denoise,61.792,68.104,4.494,70.596
535.715,run:denoise,62.939,68.104,4.494,70.596
536.216,run:denoise,64.073,68.104,4.495,70.596
536.716,run:denoise,65.459,68.104,4.495,70.596
537.217,run:denoise,64.073,68.104,4.497,70.596
537.718,run:denoise,65.459,68.104,4.496,70.596
538.219,run:denoise,64.829,68.104,4.495,70.596
538.719,run:denoise,65.459,68.104,4.495,70.596
539.221,run:denoise,65.459,68.104,4.497,70.596
539.721,run:denoise,67.096,68.104,4.497,70.596
540.222,run:denoise,65.459,68.104,4.497,70.596
540.723,run:denoise,65.976,68.104,4.498,70.596
541.224,run:denoise,65.459,68.104,4.498,70.596
541.724,run:denoise,65.409,68.104,4.498,70.596
542.225,run:denoise,62.94,68.104,4.497,70.596
542.726,run:denoise,65.341,68.104,4.497,70.596
543.227,run:denoise,62.94,68.104,4.496,70.596
543.727,run:denoise,65.341,68.104,4.498,70.596
544.229,run:denoise,62.94,68.104,4.498,70.596
544.729,run:denoise,65.341,68.104,4.498,70.596
545.23,run:denoise,62.94,68.104,4.497,70.596
545.731,run:denoise,62.94,68.104,4.497,70.596
546.232,run:denoise,62.94,68.104,4.494,70.596
546.732,run:denoise,62.94,68.104,4.495,70.596
547.233,run:denoise,65.207,68.104,4.493,70.596
547.734,run:denoise,62.94,68.104,4.493,70.596
548.235,run:denoise,64.073,68.104,4.493,70.596
548.735,run:denoise,62.94,68.104,4.494,70.596
549.236,run:denoise,65.598,68.104,4.494,70.596
549.737,run:denoise,62.94,68.104,4.494,70.596
550.238,run:denoise,64.843,68.104,4.495,70.596
550.739,run:denoise,62.94,68.104,4.495,70.596
551.24,run:denoise,65.341,68.104,4.495,70.596
551.74,run:denoise,62.94,68.104,4.495,70.596
552.241,run:denoise,64.073,68.104,4.495,70.596
552.742,run:denoise,62.939,68.104,4.495,70.596
553.243,run:denoise,65.459,68.104,4.496,70.596
553.743,run:denoise,65.459,68.104,4.496,70.596
554.244,run:denoise,65.459,68.104,4.495,70.596
554.746,run:denoise,65.976,68.104,4.494,70.596
555.246,run:denoise,65.459,68.104,4.495,70.596
555.747,run:denoise,65.409,68.104,4.495,70.596
556.248,run:denoise,65.459,68.104,4.495,70.596
556.749,run:denoise,65.341,68.104,4.495,70.596
557.249,run:denoise,65.459,68.104,4.495,70.596
557.75,run:denoise,64.073,68.104,4.496,70.596
558.251,run:denoise,65.459,68.104,4.495,70.596
558.752,run:denoise,64.073,68.104,4.495,70.596
559.252,run:denoise,62.94,68.104,4.495,70.596
559.754,run:denoise,62.94,68.104,4.495,70.596
560.255,run:denoise,62.94,68.104,4.495,70.596
560.755,run:denoise,62.94,68.104,4.495,70.596
561.256,run:denoise,66.089,68.104,4.495,70.596
561.757,run:denoise,62.94,68.104,4.496,70.596
562.257,run:denoise,64.073,68.104,4.495,70.596
562.758,run:denoise,62.94,68.104,4.495,70.596
563.259,run:denoise,65.031,68.104,4.495,70.596
563.76,run:denoise,62.94,68.104,4.496,70.596
564.26,run:denoise,65.409,68.104,4.496,70.596
564.761,run:denoise,62.94,68.104,4.496,70.596
565.262,run:denoise,65.341,68.104,4.498,70.596
565.763,run:denoise,62.94,68.104,4.496,70.596
566.264,run:denoise,65.341,68.104,4.496,70.596
566.765,run:denoise,62.94,68.104,4.496,70.596
567.265,run:denoise,62.94,68.104,4.496,70.596
567.766,run:denoise,62.94,68.104,4.496,70.596
568.267,run:denoise,62.94,68.104,4.496,70.596
568.768,run:denoise,64.829,68.104,4.496,70.596
569.268,run:denoise,62.939,68.104,4.496,70.596
569.769,run:denoise,63.317,68.104,4.498,70.596
570.27,run:denoise,65.459,68.104,4.497,70.596
570.771,run:denoise,65.341,68.104,4.498,70.596
571.272,run:denoise,65.459,68.104,4.497,70.596
571.773,run:denoise,64.073,68.104,4.498,70.596
572.273,run:denoise,65.459,68.104,4.498,70.596
572.774,run:denoise,64.073,68.104,4.498,70.596
573.275,run:denoise,65.459,68.104,4.497,70.596
573.776,run:denoise,64.829,68.104,4.496,70.596
574.276,run:denoise,65.459,68.104,4.495,70.596
574.777,run:denoise,65.459,68.104,4.495,70.596
575.278,run:denoise,67.096,68.104,4.495,70.596
575.779,run:denoise,65.459,68.104,4.495,70.596
576.28,run:denoise,64.073,68.104,4.494,70.596
576.781,run:denoise,62.94,68.104,4.494,70.596
577.281,run:denoise,65.598,68.104,4.496,70.596
577.782,run:denoise,62.94,68.104,4.498,70.596
578.284,run:denoise,65.598,68.104,4.497,70.596
578.785,run:denoise,62.94,68.104,4.497,70.596
579.285,run:denoise,65.341,68.104,4.497,70.596
579.786,run:denoise,62.94,68.104,4.497,70.596
580.287,run:denoise,65.341,68.104,4.497,70.596
580.788,run:denoise,62.94,68.104,4.497,70.596
581.289,run:denoise,62.94,68.104,4.496,70.596
581.79,run:denoise,62.94,68.104,4.497,70.596
582.29,run:denoise,62.94,68.104,4.497,70.596
582.791,run:denoise,67.096,68.104,4.497,70.596
583.292,run:denoise,62.94,68.104,4.497,70.596
583.793,run:denoise,64.073,68.104,4.496,70.596
584.293,run:denoise,62.94,68.104,4.494,70.596
584.794,run:denoise,66.354,68.104,4.494,70.596
585.295,run:denoise,62.94,68.104,4.494,70.596
585.796,run:denoise,65.409,68.104,4.494,70.596
586.297,run:denoise,62.939,68.104,4.494,70.596
586.798,run:denoise,62.562,68.104,4.494,70.596
587.298,run:denoise,65.459,68.104,4.496,70.596
587.799,run:denoise,62.939,68.104,4.497,70.596
588.3,run:denoise,65.459,68.104,4.496,70.596
588.801,run:denoise,65.459,68.104,4.496,70.596
589.301,run:denoise,65.459,68.104,4.495,70.596
589.802,run:denoise,65.459,68.104,4.496,70.596
590.303,run:denoise,65.976,68.104,4.497,70.596
590.804,run:denoise,65.459,68.104,4.497,70.596
591.304,run:denoise,65.409,68.104,4.496,70.596
591.805,run:denoise,65.459,68.104,4.497,70.596
592.306,run:denoise,65.341,68.104,4.497,70.596
592.807,run:denoise,65.459,68.104,4.497,70.596
593.307,run:denoise,64.073,68.104,4.494,70.596
593.808,run:denoise,62.94,68.104,4.497,70.596
594.309,run:denoise,65.341,68.104,4.496,70.596
594.81,run:denoise,62.94,68.104,4.496,70.596
595.31,run:denoise,62.94,68.104,4.495,70.596
595.811,run:denoise,62.94,68.104,4.495,70.596
596.312,run:denoise,62.94,68.104,4.495,70.596
596.813,run:denoise,64.829,68.104,4.495,70.596
597.314,run:denoise,62.94,68.104,4.494,70.596
597.815,run:denoise,64.451,68.104,4.495,70.596
598.315,run:denoise,62.94,68.104,4.497,70.596
598.816,run:denoise,65.711,68.104,4.497,70.596
599.317,run:denoise,62.94,68.104,4.497,70.596
599.818,run:denoise,65.598,68.104,4.497,70.596
600.318,run:denoise,62.94,68.104,4.497,70.596
600.819,run:denoise,65.341,68.104,4.497,70.596
601.32,run:denoise,62.94,68.104,4.495,70.596
601.821,run:denoise,65.341,68.104,4.495,70.596
602.322,run:denoise,62.94,68.104,4.495,70.596
602.823,run:denoise,62.94,68.104,4.496,70.596
603.323,run:denoise,62.939,68.104,4.494,70.596
603.824,run:denoise,62.563,68.104,4.495,70.596
604.325,run:denoise,64.451,68.104,4.496,70.596
604.826,run:denoise,65.459,68.104,4.496,70.596
605.326,run:denoise,65.598,68.104,4.494,70.596
605.827,run:denoise,65.459,68.104,4.495,70.596
606.328,run:denoise,65.341,68.104,4.496,70.596
606.829,run:denoise,65.459,68.104,4.496,70.596
607.33,run:denoise,64.073,68.104,4.498,70.596
607.831,run:denoise,65.459,68.104,4.499,70.596
608.332,run:denoise,64.073,68.104,4.497,70.596
608.832,run:denoise,65.459,68.104,4.498,70.596
609.333,run:denoise,64.829,68.104,4.498,70.596
609.834,run:denoise,65.459,68.104,4.498,70.596
610.335,run:denoise,65.459,68.104,4.498,70.596
610.835,run:denoise,65.207,68.104,4.498,70.596
611.336,run:denoise,62.94,68.104,4.498,70.596
611.837,run:denoise,64.451,68.104,4.499,70.596
612.338,run:denoise,62.94,68.104,4.5,70.596
612.839,run:denoise,65.711,68.104,4.5,70.596
613.34,run:denoise,62.94,68.104,4.498,70.596
613.84,run:denoise,65.598,68.104,4.498,70.596
614.341,run:denoise,62.94,68.104,4.5,70.596
614.842,run:denoise,65.341,68.104,4.496,70.596
615.343,run:denoise,62.94,68.104,4.496,70.596
615.843,run:denoise,65.341,68.104,4.496,70.596
616.344,run:denoise,62.94,68.104,4.496,70.596
616.845,run:denoise,63.318,68.104,4.496,70.596
617.346,run:denoise,62.94,68.104,4.497,70.596
617.846,run:denoise,62.94,68.104,4.497,70.596
618.347,run:denoise,62.939,68.104,4.497,70.596
618.848,run:denoise,62.94,68.104,4.497,70.596
619.349,run:denoise,64.451,68.104,4.498,70.596
619.849,run:denoise,62.94,68.104,4.499,70.596
620.35,run:denoise,65.711,68.104,4.499,70.596
620.851,run:denoise,62.563,68.104,4.5,70.596
621.352,run:denoise,65.341,68.104,4.498,70.596
621.852,run:denoise,65.459,68.104,4.5,70.596
622.354,run:denoise,64.073,68.104,4.501,70.596
622.855,run:denoise,65.459,68.104,4.501,70.596
623.355,run:denoise,64.073,68.104,4.497,70.596
623.856,run:denoise,65.459,68.104,4.498,70.596
624.357,run:denoise,65.459,68.104,4.498,70.596
624.857,run:denoise,65.459,68.104,4.498,70.596
625.358,run:denoise,65.459,68.104,4.497,70.596
625.859,run:denoise,64.451,68.104,4.497,70.596
626.36,run:denoise,65.459,68.104,4.5,70.596
626.86,run:denoise,65.598,68.104,4.5,70.596
627.362,run:denoise,65.459,68.104,4.502,70.596
627.863,run:denoise,65.598,68.104,4.502,70.596
628.363,run:denoise,62.94,68.104,4.502,70.596
628.864,run:denoise,65.341,68.104,4.502,70.596
629.365,run:denoise,62.94,68.104,4.499,70.596
629.866,run:denoise,65.341,68.104,4.499,70.596
630.366,run:denoise,62.94,68.104,4.499,70.596
630.867,run:denoise,63.821,68.104,4.499,70.596
631.368,run:denoise,62.94,68.104,4.498,70.596
631.868,run:denoise,62.94,68.104,4.498,70.596
632.369,run:denoise,62.94,68.104,4.498,70.596
632.871,run:denoise,62.94,68.104,4.497,70.596
633.371,run:denoise,64.829,68.104,4.498,70.596
633.872,run:denoise,62.94,68.104,4.498,70.596
634.373,run:denoise,64.073,68.104,4.498,70.596
634.873,run:denoise,62.94,68.104,4.498,70.596
635.374,run:denoise,65.598,68.104,4.497,70.596
635.875,run:denoise,62.94,68.104,4.497,70.596
636.376,run:denoise,65.341,68.104,4.496,70.596
636.876,run:denoise,62.94,68.104,4.496,70.596
637.377,run:denoise,65.341,68.104,4.497,70.596
637.879,run:denoise,62.563,68.104,4.497,70.596
638.379,run:denoise,62.939,68.104,4.497,70.596
638.88,run:denoise,65.459,68.104,4.496,70.596
639.381,run:denoise,65.459,68.104,4.496,70.596
639.882,run:denoise,65.459,68.104,4.498,70.596
640.382,run:denoise,65.459,68.104,4.498,70.596
640.883,run:denoise,65.976,68.104,4.498,70.596
641.384,run:denoise,65.459,68.104,4.498,70.596
641.884,run:denoise,65.409,68.104,4.498,70.596
642.385,run:denoise,65.459,68.104,4.498,70.596
642.887,run:denoise,65.341,68.104,4.499,70.596
643.387,run:denoise,65.459,68.104,4.498,70.596
643.888,run:denoise,64.073,68.104,4.498,70.596
644.389,run:denoise,65.459,68.104,4.498,70.596
644.889,run:denoise,65.341,68.104,4.498,70.596
645.39,run:denoise,62.94,68.104,4.497,70.596
645.891,run:denoise,63.318,68.104,4.497,70.596
646.392,run:denoise,62.94,68.104,4.497,70.596
646.892,run:denoise,62.94,68.104,4.497,70.596
647.393,run:denoise,62.94,68.104,4.497,70.596
647.895,run:denoise,62.94,68.104,4.498,70.596
648.396,run:denoise,64.451,68.104,4.497,70.596
648.897,run:denoise,62.94,68.104,4.498,70.596
649.397,run:denoise,65.711,68.104,4.498,70.596
649.898,run:denoise,62.94,68.104,4.498,70.596
650.399,run:denoise,65.598,68.104,4.498,70.596
650.9,run:denoise,62.94,68.104,4.498,70.596
651.4,run:denoise,65.341,68.104,4.498,70.596
651.901,run:denoise,62.94,68.104,4.493,70.596
652.402,run:denoise,65.341,68.104,4.492,70.596
652.903,run:denoise,62.94,68.104,4.492,70.596
653.404,run:denoise,63.318,68.104,4.491,70.596
653.905,run:denoise,62.94,68.104,4.492,70.596
654.406,run:denoise,62.94,68.104,4.492,70.596
654.906,run:denoise,62.563,68.104,4.492,70.596
655.407,run:denoise,62.939,68.104,4.492,70.596
655.908,run:denoise,65.976,68.104,4.492,70.596
656.409,run:denoise,65.459,68.104,4.492,70.596
656.909,run:denoise,65.409,68.104,4.492,70.596
657.41,run:denoise,65.459,68.104,4.49,70.596
657.911,run:denoise,65.341,68.104,4.491,70.596
658.412,run:denoise,65.459,68.104,4.491,70.596
658.913,run:denoise,64.073,68.104,4.493,70.596
659.414,run:denoise,65.459,68.104,4.493,70.596
659.915,run:denoise,64.073,68.104,4.493,70.596
660.415,run:denoise,65.459,68.104,4.493,70.596
660.916,run:denoise,64.829,68.104,4.493,70.596
661.417,run:denoise,65.459,68.104,4.492,70.596
661.918,run:denoise,62.94,68.104,4.492,70.596
662.418,run:denoise,65.459,68.104,4.492,70.596
662.919,run:denoise,62.94,68.104,4.493,70.596
663.42,run:denoise,64.451,68.104,4.492,70.596
663.921,run:denoise,62.94,68.104,4.492,70.596
664.422,run:denoise,65.711,68.104,4.492,70.596
664.923,run:denoise,62.94,68.104,4.492,70.596
665.423,run:denoise,65.598,68.104,4.493,70.596
665.924,run:denoise,62.94,68.104,4.493,70.596
666.425,run:denoise,65.341,68.104,4.493,70.596
666.926,run:denoise,62.94,68.104,4.492,70.596
667.426,run:denoise,65.341,68.104,4.492,70.596
667.927,run:denoise,62.94,68.104,4.492,70.596
668.428,run:denoise,63.318,68.104,4.492,70.596
668.929,run:denoise,62.94,68.104,4.492,70.596
669.429,run:denoise,62.94,68.104,4.492,70.596
669.93,run:denoise,62.94,68.104,4.493,70.596
670.431,run:denoise,62.94,68.104,4.493,70.596
670.932,run:denoise,64.451,68.104,4.494,70.596
671.432,run:denoise,62.94,68.104,4.495,70.596
671.933,run:denoise,61.779,68.104,4.509,70.596
672.434,run:denoise,62.939,68.104,4.509,70.596
672.935,run:denoise,65.341,68.104,4.509,70.596
673.435,run:denoise,65.459,68.104,4.508,70.596
673.936,run:denoise,64.073,68.104,4.507,70.596
674.437,run:denoise,65.459,68.104,4.507,70.596
674.938,run:denoise,64.073,68.104,4.508,70.596
675.439,run:denoise,65.459,68.104,4.505,70.596
675.94,run:denoise,65.459,68.104,4.506,70.596
676.44,run:denoise,65.459,68.104,4.506,70.596
676.941,run:denoise,65.459,68.104,4.507,70.596
677.442,run:denoise,66.089,68.104,4.507,70.596
677.943,run:denoise,65.459,68.104,4.506,70.596
678.443,run:denoise,65.976,68.104,4.506,70.596
678.944,run:denoise,62.94,68.104,4.506,70.596
679.446,run:denoise,65.598,68.104,4.506,70.596
679.946,run:denoise,62.94,68.104,4.507,70.596
680.447,run:denoise,65.598,68.104,4.507,70.596
680.948,run:denoise,62.94,68.104,4.507,70.596
681.449,run:denoise,65.341,68.104,4.506,70.596
681.949,run:denoise,62.94,68.104,4.506,70.596
682.45,run:denoise,65.341,68.104,4.507,70.596
682.951,run:denoise,62.94,68.104,4.507,70.596
683.452,run:denoise,62.94,68.104,4.507,70.596
683.952,run:denoise,62.94,68.104,4.507,70.596
684.453,run:denoise,62.94,68.104,4.507,70.596
684.955,run:denoise,65.207,68.104,4.508,70.596
685.455,run:denoise,62.94,68.104,4.509,70.596
685.956,run:denoise,64.451,68.104,4.509,70.596
686.457,run:denoise,62.94,68.104,4.509,70.596
686.957,run:denoise,65.711,68.104,4.509,70.596
687.458,run:denoise,62.94,68.104,4.507,70.596
687.959,run:denoise,65.598,68.104,4.508,70.596
688.46,run:denoise,62.94,68.104,4.508,70.596
688.96,run:denoise,63.335,68.104,4.508,70.596
689.461,run:denoise,62.939,68.104,4.509,70.596
689.963,run:denoise,64.073,68.104,4.509,70.596
690.463,run:denoise,65.459,68.104,4.509,70.596
690.964,run:denoise,64.829,68.104,4.509,70.596
691.465,run:denoise,65.459,68.104,4.508,70.596
691.966,run:denoise,65.459,68.104,4.508,70.596
692.466,run:denoise,66.089,68.104,4.509,70.596
692.967,run:denoise,65.459,68.104,4.512,70.596
693.468,run:denoise,65.976,68.104,4.512,70.596
693.969,run:denoise,65.459,68.104,4.512,70.596
694.469,run:denoise,65.409,68.104,4.512,70.596
694.971,run:denoise,65.459,68.104,4.512,70.596
695.471,run:denoise,65.341,68.104,4.514,70.596
695.972,run:denoise,62.94,68.104,4.513,70.596
696.473,run:denoise,65.341,68.104,4.514,70.596
696.974,run:denoise,62.94,68.104,4.514,70.596
697.474,run:denoise,65.341,68.104,4.515,70.596
697.975,run:denoise,62.94,68.104,4.515,70.596
698.476,run:denoise,63.318,68.104,4.515,70.596
698.977,run:denoise,62.94,68.104,4.516,70.596
699.477,run:denoise,62.94,68.104,4.517,70.596
699.978,run:denoise,62.94,68.104,4.517,70.596
700.479,run:denoise,62.94,68.104,4.517,70.596
700.98,run:denoise,64.451,68.104,4.517,70.596
701.481,run:denoise,62.94,68.104,4.517,70.596
701.982,run:denoise,65.711,68.104,4.516,70.596
702.482,run:denoise,62.94,68.104,4.517,70.596
702.983,run:denoise,65.598,68.104,4.517,70.596
703.484,run:denoise,62.94,68.104,4.513,70.596
703.987,run:denoise,65.341,68.104,4.513,70.596
704.488,run:denoise,62.94,68.104,4.513,70.596
704.988,run:denoise,65.341,68.104,4.513,70.596
705.49,run:denoise,62.94,68.104,4.514,70.596
705.991,run:denoise,63.317,68.104,4.514,70.596
706.491,run:denoise,62.939,68.104,4.514,70.596
706.992,run:denoise,65.459,68.104,4.514,70.596
707.493,run:denoise,65.459,68.104,4.515,70.596
707.994,run:denoise,65.459,68.104,4.515,70.596
708.494,run:denoise,65.976,68.104,4.516,70.596
708.995,run:denoise,65.459,68.104,4.517,70.596
709.496,run:denoise,65.409,68.104,4.516,70.596
709.997,run:denoise,65.459,68.104,4.517,70.596
710.497,run:denoise,65.341,68.104,4.518,70.596
710.999,run:denoise,65.459,68.104,4.517,70.596
711.499,run:denoise,64.073,68.104,4.517,70.596
712.0,run:denoise,65.459,68.104,4.517,70.596
712.501,run:denoise,64.073,68.104,4.518,70.596
713.002,run:denoise,62.94,68.104,4.518,70.596
713.502,run:denoise,62.94,68.104,4.517,70.596
714.003,run:denoise,62.94,68.104,4.518,70.596
714.504,run:denoise,62.94,68.104,4.519,70.596
715.005,run:denoise,62.94,68.104,4.519,70.596
715.505,run:denoise,62.94,68.104,4.518,70.596
716.007,run:denoise,64.451,68.104,4.517,70.596
716.507,run:denoise,62.94,68.104,4.517,70.596
717.008,run:denoise,65.711,68.104,4.517,70.596
717.509,run:denoise,62.94,68.104,4.518,70.596
718.01,run:denoise,65.598,68.104,4.518,70.596
718.51,run:denoise,62.94,68.104,4.518,70.596
719.011,run:denoise,65.341,68.104,4.518,70.596
719.512,run:denoise,62.94,68.104,4.52,70.596
720.013,run:denoise,65.341,68.104,4.52,70.596
720.513,run:denoise,62.94,68.104,4.52,70.596
721.015,run:denoise,63.318,68.104,4.52,70.596
721.516,run:denoise,62.94,68.104,4.519,70.596
722.016,run:denoise,62.94,68.104,4.52,70.596
722.517,run:denoise,62.94,68.104,4.52,70.596
723.018,run:denoise,62.939,68.104,4.52,70.596
723.519,run:denoise,63.69,68.104,4.516,70.596
724.019,run:denoise,65.459,68.104,4.517,70.596
724.52,run:denoise,65.409,68.104,4.517,70.596
725.021,run:denoise,65.459,68.104,4.517,70.596
725.522,run:denoise,65.341,68.104,4.518,70.596
726.022,run:denoise,65.459,68.104,4.518,70.596
726.524,run:denoise,64.073,68.104,4.517,70.596
727.025,run:denoise,65.459,68.104,4.517,70.596
727.525,run:denoise,64.073,68.104,4.517,70.596
728.026,run:denoise,65.459,68.104,4.519,70.596
728.527,run:denoise,64.829,68.104,4.519,70.596
729.028,run:denoise,65.459,68.104,4.519,70.596
729.529,run:denoise,65.459,68.104,4.52,70.596
730.03,run:denoise,65.207,68.104,4.52,70.596
730.531,run:denoise,62.94,68.104,4.521,70.596
731.031,run:denoise,64.451,68.104,4.521,70.596
731.533,run:denoise,62.94,68.104,4.523,70.596
732.034,run:denoise,64.073,68.104,4.52,70.596
732.534,run:denoise,62.94,68.104,4.52,70.596
733.035,run:denoise,65.598,68.104,4.52,70.596
733.536,run:denoise,62.94,68.104,4.522,70.596
734.037,run:denoise,65.341,68.104,4.521,70.596
734.537,run:denoise,62.94,68.104,4.521,70.596
735.038,run:denoise,65.341,68.104,4.521,70.596
735.539,run:denoise,62.94,68.104,4.52,70.596
736.039,run:denoise,65.333,68.104,4.521,70.596
736.54,run:denoise,62.94,68.104,4.521,70.596
737.042,run:denoise,62.94,68.104,4.521,70.596
737.542,run:denoise,62.94,68.104,4.521,70.596
738.043,run:denoise,62.94,68.104,4.521,70.596
738.544,run:denoise,64.829,68.104,4.522,70.596
739.045,run:denoise,62.94,68.104,4.522,70.596
739.545,run:denoise,64.073,68.104,4.522,70.596
740.046,run:denoise,62.939,68.104,4.522,70.596
740.547,run:denoise,62.563,68.104,4.522,70.596
741.048,run:denoise,65.459,68.104,4.523,70.596
741.548,run:denoise,64.451,68.104,4.523,70.596
742.05,run:denoise,65.459,68.104,4.523,70.596
742.551,run:denoise,64.073,68.104,4.523,70.596
743.051,run:denoise,65.459,68.104,4.523,70.596
743.552,run:denoise,62.939,68.104,4.521,70.596
744.053,run:denoise,65.459,68.104,4.521,70.596
744.554,run:denoise,65.459,68.104,4.521,70.596
745.054,run:denoise,65.459,68.104,4.522,70.596
745.555,run:denoise,65.459,68.104,4.522,70.596
746.056,run:denoise,66.102,68.104,4.522,70.596
746.557,run:denoise,65.459,68.104,4.522,70.596
747.058,run:denoise,65.711,68.104,4.522,70.596
747.559,run:denoise,62.94,68.104,4.522,70.596
748.059,run:denoise,65.598,68.104,4.522,70.596
748.56,run:denoise,62.94,68.104,4.522,70.596
749.061,run:denoise,65.031,68.104,4.522,70.596
749.562,run:denoise,62.94,68.104,4.523,70.596
750.062,run:denoise,65.341,68.104,4.523,70.596
750.563,run:denoise,62.94,68.104,4.525,70.596
751.064,run:denoise,65.341,68.104,4.525,70.596
751.565,run:denoise,62.94,68.104,4.523,70.596
752.065,run:denoise,62.94,68.104,4.523,70.596
752.567,run:denoise,62.94,68.104,4.524,70.596
753.067,run:denoise,62.94,68.104,4.524,70.596
753.568,run:denoise,67.096,68.104,4.523,70.596
754.069,run:denoise,62.94,68.104,4.523,70.596
754.57,run:denoise,64.073,68.104,4.525,70.596
755.07,run:denoise,62.94,68.104,4.524,70.596
755.571,run:denoise,65.711,68.104,4.522,70.596
756.072,run:denoise,62.94,68.104,4.523,70.596
756.572,run:denoise,65.598,68.104,4.523,70.596
757.073,run:denoise,62.939,68.104,4.523,70.596
757.575,run:denoise,62.562,68.104,4.522,70.596
758.075,run:denoise,65.459,68.104,4.522,70.596
758.576,run:denoise,64.073,68.104,4.525,70.596
759.077,run:denoise,65.459,68.104,4.525,70.596
759.577,run:denoise,65.459,68.104,4.525,70.596
760.078,run:denoise,65.459,68.104,4.524,70.596
760.579,run:denoise,65.459,68.104,4.522,70.596
761.08,run:denoise,66.089,68.104,4.522,70.596
761.58,run:denoise,65.459,68.104,4.521,70.596
762.081,run:denoise,65.598,68.104,4.521,70.596
762.582,run:denoise,65.459,68.104,4.523,70.596
763.083,run:denoise,65.409,68.104,4.523,70.596
763.584,run:denoise,65.459,68.104,4.523,70.596
764.085,run:denoise,65.341,68.104,4.524,70.596
764.586,run:denoise,62.94,68.104,4.524,70.596
765.087,run:denoise,65.341,68.104,4.525,70.596
765.587,run:denoise,62.94,68.104,4.524,70.596
766.088,run:denoise,65.341,68.104,4.524,70.596
766.589,run:denoise,62.94,68.104,4.524,70.596
767.09,run:denoise,63.318,68.104,4.524,70.596
767.59,run:denoise,62.94,68.104,4.524,70.596
768.092,run:denoise,62.94,68.104,4.524,70.596
768.592,run:denoise,62.94,68.104,4.525,70.596
769.093,run:denoise,62.94,68.104,4.525,70.596
769.594,run:denoise,64.451,68.104,4.524,70.596
770.095,run:denoise,62.94,68.104,4.524,70.596
770.595,run:denoise,65.711,68.104,4.525,70.596
771.096,run:denoise,62.94,68.104,4.525,70.596
771.597,run:denoise,65.598,68.104,4.525,70.596
772.098,run:denoise,62.94,68.104,4.525,70.596
772.598,run:denoise,65.341,68.104,4.525,70.596
773.1,run:denoise,62.94,68.104,4.525,70.596
773.6,run:denoise,65.341,68.104,4.524,70.596
774.101,run:denoise,62.939,68.104,4.525,70.596
774.602,run:denoise,62.562,68.104,4.527,70.596
775.103,run:denoise,65.459,68.104,4.527,70.596
775.603,run:denoise,65.459,68.104,4.528,70.596
776.104,run:denoise,65.459,68.104,4.527,70.596
776.605,run:denoise,65.459,68.104,4.527,70.596
777.106,run:denoise,65.976,68.104,4.526,70.596
777.606,run:denoise,65.459,68.104,4.526,70.596
778.107,run:denoise,65.409,68.104,4.526,70.596
778.608,run:denoise,65.459,68.104,4.527,70.596
779.109,run:denoise,65.341,68.104,4.526,70.596
779.61,run:denoise,65.459,68.104,4.528,70.596
780.111,run:denoise,64.073,68.104,4.527,70.596
780.611,run:denoise,65.459,68.104,4.528,70.596
781.112,run:denoise,64.073,68.104,4.528,70.596
781.613,run:denoise,62.94,68.104,4.528,70.596
782.114,run:denoise,63.318,68.104,4.527,70.596
782.614,run:denoise,62.94,68.104,4.527,70.596
783.115,run:denoise,62.94,68.104,4.528,70.596
783.617,run:denoise,62.94,68.104,4.526,70.596
784.117,run:denoise,62.94,68.104,4.525,70.596
784.618,run:denoise,64.829,68.104,4.525,70.596
785.119,run:denoise,62.94,68.104,4.525,70.596
785.62,run:denoise,64.073,68.104,4.524,70.596
786.12,run:denoise,62.94,68.104,4.524,70.596
786.621,run:denoise,65.598,68.104,4.524,70.596
787.122,run:denoise,62.94,68.104,4.525,70.596
787.623,run:denoise,64.843,68.104,4.525,70.596
788.123,run:denoise,62.94,68.104,4.524,70.596
788.624,run:denoise,65.341,68.104,4.524,70.596
789.125,run:denoise,62.94,68.104,4.524,70.596
789.626,run:denoise,65.341,68.104,4.525,70.596
790.127,run:denoise,62.94,68.104,4.524,70.596
790.628,run:denoise,62.94,68.104,4.524,70.596
791.128,run:denoise,62.939,68.104,4.525,70.596
791.629,run:denoise,62.563,68.104,4.525,70.596
792.13,run:denoise,64.451,68.104,4.526,70.596
792.631,run:denoise,65.459,68.104,4.527,70.596
793.131,run:denoise,65.598,68.104,4.526,70.596
793.632,run:denoise,65.459,68.104,4.526,70.596
794.134,run:denoise,65.341,68.104,4.525,70.596
794.634,run:denoise,65.459,68.104,4.525,70.596
795.135,run:denoise,63.821,68.104,4.526,70.596
795.636,run:denoise,65.459,68.104,4.524,70.596
796.137,run:denoise,64.073,68.104,4.524,70.596
796.637,run:denoise,65.459,68.104,4.524,70.596
797.138,run:denoise,64.073,68.104,4.524,70.596
797.639,run:denoise,65.459,68.104,4.523,70.596
798.14,run:denoise,65.459,68.104,4.523,70.596
798.64,run:denoise,62.94,68.104,4.524,70.596
799.142,run:denoise,62.94,68.104,4.525,70.596
799.642,run:denoise,67.096,68.104,4.525,70.596
800.143,run:denoise,62.94,68.104,4.525,70.596
800.644,run:denoise,64.451,68.104,4.525,70.596
801.145,run:denoise,62.94,68.104,4.526,70.596
801.645,run:denoise,65.341,68.104,4.524,70.596
802.146,run:denoise,62.94,68.104,4.523,70.596
802.647,run:denoise,65.598,68.104,4.523,70.596
803.148,run:denoise,62.94,68.104,4.526,70.596
803.649,run:denoise,65.341,68.104,4.525,70.596
804.149,run:denoise,62.94,68.104,4.525,70.596
804.651,run:denoise,65.341,68.104,4.524,70.596
805.152,run:denoise,62.94,68.104,4.531,70.596
805.652,run:denoise,63.318,68.104,4.525,70.596
806.153,run:denoise,62.94,68.104,4.526,70.596
806.654,run:denoise,62.94,68.104,4.526,70.596
807.155,run:denoise,65.207,68.104,4.534,70.596
807.655,run:denoise,62.94,68.104,4.525,70.596
808.156,run:denoise,64.451,68.104,4.525,70.596
808.657,run:denoise,62.563,68.104,4.525,70.596
809.158,run:denoise,65.409,68.104,4.526,70.596
809.659,run:denoise,65.459,68.104,4.525,70.596
810.16,run:denoise,65.341,68.104,4.526,70.596
810.66,run:denoise,65.459,68.104,4.526,70.596
811.161,run:denoise,64.073,68.104,4.53,70.596
811.662,run:denoise,65.459,68.104,4.525,70.596
812.163,run:denoise,64.073,68.104,4.525,70.596
812.663,run:denoise,65.459,68.104,4.525,70.596
813.164,run:denoise,65.459,68.104,4.524,70.596
813.665,run:denoise,65.459,68.104,4.525,70.596
814.166,run:denoise,65.459,68.104,4.524,70.596
814.67,run:denoise,68.104,68.104,4.524,70.596
815.171,run:denoise,65.459,68.104,4.526,70.596
815.672,run:denoise,64.073,68.104,4.525,70.596
816.172,run:denoise,62.94,68.104,4.525,70.596
816.673,run:denoise,65.711,68.104,4.524,70.596
817.174,run:denoise,62.94,68.104,4.526,70.596
817.675,run:denoise,65.598,68.104,4.525,70.596
818.175,run:denoise,62.94,68.104,4.531,70.596
818.676,run:denoise,65.341,68.104,4.532,70.596
819.177,run:denoise,62.94,68.104,4.534,70.596
819.678,run:denoise,65.341,68.104,4.534,70.596
820.179,run:denoise,62.94,68.104,4.533,70.596
820.68,run:denoise,63.318,68.104,4.533,70.596
821.181,run:denoise,62.94,68.104,4.534,70.596
821.681,run:denoise,62.94,68.104,4.534,70.596
822.182,run:denoise,62.94,68.104,4.534,70.596
822.683,run:denoise,62.94,68.104,4.534,70.596
823.183,run:denoise,64.451,68.104,4.535,70.596
823.684,run:denoise,62.94,68.104,4.537,70.596
824.185,run:denoise,64.073,68.104,4.536,70.596
824.686,run:denoise,62.94,68.104,4.536,70.596
825.187,run:denoise,65.598,68.104,4.534,70.596
825.688,run:denoise,62.563,68.104,4.536,70.596
826.188,run:denoise,64.073,68.104,4.535,70.596
826.689,run:denoise,65.459,68.104,4.534,70.596
827.19,run:denoise,64.073,68.104,4.533,70.596
827.691,run:denoise,65.459,68.104,4.534,70.596
828.191,run:denoise,62.939,68.104,4.536,70.596
828.692,run:denoise,65.459,68.104,4.535,70.596
829.193,run:denoise,65.459,68.104,4.535,70.596
829.694,run:denoise,65.459,68.104,4.536,70.596
830.194,run:denoise,65.459,68.104,4.536,70.596
830.695,run:denoise,65.976,68.104,4.536,70.596
831.196,run:denoise,65.459,68.104,4.536,70.596
831.697,run:denoise,65.598,68.104,4.537,70.596
832.197,run:denoise,65.459,68.104,4.537,70.596
832.698,run:denoise,65.598,68.104,4.537,70.596
833.199,run:denoise,62.94,68.104,4.537,70.596
833.699,run:denoise,65.341,68.104,4.539,70.596
834.2,run:denoise,62.94,68.104,4.538,70.596
834.701,run:denoise,65.341,68.104,4.539,70.596
835.202,run:denoise,62.94,68.104,4.538,70.596
835.703,run:denoise,64.325,68.104,4.534,70.596
836.204,run:denoise,62.94,68.104,4.533,70.596
836.705,run:denoise,62.94,68.104,4.533,70.596
837.205,run:denoise,62.94,68.104,4.532,70.596
837.706,run:denoise,62.94,68.104,4.533,70.596
838.207,run:denoise,64.829,68.104,4.533,70.596
838.707,run:denoise,62.94,68.104,4.533,70.596
839.208,run:denoise,64.073,68.104,4.535,70.596
839.709,run:denoise,62.94,68.104,4.533,70.596
840.21,run:denoise,65.598,68.104,4.533,70.596
840.711,run:denoise,62.94,68.104,4.533,70.596
841.212,run:denoise,65.031,68.104,4.532,70.596
841.712,run:denoise,62.94,68.104,4.533,70.596
842.213,run:denoise,65.341,68.104,4.532,70.596
842.714,run:denoise,62.563,68.104,4.532,70.596
843.215,run:denoise,64.073,68.104,4.531,70.596
843.715,run:denoise,65.459,68.104,4.532,70.596
844.216,run:denoise,65.459,68.104,4.535,70.596
844.717,run:denoise,65.459,68.104,4.534,70.596
845.218,run:denoise,65.459,68.104,4.534,70.596
845.718,run:denoise,64.451,68.104,4.534,70.596
846.22,run:denoise,65.459,68.104,4.534,70.596
846.72,run:denoise,65.598,68.104,4.533,70.596
847.221,run:denoise,65.459,68.104,4.533,70.596
847.722,run:denoise,65.341,68.104,4.534,70.596
848.223,run:denoise,65.459,68.104,4.534,70.596
848.723,run:denoise,65.341,68.104,4.534,70.596
849.224,run:denoise,65.459,68.104,4.534,70.596
849.725,run:denoise,65.341,68.104,4.535,70.596
850.226,run:denoise,62.94,68.104,4.535,70.596
850.726,run:denoise,65.341,68.104,4.535,70.596
851.228,run:denoise,62.94,68.104,4.535,70.596
851.728,run:denoise,62.94,68.104,4.534,70.596
852.229,run:denoise,62.94,68.104,4.533,70.596
852.73,run:denoise,62.94,68.104,4.53,70.596
853.231,run:denoise,65.459,68.104,4.528,70.596
853.731,run:denoise,62.94,68.104,4.527,70.596
854.232,run:denoise,64.451,68.104,4.527,70.596
854.733,run:denoise,62.94,68.104,4.527,70.596
855.234,run:denoise,65.341,68.104,4.527,70.596
855.734,run:denoise,62.94,68.104,4.528,70.596
856.236,run:denoise,65.598,68.104,4.527,70.596
856.736,run:denoise,62.94,68.104,4.527,70.596
857.237,run:denoise,65.341,68.104,4.528,70.596
857.738,run:denoise,62.94,68.104,4.528,70.596
858.239,run:denoise,65.341,68.104,4.528,70.596
858.739,run:denoise,62.94,68.104,4.529,70.596
859.24,run:denoise,63.318,68.104,4.53,70.596
859.741,run:denoise,62.563,68.104,4.531,70.596
860.241,run:denoise,62.939,68.104,4.531,70.596
860.742,run:denoise,68.104,68.104,4.531,70.596
861.243,run:denoise,65.459,68.104,4.533,70.596
861.744,run:denoise,65.976,68.104,4.533,70.596
862.245,run:denoise,65.459,68.104,4.534,70.596
862.746,run:denoise,65.409,68.104,4.534,70.596
863.247,run:denoise,65.459,68.104,4.532,70.596
863.747,run:denoise,65.341,68.104,4.533,70.596
864.248,run:denoise,65.459,68.104,4.534,70.596
864.749,run:denoise,64.073,68.104,4.534,70.596
865.25,run:denoise,65.459,68.104,4.532,70.596
865.75,run:denoise,64.073,68.104,4.532,70.596
866.251,run:denoise,65.459,68.104,4.533,70.596
866.753,run:denoise,62.94,68.104,4.533,70.596
867.253,run:denoise,62.94,68.104,4.535,70.596
867.754,run:denoise,62.94,68.104,4.535,70.596
868.255,run:denoise,62.94,68.104,4.533,70.596
868.756,run:denoise,62.94,68.104,4.533,70.596
869.256,run:denoise,64.451,68.104,4.532,70.596
869.757,run:denoise,62.94,68.104,4.532,70.596
870.258,run:denoise,64.073,68.104,4.531,70.596
870.759,run:denoise,62.94,68.104,4.532,70.596
871.259,run:denoise,65.598,68.104,4.53,70.596
871.76,run:denoise,62.94,68.104,4.53,70.596
872.261,run:denoise,64.836,68.104,4.531,70.596
872.762,run:denoise,62.94,68.104,4.531,70.596
873.263,run:denoise,65.341,68.104,4.532,70.596
873.764,run:denoise,62.94,68.104,4.532,70.596
874.264,run:denoise,64.829,68.104,4.531,70.596
874.765,run:denoise,62.94,68.104,4.531,70.596
875.266,run:denoise,62.94,68.104,4.529,70.596
875.767,run:denoise,62.94,68.104,4.529,70.596
876.267,run:denoise,62.94,68.104,4.53,70.596
876.768,run:denoise,61.826,68.104,4.531,70.596
877.269,run:denoise,62.939,68.104,4.53,70.596
877.77,run:denoise,65.598,68.104,4.535,70.596
878.271,run:denoise,65.459,68.104,4.538,70.596
878.772,run:denoise,65.333,68.104,4.538,70.596
879.272,run:denoise,65.459,68.104,4.537,70.596
879.773,run:denoise,64.325,68.104,4.537,70.596
880.274,run:denoise,65.459,68.104,4.537,70.596
880.775,run:denoise,64.073,68.104,4.538,70.596
881.275,run:denoise,65.459,68.104,4.538,70.596
881.776,run:denoise,64.073,68.104,4.538,70.596
882.277,run:denoise,65.459,68.104,4.537,70.596
882.778,run:denoise,65.459,68.104,4.538,70.596
883.279,run:denoise,65.459,68.104,4.538,70.596
883.78,run:denoise,62.94,68.104,4.532,70.596
884.28,run:denoise,64.451,68.104,4.529,70.596
884.781,run:denoise,62.94,68.104,4.529,70.596
885.282,run:denoise,64.073,68.104,4.529,70.596
885.783,run:denoise,62.94,68.104,4.529,70.596
886.283,run:denoise,66.354,68.104,4.528,70.596
886.784,run:denoise,62.94,68.104,4.528,70.596
887.285,run:denoise,65.598,68.104,4.528,70.596
887.786,run:denoise,62.94,68.104,4.528,70.596
888.287,run:denoise,65.341,68.104,4.53,70.596
888.788,run:denoise,62.94,68.104,4.53,70.596
889.288,run:denoise,65.341,68.104,4.53,70.596
889.789,run:denoise,62.94,68.104,4.53,70.596
890.29,run:denoise,63.318,68.104,4.531,70.596
890.791,run:denoise,62.94,68.104,4.531,70.596
891.291,run:denoise,62.94,68.104,4.531,70.596
891.792,run:denoise,65.207,68.104,4.501,70.596
892.293,run:denoise,62.94,68.104,4.469,70.596
892.795,run:denoise,64.451,68.104,4.469,70.596
893.296,run:denoise,62.94,68.104,4.515,70.596
893.796,run:denoise,61.779,68.104,4.515,70.596
894.297,run:denoise,62.939,68.104,4.516,70.596
894.798,run:denoise,65.341,68.104,4.512,70.596
895.299,run:denoise,65.459,68.104,4.512,70.596
895.799,run:denoise,64.073,68.104,4.513,70.596
896.3,run:denoise,65.459,68.104,4.513,70.596
896.801,run:denoise,64.073,68.104,4.514,70.596
897.302,run:denoise,65.459,68.104,4.515,70.596
897.802,run:denoise,64.829,68.104,4.515,70.596
898.304,run:denoise,65.459,68.104,4.519,70.596
898.804,run:denoise,65.459,68.104,4.517,70.596
899.305,run:denoise,65.459,68.104,4.517,70.596
899.806,run:denoise,65.459,68.104,4.517,70.596
900.307,run:denoise,65.976,68.104,4.517,70.596
900.807,run:denoise,62.94,68.104,4.518,70.596
901.308,run:denoise,65.711,68.104,4.517,70.596
901.809,run:denoise,62.94,68.104,4.517,70.596
902.309,run:denoise,65.598,68.104,4.517,70.596
902.81,run:denoise,62.94,68.104,4.517,70.596
903.312,run:denoise,65.341,68.104,4.517,70.596
903.812,run:denoise,62.94,68.104,4.517,70.596
904.313,run:denoise,65.341,68.104,4.515,70.596
904.814,run:denoise,62.94,68.104,4.516,70.596
905.315,run:denoise,64.325,68.104,4.515,70.596
905.815,run:denoise,62.94,68.104,4.515,70.596
906.316,run:denoise,62.94,68.104,4.515,70.596
906.817,run:denoise,62.94,68.104,4.514,70.596
907.317,run:denoise,62.94,68.104,4.515,70.596
907.818,run:denoise,64.829,68.104,4.516,70.596
908.32,run:denoise,62.94,68.104,4.516,70.596
908.82,run:denoise,64.073,68.104,4.515,70.596
909.321,run:denoise,62.94,68.104,4.514,70.596
909.822,run:denoise,66.102,68.104,4.489,70.596
910.323,run:denoise,62.94,68.104,4.488,70.596
910.823,run:denoise,61.792,68.104,4.482,70.596
911.324,run:denoise,62.939,68.104,4.481,70.596
911.825,run:denoise,64.073,68.104,4.481,70.596
912.325,run:denoise,65.459,68.104,4.484,70.596
912.826,run:denoise,64.073,68.104,4.484,70.596
913.327,run:denoise,65.459,68.104,4.482,70.596
913.828,run:denoise,65.459,68.104,4.482,70.596
914.329,run:denoise,65.459,68.104,4.482,70.596
914.83,run:denoise,65.459,68.104,4.482,70.596
915.331,run:denoise,64.451,68.104,4.483,70.596
915.831,run:denoise,65.459,68.104,4.483,70.596
916.332,run:denoise,65.976,68.104,4.481,70.596
916.833,run:denoise,65.459,68.104,4.482,70.596
917.334,run:denoise,65.409,68.104,4.483,70.596
917.834,run:denoise,62.94,68.104,4.483,70.596
918.335,run:denoise,65.409,68.104,4.483,70.596
918.836,run:denoise,62.94,68.104,4.481,70.596
919.337,run:denoise,65.341,68.104,4.48,70.596
919.838,run:denoise,62.94,68.104,4.48,70.596
920.339,run:denoise,65.341,68.104,4.48,70.596
920.839,run:denoise,62.94,68.104,4.481,70.596
921.34,run:denoise,63.318,68.104,4.48,70.596
921.841,run:denoise,62.94,68.104,4.48,70.596
922.342,run:denoise,62.94,68.104,4.481,70.596
922.842,run:denoise,62.94,68.104,4.48,70.596
923.343,run:denoise,62.94,68.104,4.48,70.596
923.844,run:denoise,64.451,68.104,4.48,70.596
924.345,run:denoise,62.94,68.104,4.479,70.596
924.845,run:denoise,65.711,68.104,4.479,70.596
925.346,run:denoise,62.94,68.104,4.479,70.596
925.847,run:denoise,65.598,68.104,4.479,70.596
926.347,run:denoise,62.94,68.104,4.479,70.596
926.848,run:denoise,65.341,68.104,4.479,70.596
927.349,run:denoise,62.94,68.104,4.479,70.596
927.85,run:denoise,63.335,68.104,4.48,70.596
928.35,run:denoise,62.939,68.104,4.48,70.596
928.851,run:denoise,64.829,68.104,4.48,70.596
929.353,run:denoise,65.459,68.104,4.485,70.596
929.854,run:denoise,65.459,68.104,4.49,70.596
930.354,run:denoise,65.459,68.104,4.49,70.596
930.855,run:denoise,65.459,68.104,4.49,70.596
931.356,run:denoise,66.102,68.104,4.49,70.596
931.857,run:denoise,65.459,68.104,4.49,70.596
932.357,run:denoise,65.598,68.104,4.49,70.596
932.858,run:denoise,65.459,68.104,4.49,70.596
933.359,run:denoise,65.341,68.104,4.493,70.596
933.86,run:denoise,65.459,68.104,4.49,70.596
934.361,run:denoise,64.829,68.104,4.49,70.596
934.862,run:denoise,62.94,68.104,4.49,70.596
935.362,run:denoise,65.341,68.104,4.49,70.596
935.863,run:denoise,62.94,68.104,4.49,70.596
936.364,run:denoise,65.341,68.104,4.49,70.596
936.865,run:denoise,62.94,68.104,4.49,70.596
937.365,run:denoise,62.94,68.104,4.49,70.596
937.866,run:denoise,62.94,68.104,4.49,70.596
938.367,run:denoise,62.94,68.104,4.49,70.596
938.867,run:denoise,64.829,68.104,4.49,70.596
939.368,run:denoise,62.94,68.104,4.493,70.596
939.87,run:denoise,64.451,68.104,4.491,70.596
940.37,run:denoise,62.94,68.104,4.492,70.596
940.871,run:denoise,65.711,68.104,4.492,70.596
941.372,run:denoise,62.94,68.104,4.494,70.596
941.873,run:denoise,65.598,68.104,4.494,70.596
942.373,run:denoise,62.94,68.104,4.493,70.596
942.874,run:denoise,65.341,68.104,4.493,70.596
943.375,run:denoise,62.94,68.104,4.491,70.596
943.875,run:denoise,65.341,68.104,4.49,70.596
944.376,run:denoise,62.94,68.104,4.49,70.596
944.877,run:denoise,63.317,68.104,4.49,70.596
945.378,run:denoise,62.939,68.104,4.49,70.596
945.879,run:denoise,65.459,68.104,4.49,70.596
946.38,run:denoise,68.104,68.104,4.49,70.596
946.88,run:denoise,65.459,68.104,4.49,70.596
947.381,run:denoise,65.976,68.104,4.49,70.596
947.882,run:denoise,65.459,68.104,4.489,70.596
948.383,run:denoise,65.409,68.104,4.488,70.596
948.883,run:denoise,65.459,68.104,4.489,70.596
949.384,run:denoise,65.341,68.104,4.488,70.596
949.885,run:denoise,65.459,68.104,4.488,70.596
950.386,run:denoise,64.073,68.104,4.488,70.596
950.887,run:denoise,65.459,68.104,4.488,70.596
951.388,run:denoise,64.073,68.104,4.489,70.596
951.888,run:denoise,62.94,68.104,4.49,70.596
952.389,run:denoise,63.318,68.104,4.49,70.596
952.89,run:denoise,62.94,68.104,4.49,70.596
953.391,run:denoise,62.94,68.104,4.491,70.596
953.891,run:denoise,62.94,68.104,4.491,70.596
954.392,run:denoise,62.94,68.104,4.49,70.596
954.893,run:denoise,64.451,68.104,4.49,70.596
955.394,run:denoise,62.94,68.104,4.49,70.596
955.895,run:denoise,64.073,68.104,4.49,70.596
956.396,run:denoise,62.94,68.104,4.489,70.596
956.896,run:denoise,65.598,68.104,4.49,70.596
957.397,run:denoise,62.94,68.104,4.491,70.596
957.898,run:denoise,64.843,68.104,4.49,70.596
958.399,run:denoise,62.94,68.104,4.491,70.596
958.899,run:denoise,65.341,68.104,4.491,70.596
959.4,run:denoise,62.94,68.104,4.49,70.596
959.901,run:denoise,65.341,68.104,4.49,70.596
960.402,run:denoise,62.94,68.104,4.49,70.596
960.903,run:denoise,62.94,68.104,4.49,70.596
961.404,run:denoise,62.94,68.104,4.492,70.596
961.904,run:denoise,62.939,68.104,4.492,70.596
962.405,run:denoise,62.939,68.104,4.491,70.596
962.906,run:denoise,65.459,68.104,4.491,70.596
963.407,run:denoise,65.598,68.104,4.491,70.596
963.907,run:denoise,65.459,68.104,4.491,70.596
964.408,run:denoise,65.031,68.104,4.491,70.596
964.909,run:denoise,65.459,68.104,4.491,70.596
965.41,run:denoise,65.341,68.104,4.491,70.596
965.911,run:denoise,65.459,68.104,4.491,70.596
966.412,run:denoise,64.073,68.104,4.491,70.596
966.912,run:denoise,65.459,68.104,4.491,70.596
967.413,run:denoise,64.073,68.104,4.493,70.596
967.914,run:denoise,65.459,68.104,4.493,70.596
968.415,run:denoise,64.829,68.104,4.493,70.596
968.915,run:denoise,62.94,68.104,4.493,70.596
969.416,run:denoise,62.94,68.104,4.493,70.596
969.917,run:denoise,65.207,68.104,4.492,70.596
970.418,run:denoise,62.94,68.104,4.492,70.596
970.919,run:denoise,64.451,68.104,4.492,70.596
971.42,run:denoise,62.94,68.104,4.492,70.596
971.92,run:denoise,65.711,68.104,4.492,70.596
972.421,run:denoise,62.94,68.104,4.492,70.596
972.922,run:denoise,65.598,68.104,4.492,70.596
973.423,run:denoise,62.94,68.104,4.49,70.596
973.923,run:denoise,65.341,68.104,4.491,70.596
974.424,run:denoise,62.94,68.104,4.488,70.596
974.925,run:denoise,65.341,68.104,4.488,70.596
975.426,run:denoise,62.94,68.104,4.487,70.596
975.927,run:denoise,63.318,68.104,4.487,70.596
976.428,run:denoise,62.94,68.104,4.488,70.596
976.929,run:denoise,62.94,68.104,4.488,70.596
977.429,run:denoise,62.94,68.104,4.49,70.596
977.93,run:denoise,62.94,68.104,4.489,70.596
978.431,run:denoise,64.451,68.104,4.488,70.596
978.932,run:denoise,62.939,68.104,4.489,70.596
979.432,run:denoise,63.317,68.104,4.491,70.596
979.933,run:denoise,65.459,68.104,4.49,70.596
980.434,run:denoise,65.341,68.104,4.491,70.596
980.935,run:denoise,65.459,68.104,4.491,70.596
981.436,run:denoise,64.451,68.104,4.489,70.596
981.937,run:denoise,65.459,68.104,4.489,70.596
982.438,run:denoise,64.073,68.104,4.489,70.596
982.938,run:denoise,65.459,68.104,4.489,70.596
983.439,run:denoise,62.939,68.104,4.49,70.596
983.94,run:denoise,65.459,68.104,4.492,70.596
984.441,run:denoise,65.459,68.104,4.492,70.596
984.941,run:denoise,65.459,68.104,4.492,70.596
985.442,run:denoise,65.459,68.104,4.49,70.596
985.943,run:denoise,64.451,68.104,4.49,70.596
986.444,run:denoise,62.94,68.104,4.49,70.596
986.945,run:denoise,64.073,68.104,4.49,70.596
987.446,run:denoise,62.94,68.104,4.489,70.596
987.946,run:denoise,65.976,68.104,4.49,70.596
988.447,run:denoise,62.94,68.104,4.491,70.596
988.948,run:denoise,65.598,68.104,4.491,70.596
989.449,run:denoise,62.94,68.104,4.489,70.596
989.949,run:denoise,65.341,68.104,4.49,70.596
990.45,run:denoise,62.94,68.104,4.49,70.596
990.951,run:denoise,65.341,68.104,4.49,70.596
991.452,run:denoise,62.94,68.104,4.49,70.596
991.953,run:denoise,63.318,68.104,4.491,70.596
992.454,run:denoise,62.94,68.104,4.492,70.596
992.955,run:denoise,62.94,68.104,4.493,70.596
993.455,run:denoise,62.94,68.104,4.494,70.596
993.956,run:denoise,62.94,68.104,4.497,70.596
994.457,run:denoise,64.451,68.104,4.497,70.596
994.958,run:denoise,62.94,68.104,4.497,70.596
995.458,run:denoise,65.711,68.104,4.496,70.596
995.959,run:denoise,62.939,68.104,4.494,70.596
996.46,run:denoise,62.563,68.104,4.495,70.596
996.961,run:denoise,65.459,68.104,4.495,70.596
997.462,run:denoise,64.073,68.104,4.495,70.596
997.963,run:denoise,65.459,68.104,4.498,70.596
998.463,run:denoise,64.073,68.104,4.498,70.596
998.964,run:denoise,65.459,68.104,4.499,70.596
999.465,run:denoise,64.829,68.104,4.498,70.596
999.966,run:denoise,65.459,68.104,4.499,70.596
1000.466,run:denoise,65.459,68.104,4.499,70.596
1000.967,run:denoise,65.459,68.104,4.499,70.596
1001.468,run:denoise,65.459,68.104,4.499,70.596
1001.969,run:denoise,66.354,68.104,4.499,70.596
1002.47,run:denoise,65.459,68.104,4.499,70.596
1002.971,run:denoise,65.711,68.104,4.5,70.596
1003.471,run:denoise,62.94,68.104,4.498,70.596
1003.972,run:denoise,65.598,68.104,4.499,70.596
1004.473,run:denoise,62.94,68.104,4.499,70.596
1004.974,run:denoise,64.843,68.104,4.499,70.596
1005.474,run:denoise,62.94,68.104,4.499,70.596
1005.975,run:denoise,65.341,68.104,4.499,70.596
1006.476,run:denoise,62.94,68.104,4.5,70.596
1006.977,run:denoise,65.341,68.104,4.499,70.596
1007.478,run:denoise,62.94,68.104,4.499,70.596
1007.979,run:denoise,62.94,68.104,4.499,70.596
1008.479,run:denoise,62.94,68.104,4.5,70.596
1008.98,run:denoise,62.94,68.104,4.5,70.596
1009.481,run:denoise,67.096,68.104,4.501,70.596
1009.982,run:denoise,62.94,68.104,4.501,70.596
1010.482,run:denoise,64.073,68.104,4.502,70.596
1010.983,run:denoise,62.94,68.104,4.502,70.596
1011.484,run:denoise,65.341,68.104,4.502,70.596
1011.985,run:denoise,62.94,68.104,4.501,70.596
1012.486,run:denoise,65.598,68.104,4.502,70.596
1012.987,run:denoise,62.939,68.104,4.502,70.596
1013.488,run:denoise,62.562,68.104,4.501,70.596
1013.988,run:denoise,65.459,68.104,4.501,70.596
1014.489,run:denoise,64.073,68.104,4.502,70.596
1014.99,run:denoise,65.459,68.104,4.502,70.596
1015.49,run:denoise,64.829,68.104,4.506,70.596
1015.991,run:denoise,65.459,68.104,4.506,70.596
1016.492,run:denoise,65.459,68.104,4.504,70.596
1016.993,run:denoise,67.096,68.104,4.503,70.596
1017.494,run:denoise,65.459,68.104,4.504,70.596
1017.995,run:denoise,65.976,68.104,4.503,70.596
1018.495,run:denoise,65.459,68.104,4.506,70.596
1018.996,run:denoise,65.409,68.104,4.505,70.596
1019.497,run:denoise,65.459,68.104,4.505,70.596
1019.998,run:denoise,65.341,68.104,4.505,70.596
1020.498,run:denoise,62.94,68.104,4.51,70.596
1020.999,run:denoise,65.341,68.104,4.51,70.596
1021.5,run:denoise,62.94,68.104,4.509,70.596
1022.001,run:denoise,65.341,68.104,4.51,70.596
1022.502,run:denoise,62.94,68.104,4.51,70.596
1023.003,run:denoise,63.318,68.104,4.51,70.596
1023.504,run:denoise,62.94,68.104,4.508,70.596
1024.004,run:denoise,62.94,68.104,4.508,70.596
1024.505,run:denoise,62.94,68.104,4.508,70.596
1025.006,run:denoise,62.94,68.104,4.509,70.596
1025.507,run:denoise,64.451,68.104,4.507,70.596
1026.007,run:denoise,62.94,68.104,4.507,70.596
1026.508,run:denoise,64.073,68.104,4.508,70.596
1027.009,run:denoise,62.94,68.104,4.508,70.596
1027.51,run:denoise,65.598,68.104,4.507,70.596
1028.011,run:denoise,62.94,68.104,4.508,70.596
1028.512,run:denoise,65.031,68.104,4.508,70.596
1029.012,run:denoise,62.94,68.104,4.508,70.596
1029.513,run:denoise,65.341,68.104,4.509,70.596
1030.014,run:denoise,62.939,68.104,4.51,70.596
1030.515,run:denoise,62.562,68.104,4.51,70.596
1031.015,run:denoise,65.459,68.104,4.51,70.596
1031.516,run:denoise,65.459,68.104,4.51,70.596
1032.017,run:denoise,65.459,68.104,4.511,70.596
1032.518,run:denoise,65.459,68.104,4.507,70.596
1033.018,run:denoise,66.089,68.104,4.506,70.596
1033.52,run:denoise,65.459,68.104,4.505,70.596
1034.021,run:denoise,65.976,68.104,4.504,70.596
1034.521,run:denoise,65.459,68.104,4.503,70.596
1035.022,run:denoise,65.031,68.104,4.504,70.596
1035.523,run:denoise,65.459,68.104,4.504,70.596
1036.024,run:denoise,65.341,68.104,4.504,70.596
1036.524,run:denoise,65.459,68.104,4.504,70.596
1037.025,run:denoise,64.073,68.104,4.504,70.596
1037.526,run:denoise,62.94,68.104,4.503,70.596
1038.027,run:denoise,65.341,68.104,4.503,70.596
1038.528,run:denoise,62.94,68.104,4.505,70.596
1039.029,run:denoise,63.318,68.104,4.505,70.596
1039.529,run:denoise,62.94,68.104,4.503,70.596
1040.03,run:denoise,62.94,68.104,4.504,70.596
1040.531,run:denoise,62.94,68.104,4.506,70.596
1041.032,run:denoise,62.94,68.104,4.505,70.596
1041.532,run:denoise,64.451,68.104,4.506,70.596
1042.033,run:denoise,62.94,68.104,4.506,70.596
1042.534,run:denoise,64.073,68.104,4.506,70.596
1043.035,run:denoise,62.94,68.104,4.506,70.596
1043.536,run:denoise,65.598,68.104,4.504,70.596
1044.037,run:denoise,62.94,68.104,4.505,70.596
1044.537,run:denoise,65.341,68.104,4.506,70.596
1045.038,run:denoise,62.94,68.104,4.506,70.596
1045.539,run:denoise,65.341,68.104,4.505,70.596
1046.04,run:denoise,62.94,68.104,4.505,70.596
1046.54,run:denoise,64.073,68.104,4.505,70.596
1047.041,run:denoise,62.939,68.104,4.506,70.596
1047.542,run:denoise,62.563,68.104,4.505,70.596
1048.043,run:denoise,65.459,68.104,4.505,70.596
1048.543,run:denoise,65.459,68.104,4.506,70.596
1049.045,run:denoise,66.354,68.104,4.507,70.596
1049.546,run:denoise,65.459,68.104,4.507,70.596
1050.046,run:denoise,65.598,68.104,4.507,70.596
1050.547,run:denoise,65.459,68.104,4.507,70.596
1051.048,run:denoise,65.341,68.104,4.506,70.596
1051.549,run:denoise,65.459,68.104,4.505,70.596
1052.049,run:denoise,64.073,68.104,4.505,70.596
1052.55,run:denoise,65.459,68.104,4.505,70.596
1053.051,run:denoise,64.073,68.104,4.506,70.596
1053.552,run:denoise,65.459,68.104,4.503,70.596
1054.053,run:denoise,64.073,68.104,4.503,70.596
1054.554,run:denoise,62.94,68.104,4.503,70.596
1055.055,run:denoise,62.94,68.104,4.503,70.596
1055.555,run:denoise,62.94,68.104,4.503,70.596
1056.056,run:denoise,62.94,68.104,4.503,70.596
1056.557,run:denoise,67.096,68.104,4.503,70.596
1057.058,run:denoise,62.94,68.104,4.503,70.596
1057.558,run:denoise,64.451,68.104,4.502,70.596
1058.059,run:denoise,62.94,68.104,4.501,70.596
1058.56,run:denoise,65.711,68.104,4.501,70.596
1059.061,run:denoise,62.94,68.104,4.504,70.596
1059.562,run:denoise,65.598,68.104,4.505,70.596
1060.063,run:denoise,62.94,68.104,4.505,70.596
1060.563,run:denoise,65.341,68.104,4.505,70.596
1061.064,run:denoise,62.94,68.104,4.505,70.596
1061.565,run:denoise,65.341,68.104,4.504,70.596
1062.066,run:denoise,62.94,68.104,4.503,70.596
1062.566,run:denoise,63.318,68.104,4.504,70.596
1063.067,run:denoise,62.94,68.104,4.505,70.596
1063.568,run:denoise,62.94,68.104,4.502,70.596
1064.069,run:denoise,62.939,68.104,4.503,70.596
1064.57,run:denoise,62.563,68.104,4.502,70.596
1065.071,run:denoise,65.976,68.104,4.502,70.596
1065.571,run:denoise,65.459,68.104,4.502,70.596
1066.072,run:denoise,65.409,68.104,4.502,70.596
1066.573,run:denoise,65.459,68.104,4.503,70.596
1067.074,run:denoise,65.341,68.104,4.503,70.596
1067.574,run:denoise,65.459,68.104,4.502,70.596
1068.075,run:denoise,64.073,68.104,4.502,70.596
1068.576,run:denoise,65.459,68.104,4.503,70.596
1069.077,run:denoise,64.073,68.104,4.504,70.596
1069.578,run:denoise,65.459,68.104,4.504,70.596
1070.079,run:denoise,65.207,68.104,4.505,70.596
1070.579,run:denoise,65.459,68.104,4.505,70.596
1071.08,run:denoise,65.459,68.104,4.506,70.596
1071.581,run:denoise,62.94,68.104,4.507,70.596
1072.082,run:denoise,62.94,68.104,4.507,70.596
1072.582,run:denoise,64.829,68.104,4.507,70.596
1073.083,run:denoise,62.94,68.104,4.508,70.596
1073.584,run:denoise,64.073,68.104,4.509,70.596
1074.085,run:denoise,62.94,68.104,4.506,70.596
1074.585,run:denoise,65.598,68.104,4.507,70.596
1075.087,run:denoise,62.94,68.104,4.503,70.596
1075.588,run:denoise,65.598,68.104,4.504,70.596
1076.088,run:denoise,62.94,68.104,4.504,70.596
1076.589,run:denoise,65.341,68.104,4.504,70.596
1077.09,run:denoise,62.94,68.104,4.505,70.596
1077.59,run:denoise,65.341,68.104,4.505,70.596
1078.091,run:denoise,62.94,68.104,4.504,70.596
1078.592,run:denoise,62.94,68.104,4.505,70.596
1079.093,run:denoise,62.94,68.104,4.505,70.596
1079.593,run:denoise,62.94,68.104,4.505,70.596
1080.095,run:denoise,65.207,68.104,4.506,70.596
1080.596,run:denoise,62.94,68.104,4.506,70.596
1081.096,run:denoise,64.451,68.104,4.507,70.596
1081.597,run:denoise,62.563,68.104,4.509,70.596
1082.098,run:denoise,65.409,68.104,4.509,70.596
1082.598,run:denoise,65.459,68.104,4.51,70.596
1083.099,run:denoise,65.341,68.104,4.509,70.596
1083.6,run:denoise,65.459,68.104,4.509,70.596
1084.101,run:denoise,64.073,68.104,4.509,70.596
1084.601,run:denoise,65.459,68.104,4.505,70.596
1085.102,run:denoise,64.073,68.104,4.505,70.596
1085.604,run:denoise,65.459,68.104,4.505,70.596
1086.104,run:denoise,64.829,68.104,4.503,70.596
1086.605,run:denoise,65.459,68.104,4.503,70.596
1087.106,run:denoise,65.459,68.104,4.505,70.596
1087.607,run:denoise,65.459,68.104,4.506,70.596
1088.107,run:denoise,65.459,68.104,4.506,70.596
1088.608,run:denoise,64.451,68.104,4.506,70.596
1089.109,run:denoise,62.94,68.104,4.506,70.596
1089.61,run:denoise,64.073,68.104,4.506,70.596
1090.11,run:denoise,62.94,68.104,4.506,70.596
1090.612,run:denoise,65.598,68.104,4.506,70.596
1091.112,run:denoise,62.94,68.104,4.506,70.596
1091.613,run:denoise,65.598,68.104,4.507,70.596
1092.114,run:denoise,62.94,68.104,4.507,70.596
1092.615,run:denoise,65.341,68.104,4.506,70.596
1093.115,run:denoise,62.94,68.104,4.506,70.596
1093.616,run:denoise,65.341,68.104,4.506,70.596
1094.117,run:denoise,62.94,68.104,4.506,70.596
1094.618,run:denoise,62.94,68.104,4.506,70.596
1095.118,run:denoise,62.94,68.104,4.506,70.596
1095.62,run:denoise,62.94,68.104,4.506,70.596
1096.12,run:denoise,62.939,68.104,4.506,70.596
1096.621,run:denoise,62.94,68.104,4.506,70.596
1097.122,run:denoise,64.451,68.104,4.506,70.596
1097.623,run:denoise,62.94,68.104,4.505,70.596
1098.123,run:denoise,65.711,68.104,4.505,70.596
1098.624,run:denoise,62.563,68.104,4.506,70.596
1099.125,run:denoise,65.341,68.104,4.505,70.596
1099.625,run:denoise,65.459,68.104,4.507,70.596
1100.126,run:denoise,64.073,68.104,4.507,70.596
1100.627,run:denoise,65.459,68.104,4.507,70.596
1101.128,run:denoise,64.073,68.104,4.507,70.596
1101.629,run:denoise,65.459,68.104,4.506,70.596
1102.13,run:denoise,64.829,68.104,4.506,70.596
1102.63,run:denoise,65.459,68.104,4.506,70.596
1103.131,run:denoise,65.459,68.104,4.506,70.596
1103.632,run:denoise,65.459,68.104,4.506,70.596
1104.133,run:denoise,65.459,68.104,4.505,70.596
1104.633,run:denoise,66.102,68.104,4.505,70.596
1105.134,run:denoise,65.459,68.104,4.506,70.596
1105.635,run:denoise,65.711,68.104,4.506,70.596
1106.136,run:denoise,62.94,68.104,4.505,70.596
1106.637,run:denoise,65.598,68.104,4.505,70.596
1107.138,run:denoise,62.94,68.104,4.506,70.596
1107.638,run:denoise,65.409,68.104,4.506,70.596
1108.139,run:denoise,62.94,68.104,4.506,70.596
1108.64,run:denoise,65.341,68.104,4.506,70.596
1109.141,run:denoise,62.94,68.104,4.506,70.596
1109.641,run:denoise,65.341,68.104,4.505,70.596
1110.142,run:denoise,62.94,68.104,4.506,70.596
1110.643,run:denoise,62.94,68.104,4.506,70.596
1111.143,run:denoise,62.94,68.104,4.507,70.596
1111.645,run:denoise,62.94,68.104,4.506,70.596
1112.146,run:denoise,64.829,68.104,4.507,70.596
1112.646,run:denoise,62.94,68.104,4.507,70.596
1113.147,run:denoise,64.451,68.104,4.511,70.596
1113.648,run:denoise,62.94,68.104,4.507,70.596
1114.149,run:denoise,65.711,68.104,4.506,70.596
1114.649,run:denoise,62.94,68.104,4.506,70.596
1115.15,run:denoise,65.598,68.104,4.514,70.596
1115.651,run:denoise,62.563,68.104,4.508,70.596
1116.152,run:denoise,64.073,68.104,4.507,70.596
1116.653,run:denoise,65.459,68.104,4.507,70.596
1117.154,run:denoise,64.073,68.104,4.516,70.596
1117.655,run:denoise,65.459,68.104,4.508,70.596
1118.156,run:denoise,64.829,68.104,4.508,70.596
1118.656,run:denoise,65.459,68.104,4.508,70.596
1119.157,run:denoise,65.459,68.104,4.509,70.596
1119.658,run:denoise,68.104,68.104,4.509,70.596
1120.159,run:denoise,65.459,68.104,4.51,70.596
1120.659,run:denoise,65.976,68.104,4.51,70.596
1121.16,run:denoise,65.459,68.104,4.51,70.596
1121.661,run:denoise,65.409,68.104,4.51,70.596
1122.162,run:denoise,65.459,68.104,4.507,70.596
1122.663,run:denoise,65.598,68.104,4.508,70.596
1123.164,run:denoise,62.94,68.104,4.507,70.596
1123.664,run:denoise,65.341,68.104,4.507,70.596
1124.165,run:denoise,62.94,68.104,4.507,70.596
1124.666,run:denoise,65.341,68.104,4.507,70.596
1125.167,run:denoise,62.94,68.104,4.506,70.596
1125.667,run:denoise,65.341,68.104,4.505,70.596
1126.168,run:denoise,62.94,68.104,4.505,70.596
1126.669,run:denoise,62.94,68.104,4.505,70.596
1127.17,run:denoise,62.94,68.104,4.506,70.596
1127.671,run:denoise,62.94,68.104,4.506,70.596
1128.172,run:denoise,67.096,68.104,4.507,70.596
1128.673,run:denoise,62.94,68.104,4.507,70.596
1129.173,run:denoise,64.073,68.104,4.507,70.596
1129.674,run:denoise,62.94,68.104,4.507,70.596
1130.175,run:denoise,66.354,68.104,4.507,70.596
1130.676,run:denoise,62.94,68.104,4.507,70.596
1131.176,run:denoise,65.598,68.104,4.507,70.596
1131.677,run:denoise,62.94,68.104,4.507,70.596
1132.178,run:denoise,65.341,68.104,4.505,70.596
1132.679,run:denoise,62.563,68.104,4.505,70.596
1133.18,run:denoise,64.073,68.104,4.505,70.596
1133.681,run:denoise,65.459,68.104,4.505,70.596
1134.181,run:denoise,65.459,68.104,4.507,70.596
1134.682,run:denoise,65.459,68.104,4.507,70.596
1135.183,run:denoise,65.459,68.104,4.504,70.596
1135.684,run:denoise,67.096,68.104,4.503,70.596
1136.184,run:denoise,65.459,68.104,4.504,70.596
1136.685,run:denoise,65.976,68.104,4.504,70.596
1137.186,run:denoise,65.459,68.104,4.505,70.596
1137.687,run:denoise,65.409,68.104,4.506,70.596
1138.188,run:denoise,65.459,68.104,4.506,70.596
1138.689,run:denoise,65.341,68.104,4.507,70.596
1139.189,run:denoise,65.459,68.104,4.506,70.596
1139.69,run:denoise,65.341,68.104,4.506,70.596
1140.191,run:denoise,62.94,68.104,4.506,70.596
1140.692,run:denoise,65.341,68.104,4.507,70.596
1141.193,run:denoise,62.94,68.104,4.507,70.596
1141.693,run:denoise,63.318,68.104,4.506,70.596
1142.194,run:denoise,62.94,68.104,4.506,70.596
1142.695,run:denoise,62.94,68.104,4.506,70.596
1143.196,run:denoise,62.94,68.104,4.504,70.596
1143.697,run:denoise,62.94,68.104,4.504,70.596
1144.198,run:denoise,64.451,68.104,4.506,70.596
1144.698,run:denoise,62.94,68.104,4.506,70.596
1145.199,run:denoise,64.073,68.104,4.505,70.596
1145.7,run:denoise,62.94,68.104,4.505,70.596
1146.201,run:denoise,65.598,68.104,4.504,70.596
1146.701,run:denoise,62.94,68.104,4.505,70.596
1147.202,run:denoise,65.031,68.104,4.504,70.596
1147.703,run:denoise,62.94,68.104,4.504,70.596
1148.204,run:denoise,65.341,68.104,4.504,70.596
1148.705,run:denoise,62.94,68.104,4.506,70.596
1149.206,run:denoise,65.341,68.104,4.507,70.596
1149.706,run:denoise,62.563,68.104,4.507,70.596
1150.207,run:denoise,62.939,68.104,4.507,70.596
1150.708,run:denoise,65.459,68.104,4.508,70.596
1151.209,run:denoise,65.459,68.104,4.507,70.596
1151.709,run:denoise,64.829,68.104,4.507,70.596
1152.21,run:denoise,65.459,68.104,4.507,70.596
1152.711,run:denoise,65.976,68.104,4.507,70.596
1153.212,run:denoise,65.459,68.104,4.508,70.596
1153.713,run:denoise,65.409,68.104,4.508,70.596
1154.214,run:denoise,65.459,68.104,4.507,70.596
1154.715,run:denoise,65.341,68.104,4.507,70.596
1155.215,run:denoise,65.459,68.104,4.506,70.596
1155.716,run:denoise,64.073,68.104,4.507,70.596
1156.217,run:denoise,65.459,68.104,4.506,70.596
1156.718,run:denoise,65.341,68.104,4.506,70.596
1157.218,run:denoise,62.94,68.104,4.508,70.596
1157.719,run:denoise,63.318,68.104,4.508,70.596
1158.22,run:denoise,62.94,68.104,4.507,70.596
1158.721,run:denoise,62.94,68.104,4.505,70.596
1159.222,run:denoise,62.94,68.104,4.505,70.596
1159.723,run:denoise,62.94,68.104,4.506,70.596
1160.223,run:denoise,64.451,68.104,4.506,70.596
1160.724,run:denoise,62.94,68.104,4.507,70.596
1161.225,run:denoise,64.073,68.104,4.506,70.596
1161.726,run:denoise,62.94,68.104,4.506,70.596
1162.226,run:denoise,65.598,68.104,4.506,70.596
1162.727,run:denoise,62.94,68.104,4.506,70.596
1163.229,run:denoise,64.836,68.104,4.506,70.596
1163.729,run:denoise,62.94,68.104,4.506,70.596
1164.23,run:denoise,65.341,68.104,4.506,70.596
1164.731,run:denoise,62.94,68.104,4.506,70.596
1165.232,run:denoise,65.341,68.104,4.504,70.596
1165.732,run:denoise,62.94,68.104,4.504,70.596
1166.233,run:denoise,62.94,68.104,4.505,70.596
1166.734,run:denoise,62.563,68.104,4.507,70.596
1167.234,run:denoise,62.939,68.104,4.505,70.596
1167.735,run:denoise,65.207,68.104,4.506,70.596
1168.236,run:denoise,65.459,68.104,4.506,70.596
1168.737,run:denoise,65.976,68.104,4.506,70.596
1169.238,run:denoise,65.459,68.104,4.506,70.596
1169.739,run:denoise,65.409,68.104,4.506,70.596
1170.24,run:denoise,65.459,68.104,4.506,70.596
1170.741,run:denoise,65.341,68.104,4.509,70.596
1171.241,run:denoise,65.459,68.104,4.508,70.596
1171.742,run:denoise,64.073,68.104,4.508,70.596
1172.243,run:denoise,65.459,68.104,4.508,70.596
1172.743,run:denoise,64.073,68.104,4.507,70.596
1173.244,run:denoise,65.459,68.104,4.507,70.596
1173.746,run:denoise,62.94,68.104,4.507,70.596
1174.246,run:denoise,62.94,68.104,4.507,70.596
1174.747,run:denoise,62.94,68.104,4.507,70.596
1175.248,run:denoise,62.94,68.104,4.506,70.596
1175.749,run:denoise,62.94,68.104,4.506,70.596
1176.249,run:denoise,64.451,68.104,4.505,70.596
1176.75,run:denoise,62.94,68.104,4.508,70.596
1177.251,run:denoise,64.073,68.104,4.507,70.596
1177.752,run:denoise,62.94,68.104,4.507,70.596
1178.252,run:denoise,65.598,68.104,4.507,70.596
1178.753,run:denoise,62.94,68.104,4.509,70.596
1179.255,run:denoise,64.836,68.104,4.508,70.596
1179.755,run:denoise,62.94,68.104,4.509,70.596
1180.256,run:denoise,65.341,68.104,4.509,70.596
1180.757,run:denoise,62.94,68.104,4.509,70.596
1181.258,run:denoise,65.341,68.104,4.508,70.596
1181.758,run:denoise,62.94,68.104,4.508,70.596
1182.259,run:denoise,62.94,68.104,4.508,70.596
1182.76,run:denoise,62.94,68.104,4.508,70.596
1183.261,run:denoise,62.94,68.104,4.507,70.596
1183.761,run:denoise,62.561,68.104,4.507,70.596
1184.263,run:denoise,62.939,68.104,4.508,70.596
1184.763,run:denoise,65.598,68.104,4.508,70.596
1185.264,run:denoise,65.459,68.104,4.51,70.596
1185.765,run:denoise,65.031,68.104,4.51,70.596
1186.266,run:denoise,65.459,68.104,4.51,70.596
1186.766,run:denoise,65.341,68.104,4.51,70.596
1187.267,run:denoise,65.459,68.104,4.508,70.596
1187.768,run:denoise,64.073,68.104,4.508,70.596
1188.269,run:denoise,65.459,68.104,4.507,70.596
1188.769,run:denoise,64.073,68.104,4.506,70.596
1189.271,run:denoise,65.459,68.104,4.508,70.596
1189.772,run:denoise,64.829,68.104,4.508,70.596
1190.272,run:denoise,65.459,68.104,4.507,70.596
1190.773,run:denoise,62.94,68.104,4.507,70.596
1191.274,run:denoise,65.207,68.104,4.506,70.596
1191.775,run:denoise,62.94,68.104,4.507,70.596
1192.275,run:denoise,64.451,68.104,4.507,70.596
1192.776,run:denoise,62.94,68.104,4.507,70.596
1193.277,run:denoise,65.711,68.104,4.508,70.596
1193.777,run:denoise,62.94,68.104,4.508,70.596
1194.278,run:denoise,65.598,68.104,4.508,70.596
1194.78,run:denoise,62.94,68.104,4.508,70.596
1195.28,run:denoise,64.836,68.104,4.508,70.596
1195.781,run:denoise,62.94,68.104,4.508,70.596
1196.282,run:denoise,65.341,68.104,4.507,70.596
1196.783,run:denoise,62.94,68.104,4.506,70.596
1197.283,run:denoise,65.341,68.104,4.508,70.596
1197.784,run:denoise,62.94,68.104,4.509,70.596
1198.285,run:denoise,62.94,68.104,4.508,70.596
1198.786,run:denoise,62.94,68.104,4.508,70.596
1199.286,run:denoise,62.94,68.104,4.505,70.596
1199.788,run:denoise,64.829,68.104,4.505,70.596
1200.289,run:denoise,62.94,68.104,4.505,70.596
1200.789,run:denoise,61.779,68.104,4.505,70.596
1201.29,run:denoise,62.939,68.104,4.508,70.596
1201.791,run:denoise,64.843,68.104,4.506,70.596
1202.292,run:denoise,65.459,68.104,4.508,70.596
1202.792,run:denoise,65.341,68.104,4.508,70.596
1203.293,run:denoise,65.459,68.104,4.507,70.596
1203.794,run:denoise,64.073,68.104,4.507,70.596
1204.295,run:denoise,65.459,68.104,4.507,70.596
1204.795,run:denoise,64.073,68.104,4.507,70.596
1205.297,run:denoise,65.459,68.104,4.508,70.596
1205.797,run:denoise,64.829,68.104,4.508,70.596
1206.298,run:denoise,65.459,68.104,4.508,70.596
1206.799,run:denoise,65.459,68.104,4.507,70.596
1207.3,run:denoise,65.459,68.104,4.509,70.596
1207.8,run:denoise,62.94,68.104,4.509,70.596
1208.301,run:denoise,64.451,68.104,4.508,70.596
1208.802,run:denoise,62.94,68.104,4.509,70.596
1209.303,run:denoise,64.073,68.104,4.507,70.596
1209.803,run:denoise,62.94,68.104,4.507,70.596
1210.305,run:denoise,65.598,68.104,4.508,70.596
1210.806,run:denoise,62.94,68.104,4.508,70.596
1211.306,run:denoise,65.031,68.104,4.506,70.596
1211.807,run:denoise,62.94,68.104,4.506,70.596
1212.308,run:denoise,65.341,68.104,4.506,70.596
1212.809,run:denoise,62.94,68.104,4.507,70.596
1213.309,run:denoise,65.341,68.104,4.508,70.596
1213.81,run:denoise,62.94,68.104,4.508,70.596
1214.311,run:denoise,62.94,68.104,4.508,70.596
1214.812,run:denoise,62.94,68.104,4.508,70.596
1215.313,run:denoise,62.94,68.104,4.506,70.596
1215.814,run:denoise,67.096,68.104,4.507,70.596
1216.315,run:denoise,62.94,68.104,4.506,70.596
1216.815,run:denoise,64.073,68.104,4.507,70.596
1217.316,run:denoise,62.94,68.104,4.508,70.596
1217.817,run:denoise,61.779,68.104,4.507,70.596
1218.317,run:denoise,62.939,68.104,4.506,70.596
1218.818,run:denoise,65.341,68.104,4.507,70.596
1219.319,run:denoise,65.459,68.104,4.508,70.596
1219.82,run:denoise,64.073,68.104,4.509,70.596
1220.32,run:denoise,65.459,68.104,4.508,70.596
1220.822,run:denoise,64.073,68.104,4.508,70.596
1221.323,run:denoise,65.459,68.104,4.508,70.596
1221.823,run:denoise,64.829,68.104,4.508,70.596
1222.324,run:denoise,65.459,68.104,4.508,70.596
1222.825,run:denoise,65.459,68.104,4.508,70.596
1223.326,run:denoise,65.459,68.104,4.507,70.596
1223.826,run:denoise,65.459,68.104,4.506,70.596
1224.327,run:denoise,66.102,68.104,4.507,70.596
1224.828,run:denoise,62.94,68.104,4.507,70.596
1225.329,run:denoise,65.711,68.104,4.506,70.596
1225.83,run:denoise,62.94,68.104,4.507,70.596
1226.331,run:denoise,66.102,68.104,4.507,70.596
1226.832,run:denoise,62.94,68.104,4.507,70.596
1227.332,run:denoise,65.598,68.104,4.507,70.596
1227.833,run:denoise,62.94,68.104,4.508,70.596
1228.334,run:denoise,65.341,68.104,4.508,70.596
1228.835,run:denoise,62.94,68.104,4.507,70.596
1229.335,run:denoise,65.341,68.104,4.51,70.596
1229.836,run:denoise,62.94,68.104,4.511,70.596
1230.337,run:denoise,63.318,68.104,4.511,70.596
1230.838,run:denoise,62.94,68.104,4.511,70.596
1231.339,run:denoise,62.94,68.104,4.511,70.596
1231.84,run:denoise,62.94,68.104,4.512,70.596
1232.34,run:denoise,62.94,68.104,4.511,70.596
1232.841,run:denoise,64.451,68.104,4.511,70.596
1233.342,run:denoise,62.94,68.104,4.511,70.596
1233.843,run:denoise,64.073,68.104,4.513,70.596
1234.343,run:denoise,62.94,68.104,4.512,70.596
1234.844,run:denoise,61.792,68.104,4.512,70.596
1241.849,free:denoise,0.05,68.104,4.436,1.285
1242.35,load:decode,0.263,68.104,4.436,1.469
1242.851,load:decode,0.888,68.104,4.44,4.236
1243.352,load:decode,1.826,68.104,4.44,4.238
1243.852,load:decode,3.42,68.104,4.446,4.629
1244.382,load:decode,5.328,68.104,4.44,6.526
1244.882,load:decode,8.83,68.104,4.45,10.043
1245.387,load:decode,10.314,68.104,4.446,11.527
1245.888,run:decode,14.945,68.104,4.655,16.676
1246.389,run:decode,14.986,68.104,4.655,16.734
1246.89,run:decode,15.064,68.104,4.655,16.813
1247.39,run:decode,15.136,68.104,4.655,16.891
1247.891,run:decode,15.072,68.104,4.656,17.145
1248.392,run:decode,15.137,68.104,4.656,17.145
1248.893,run:decode,15.229,68.104,4.656,17.145
1249.393,run:decode,15.301,68.104,4.656,17.145
1249.894,run:decode,15.352,68.104,4.657,17.301
1250.395,run:decode,15.4,68.104,4.657,17.301
1250.896,run:decode,15.491,68.104,4.657,17.301
1251.396,run:decode,15.526,68.104,4.658,17.301
1251.897,run:decode,15.437,68.104,4.658,17.594
1252.398,run:decode,15.495,68.104,4.638,17.594
1252.899,run:decode,15.518,68.104,4.637,17.594
1253.399,run:decode,15.614,68.104,4.636,17.594
1253.9,run:decode,15.713,68.104,4.636,17.594
1254.401,run:decode,15.562,68.104,4.636,17.75
1254.902,run:decode,15.656,68.104,4.637,17.75
1255.403,run:decode,15.74,68.104,4.639,17.75
1255.904,run:decode,15.781,68.104,4.637,17.75
1256.404,run:decode,15.646,68.104,4.638,17.926
1256.905,run:decode,15.732,68.104,4.637,17.926
1257.406,run:decode,15.79,68.104,4.636,17.926
1257.907,run:decode,15.964,68.104,4.638,17.926
1258.407,run:decode,15.734,68.104,4.638,17.926
1258.908,run:decode,15.833,68.104,4.639,17.926
1259.409,run:decode,15.878,68.104,4.638,17.926
1259.91,run:decode,15.939,68.104,4.638,17.926
1260.52,run:decode,11.758,68.104,4.678,18.688
1261.021,run:decode,11.758,68.104,5.623,18.688
1261.522,run:decode,11.758,68.104,6.593,18.688
1262.022,run:decode,11.758,68.104,7.118,18.688
1262.523,run:decode,11.758,68.104,7.672,18.688
1263.024,run:decode,11.758,68.104,8.235,18.688
1263.525,run:decode,11.758,68.104,8.709,18.688
1264.029,run:decode,11.758,68.104,6.413,18.688
1264.529,run:decode,11.758,68.104,6.628,18.688
1265.03,run:decode,11.758,68.104,6.84,18.688
1265.633,free:decode,0.051,68.104,5.225,18.703
1266.134,encode_mp4,0.051,68.104,5.605,1.315
1266.635,encode_mp4,0.051,68.104,5.856,1.315
1267.136,encode_mp4,0.051,68.104,6.103,1.315
1267.637,encode_mp4,0.051,68.104,6.104,1.315
1268.138,encode_mp4,0.051,68.104,5.616,1.315
1268.639,encode_mp4,0.051,68.104,6.117,1.315
1269.043,init,0.051,68.104,5.261,1.315
