t_rel,phase,hbm_alloc_gib,hbm_peak_gib,host_used_gib,nvml_used_gib
3.008,init,0.0,0.0,3.636,0.687
3.51,sglang:subprocess,0.0,0.0,3.857,0.687
4.011,sglang:subprocess,0.0,0.0,3.892,0.687
4.511,sglang:subprocess,0.0,0.0,3.89,0.687
5.012,sglang:subprocess,0.0,0.0,3.935,0.687
5.513,sglang:subprocess,0.0,0.0,3.957,0.687
6.013,sglang:subprocess,0.0,0.0,3.988,0.687
6.514,sglang:subprocess,0.0,0.0,3.994,0.687
7.015,sglang:subprocess,0.0,0.0,3.995,0.687
7.515,sglang:subprocess,0.0,0.0,3.997,0.687
8.016,sglang:subprocess,0.0,0.0,3.998,0.687
8.517,sglang:subprocess,0.0,0.0,4.002,0.687
9.018,sglang:subprocess,0.0,0.0,4.029,0.687
9.518,sglang:subprocess,0.0,0.0,4.055,0.687
10.019,sglang:subprocess,0.0,0.0,4.093,0.687
10.519,sglang:subprocess,0.0,0.0,4.143,0.687
11.02,sglang:subprocess,0.0,0.0,4.178,0.687
11.521,sglang:subprocess,0.0,0.0,4.214,0.687
12.021,sglang:subprocess,0.0,0.0,4.235,0.687
12.522,sglang:subprocess,0.0,0.0,4.247,0.687
13.023,sglang:subprocess,0.0,0.0,4.274,0.687
13.524,sglang:subprocess,0.0,0.0,4.28,0.687
14.024,sglang:subprocess,0.0,0.0,4.282,0.687
14.525,sglang:subprocess,0.0,0.0,4.283,0.687
15.026,sglang:subprocess,0.0,0.0,4.285,0.687
15.526,sglang:subprocess,0.0,0.0,4.3,0.687
16.027,sglang:subprocess,0.0,0.0,4.322,0.687
16.527,sglang:subprocess,0.0,0.0,4.363,0.687
17.028,sglang:subprocess,0.0,0.0,4.386,0.687
17.529,sglang:subprocess,0.0,0.0,4.413,0.687
18.03,sglang:subprocess,0.0,0.0,4.421,0.687
18.53,sglang:subprocess,0.0,0.0,4.419,0.687
19.031,sglang:subprocess,0.0,0.0,4.441,0.687
19.532,sglang:subprocess,0.0,0.0,4.458,0.687
20.032,sglang:subprocess,0.0,0.0,4.462,0.687
20.533,sglang:subprocess,0.0,0.0,4.472,0.687
21.034,sglang:subprocess,0.0,0.0,4.474,0.687
21.534,sglang:subprocess,0.0,0.0,4.476,0.687
22.035,sglang:subprocess,0.0,0.0,4.48,0.687
22.536,sglang:subprocess,0.0,0.0,4.489,0.687
23.037,sglang:subprocess,0.0,0.0,4.646,0.687
23.537,sglang:subprocess,0.0,0.0,4.752,0.687
24.038,sglang:subprocess,0.0,0.0,4.78,0.687
24.538,sglang:subprocess,0.0,0.0,4.822,0.687
25.039,sglang:subprocess,0.0,0.0,4.843,0.687
25.54,sglang:subprocess,0.0,0.0,4.872,0.687
26.042,sglang:subprocess,0.0,0.0,4.885,0.687
26.542,sglang:subprocess,0.0,0.0,4.892,0.687
27.043,sglang:subprocess,0.0,0.0,4.895,0.687
27.543,sglang:subprocess,0.0,0.0,4.896,0.687
28.044,sglang:subprocess,0.0,0.0,4.898,0.687
28.545,sglang:subprocess,0.0,0.0,4.917,0.687
29.046,sglang:subprocess,0.0,0.0,4.946,0.687
29.546,sglang:subprocess,0.0,0.0,4.976,0.687
30.047,sglang:subprocess,0.0,0.0,5.018,0.687
30.548,sglang:subprocess,0.0,0.0,5.059,0.687
31.048,sglang:subprocess,0.0,0.0,5.109,0.687
31.549,sglang:subprocess,0.0,0.0,5.135,0.687
32.05,sglang:subprocess,0.0,0.0,5.147,0.687
32.55,sglang:subprocess,0.0,0.0,5.171,0.687
33.051,sglang:subprocess,0.0,0.0,5.201,0.687
33.552,sglang:subprocess,0.0,0.0,5.223,0.687
34.053,sglang:subprocess,0.0,0.0,5.226,0.687
34.553,sglang:subprocess,0.0,0.0,5.224,0.687
35.054,sglang:subprocess,0.0,0.0,5.235,0.687
35.555,sglang:subprocess,0.0,0.0,5.256,0.687
36.055,sglang:subprocess,0.0,0.0,5.275,0.687
36.556,sglang:subprocess,0.0,0.0,5.328,0.687
37.057,sglang:subprocess,0.0,0.0,5.343,0.687
37.557,sglang:subprocess,0.0,0.0,5.359,0.687
38.058,sglang:subprocess,0.0,0.0,5.366,0.687
38.578,sglang:subprocess,0.0,0.0,5.373,0.701
39.079,sglang:subprocess,0.0,0.0,5.685,1.615
39.579,sglang:subprocess,0.0,0.0,5.702,1.615
40.08,sglang:subprocess,0.0,0.0,5.706,1.615
40.581,sglang:subprocess,0.0,0.0,5.717,1.615
41.081,sglang:subprocess,0.0,0.0,5.718,1.615
41.582,sglang:subprocess,0.0,0.0,5.718,1.615
42.083,sglang:subprocess,0.0,0.0,5.719,1.615
42.583,sglang:subprocess,0.0,0.0,5.736,1.615
43.084,sglang:subprocess,0.0,0.0,5.96,1.615
43.584,sglang:subprocess,0.0,0.0,6.353,1.615
44.085,sglang:subprocess,0.0,0.0,6.6,1.615
44.586,sglang:subprocess,0.0,0.0,6.771,1.615
45.087,sglang:subprocess,0.0,0.0,6.943,1.615
45.587,sglang:subprocess,0.0,0.0,7.118,1.615
46.088,sglang:subprocess,0.0,0.0,7.289,1.615
46.589,sglang:subprocess,0.0,0.0,7.457,1.615
47.089,sglang:subprocess,0.0,0.0,7.63,1.615
47.59,sglang:subprocess,0.0,0.0,7.8,1.615
48.091,sglang:subprocess,0.0,0.0,7.975,1.615
48.591,sglang:subprocess,0.0,0.0,8.146,1.615
49.093,sglang:subprocess,0.0,0.0,8.321,1.615
49.593,sglang:subprocess,0.0,0.0,8.492,1.615
50.094,sglang:subprocess,0.0,0.0,8.659,1.615
50.594,sglang:subprocess,0.0,0.0,8.834,1.615
51.095,sglang:subprocess,0.0,0.0,9.006,1.615
51.596,sglang:subprocess,0.0,0.0,9.178,1.615
52.096,sglang:subprocess,0.0,0.0,9.353,1.615
52.598,sglang:subprocess,0.0,0.0,9.522,1.615
53.099,sglang:subprocess,0.0,0.0,9.693,1.615
53.6,sglang:subprocess,0.0,0.0,9.864,1.615
54.1,sglang:subprocess,0.0,0.0,10.038,1.615
54.601,sglang:subprocess,0.0,0.0,10.21,1.615
55.102,sglang:subprocess,0.0,0.0,10.38,1.615
55.603,sglang:subprocess,0.0,0.0,10.53,1.615
56.103,sglang:subprocess,0.0,0.0,10.72,1.615
56.604,sglang:subprocess,0.0,0.0,10.89,1.615
57.105,sglang:subprocess,0.0,0.0,11.056,1.615
57.605,sglang:subprocess,0.0,0.0,11.227,1.615
58.106,sglang:subprocess,0.0,0.0,11.403,1.615
58.607,sglang:subprocess,0.0,0.0,11.57,1.615
59.107,sglang:subprocess,0.0,0.0,11.741,1.615
59.608,sglang:subprocess,0.0,0.0,11.913,1.615
60.109,sglang:subprocess,0.0,0.0,12.086,1.615
60.61,sglang:subprocess,0.0,0.0,12.258,1.615
61.11,sglang:subprocess,0.0,0.0,12.431,1.615
61.611,sglang:subprocess,0.0,0.0,12.602,1.615
62.112,sglang:subprocess,0.0,0.0,12.779,1.615
62.612,sglang:subprocess,0.0,0.0,12.952,1.615
63.113,sglang:subprocess,0.0,0.0,13.121,1.615
63.614,sglang:subprocess,0.0,0.0,13.293,1.615
64.114,sglang:subprocess,0.0,0.0,13.466,1.615
64.615,sglang:subprocess,0.0,0.0,13.637,1.615
65.116,sglang:subprocess,0.0,0.0,13.807,1.615
65.617,sglang:subprocess,0.0,0.0,13.977,1.615
66.117,sglang:subprocess,0.0,0.0,14.151,1.615
66.618,sglang:subprocess,0.0,0.0,14.323,1.615
67.119,sglang:subprocess,0.0,0.0,14.492,1.615
67.62,sglang:subprocess,0.0,0.0,14.662,1.615
68.121,sglang:subprocess,0.0,0.0,14.833,1.615
68.621,sglang:subprocess,0.0,0.0,15.005,1.615
69.122,sglang:subprocess,0.0,0.0,15.169,1.615
69.623,sglang:subprocess,0.0,0.0,15.341,1.615
70.124,sglang:subprocess,0.0,0.0,15.517,1.615
70.625,sglang:subprocess,0.0,0.0,15.691,1.615
71.125,sglang:subprocess,0.0,0.0,15.863,1.615
71.631,sglang:subprocess,0.0,0.0,16.049,1.615
72.132,sglang:subprocess,0.0,0.0,16.208,1.615
72.633,sglang:subprocess,0.0,0.0,16.377,1.615
73.133,sglang:subprocess,0.0,0.0,16.551,1.615
73.634,sglang:subprocess,0.0,0.0,16.723,1.615
74.135,sglang:subprocess,0.0,0.0,16.896,1.615
74.635,sglang:subprocess,0.0,0.0,17.069,1.615
75.136,sglang:subprocess,0.0,0.0,17.239,1.615
75.637,sglang:subprocess,0.0,0.0,17.41,1.615
76.138,sglang:subprocess,0.0,0.0,17.584,1.615
76.638,sglang:subprocess,0.0,0.0,17.75,1.615
77.139,sglang:subprocess,0.0,0.0,17.922,1.615
77.64,sglang:subprocess,0.0,0.0,18.093,1.615
78.14,sglang:subprocess,0.0,0.0,18.268,1.615
78.641,sglang:subprocess,0.0,0.0,18.438,1.615
79.142,sglang:subprocess,0.0,0.0,18.61,1.615
79.642,sglang:subprocess,0.0,0.0,18.779,1.615
80.143,sglang:subprocess,0.0,0.0,18.954,1.615
80.644,sglang:subprocess,0.0,0.0,19.128,1.615
81.145,sglang:subprocess,0.0,0.0,19.301,1.615
81.645,sglang:subprocess,0.0,0.0,19.47,1.615
82.146,sglang:subprocess,0.0,0.0,19.625,1.615
82.647,sglang:subprocess,0.0,0.0,19.809,1.615
83.148,sglang:subprocess,0.0,0.0,19.979,1.615
83.648,sglang:subprocess,0.0,0.0,20.151,1.615
84.149,sglang:subprocess,0.0,0.0,20.322,1.615
84.65,sglang:subprocess,0.0,0.0,20.496,1.615
85.15,sglang:subprocess,0.0,0.0,20.667,1.615
85.651,sglang:subprocess,0.0,0.0,20.837,1.615
86.152,sglang:subprocess,0.0,0.0,21.008,1.615
86.653,sglang:subprocess,0.0,0.0,21.175,1.615
87.153,sglang:subprocess,0.0,0.0,21.346,1.615
87.654,sglang:subprocess,0.0,0.0,21.518,1.615
88.155,sglang:subprocess,0.0,0.0,21.69,1.615
88.655,sglang:subprocess,0.0,0.0,21.861,1.615
89.156,sglang:subprocess,0.0,0.0,22.031,1.615
89.657,sglang:subprocess,0.0,0.0,22.207,1.615
90.157,sglang:subprocess,0.0,0.0,22.382,1.615
90.658,sglang:subprocess,0.0,0.0,22.557,1.615
91.159,sglang:subprocess,0.0,0.0,22.728,1.615
91.66,sglang:subprocess,0.0,0.0,22.898,1.615
92.16,sglang:subprocess,0.0,0.0,23.07,1.615
92.661,sglang:subprocess,0.0,0.0,23.244,1.615
93.162,sglang:subprocess,0.0,0.0,23.413,1.615
93.662,sglang:subprocess,0.0,0.0,23.585,1.615
94.163,sglang:subprocess,0.0,0.0,23.759,1.615
94.664,sglang:subprocess,0.0,0.0,23.929,1.615
95.164,sglang:subprocess,0.0,0.0,24.102,1.615
95.665,sglang:subprocess,0.0,0.0,24.261,1.615
96.166,sglang:subprocess,0.0,0.0,24.433,1.615
96.667,sglang:subprocess,0.0,0.0,24.608,1.615
97.168,sglang:subprocess,0.0,0.0,24.778,1.615
97.668,sglang:subprocess,0.0,0.0,24.948,1.615
98.169,sglang:subprocess,0.0,0.0,25.119,1.615
98.67,sglang:subprocess,0.0,0.0,25.295,1.615
99.17,sglang:subprocess,0.0,0.0,25.466,1.615
99.671,sglang:subprocess,0.0,0.0,25.637,1.615
100.172,sglang:subprocess,0.0,0.0,25.814,1.615
100.672,sglang:subprocess,0.0,0.0,25.986,1.615
101.173,sglang:subprocess,0.0,0.0,26.159,1.615
101.674,sglang:subprocess,0.0,0.0,26.329,1.615
102.175,sglang:subprocess,0.0,0.0,26.503,1.615
102.675,sglang:subprocess,0.0,0.0,26.673,1.615
103.176,sglang:subprocess,0.0,0.0,26.846,1.615
103.677,sglang:subprocess,0.0,0.0,27.019,1.615
104.177,sglang:subprocess,0.0,0.0,27.191,1.615
104.678,sglang:subprocess,0.0,0.0,27.362,1.615
105.179,sglang:subprocess,0.0,0.0,27.534,1.615
105.68,sglang:subprocess,0.0,0.0,27.706,1.615
106.18,sglang:subprocess,0.0,0.0,27.875,1.615
106.681,sglang:subprocess,0.0,0.0,28.047,1.615
107.182,sglang:subprocess,0.0,0.0,28.214,1.615
107.683,sglang:subprocess,0.0,0.0,28.385,1.615
108.183,sglang:subprocess,0.0,0.0,28.556,1.615
108.684,sglang:subprocess,0.0,0.0,28.703,1.615
109.185,sglang:subprocess,0.0,0.0,28.893,1.615
109.685,sglang:subprocess,0.0,0.0,29.066,1.615
110.186,sglang:subprocess,0.0,0.0,29.242,1.615
110.687,sglang:subprocess,0.0,0.0,29.411,1.615
111.187,sglang:subprocess,0.0,0.0,29.582,1.615
111.688,sglang:subprocess,0.0,0.0,29.755,1.615
112.189,sglang:subprocess,0.0,0.0,29.926,1.615
112.69,sglang:subprocess,0.0,0.0,30.099,1.615
113.19,sglang:subprocess,0.0,0.0,30.273,1.615
113.691,sglang:subprocess,0.0,0.0,30.444,1.615
114.192,sglang:subprocess,0.0,0.0,30.614,1.615
114.692,sglang:subprocess,0.0,0.0,30.788,1.615
115.193,sglang:subprocess,0.0,0.0,30.961,1.615
115.694,sglang:subprocess,0.0,0.0,31.132,1.615
116.194,sglang:subprocess,0.0,0.0,31.299,1.615
116.695,sglang:subprocess,0.0,0.0,31.469,1.615
117.196,sglang:subprocess,0.0,0.0,31.645,1.615
117.697,sglang:subprocess,0.0,0.0,31.818,1.615
118.198,sglang:subprocess,0.0,0.0,31.993,1.615
118.698,sglang:subprocess,0.0,0.0,32.163,1.615
119.199,sglang:subprocess,0.0,0.0,32.336,1.615
119.7,sglang:subprocess,0.0,0.0,32.506,1.615
120.2,sglang:subprocess,0.0,0.0,32.682,1.615
120.701,sglang:subprocess,0.0,0.0,32.854,1.615
121.202,sglang:subprocess,0.0,0.0,33.028,1.615
121.702,sglang:subprocess,0.0,0.0,33.197,1.615
122.203,sglang:subprocess,0.0,0.0,33.361,1.615
122.704,sglang:subprocess,0.0,0.0,33.535,1.615
123.205,sglang:subprocess,0.0,0.0,33.705,1.615
123.706,sglang:subprocess,0.0,0.0,33.878,1.615
124.206,sglang:subprocess,0.0,0.0,34.05,1.615
124.708,sglang:subprocess,0.0,0.0,34.22,1.615
125.208,sglang:subprocess,0.0,0.0,34.393,1.615
125.709,sglang:subprocess,0.0,0.0,34.564,1.615
126.21,sglang:subprocess,0.0,0.0,34.728,1.615
126.71,sglang:subprocess,0.0,0.0,34.9,1.615
127.211,sglang:subprocess,0.0,0.0,35.071,1.615
127.712,sglang:subprocess,0.0,0.0,35.244,1.615
128.213,sglang:subprocess,0.0,0.0,35.414,1.615
128.713,sglang:subprocess,0.0,0.0,35.587,1.615
129.214,sglang:subprocess,0.0,0.0,35.758,1.615
129.715,sglang:subprocess,0.0,0.0,35.93,1.615
130.215,sglang:subprocess,0.0,0.0,36.107,1.615
130.716,sglang:subprocess,0.0,0.0,36.28,1.615
131.217,sglang:subprocess,0.0,0.0,36.451,1.615
131.717,sglang:subprocess,0.0,0.0,36.623,1.615
132.218,sglang:subprocess,0.0,0.0,36.794,1.615
132.719,sglang:subprocess,0.0,0.0,36.968,1.615
133.22,sglang:subprocess,0.0,0.0,37.14,1.615
133.721,sglang:subprocess,0.0,0.0,37.315,1.615
134.221,sglang:subprocess,0.0,0.0,37.485,1.615
134.722,sglang:subprocess,0.0,0.0,37.656,1.615
135.223,sglang:subprocess,0.0,0.0,37.798,1.615
135.723,sglang:subprocess,0.0,0.0,37.991,1.615
136.224,sglang:subprocess,0.0,0.0,38.162,1.615
136.725,sglang:subprocess,0.0,0.0,38.333,1.615
137.225,sglang:subprocess,0.0,0.0,38.507,1.615
137.726,sglang:subprocess,0.0,0.0,38.671,1.615
138.227,sglang:subprocess,0.0,0.0,38.845,1.615
138.729,sglang:subprocess,0.0,0.0,39.017,1.615
139.23,sglang:subprocess,0.0,0.0,39.188,1.615
139.73,sglang:subprocess,0.0,0.0,39.36,1.615
140.231,sglang:subprocess,0.0,0.0,39.532,1.615
140.732,sglang:subprocess,0.0,0.0,39.706,1.615
141.232,sglang:subprocess,0.0,0.0,39.876,1.615
141.733,sglang:subprocess,0.0,0.0,40.05,1.615
142.234,sglang:subprocess,0.0,0.0,40.222,1.615
142.734,sglang:subprocess,0.0,0.0,40.393,1.615
143.235,sglang:subprocess,0.0,0.0,40.565,1.615
143.736,sglang:subprocess,0.0,0.0,40.739,1.615
144.237,sglang:subprocess,0.0,0.0,40.912,1.615
144.737,sglang:subprocess,0.0,0.0,41.086,1.615
145.238,sglang:subprocess,0.0,0.0,41.23,1.615
145.739,sglang:subprocess,0.0,0.0,41.385,1.615
146.24,sglang:subprocess,0.0,0.0,41.552,1.615
146.74,sglang:subprocess,0.0,0.0,41.722,1.615
147.241,sglang:subprocess,0.0,0.0,41.893,1.615
147.742,sglang:subprocess,0.0,0.0,42.066,1.615
148.242,sglang:subprocess,0.0,0.0,42.236,1.615
148.743,sglang:subprocess,0.0,0.0,42.401,1.615
149.244,sglang:subprocess,0.0,0.0,42.572,1.615
149.745,sglang:subprocess,0.0,0.0,42.746,1.615
150.245,sglang:subprocess,0.0,0.0,42.917,1.615
150.746,sglang:subprocess,0.0,0.0,43.089,1.615
151.247,sglang:subprocess,0.0,0.0,43.262,1.615
151.747,sglang:subprocess,0.0,0.0,43.435,1.615
152.249,sglang:subprocess,0.0,0.0,43.606,1.615
152.749,sglang:subprocess,0.0,0.0,43.776,1.615
153.25,sglang:subprocess,0.0,0.0,43.949,1.615
153.751,sglang:subprocess,0.0,0.0,44.123,1.615
154.252,sglang:subprocess,0.0,0.0,44.293,1.615
154.752,sglang:subprocess,0.0,0.0,44.464,1.615
155.253,sglang:subprocess,0.0,0.0,44.635,1.615
155.754,sglang:subprocess,0.0,0.0,44.808,1.615
156.254,sglang:subprocess,0.0,0.0,44.979,1.615
156.755,sglang:subprocess,0.0,0.0,45.15,1.615
157.256,sglang:subprocess,0.0,0.0,45.321,1.615
157.756,sglang:subprocess,0.0,0.0,45.492,1.615
158.257,sglang:subprocess,0.0,0.0,45.665,1.615
158.758,sglang:subprocess,0.0,0.0,45.836,1.615
159.259,sglang:subprocess,0.0,0.0,46.011,1.615
159.76,sglang:subprocess,0.0,0.0,46.182,1.615
160.26,sglang:subprocess,0.0,0.0,46.352,1.615
160.761,sglang:subprocess,0.0,0.0,46.522,1.615
161.262,sglang:subprocess,0.0,0.0,46.694,1.615
161.762,sglang:subprocess,0.0,0.0,46.848,1.615
162.263,sglang:subprocess,0.0,0.0,47.033,1.615
162.764,sglang:subprocess,0.0,0.0,47.203,1.615
163.264,sglang:subprocess,0.0,0.0,47.374,1.615
163.765,sglang:subprocess,0.0,0.0,47.547,1.615
164.266,sglang:subprocess,0.0,0.0,47.718,1.615
164.767,sglang:subprocess,0.0,0.0,47.891,1.615
165.268,sglang:subprocess,0.0,0.0,48.062,1.615
165.769,sglang:subprocess,0.0,0.0,48.233,1.615
166.269,sglang:subprocess,0.0,0.0,48.405,1.615
166.77,sglang:subprocess,0.0,0.0,48.577,1.615
167.271,sglang:subprocess,0.0,0.0,48.748,1.615
167.771,sglang:subprocess,0.0,0.0,48.92,1.615
168.272,sglang:subprocess,0.0,0.0,49.091,1.615
168.773,sglang:subprocess,0.0,0.0,49.264,1.615
169.273,sglang:subprocess,0.0,0.0,49.434,1.615
169.774,sglang:subprocess,0.0,0.0,49.604,1.615
170.275,sglang:subprocess,0.0,0.0,49.782,1.615
170.776,sglang:subprocess,0.0,0.0,49.953,1.615
171.277,sglang:subprocess,0.0,0.0,50.125,1.615
171.777,sglang:subprocess,0.0,0.0,50.296,1.615
172.278,sglang:subprocess,0.0,0.0,50.469,1.615
172.779,sglang:subprocess,0.0,0.0,50.64,1.615
173.279,sglang:subprocess,0.0,0.0,50.809,1.615
173.78,sglang:subprocess,0.0,0.0,50.98,1.615
174.281,sglang:subprocess,0.0,0.0,51.153,1.615
174.781,sglang:subprocess,0.0,0.0,51.324,1.615
175.282,sglang:subprocess,0.0,0.0,51.486,1.615
175.783,sglang:subprocess,0.0,0.0,51.659,1.615
176.284,sglang:subprocess,0.0,0.0,51.833,1.615
176.784,sglang:subprocess,0.0,0.0,52.003,1.615
177.285,sglang:subprocess,0.0,0.0,52.174,1.615
177.786,sglang:subprocess,0.0,0.0,52.346,1.615
178.286,sglang:subprocess,0.0,0.0,52.52,1.615
178.787,sglang:subprocess,0.0,0.0,52.688,1.615
179.288,sglang:subprocess,0.0,0.0,52.86,1.615
179.789,sglang:subprocess,0.0,0.0,53.03,1.615
180.289,sglang:subprocess,0.0,0.0,53.203,1.615
180.79,sglang:subprocess,0.0,0.0,53.373,1.615
181.291,sglang:subprocess,0.0,0.0,53.545,1.615
181.792,sglang:subprocess,0.0,0.0,53.717,1.615
182.292,sglang:subprocess,0.0,0.0,53.89,1.615
182.793,sglang:subprocess,0.0,0.0,54.056,1.615
183.294,sglang:subprocess,0.0,0.0,54.227,1.615
183.794,sglang:subprocess,0.0,0.0,54.401,1.615
184.295,sglang:subprocess,0.0,0.0,54.571,1.615
184.796,sglang:subprocess,0.0,0.0,54.742,1.615
185.296,sglang:subprocess,0.0,0.0,54.912,1.615
185.798,sglang:subprocess,0.0,0.0,55.087,1.615
186.299,sglang:subprocess,0.0,0.0,55.259,1.615
186.799,sglang:subprocess,0.0,0.0,55.427,1.615
187.3,sglang:subprocess,0.0,0.0,55.597,1.615
187.801,sglang:subprocess,0.0,0.0,55.767,1.615
188.301,sglang:subprocess,0.0,0.0,55.938,1.615
188.802,sglang:subprocess,0.0,0.0,56.111,1.615
189.303,sglang:subprocess,0.0,0.0,56.28,1.615
189.803,sglang:subprocess,0.0,0.0,56.45,1.615
190.304,sglang:subprocess,0.0,0.0,56.627,1.615
190.805,sglang:subprocess,0.0,0.0,56.8,1.615
191.306,sglang:subprocess,0.0,0.0,56.968,1.615
191.807,sglang:subprocess,0.0,0.0,57.142,1.615
192.307,sglang:subprocess,0.0,0.0,57.317,1.615
192.808,sglang:subprocess,0.0,0.0,57.489,1.615
193.309,sglang:subprocess,0.0,0.0,57.658,1.615
193.809,sglang:subprocess,0.0,0.0,57.833,1.615
194.31,sglang:subprocess,0.0,0.0,58.004,1.615
194.811,sglang:subprocess,0.0,0.0,58.173,1.615
195.311,sglang:subprocess,0.0,0.0,58.344,1.615
195.812,sglang:subprocess,0.0,0.0,58.516,1.615
196.313,sglang:subprocess,0.0,0.0,58.687,1.615
196.814,sglang:subprocess,0.0,0.0,58.859,1.615
197.315,sglang:subprocess,0.0,0.0,59.03,1.615
197.815,sglang:subprocess,0.0,0.0,59.2,1.615
198.316,sglang:subprocess,0.0,0.0,59.366,1.615
198.817,sglang:subprocess,0.0,0.0,59.539,1.615
199.317,sglang:subprocess,0.0,0.0,59.711,1.615
199.818,sglang:subprocess,0.0,0.0,59.881,1.615
200.319,sglang:subprocess,0.0,0.0,60.053,1.615
200.819,sglang:subprocess,0.0,0.0,60.228,1.615
201.32,sglang:subprocess,0.0,0.0,60.398,1.615
201.821,sglang:subprocess,0.0,0.0,60.571,1.615
202.322,sglang:subprocess,0.0,0.0,60.742,1.615
202.823,sglang:subprocess,0.0,0.0,60.914,1.615
203.323,sglang:subprocess,0.0,0.0,61.085,1.615
203.824,sglang:subprocess,0.0,0.0,61.255,1.615
204.325,sglang:subprocess,0.0,0.0,61.434,1.615
204.825,sglang:subprocess,0.0,0.0,61.606,1.615
205.326,sglang:subprocess,0.0,0.0,61.777,1.615
205.826,sglang:subprocess,0.0,0.0,61.947,1.615
206.327,sglang:subprocess,0.0,0.0,62.119,1.615
206.828,sglang:subprocess,0.0,0.0,62.298,1.615
207.329,sglang:subprocess,0.0,0.0,62.467,1.615
207.83,sglang:subprocess,0.0,0.0,62.637,1.615
208.33,sglang:subprocess,0.0,0.0,62.803,1.615
208.831,sglang:subprocess,0.0,0.0,62.976,1.615
209.332,sglang:subprocess,0.0,0.0,63.146,1.615
209.832,sglang:subprocess,0.0,0.0,63.317,1.615
210.333,sglang:subprocess,0.0,0.0,63.493,1.615
210.834,sglang:subprocess,0.0,0.0,63.661,1.615
211.334,sglang:subprocess,0.0,0.0,63.836,1.615
211.835,sglang:subprocess,0.0,0.0,64.004,1.615
212.336,sglang:subprocess,0.0,0.0,64.176,1.615
212.837,sglang:subprocess,0.0,0.0,64.348,1.615
213.338,sglang:subprocess,0.0,0.0,64.518,1.615
213.838,sglang:subprocess,0.0,0.0,64.695,1.615
214.339,sglang:subprocess,0.0,0.0,64.866,1.615
214.84,sglang:subprocess,0.0,0.0,65.038,1.615
215.34,sglang:subprocess,0.0,0.0,65.208,1.615
215.841,sglang:subprocess,0.0,0.0,65.376,1.615
216.342,sglang:subprocess,0.0,0.0,65.549,1.615
216.842,sglang:subprocess,0.0,0.0,65.722,1.615
217.344,sglang:subprocess,0.0,0.0,65.891,1.615
217.844,sglang:subprocess,0.0,0.0,66.06,1.615
218.345,sglang:subprocess,0.0,0.0,66.232,1.615
218.846,sglang:subprocess,0.0,0.0,66.404,1.615
219.346,sglang:subprocess,0.0,0.0,66.573,1.615
219.847,sglang:subprocess,0.0,0.0,66.745,1.615
220.348,sglang:subprocess,0.0,0.0,66.918,1.615
220.848,sglang:subprocess,0.0,0.0,67.09,1.615
221.349,sglang:subprocess,0.0,0.0,67.262,1.615
221.85,sglang:subprocess,0.0,0.0,67.432,1.615
222.35,sglang:subprocess,0.0,0.0,67.603,1.615
222.851,sglang:subprocess,0.0,0.0,67.774,1.615
223.352,sglang:subprocess,0.0,0.0,67.947,1.615
223.853,sglang:subprocess,0.0,0.0,68.118,1.615
224.353,sglang:subprocess,0.0,0.0,68.29,1.615
224.854,sglang:subprocess,0.0,0.0,68.461,1.615
225.355,sglang:subprocess,0.0,0.0,68.632,1.615
225.855,sglang:subprocess,0.0,0.0,68.804,1.615
226.356,sglang:subprocess,0.0,0.0,68.974,1.615
226.857,sglang:subprocess,0.0,0.0,69.14,1.615
227.357,sglang:subprocess,0.0,0.0,69.313,1.615
227.858,sglang:subprocess,0.0,0.0,69.486,1.615
228.359,sglang:subprocess,0.0,0.0,69.654,1.615
228.86,sglang:subprocess,0.0,0.0,69.827,1.615
229.361,sglang:subprocess,0.0,0.0,70.001,1.615
229.861,sglang:subprocess,0.0,0.0,70.172,1.615
230.362,sglang:subprocess,0.0,0.0,70.349,1.615
230.863,sglang:subprocess,0.0,0.0,70.52,1.615
231.363,sglang:subprocess,0.0,0.0,70.692,1.615
231.864,sglang:subprocess,0.0,0.0,70.863,1.615
232.365,sglang:subprocess,0.0,0.0,71.035,1.615
232.865,sglang:subprocess,0.0,0.0,71.205,1.615
233.366,sglang:subprocess,0.0,0.0,71.381,1.615
233.867,sglang:subprocess,0.0,0.0,71.55,1.615
234.368,sglang:subprocess,0.0,0.0,71.718,1.615
234.868,sglang:subprocess,0.0,0.0,71.892,1.615
235.369,sglang:subprocess,0.0,0.0,72.064,1.615
235.87,sglang:subprocess,0.0,0.0,72.234,1.615
236.371,sglang:subprocess,0.0,0.0,72.406,1.615
236.871,sglang:subprocess,0.0,0.0,72.578,1.615
237.372,sglang:subprocess,0.0,0.0,72.744,1.615
237.872,sglang:subprocess,0.0,0.0,72.914,1.615
238.374,sglang:subprocess,0.0,0.0,73.084,1.615
238.874,sglang:subprocess,0.0,0.0,73.257,1.615
239.375,sglang:subprocess,0.0,0.0,73.43,1.615
239.876,sglang:subprocess,0.0,0.0,73.599,1.615
240.376,sglang:subprocess,0.0,0.0,73.775,1.615
240.877,sglang:subprocess,0.0,0.0,73.948,1.615
241.378,sglang:subprocess,0.0,0.0,74.119,1.615
241.878,sglang:subprocess,0.0,0.0,74.289,1.615
242.379,sglang:subprocess,0.0,0.0,74.459,1.615
242.88,sglang:subprocess,0.0,0.0,74.631,1.615
243.38,sglang:subprocess,0.0,0.0,74.804,1.615
243.881,sglang:subprocess,0.0,0.0,74.973,1.615
244.382,sglang:subprocess,0.0,0.0,75.145,1.615
244.883,sglang:subprocess,0.0,0.0,75.318,1.615
245.384,sglang:subprocess,0.0,0.0,75.489,1.615
245.884,sglang:subprocess,0.0,0.0,75.662,1.615
246.385,sglang:subprocess,0.0,0.0,75.831,1.615
246.886,sglang:subprocess,0.0,0.0,76.002,1.615
247.386,sglang:subprocess,0.0,0.0,76.172,1.615
247.887,sglang:subprocess,0.0,0.0,76.343,1.615
248.388,sglang:subprocess,0.0,0.0,76.512,1.615
248.889,sglang:subprocess,0.0,0.0,76.686,1.615
249.39,sglang:subprocess,0.0,0.0,76.855,1.615
249.89,sglang:subprocess,0.0,0.0,77.027,1.615
250.391,sglang:subprocess,0.0,0.0,77.199,1.615
250.892,sglang:subprocess,0.0,0.0,77.37,1.615
251.392,sglang:subprocess,0.0,0.0,77.543,1.615
251.893,sglang:subprocess,0.0,0.0,77.718,1.615
252.394,sglang:subprocess,0.0,0.0,77.888,1.615
252.894,sglang:subprocess,0.0,0.0,78.056,1.615
253.395,sglang:subprocess,0.0,0.0,78.233,1.615
253.895,sglang:subprocess,0.0,0.0,78.404,1.615
254.397,sglang:subprocess,0.0,0.0,78.579,1.615
254.897,sglang:subprocess,0.0,0.0,78.747,1.615
255.398,sglang:subprocess,0.0,0.0,78.92,1.615
255.899,sglang:subprocess,0.0,0.0,79.091,1.615
256.399,sglang:subprocess,0.0,0.0,79.258,1.615
256.9,sglang:subprocess,0.0,0.0,79.431,1.615
257.401,sglang:subprocess,0.0,0.0,79.598,1.615
257.901,sglang:subprocess,0.0,0.0,79.768,1.615
258.402,sglang:subprocess,0.0,0.0,79.939,1.615
258.903,sglang:subprocess,0.0,0.0,80.111,1.615
259.404,sglang:subprocess,0.0,0.0,80.155,2.186
259.904,sglang:subprocess,0.0,0.0,80.158,2.186
260.405,sglang:subprocess,0.0,0.0,80.163,2.186
260.906,sglang:subprocess,0.0,0.0,80.166,2.186
261.406,sglang:subprocess,0.0,0.0,80.287,2.186
261.907,sglang:subprocess,0.0,0.0,80.512,2.186
262.408,sglang:subprocess,0.0,0.0,81.079,2.188
262.909,sglang:subprocess,0.0,0.0,81.079,2.188
263.409,sglang:subprocess,0.0,0.0,81.436,2.188
263.91,sglang:subprocess,0.0,0.0,81.807,2.19
264.411,sglang:subprocess,0.0,0.0,81.806,2.19
264.912,sglang:subprocess,0.0,0.0,81.805,2.19
265.412,sglang:subprocess,0.0,0.0,81.907,2.19
265.917,sglang:subprocess,0.0,0.0,81.824,2.19
266.417,sglang:subprocess,0.0,0.0,81.773,2.19
266.924,sglang:subprocess,0.0,0.0,81.938,2.19
267.425,sglang:subprocess,0.0,0.0,81.724,2.19
267.926,sglang:subprocess,0.0,0.0,82.058,2.19
268.426,sglang:subprocess,0.0,0.0,81.996,2.192
268.927,sglang:subprocess,0.0,0.0,82.174,2.369
269.437,sglang:subprocess,0.0,0.0,82.387,4.303
269.938,sglang:subprocess,0.0,0.0,82.297,4.303
270.439,sglang:subprocess,0.0,0.0,82.349,4.303
270.94,sglang:subprocess,0.0,0.0,82.275,4.303
271.445,sglang:subprocess,0.0,0.0,82.27,4.303
271.945,sglang:subprocess,0.0,0.0,82.194,4.303
272.446,sglang:subprocess,0.0,0.0,82.238,4.303
272.953,sglang:subprocess,0.0,0.0,82.318,4.303
273.454,sglang:subprocess,0.0,0.0,82.418,4.303
273.961,sglang:subprocess,0.0,0.0,82.27,4.303
274.461,sglang:subprocess,0.0,0.0,81.975,5.867
274.962,sglang:subprocess,0.0,0.0,81.977,6.18
275.463,sglang:subprocess,0.0,0.0,81.978,6.414
275.964,sglang:subprocess,0.0,0.0,82.538,7.512
276.464,sglang:subprocess,0.0,0.0,82.636,7.514
276.965,sglang:subprocess,0.0,0.0,82.637,7.514
277.466,sglang:subprocess,0.0,0.0,82.637,7.514
277.966,sglang:subprocess,0.0,0.0,82.637,7.514
278.467,sglang:subprocess,0.0,0.0,82.637,7.514
278.968,sglang:subprocess,0.0,0.0,82.637,7.514
279.469,sglang:subprocess,0.0,0.0,82.637,7.514
279.969,sglang:subprocess,0.0,0.0,82.637,7.514
280.47,sglang:subprocess,0.0,0.0,82.641,7.514
280.971,sglang:subprocess,0.0,0.0,82.678,8.256
281.472,sglang:subprocess,0.0,0.0,82.682,8.256
281.972,sglang:subprocess,0.0,0.0,82.902,11.012
282.49,sglang:subprocess,0.0,0.0,83.413,11.012
282.991,sglang:subprocess,0.0,0.0,84.217,11.502
283.491,sglang:subprocess,0.0,0.0,84.219,11.502
283.992,sglang:subprocess,0.0,0.0,84.23,12.715
284.493,sglang:subprocess,0.0,0.0,84.224,12.715
284.993,sglang:subprocess,0.0,0.0,84.226,12.715
285.494,sglang:subprocess,0.0,0.0,84.226,12.715
285.995,sglang:subprocess,0.0,0.0,84.239,13.926
286.496,sglang:subprocess,0.0,0.0,84.224,13.926
286.997,sglang:subprocess,0.0,0.0,84.236,13.926
287.497,sglang:subprocess,0.0,0.0,84.236,13.926
287.998,sglang:subprocess,0.0,0.0,84.24,15.137
288.499,sglang:subprocess,0.0,0.0,84.227,15.137
288.999,sglang:subprocess,0.0,0.0,84.231,15.137
289.5,sglang:subprocess,0.0,0.0,84.228,15.137
290.001,sglang:subprocess,0.0,0.0,84.237,16.328
290.501,sglang:subprocess,0.0,0.0,84.241,16.328
291.002,sglang:subprocess,0.0,0.0,84.233,16.328
291.503,sglang:subprocess,0.0,0.0,84.233,16.328
292.004,sglang:subprocess,0.0,0.0,84.234,16.328
292.504,sglang:subprocess,0.0,0.0,84.235,17.539
293.005,sglang:subprocess,0.0,0.0,84.235,17.539
293.506,sglang:subprocess,0.0,0.0,84.242,17.539
294.006,sglang:subprocess,0.0,0.0,84.234,17.539
294.507,sglang:subprocess,0.0,0.0,84.243,18.731
295.008,sglang:subprocess,0.0,0.0,84.247,18.731
295.508,sglang:subprocess,0.0,0.0,84.25,18.731
296.009,sglang:subprocess,0.0,0.0,84.236,18.731
296.51,sglang:subprocess,0.0,0.0,84.238,19.922
297.011,sglang:subprocess,0.0,0.0,84.218,19.922
297.511,sglang:subprocess,0.0,0.0,84.219,19.922
298.012,sglang:subprocess,0.0,0.0,84.22,19.922
298.513,sglang:subprocess,0.0,0.0,84.225,21.133
299.013,sglang:subprocess,0.0,0.0,84.237,21.133
299.514,sglang:subprocess,0.0,0.0,84.237,21.133
300.015,sglang:subprocess,0.0,0.0,84.23,21.133
300.515,sglang:subprocess,0.0,0.0,84.238,22.344
301.016,sglang:subprocess,0.0,0.0,84.245,22.344
301.517,sglang:subprocess,0.0,0.0,84.245,22.344
302.018,sglang:subprocess,0.0,0.0,84.245,22.344
302.519,sglang:subprocess,0.0,0.0,84.247,23.557
303.019,sglang:subprocess,0.0,0.0,84.247,23.557
303.52,sglang:subprocess,0.0,0.0,84.247,23.557
304.021,sglang:subprocess,0.0,0.0,84.248,23.557
304.521,sglang:subprocess,0.0,0.0,84.25,24.748
305.022,sglang:subprocess,0.0,0.0,84.247,24.748
305.523,sglang:subprocess,0.0,0.0,84.247,24.748
306.023,sglang:subprocess,0.0,0.0,84.247,24.748
306.524,sglang:subprocess,0.0,0.0,84.249,25.94
307.025,sglang:subprocess,0.0,0.0,84.243,25.94
307.526,sglang:subprocess,0.0,0.0,84.243,25.94
308.026,sglang:subprocess,0.0,0.0,84.243,25.94
308.527,sglang:subprocess,0.0,0.0,84.243,27.151
309.028,sglang:subprocess,0.0,0.0,84.244,27.151
309.528,sglang:subprocess,0.0,0.0,84.245,27.151
310.029,sglang:subprocess,0.0,0.0,84.244,27.151
310.53,sglang:subprocess,0.0,0.0,84.25,28.361
311.03,sglang:subprocess,0.0,0.0,84.25,28.361
311.531,sglang:subprocess,0.0,0.0,84.25,28.361
312.032,sglang:subprocess,0.0,0.0,84.25,28.361
312.533,sglang:subprocess,0.0,0.0,84.251,29.553
313.034,sglang:subprocess,0.0,0.0,84.253,29.553
313.534,sglang:subprocess,0.0,0.0,84.254,29.553
314.035,sglang:subprocess,0.0,0.0,84.254,29.553
314.536,sglang:subprocess,0.0,0.0,84.252,29.553
315.036,sglang:subprocess,0.0,0.0,84.255,30.764
315.537,sglang:subprocess,0.0,0.0,84.256,30.764
316.038,sglang:subprocess,0.0,0.0,84.256,30.764
316.538,sglang:subprocess,0.0,0.0,84.256,30.764
317.039,sglang:subprocess,0.0,0.0,84.256,31.975
317.54,sglang:subprocess,0.0,0.0,84.253,31.975
318.041,sglang:subprocess,0.0,0.0,84.253,31.975
318.541,sglang:subprocess,0.0,0.0,84.253,31.975
319.042,sglang:subprocess,0.0,0.0,84.255,33.147
319.543,sglang:subprocess,0.0,0.0,84.255,33.147
320.043,sglang:subprocess,0.0,0.0,84.256,33.147
320.544,sglang:subprocess,0.0,0.0,84.255,33.147
321.045,sglang:subprocess,0.0,0.0,84.257,34.358
321.545,sglang:subprocess,0.0,0.0,84.258,34.358
322.165,sglang:subprocess,0.0,0.0,84.276,34.358
322.666,sglang:subprocess,0.0,0.0,84.261,34.358
323.167,sglang:subprocess,0.0,0.0,84.262,35.57
323.668,sglang:subprocess,0.0,0.0,84.262,35.57
324.168,sglang:subprocess,0.0,0.0,84.262,35.57
324.669,sglang:subprocess,0.0,0.0,84.263,35.57
325.169,sglang:subprocess,0.0,0.0,84.264,36.781
325.67,sglang:subprocess,0.0,0.0,84.262,36.781
326.171,sglang:subprocess,0.0,0.0,84.26,36.781
326.671,sglang:subprocess,0.0,0.0,84.261,36.781
327.172,sglang:subprocess,0.0,0.0,84.262,37.973
327.673,sglang:subprocess,0.0,0.0,84.264,37.973
328.174,sglang:subprocess,0.0,0.0,84.265,37.973
328.675,sglang:subprocess,0.0,0.0,84.265,37.973
329.175,sglang:subprocess,0.0,0.0,84.266,39.184
329.676,sglang:subprocess,0.0,0.0,84.265,39.184
330.177,sglang:subprocess,0.0,0.0,84.269,39.184
330.677,sglang:subprocess,0.0,0.0,84.27,39.184
331.178,sglang:subprocess,0.0,0.0,84.284,40.375
331.679,sglang:subprocess,0.0,0.0,84.273,40.375
332.179,sglang:subprocess,0.0,0.0,84.272,40.375
332.68,sglang:subprocess,0.0,0.0,84.272,40.375
333.181,sglang:subprocess,0.0,0.0,84.274,41.567
333.682,sglang:subprocess,0.0,0.0,84.279,41.567
334.182,sglang:subprocess,0.0,0.0,84.379,41.567
334.683,sglang:subprocess,0.0,0.0,84.395,41.567
335.184,sglang:subprocess,0.0,0.0,84.4,42.777
335.684,sglang:subprocess,0.0,0.0,84.398,42.777
336.185,sglang:subprocess,0.0,0.0,84.388,42.777
336.686,sglang:subprocess,0.0,0.0,84.341,42.777
337.186,sglang:subprocess,0.0,0.0,84.343,43.988
337.687,sglang:subprocess,0.0,0.0,84.344,43.988
338.188,sglang:subprocess,0.0,0.0,84.35,43.988
338.689,sglang:subprocess,0.0,0.0,84.346,43.988
339.189,sglang:subprocess,0.0,0.0,84.355,45.199
339.69,sglang:subprocess,0.0,0.0,84.348,45.199
340.191,sglang:subprocess,0.0,0.0,84.353,45.199
340.692,sglang:subprocess,0.0,0.0,84.354,45.199
341.192,sglang:subprocess,0.0,0.0,84.359,46.391
341.693,sglang:subprocess,0.0,0.0,84.357,46.391
342.194,sglang:subprocess,0.0,0.0,84.331,46.391
342.694,sglang:subprocess,0.0,0.0,84.331,46.391
343.195,sglang:subprocess,0.0,0.0,84.331,46.391
343.696,sglang:subprocess,0.0,0.0,84.335,47.584
344.197,sglang:subprocess,0.0,0.0,84.34,47.584
344.697,sglang:subprocess,0.0,0.0,84.34,47.584
345.198,sglang:subprocess,0.0,0.0,84.34,47.584
345.699,sglang:subprocess,0.0,0.0,84.341,48.795
346.199,sglang:subprocess,0.0,0.0,84.343,48.795
346.7,sglang:subprocess,0.0,0.0,84.343,48.795
347.201,sglang:subprocess,0.0,0.0,84.339,48.795
347.701,sglang:subprocess,0.0,0.0,84.34,50.006
348.202,sglang:subprocess,0.0,0.0,84.343,50.006
348.703,sglang:subprocess,0.0,0.0,84.343,50.006
349.204,sglang:subprocess,0.0,0.0,84.343,50.006
349.704,sglang:subprocess,0.0,0.0,84.346,51.197
350.205,sglang:subprocess,0.0,0.0,84.353,51.197
350.706,sglang:subprocess,0.0,0.0,84.352,51.197
351.206,sglang:subprocess,0.0,0.0,84.353,51.197
351.707,sglang:subprocess,0.0,0.0,84.355,52.408
352.208,sglang:subprocess,0.0,0.0,84.357,52.408
352.708,sglang:subprocess,0.0,0.0,84.357,52.408
353.209,sglang:subprocess,0.0,0.0,84.354,52.408
353.71,sglang:subprocess,0.0,0.0,84.369,53.619
354.211,sglang:subprocess,0.0,0.0,84.356,53.619
354.711,sglang:subprocess,0.0,0.0,84.357,53.619
355.212,sglang:subprocess,0.0,0.0,84.358,53.619
355.713,sglang:subprocess,0.0,0.0,84.36,54.791
356.213,sglang:subprocess,0.0,0.0,84.36,54.791
356.714,sglang:subprocess,0.0,0.0,84.36,54.791
357.215,sglang:subprocess,0.0,0.0,84.358,54.791
357.715,sglang:subprocess,0.0,0.0,84.375,56.002
358.216,sglang:subprocess,0.0,0.0,84.36,56.002
358.717,sglang:subprocess,0.0,0.0,84.361,56.002
359.217,sglang:subprocess,0.0,0.0,84.362,56.002
359.719,sglang:subprocess,0.0,0.0,84.378,57.213
360.219,sglang:subprocess,0.0,0.0,84.368,57.213
360.72,sglang:subprocess,0.0,0.0,84.383,57.213
361.221,sglang:subprocess,0.0,0.0,84.369,57.213
361.721,sglang:subprocess,0.0,0.0,84.386,58.426
362.222,sglang:subprocess,0.0,0.0,84.388,58.426
362.723,sglang:subprocess,0.0,0.0,84.389,58.426
363.223,sglang:subprocess,0.0,0.0,84.388,58.426
363.724,sglang:subprocess,0.0,0.0,84.389,59.617
364.225,sglang:subprocess,0.0,0.0,84.359,59.617
364.726,sglang:subprocess,0.0,0.0,84.362,59.617
365.226,sglang:subprocess,0.0,0.0,84.362,59.617
365.727,sglang:subprocess,0.0,0.0,84.363,59.617
366.228,sglang:subprocess,0.0,0.0,84.366,60.828
366.728,sglang:subprocess,0.0,0.0,84.367,60.828
367.229,sglang:subprocess,0.0,0.0,84.367,60.828
367.73,sglang:subprocess,0.0,0.0,84.368,60.828
368.23,sglang:subprocess,0.0,0.0,84.37,62.02
368.731,sglang:subprocess,0.0,0.0,84.37,62.02
369.232,sglang:subprocess,0.0,0.0,84.371,62.02
369.732,sglang:subprocess,0.0,0.0,84.37,62.02
370.233,sglang:subprocess,0.0,0.0,84.381,63.231
370.734,sglang:subprocess,0.0,0.0,84.383,63.231
371.235,sglang:subprocess,0.0,0.0,84.384,63.231
371.735,sglang:subprocess,0.0,0.0,84.384,63.231
372.236,sglang:subprocess,0.0,0.0,84.376,64.422
372.737,sglang:subprocess,0.0,0.0,84.377,64.422
373.237,sglang:subprocess,0.0,0.0,84.377,64.422
373.739,sglang:subprocess,0.0,0.0,84.377,64.422
374.239,sglang:subprocess,0.0,0.0,84.381,65.633
374.74,sglang:subprocess,0.0,0.0,84.381,65.633
375.241,sglang:subprocess,0.0,0.0,84.381,65.633
375.742,sglang:subprocess,0.0,0.0,84.389,65.633
376.243,sglang:subprocess,0.0,0.0,84.397,66.844
376.743,sglang:subprocess,0.0,0.0,84.384,66.844
377.244,sglang:subprocess,0.0,0.0,84.38,66.844
377.744,sglang:subprocess,0.0,0.0,84.379,66.844
378.245,sglang:subprocess,0.0,0.0,84.386,68.035
378.746,sglang:subprocess,0.0,0.0,84.386,68.035
379.247,sglang:subprocess,0.0,0.0,84.388,68.035
379.747,sglang:subprocess,0.0,0.0,84.38,68.035
380.248,sglang:subprocess,0.0,0.0,84.404,72.488
380.749,sglang:subprocess,0.0,0.0,84.389,72.488
381.25,sglang:subprocess,0.0,0.0,84.389,72.488
381.75,sglang:subprocess,0.0,0.0,84.389,72.488
382.251,sglang:subprocess,0.0,0.0,84.389,72.488
382.751,sglang:subprocess,0.0,0.0,84.389,72.488
383.252,sglang:subprocess,0.0,0.0,84.389,72.488
383.753,sglang:subprocess,0.0,0.0,84.393,72.488
384.253,sglang:subprocess,0.0,0.0,84.394,72.488
384.754,sglang:subprocess,0.0,0.0,84.395,72.488
385.255,sglang:subprocess,0.0,0.0,84.394,72.488
385.756,sglang:subprocess,0.0,0.0,84.395,72.488
386.256,sglang:subprocess,0.0,0.0,84.394,72.488
386.757,sglang:subprocess,0.0,0.0,84.396,72.488
387.258,sglang:subprocess,0.0,0.0,84.395,72.488
387.758,sglang:subprocess,0.0,0.0,84.395,72.488
388.259,sglang:subprocess,0.0,0.0,84.395,72.488
388.76,sglang:subprocess,0.0,0.0,84.408,72.488
389.26,sglang:subprocess,0.0,0.0,84.379,72.488
389.761,sglang:subprocess,0.0,0.0,84.379,72.488
390.262,sglang:subprocess,0.0,0.0,84.38,72.488
390.763,sglang:subprocess,0.0,0.0,84.381,72.488
391.264,sglang:subprocess,0.0,0.0,84.381,72.488
391.764,sglang:subprocess,0.0,0.0,84.381,72.488
392.265,sglang:subprocess,0.0,0.0,84.382,72.488
392.765,sglang:subprocess,0.0,0.0,84.383,72.488
393.266,sglang:subprocess,0.0,0.0,84.383,72.488
393.767,sglang:subprocess,0.0,0.0,84.384,72.488
394.267,sglang:subprocess,0.0,0.0,84.385,72.488
394.768,sglang:subprocess,0.0,0.0,84.386,72.527
395.269,sglang:subprocess,0.0,0.0,84.386,72.527
395.769,sglang:subprocess,0.0,0.0,84.386,72.527
396.27,sglang:subprocess,0.0,0.0,84.387,72.527
396.771,sglang:subprocess,0.0,0.0,84.387,72.527
397.272,sglang:subprocess,0.0,0.0,84.387,72.527
397.772,sglang:subprocess,0.0,0.0,84.387,72.527
398.273,sglang:subprocess,0.0,0.0,84.387,72.527
398.774,sglang:subprocess,0.0,0.0,84.387,72.547
399.274,sglang:subprocess,0.0,0.0,84.387,72.547
399.775,sglang:subprocess,0.0,0.0,84.387,72.547
400.276,sglang:subprocess,0.0,0.0,84.387,72.547
400.776,sglang:subprocess,0.0,0.0,84.388,72.547
401.277,sglang:subprocess,0.0,0.0,84.387,72.547
401.778,sglang:subprocess,0.0,0.0,84.392,72.547
402.279,sglang:subprocess,0.0,0.0,84.39,72.547
402.779,sglang:subprocess,0.0,0.0,84.393,72.547
403.28,sglang:subprocess,0.0,0.0,84.393,72.547
403.781,sglang:subprocess,0.0,0.0,84.393,72.547
404.281,sglang:subprocess,0.0,0.0,84.395,72.547
404.782,sglang:subprocess,0.0,0.0,84.396,72.547
405.283,sglang:subprocess,0.0,0.0,84.396,72.547
405.783,sglang:subprocess,0.0,0.0,84.396,72.547
406.284,sglang:subprocess,0.0,0.0,84.395,72.547
406.785,sglang:subprocess,0.0,0.0,84.395,72.547
407.286,sglang:subprocess,0.0,0.0,84.395,72.547
407.786,sglang:subprocess,0.0,0.0,84.395,72.547
408.287,sglang:subprocess,0.0,0.0,84.393,72.547
408.788,sglang:subprocess,0.0,0.0,84.393,72.547
409.288,sglang:subprocess,0.0,0.0,84.393,72.547
409.789,sglang:subprocess,0.0,0.0,84.393,72.547
410.29,sglang:subprocess,0.0,0.0,84.391,72.547
410.79,sglang:subprocess,0.0,0.0,84.391,72.547
411.291,sglang:subprocess,0.0,0.0,84.391,72.547
411.792,sglang:subprocess,0.0,0.0,84.391,72.547
412.293,sglang:subprocess,0.0,0.0,84.391,72.547
412.793,sglang:subprocess,0.0,0.0,84.391,72.547
413.294,sglang:subprocess,0.0,0.0,84.39,72.547
413.795,sglang:subprocess,0.0,0.0,84.39,72.547
414.295,sglang:subprocess,0.0,0.0,84.39,72.547
414.796,sglang:subprocess,0.0,0.0,84.391,72.547
415.297,sglang:subprocess,0.0,0.0,84.391,72.547
415.797,sglang:subprocess,0.0,0.0,84.391,72.547
416.298,sglang:subprocess,0.0,0.0,84.39,72.547
416.799,sglang:subprocess,0.0,0.0,84.39,72.547
417.3,sglang:subprocess,0.0,0.0,84.391,72.547
417.8,sglang:subprocess,0.0,0.0,84.391,72.547
418.301,sglang:subprocess,0.0,0.0,84.389,72.547
418.802,sglang:subprocess,0.0,0.0,84.389,72.547
419.302,sglang:subprocess,0.0,0.0,84.39,72.547
419.803,sglang:subprocess,0.0,0.0,84.395,72.547
420.304,sglang:subprocess,0.0,0.0,84.396,72.547
420.804,sglang:subprocess,0.0,0.0,84.4,72.547
421.305,sglang:subprocess,0.0,0.0,84.394,72.547
421.806,sglang:subprocess,0.0,0.0,84.393,72.547
422.307,sglang:subprocess,0.0,0.0,84.39,72.547
422.808,sglang:subprocess,0.0,0.0,84.39,72.547
423.308,sglang:subprocess,0.0,0.0,84.391,72.547
423.809,sglang:subprocess,0.0,0.0,84.391,72.547
424.309,sglang:subprocess,0.0,0.0,84.39,72.547
424.81,sglang:subprocess,0.0,0.0,84.39,72.547
425.311,sglang:subprocess,0.0,0.0,84.389,72.547
425.811,sglang:subprocess,0.0,0.0,84.389,72.547
426.312,sglang:subprocess,0.0,0.0,84.389,72.547
426.813,sglang:subprocess,0.0,0.0,84.39,72.547
427.313,sglang:subprocess,0.0,0.0,84.39,72.547
427.815,sglang:subprocess,0.0,0.0,84.389,72.547
428.315,sglang:subprocess,0.0,0.0,84.39,72.547
428.816,sglang:subprocess,0.0,0.0,84.39,72.547
429.317,sglang:subprocess,0.0,0.0,84.391,72.547
429.817,sglang:subprocess,0.0,0.0,84.391,72.547
430.318,sglang:subprocess,0.0,0.0,84.39,72.547
430.819,sglang:subprocess,0.0,0.0,84.39,72.547
431.319,sglang:subprocess,0.0,0.0,84.39,72.547
431.82,sglang:subprocess,0.0,0.0,84.391,72.547
432.32,sglang:subprocess,0.0,0.0,84.391,72.547
432.822,sglang:subprocess,0.0,0.0,84.391,72.547
433.322,sglang:subprocess,0.0,0.0,84.392,72.547
433.823,sglang:subprocess,0.0,0.0,84.392,72.547
434.324,sglang:subprocess,0.0,0.0,84.395,72.547
434.824,sglang:subprocess,0.0,0.0,84.395,72.547
435.325,sglang:subprocess,0.0,0.0,84.395,72.547
435.826,sglang:subprocess,0.0,0.0,84.395,72.547
436.326,sglang:subprocess,0.0,0.0,84.368,72.547
436.827,sglang:subprocess,0.0,0.0,84.369,72.547
437.328,sglang:subprocess,0.0,0.0,84.368,72.547
437.828,sglang:subprocess,0.0,0.0,84.373,72.547
438.33,sglang:subprocess,0.0,0.0,84.372,72.547
438.83,sglang:subprocess,0.0,0.0,84.372,72.547
439.331,sglang:subprocess,0.0,0.0,84.405,72.547
439.832,sglang:subprocess,0.0,0.0,84.382,72.547
440.332,sglang:subprocess,0.0,0.0,84.385,72.547
440.833,sglang:subprocess,0.0,0.0,84.385,72.547
441.334,sglang:subprocess,0.0,0.0,84.385,72.547
441.834,sglang:subprocess,0.0,0.0,84.385,72.547
442.335,sglang:subprocess,0.0,0.0,84.384,72.547
442.836,sglang:subprocess,0.0,0.0,84.384,72.547
443.337,sglang:subprocess,0.0,0.0,84.384,72.547
443.837,sglang:subprocess,0.0,0.0,84.384,72.547
444.338,sglang:subprocess,0.0,0.0,84.384,72.547
444.839,sglang:subprocess,0.0,0.0,84.384,72.547
445.339,sglang:subprocess,0.0,0.0,84.385,72.547
445.84,sglang:subprocess,0.0,0.0,84.386,72.547
446.341,sglang:subprocess,0.0,0.0,84.388,72.547
446.841,sglang:subprocess,0.0,0.0,84.388,72.547
447.342,sglang:subprocess,0.0,0.0,84.386,72.547
447.843,sglang:subprocess,0.0,0.0,84.387,72.547
448.343,sglang:subprocess,0.0,0.0,84.385,72.547
448.844,sglang:subprocess,0.0,0.0,84.385,72.547
449.345,sglang:subprocess,0.0,0.0,84.385,72.547
449.846,sglang:subprocess,0.0,0.0,84.384,72.547
450.347,sglang:subprocess,0.0,0.0,84.386,72.547
450.847,sglang:subprocess,0.0,0.0,84.385,72.547
451.348,sglang:subprocess,0.0,0.0,84.386,72.547
451.849,sglang:subprocess,0.0,0.0,84.386,72.547
452.349,sglang:subprocess,0.0,0.0,84.387,72.547
452.85,sglang:subprocess,0.0,0.0,84.387,72.547
453.35,sglang:subprocess,0.0,0.0,84.387,72.547
453.852,sglang:subprocess,0.0,0.0,84.387,72.547
454.352,sglang:subprocess,0.0,0.0,84.388,72.547
454.853,sglang:subprocess,0.0,0.0,84.388,72.547
455.354,sglang:subprocess,0.0,0.0,84.388,72.547
455.854,sglang:subprocess,0.0,0.0,84.388,72.547
456.355,sglang:subprocess,0.0,0.0,84.389,72.547
456.856,sglang:subprocess,0.0,0.0,84.35,72.547
457.356,sglang:subprocess,0.0,0.0,84.349,72.547
457.857,sglang:subprocess,0.0,0.0,84.347,72.547
458.358,sglang:subprocess,0.0,0.0,84.347,72.547
458.858,sglang:subprocess,0.0,0.0,84.347,72.547
459.359,sglang:subprocess,0.0,0.0,84.347,72.547
459.86,sglang:subprocess,0.0,0.0,84.346,72.547
460.361,sglang:subprocess,0.0,0.0,84.347,72.547
460.861,sglang:subprocess,0.0,0.0,84.347,72.547
461.362,sglang:subprocess,0.0,0.0,84.347,72.547
461.863,sglang:subprocess,0.0,0.0,84.349,72.547
462.363,sglang:subprocess,0.0,0.0,84.349,72.547
462.864,sglang:subprocess,0.0,0.0,84.348,72.547
463.365,sglang:subprocess,0.0,0.0,84.348,72.547
463.865,sglang:subprocess,0.0,0.0,84.348,72.547
464.367,sglang:subprocess,0.0,0.0,84.351,72.547
464.867,sglang:subprocess,0.0,0.0,84.349,72.547
465.368,sglang:subprocess,0.0,0.0,84.349,72.547
465.869,sglang:subprocess,0.0,0.0,84.349,72.547
466.369,sglang:subprocess,0.0,0.0,84.348,72.547
466.87,sglang:subprocess,0.0,0.0,84.348,72.547
467.371,sglang:subprocess,0.0,0.0,84.348,72.547
467.871,sglang:subprocess,0.0,0.0,84.348,72.547
468.372,sglang:subprocess,0.0,0.0,84.349,72.547
468.873,sglang:subprocess,0.0,0.0,84.349,72.547
469.373,sglang:subprocess,0.0,0.0,84.349,72.547
469.874,sglang:subprocess,0.0,0.0,84.349,72.547
470.375,sglang:subprocess,0.0,0.0,84.352,72.547
470.876,sglang:subprocess,0.0,0.0,84.352,72.547
471.376,sglang:subprocess,0.0,0.0,84.352,72.547
471.877,sglang:subprocess,0.0,0.0,84.353,72.547
472.378,sglang:subprocess,0.0,0.0,84.353,72.547
472.878,sglang:subprocess,0.0,0.0,84.353,72.547
473.379,sglang:subprocess,0.0,0.0,84.353,72.547
473.879,sglang:subprocess,0.0,0.0,84.352,72.547
474.38,sglang:subprocess,0.0,0.0,84.354,72.547
474.881,sglang:subprocess,0.0,0.0,84.353,72.547
475.382,sglang:subprocess,0.0,0.0,84.353,72.547
475.882,sglang:subprocess,0.0,0.0,84.353,72.547
476.383,sglang:subprocess,0.0,0.0,84.353,72.547
476.884,sglang:subprocess,0.0,0.0,84.347,72.547
477.384,sglang:subprocess,0.0,0.0,84.347,72.547
477.885,sglang:subprocess,0.0,0.0,84.348,72.547
478.386,sglang:subprocess,0.0,0.0,84.346,72.547
478.886,sglang:subprocess,0.0,0.0,84.346,72.547
479.387,sglang:subprocess,0.0,0.0,84.347,72.547
479.888,sglang:subprocess,0.0,0.0,84.347,72.547
480.389,sglang:subprocess,0.0,0.0,84.351,72.547
480.89,sglang:subprocess,0.0,0.0,84.351,72.547
481.39,sglang:subprocess,0.0,0.0,84.351,72.547
481.891,sglang:subprocess,0.0,0.0,84.351,72.547
482.392,sglang:subprocess,0.0,0.0,84.35,72.547
482.892,sglang:subprocess,0.0,0.0,84.35,72.547
483.393,sglang:subprocess,0.0,0.0,84.349,72.547
483.893,sglang:subprocess,0.0,0.0,84.349,72.547
484.394,sglang:subprocess,0.0,0.0,84.351,72.547
484.895,sglang:subprocess,0.0,0.0,84.351,72.547
485.396,sglang:subprocess,0.0,0.0,84.351,72.547
485.897,sglang:subprocess,0.0,0.0,84.351,72.547
486.397,sglang:subprocess,0.0,0.0,84.345,72.547
486.898,sglang:subprocess,0.0,0.0,84.345,72.547
487.399,sglang:subprocess,0.0,0.0,84.345,72.547
487.899,sglang:subprocess,0.0,0.0,84.345,72.547
488.4,sglang:subprocess,0.0,0.0,84.345,72.547
488.901,sglang:subprocess,0.0,0.0,84.345,72.547
489.402,sglang:subprocess,0.0,0.0,84.348,72.547
489.902,sglang:subprocess,0.0,0.0,84.347,72.547
490.403,sglang:subprocess,0.0,0.0,84.35,72.547
490.904,sglang:subprocess,0.0,0.0,84.35,72.547
491.405,sglang:subprocess,0.0,0.0,84.35,72.547
491.905,sglang:subprocess,0.0,0.0,84.35,72.547
492.406,sglang:subprocess,0.0,0.0,84.351,72.547
492.907,sglang:subprocess,0.0,0.0,84.35,72.547
493.407,sglang:subprocess,0.0,0.0,84.351,72.547
493.908,sglang:subprocess,0.0,0.0,84.351,72.547
494.409,sglang:subprocess,0.0,0.0,84.353,72.547
494.909,sglang:subprocess,0.0,0.0,84.352,72.547
495.41,sglang:subprocess,0.0,0.0,84.352,72.547
495.911,sglang:subprocess,0.0,0.0,84.352,72.547
496.412,sglang:subprocess,0.0,0.0,84.352,72.547
496.912,sglang:subprocess,0.0,0.0,84.347,72.547
497.413,sglang:subprocess,0.0,0.0,84.348,72.547
497.914,sglang:subprocess,0.0,0.0,84.348,72.547
498.414,sglang:subprocess,0.0,0.0,84.347,72.547
498.915,sglang:subprocess,0.0,0.0,84.348,72.547
499.416,sglang:subprocess,0.0,0.0,84.348,72.547
499.916,sglang:subprocess,0.0,0.0,84.348,72.547
500.417,sglang:subprocess,0.0,0.0,84.352,72.547
500.918,sglang:subprocess,0.0,0.0,84.353,72.547
501.419,sglang:subprocess,0.0,0.0,84.353,72.547
501.92,sglang:subprocess,0.0,0.0,84.353,72.547
502.42,sglang:subprocess,0.0,0.0,84.351,72.547
502.921,sglang:subprocess,0.0,0.0,84.351,72.547
503.422,sglang:subprocess,0.0,0.0,84.351,72.547
503.922,sglang:subprocess,0.0,0.0,84.351,72.547
504.423,sglang:subprocess,0.0,0.0,84.353,72.547
504.923,sglang:subprocess,0.0,0.0,84.354,72.547
505.424,sglang:subprocess,0.0,0.0,84.348,72.547
505.925,sglang:subprocess,0.0,0.0,84.348,72.547
506.426,sglang:subprocess,0.0,0.0,84.348,72.547
506.926,sglang:subprocess,0.0,0.0,84.348,72.547
507.427,sglang:subprocess,0.0,0.0,84.348,72.547
507.928,sglang:subprocess,0.0,0.0,84.348,72.547
508.428,sglang:subprocess,0.0,0.0,84.347,72.547
508.929,sglang:subprocess,0.0,0.0,84.348,72.547
509.43,sglang:subprocess,0.0,0.0,84.349,72.547
509.931,sglang:subprocess,0.0,0.0,84.349,72.547
510.431,sglang:subprocess,0.0,0.0,84.353,72.547
510.932,sglang:subprocess,0.0,0.0,84.353,72.547
511.432,sglang:subprocess,0.0,0.0,84.353,72.547
511.934,sglang:subprocess,0.0,0.0,84.353,72.547
512.434,sglang:subprocess,0.0,0.0,84.352,72.547
512.935,sglang:subprocess,0.0,0.0,84.352,72.547
513.436,sglang:subprocess,0.0,0.0,84.353,72.547
513.936,sglang:subprocess,0.0,0.0,84.353,72.547
514.437,sglang:subprocess,0.0,0.0,84.354,72.547
514.937,sglang:subprocess,0.0,0.0,84.353,72.547
515.438,sglang:subprocess,0.0,0.0,84.353,72.547
515.939,sglang:subprocess,0.0,0.0,84.354,72.547
516.439,sglang:subprocess,0.0,0.0,84.351,72.547
516.94,sglang:subprocess,0.0,0.0,84.351,72.547
517.441,sglang:subprocess,0.0,0.0,84.351,72.547
517.942,sglang:subprocess,0.0,0.0,84.351,72.547
518.442,sglang:subprocess,0.0,0.0,84.353,72.547
518.943,sglang:subprocess,0.0,0.0,84.35,72.547
519.444,sglang:subprocess,0.0,0.0,84.351,72.547
519.944,sglang:subprocess,0.0,0.0,84.351,72.547
520.445,sglang:subprocess,0.0,0.0,84.355,72.547
520.946,sglang:subprocess,0.0,0.0,84.353,72.547
521.446,sglang:subprocess,0.0,0.0,84.353,72.547
521.947,sglang:subprocess,0.0,0.0,84.353,72.547
522.448,sglang:subprocess,0.0,0.0,84.352,72.547
522.949,sglang:subprocess,0.0,0.0,84.352,72.547
523.449,sglang:subprocess,0.0,0.0,84.353,72.547
523.95,sglang:subprocess,0.0,0.0,84.353,72.547
524.451,sglang:subprocess,0.0,0.0,84.353,72.547
524.951,sglang:subprocess,0.0,0.0,84.354,72.547
525.452,sglang:subprocess,0.0,0.0,84.355,72.547
525.953,sglang:subprocess,0.0,0.0,84.355,72.547
526.453,sglang:subprocess,0.0,0.0,84.354,72.547
526.954,sglang:subprocess,0.0,0.0,84.354,72.547
527.455,sglang:subprocess,0.0,0.0,84.351,72.547
527.956,sglang:subprocess,0.0,0.0,84.351,72.547
528.456,sglang:subprocess,0.0,0.0,84.35,72.547
528.957,sglang:subprocess,0.0,0.0,84.35,72.547
529.458,sglang:subprocess,0.0,0.0,84.351,72.547
529.958,sglang:subprocess,0.0,0.0,84.35,72.547
530.459,sglang:subprocess,0.0,0.0,84.35,72.547
530.96,sglang:subprocess,0.0,0.0,84.35,72.547
531.46,sglang:subprocess,0.0,0.0,84.351,72.547
531.961,sglang:subprocess,0.0,0.0,84.351,72.547
532.462,sglang:subprocess,0.0,0.0,84.351,72.547
532.963,sglang:subprocess,0.0,0.0,84.351,72.547
533.463,sglang:subprocess,0.0,0.0,84.352,72.547
533.964,sglang:subprocess,0.0,0.0,84.351,72.547
534.465,sglang:subprocess,0.0,0.0,84.352,72.547
534.965,sglang:subprocess,0.0,0.0,84.352,72.547
535.466,sglang:subprocess,0.0,0.0,84.352,72.547
535.967,sglang:subprocess,0.0,0.0,84.352,72.547
536.467,sglang:subprocess,0.0,0.0,84.35,72.547
536.968,sglang:subprocess,0.0,0.0,84.35,72.547
537.469,sglang:subprocess,0.0,0.0,84.35,72.547
537.97,sglang:subprocess,0.0,0.0,84.35,72.547
538.47,sglang:subprocess,0.0,0.0,84.349,72.547
538.971,sglang:subprocess,0.0,0.0,84.349,72.547
539.472,sglang:subprocess,0.0,0.0,84.351,72.547
539.973,sglang:subprocess,0.0,0.0,84.35,72.547
540.473,sglang:subprocess,0.0,0.0,84.351,72.547
540.974,sglang:subprocess,0.0,0.0,84.352,72.547
541.475,sglang:subprocess,0.0,0.0,84.352,72.547
541.975,sglang:subprocess,0.0,0.0,84.352,72.547
542.476,sglang:subprocess,0.0,0.0,84.355,72.547
542.976,sglang:subprocess,0.0,0.0,84.355,72.547
543.477,sglang:subprocess,0.0,0.0,84.355,72.547
543.978,sglang:subprocess,0.0,0.0,84.355,72.547
544.479,sglang:subprocess,0.0,0.0,84.354,72.547
544.979,sglang:subprocess,0.0,0.0,84.354,72.547
545.48,sglang:subprocess,0.0,0.0,84.354,72.547
545.981,sglang:subprocess,0.0,0.0,84.353,72.547
546.481,sglang:subprocess,0.0,0.0,84.355,72.547
546.982,sglang:subprocess,0.0,0.0,84.355,72.547
547.483,sglang:subprocess,0.0,0.0,84.351,72.547
547.983,sglang:subprocess,0.0,0.0,84.35,72.547
548.484,sglang:subprocess,0.0,0.0,84.351,72.547
548.985,sglang:subprocess,0.0,0.0,84.351,72.547
549.486,sglang:subprocess,0.0,0.0,84.352,72.547
549.986,sglang:subprocess,0.0,0.0,84.351,72.547
550.487,sglang:subprocess,0.0,0.0,84.354,72.547
550.988,sglang:subprocess,0.0,0.0,84.354,72.547
551.488,sglang:subprocess,0.0,0.0,84.355,72.547
551.989,sglang:subprocess,0.0,0.0,84.356,72.547
552.49,sglang:subprocess,0.0,0.0,84.356,72.547
552.99,sglang:subprocess,0.0,0.0,84.356,72.547
553.491,sglang:subprocess,0.0,0.0,84.357,72.547
553.992,sglang:subprocess,0.0,0.0,84.358,72.547
554.493,sglang:subprocess,0.0,0.0,84.358,72.547
554.993,sglang:subprocess,0.0,0.0,84.358,72.547
555.494,sglang:subprocess,0.0,0.0,84.352,72.547
555.995,sglang:subprocess,0.0,0.0,84.351,72.547
556.495,sglang:subprocess,0.0,0.0,84.351,72.547
556.996,sglang:subprocess,0.0,0.0,84.351,72.547
557.497,sglang:subprocess,0.0,0.0,84.351,72.547
557.998,sglang:subprocess,0.0,0.0,84.351,72.547
558.498,sglang:subprocess,0.0,0.0,84.351,72.547
558.999,sglang:subprocess,0.0,0.0,84.352,72.547
559.5,sglang:subprocess,0.0,0.0,84.352,72.547
560.001,sglang:subprocess,0.0,0.0,84.351,72.547
560.501,sglang:subprocess,0.0,0.0,84.355,72.547
561.002,sglang:subprocess,0.0,0.0,84.356,72.547
561.503,sglang:subprocess,0.0,0.0,84.356,72.547
562.003,sglang:subprocess,0.0,0.0,84.358,72.547
562.504,sglang:subprocess,0.0,0.0,84.357,72.547
563.005,sglang:subprocess,0.0,0.0,84.357,72.547
563.505,sglang:subprocess,0.0,0.0,84.356,72.547
564.006,sglang:subprocess,0.0,0.0,84.328,72.547
564.507,sglang:subprocess,0.0,0.0,84.33,72.547
565.008,sglang:subprocess,0.0,0.0,84.329,72.547
565.509,sglang:subprocess,0.0,0.0,84.33,72.547
566.009,sglang:subprocess,0.0,0.0,84.331,72.547
566.51,sglang:subprocess,0.0,0.0,84.326,72.547
567.011,sglang:subprocess,0.0,0.0,84.326,72.547
567.511,sglang:subprocess,0.0,0.0,84.326,72.547
568.012,sglang:subprocess,0.0,0.0,84.326,72.547
568.512,sglang:subprocess,0.0,0.0,84.326,72.547
569.016,sglang:subprocess,0.0,0.0,84.326,72.547
569.517,sglang:subprocess,0.0,0.0,84.327,72.547
570.018,sglang:subprocess,0.0,0.0,84.327,72.547
570.519,sglang:subprocess,0.0,0.0,84.332,72.547
571.019,sglang:subprocess,0.0,0.0,84.333,72.547
571.52,sglang:subprocess,0.0,0.0,84.333,72.547
572.021,sglang:subprocess,0.0,0.0,84.334,72.547
572.521,sglang:subprocess,0.0,0.0,84.334,72.547
573.022,sglang:subprocess,0.0,0.0,84.334,72.547
573.523,sglang:subprocess,0.0,0.0,84.334,72.547
574.023,sglang:subprocess,0.0,0.0,84.334,72.547
574.524,sglang:subprocess,0.0,0.0,84.335,72.547
575.025,sglang:subprocess,0.0,0.0,84.336,72.547
575.526,sglang:subprocess,0.0,0.0,84.336,72.547
576.027,sglang:subprocess,0.0,0.0,84.336,72.547
576.527,sglang:subprocess,0.0,0.0,84.334,72.547
577.028,sglang:subprocess,0.0,0.0,84.293,72.547
577.528,sglang:subprocess,0.0,0.0,84.293,72.547
578.029,sglang:subprocess,0.0,0.0,84.293,72.547
578.53,sglang:subprocess,0.0,0.0,84.291,72.547
579.03,sglang:subprocess,0.0,0.0,84.292,72.547
579.531,sglang:subprocess,0.0,0.0,84.293,72.547
580.032,sglang:subprocess,0.0,0.0,84.293,72.547
580.533,sglang:subprocess,0.0,0.0,84.294,72.547
581.034,sglang:subprocess,0.0,0.0,84.294,72.547
581.535,sglang:subprocess,0.0,0.0,84.294,72.547
582.035,sglang:subprocess,0.0,0.0,84.294,72.547
582.536,sglang:subprocess,0.0,0.0,84.294,72.547
583.037,sglang:subprocess,0.0,0.0,84.294,72.547
583.537,sglang:subprocess,0.0,0.0,84.295,72.547
584.038,sglang:subprocess,0.0,0.0,84.295,72.547
584.538,sglang:subprocess,0.0,0.0,84.296,72.547
585.039,sglang:subprocess,0.0,0.0,84.296,72.547
585.54,sglang:subprocess,0.0,0.0,84.296,72.547
586.041,sglang:subprocess,0.0,0.0,84.297,72.547
586.542,sglang:subprocess,0.0,0.0,84.295,72.547
587.042,sglang:subprocess,0.0,0.0,84.292,72.547
587.543,sglang:subprocess,0.0,0.0,84.292,72.547
588.044,sglang:subprocess,0.0,0.0,84.293,72.547
588.544,sglang:subprocess,0.0,0.0,84.293,72.547
589.045,sglang:subprocess,0.0,0.0,84.293,72.547
589.545,sglang:subprocess,0.0,0.0,84.293,72.547
590.046,sglang:subprocess,0.0,0.0,84.294,72.547
590.547,sglang:subprocess,0.0,0.0,84.294,72.547
591.048,sglang:subprocess,0.0,0.0,84.293,72.547
591.549,sglang:subprocess,0.0,0.0,84.293,72.547
592.049,sglang:subprocess,0.0,0.0,84.297,72.547
592.55,sglang:subprocess,0.0,0.0,84.294,72.547
593.051,sglang:subprocess,0.0,0.0,84.295,72.547
593.551,sglang:subprocess,0.0,0.0,84.295,72.547
594.052,sglang:subprocess,0.0,0.0,84.304,72.547
594.553,sglang:subprocess,0.0,0.0,84.296,72.547
595.053,sglang:subprocess,0.0,0.0,84.296,72.547
595.554,sglang:subprocess,0.0,0.0,84.296,72.547
596.055,sglang:subprocess,0.0,0.0,84.306,72.547
596.556,sglang:subprocess,0.0,0.0,84.297,72.547
597.056,sglang:subprocess,0.0,0.0,84.293,72.547
597.557,sglang:subprocess,0.0,0.0,84.293,72.547
598.058,sglang:subprocess,0.0,0.0,84.298,72.547
598.558,sglang:subprocess,0.0,0.0,84.295,72.547
599.059,sglang:subprocess,0.0,0.0,84.295,72.547
599.56,sglang:subprocess,0.0,0.0,84.295,72.547
600.06,sglang:subprocess,0.0,0.0,84.304,72.547
600.561,sglang:subprocess,0.0,0.0,84.299,72.547
601.062,sglang:subprocess,0.0,0.0,84.299,72.547
601.563,sglang:subprocess,0.0,0.0,84.299,72.547
602.063,sglang:subprocess,0.0,0.0,84.298,72.547
602.564,sglang:subprocess,0.0,0.0,84.299,72.547
603.065,sglang:subprocess,0.0,0.0,84.299,72.547
603.565,sglang:subprocess,0.0,0.0,84.299,72.547
604.066,sglang:subprocess,0.0,0.0,84.301,72.547
604.567,sglang:subprocess,0.0,0.0,84.3,72.547
605.067,sglang:subprocess,0.0,0.0,84.3,72.547
605.568,sglang:subprocess,0.0,0.0,84.3,72.547
606.069,sglang:subprocess,0.0,0.0,84.295,72.547
606.57,sglang:subprocess,0.0,0.0,84.298,72.547
607.07,sglang:subprocess,0.0,0.0,84.297,72.547
607.571,sglang:subprocess,0.0,0.0,84.297,72.547
608.072,sglang:subprocess,0.0,0.0,84.296,72.547
608.572,sglang:subprocess,0.0,0.0,84.286,72.547
609.073,sglang:subprocess,0.0,0.0,84.285,72.547
609.574,sglang:subprocess,0.0,0.0,84.286,72.547
610.074,sglang:subprocess,0.0,0.0,84.286,72.547
610.575,sglang:subprocess,0.0,0.0,84.29,72.547
611.076,sglang:subprocess,0.0,0.0,84.291,72.547
611.577,sglang:subprocess,0.0,0.0,84.291,72.547
612.077,sglang:subprocess,0.0,0.0,84.291,72.547
612.578,sglang:subprocess,0.0,0.0,84.296,72.547
613.079,sglang:subprocess,0.0,0.0,84.296,72.547
613.579,sglang:subprocess,0.0,0.0,84.296,72.547
614.08,sglang:subprocess,0.0,0.0,84.297,72.547
614.581,sglang:subprocess,0.0,0.0,84.299,72.547
615.081,sglang:subprocess,0.0,0.0,84.298,72.547
615.582,sglang:subprocess,0.0,0.0,84.298,72.547
616.083,sglang:subprocess,0.0,0.0,84.297,72.547
616.583,sglang:subprocess,0.0,0.0,84.293,72.547
617.084,sglang:subprocess,0.0,0.0,84.294,72.547
617.585,sglang:subprocess,0.0,0.0,84.294,72.547
618.086,sglang:subprocess,0.0,0.0,84.293,72.547
618.586,sglang:subprocess,0.0,0.0,84.294,72.547
619.087,sglang:subprocess,0.0,0.0,84.294,72.547
619.588,sglang:subprocess,0.0,0.0,84.295,72.547
620.088,sglang:subprocess,0.0,0.0,84.293,72.547
620.589,sglang:subprocess,0.0,0.0,84.298,72.547
621.09,sglang:subprocess,0.0,0.0,84.299,72.547
621.59,sglang:subprocess,0.0,0.0,84.299,72.547
622.091,sglang:subprocess,0.0,0.0,84.3,72.547
622.592,sglang:subprocess,0.0,0.0,84.306,72.547
623.093,sglang:subprocess,0.0,0.0,84.306,72.547
623.593,sglang:subprocess,0.0,0.0,84.306,72.547
624.094,sglang:subprocess,0.0,0.0,84.307,72.547
624.595,sglang:subprocess,0.0,0.0,84.3,72.547
625.095,sglang:subprocess,0.0,0.0,84.3,72.547
625.596,sglang:subprocess,0.0,0.0,84.304,72.547
626.097,sglang:subprocess,0.0,0.0,84.301,72.547
626.598,sglang:subprocess,0.0,0.0,84.3,72.547
627.099,sglang:subprocess,0.0,0.0,84.3,72.547
627.6,sglang:subprocess,0.0,0.0,84.3,72.547
628.101,sglang:subprocess,0.0,0.0,84.3,72.547
628.602,sglang:subprocess,0.0,0.0,84.3,72.547
629.102,sglang:subprocess,0.0,0.0,84.301,72.547
629.603,sglang:subprocess,0.0,0.0,84.302,72.547
630.104,sglang:subprocess,0.0,0.0,84.301,72.547
630.604,sglang:subprocess,0.0,0.0,84.334,72.547
631.105,sglang:subprocess,0.0,0.0,84.308,72.547
631.606,sglang:subprocess,0.0,0.0,84.309,72.547
632.106,sglang:subprocess,0.0,0.0,84.308,72.547
632.607,sglang:subprocess,0.0,0.0,84.308,72.547
633.108,sglang:subprocess,0.0,0.0,84.309,72.547
633.609,sglang:subprocess,0.0,0.0,84.309,72.547
634.109,sglang:subprocess,0.0,0.0,84.31,72.547
634.61,sglang:subprocess,0.0,0.0,84.303,72.547
635.111,sglang:subprocess,0.0,0.0,84.304,72.547
635.611,sglang:subprocess,0.0,0.0,84.335,72.547
636.112,sglang:subprocess,0.0,0.0,84.38,72.547
636.613,sglang:subprocess,0.0,0.0,84.402,72.547
637.113,sglang:subprocess,0.0,0.0,84.403,72.547
637.614,sglang:subprocess,0.0,0.0,84.403,72.547
638.115,sglang:subprocess,0.0,0.0,84.408,72.547
638.616,sglang:subprocess,0.0,0.0,84.405,72.547
639.116,sglang:subprocess,0.0,0.0,84.405,72.547
639.617,sglang:subprocess,0.0,0.0,84.406,72.547
640.118,sglang:subprocess,0.0,0.0,84.405,72.547
640.618,sglang:subprocess,0.0,0.0,84.41,72.547
641.119,sglang:subprocess,0.0,0.0,84.411,72.547
641.62,sglang:subprocess,0.0,0.0,84.408,72.547
642.12,sglang:subprocess,0.0,0.0,84.408,72.547
642.621,sglang:subprocess,0.0,0.0,84.408,72.547
643.122,sglang:subprocess,0.0,0.0,84.409,72.547
643.623,sglang:subprocess,0.0,0.0,84.409,72.547
644.123,sglang:subprocess,0.0,0.0,84.408,72.547
644.624,sglang:subprocess,0.0,0.0,84.408,72.547
645.125,sglang:subprocess,0.0,0.0,84.409,72.547
645.625,sglang:subprocess,0.0,0.0,84.405,72.547
646.126,sglang:subprocess,0.0,0.0,84.404,72.547
646.627,sglang:subprocess,0.0,0.0,84.404,72.547
647.127,sglang:subprocess,0.0,0.0,84.404,72.547
647.628,sglang:subprocess,0.0,0.0,84.404,72.547
648.129,sglang:subprocess,0.0,0.0,84.405,72.547
648.63,sglang:subprocess,0.0,0.0,84.405,72.547
649.13,sglang:subprocess,0.0,0.0,84.405,72.547
649.631,sglang:subprocess,0.0,0.0,84.407,72.547
650.132,sglang:subprocess,0.0,0.0,84.406,72.547
650.632,sglang:subprocess,0.0,0.0,84.411,72.547
651.133,sglang:subprocess,0.0,0.0,84.411,72.547
651.634,sglang:subprocess,0.0,0.0,84.411,72.547
652.134,sglang:subprocess,0.0,0.0,84.411,72.547
652.635,sglang:subprocess,0.0,0.0,84.411,72.547
653.136,sglang:subprocess,0.0,0.0,84.41,72.547
653.637,sglang:subprocess,0.0,0.0,84.407,72.547
654.137,sglang:subprocess,0.0,0.0,84.405,72.547
654.638,sglang:subprocess,0.0,0.0,84.406,72.547
655.139,sglang:subprocess,0.0,0.0,84.406,72.547
655.639,sglang:subprocess,0.0,0.0,84.401,72.547
656.14,sglang:subprocess,0.0,0.0,84.4,72.547
656.641,sglang:subprocess,0.0,0.0,84.404,72.547
657.141,sglang:subprocess,0.0,0.0,84.403,72.547
657.642,sglang:subprocess,0.0,0.0,84.4,72.547
658.143,sglang:subprocess,0.0,0.0,84.401,72.547
658.643,sglang:subprocess,0.0,0.0,84.402,72.547
659.144,sglang:subprocess,0.0,0.0,84.401,72.547
659.645,sglang:subprocess,0.0,0.0,84.401,72.547
660.146,sglang:subprocess,0.0,0.0,84.402,72.547
660.646,sglang:subprocess,0.0,0.0,84.407,72.547
661.147,sglang:subprocess,0.0,0.0,84.407,72.547
661.648,sglang:subprocess,0.0,0.0,84.408,72.547
662.148,sglang:subprocess,0.0,0.0,84.408,72.547
662.649,sglang:subprocess,0.0,0.0,84.408,72.547
663.15,sglang:subprocess,0.0,0.0,84.407,72.547
663.65,sglang:subprocess,0.0,0.0,84.408,72.547
664.151,sglang:subprocess,0.0,0.0,84.407,72.547
664.652,sglang:subprocess,0.0,0.0,84.408,72.547
665.153,sglang:subprocess,0.0,0.0,84.407,72.547
665.653,sglang:subprocess,0.0,0.0,84.408,72.547
666.154,sglang:subprocess,0.0,0.0,84.408,72.547
666.655,sglang:subprocess,0.0,0.0,84.408,72.547
667.155,sglang:subprocess,0.0,0.0,84.404,72.547
667.656,sglang:subprocess,0.0,0.0,84.404,72.547
668.157,sglang:subprocess,0.0,0.0,84.402,72.547
668.657,sglang:subprocess,0.0,0.0,84.402,72.547
669.158,sglang:subprocess,0.0,0.0,84.403,72.547
669.659,sglang:subprocess,0.0,0.0,84.403,72.547
670.16,sglang:subprocess,0.0,0.0,84.404,72.547
670.66,sglang:subprocess,0.0,0.0,84.405,72.547
671.161,sglang:subprocess,0.0,0.0,84.402,72.547
671.662,sglang:subprocess,0.0,0.0,84.403,72.547
672.162,sglang:subprocess,0.0,0.0,84.404,72.547
672.663,sglang:subprocess,0.0,0.0,84.405,72.547
673.164,sglang:subprocess,0.0,0.0,84.405,72.547
673.664,sglang:subprocess,0.0,0.0,84.406,72.547
674.165,sglang:subprocess,0.0,0.0,84.405,72.547
674.666,sglang:subprocess,0.0,0.0,84.406,72.547
675.167,sglang:subprocess,0.0,0.0,84.406,72.547
675.667,sglang:subprocess,0.0,0.0,84.407,72.547
676.168,sglang:subprocess,0.0,0.0,84.404,72.547
676.669,sglang:subprocess,0.0,0.0,84.404,72.547
677.169,sglang:subprocess,0.0,0.0,84.404,72.547
677.67,sglang:subprocess,0.0,0.0,84.404,72.547
678.171,sglang:subprocess,0.0,0.0,84.404,72.547
678.671,sglang:subprocess,0.0,0.0,84.404,72.547
679.172,sglang:subprocess,0.0,0.0,84.404,72.547
679.673,sglang:subprocess,0.0,0.0,84.404,72.547
680.174,sglang:subprocess,0.0,0.0,84.408,72.547
680.675,sglang:subprocess,0.0,0.0,84.408,72.547
681.175,sglang:subprocess,0.0,0.0,84.408,72.547
681.676,sglang:subprocess,0.0,0.0,84.408,72.547
682.177,sglang:subprocess,0.0,0.0,84.408,72.547
682.677,sglang:subprocess,0.0,0.0,84.408,72.547
683.178,sglang:subprocess,0.0,0.0,84.408,72.547
683.678,sglang:subprocess,0.0,0.0,84.408,72.547
684.179,sglang:subprocess,0.0,0.0,84.409,72.547
684.68,sglang:subprocess,0.0,0.0,84.409,72.547
685.181,sglang:subprocess,0.0,0.0,84.402,72.547
685.681,sglang:subprocess,0.0,0.0,84.402,72.547
686.182,sglang:subprocess,0.0,0.0,84.403,72.547
686.683,sglang:subprocess,0.0,0.0,84.403,72.547
687.183,sglang:subprocess,0.0,0.0,84.403,72.547
687.684,sglang:subprocess,0.0,0.0,84.403,72.547
688.185,sglang:subprocess,0.0,0.0,84.401,72.547
688.685,sglang:subprocess,0.0,0.0,84.402,72.547
689.186,sglang:subprocess,0.0,0.0,84.402,72.547
689.687,sglang:subprocess,0.0,0.0,84.403,72.547
690.187,sglang:subprocess,0.0,0.0,84.408,72.547
690.689,sglang:subprocess,0.0,0.0,84.408,72.547
691.189,sglang:subprocess,0.0,0.0,84.408,72.547
691.69,sglang:subprocess,0.0,0.0,84.408,72.547
692.191,sglang:subprocess,0.0,0.0,84.408,72.547
692.691,sglang:subprocess,0.0,0.0,84.408,72.547
693.192,sglang:subprocess,0.0,0.0,84.408,72.547
693.692,sglang:subprocess,0.0,0.0,84.408,72.547
694.193,sglang:subprocess,0.0,0.0,84.405,72.547
694.694,sglang:subprocess,0.0,0.0,84.406,72.547
695.194,sglang:subprocess,0.0,0.0,84.406,72.547
695.696,sglang:subprocess,0.0,0.0,84.406,72.547
696.196,sglang:subprocess,0.0,0.0,84.404,72.547
696.697,sglang:subprocess,0.0,0.0,84.404,72.547
697.197,sglang:subprocess,0.0,0.0,84.405,72.547
697.698,sglang:subprocess,0.0,0.0,84.405,72.547
698.199,sglang:subprocess,0.0,0.0,84.404,72.547
698.699,sglang:subprocess,0.0,0.0,84.404,72.547
699.2,sglang:subprocess,0.0,0.0,84.404,72.547
699.701,sglang:subprocess,0.0,0.0,84.405,72.547
700.201,sglang:subprocess,0.0,0.0,84.409,72.547
700.702,sglang:subprocess,0.0,0.0,84.409,72.547
701.203,sglang:subprocess,0.0,0.0,84.409,72.547
701.704,sglang:subprocess,0.0,0.0,84.409,72.547
702.204,sglang:subprocess,0.0,0.0,84.41,72.547
702.705,sglang:subprocess,0.0,0.0,84.41,72.547
703.206,sglang:subprocess,0.0,0.0,84.41,72.547
703.706,sglang:subprocess,0.0,0.0,84.412,72.547
704.207,sglang:subprocess,0.0,0.0,84.413,72.547
704.708,sglang:subprocess,0.0,0.0,84.414,72.547
705.208,sglang:subprocess,0.0,0.0,84.413,72.547
705.709,sglang:subprocess,0.0,0.0,84.413,72.547
706.21,sglang:subprocess,0.0,0.0,84.413,72.547
706.711,sglang:subprocess,0.0,0.0,84.407,72.547
707.211,sglang:subprocess,0.0,0.0,84.407,72.547
707.712,sglang:subprocess,0.0,0.0,84.407,72.547
708.213,sglang:subprocess,0.0,0.0,84.407,72.547
708.713,sglang:subprocess,0.0,0.0,84.407,72.547
709.214,sglang:subprocess,0.0,0.0,84.408,72.547
709.715,sglang:subprocess,0.0,0.0,84.408,72.547
710.216,sglang:subprocess,0.0,0.0,84.41,72.547
710.716,sglang:subprocess,0.0,0.0,84.41,72.547
711.217,sglang:subprocess,0.0,0.0,84.41,72.547
711.718,sglang:subprocess,0.0,0.0,84.41,72.547
712.219,sglang:subprocess,0.0,0.0,84.411,72.547
712.719,sglang:subprocess,0.0,0.0,84.41,72.547
713.22,sglang:subprocess,0.0,0.0,84.41,72.547
713.721,sglang:subprocess,0.0,0.0,84.409,72.547
714.221,sglang:subprocess,0.0,0.0,84.407,72.547
714.722,sglang:subprocess,0.0,0.0,84.409,72.547
715.223,sglang:subprocess,0.0,0.0,84.409,72.547
715.723,sglang:subprocess,0.0,0.0,84.409,72.547
716.224,sglang:subprocess,0.0,0.0,84.411,72.547
716.725,sglang:subprocess,0.0,0.0,84.411,72.547
717.226,sglang:subprocess,0.0,0.0,84.405,72.547
717.726,sglang:subprocess,0.0,0.0,84.406,72.547
718.227,sglang:subprocess,0.0,0.0,84.407,72.547
718.728,sglang:subprocess,0.0,0.0,84.408,72.547
719.228,sglang:subprocess,0.0,0.0,84.408,72.547
719.729,sglang:subprocess,0.0,0.0,84.408,72.547
720.23,sglang:subprocess,0.0,0.0,84.412,72.547
720.73,sglang:subprocess,0.0,0.0,84.412,72.547
721.231,sglang:subprocess,0.0,0.0,84.411,72.547
721.732,sglang:subprocess,0.0,0.0,84.411,72.547
722.233,sglang:subprocess,0.0,0.0,84.409,72.547
722.733,sglang:subprocess,0.0,0.0,84.409,72.547
723.234,sglang:subprocess,0.0,0.0,84.409,72.547
723.735,sglang:subprocess,0.0,0.0,84.409,72.547
724.235,sglang:subprocess,0.0,0.0,84.41,72.547
724.736,sglang:subprocess,0.0,0.0,84.41,72.547
725.237,sglang:subprocess,0.0,0.0,84.41,72.547
725.737,sglang:subprocess,0.0,0.0,84.41,72.547
726.238,sglang:subprocess,0.0,0.0,84.409,72.547
726.739,sglang:subprocess,0.0,0.0,84.409,72.547
727.24,sglang:subprocess,0.0,0.0,84.405,72.547
727.74,sglang:subprocess,0.0,0.0,84.405,72.547
728.241,sglang:subprocess,0.0,0.0,84.405,72.547
728.742,sglang:subprocess,0.0,0.0,84.405,72.547
729.242,sglang:subprocess,0.0,0.0,84.405,72.547
729.743,sglang:subprocess,0.0,0.0,84.407,72.547
730.244,sglang:subprocess,0.0,0.0,84.409,72.547
730.744,sglang:subprocess,0.0,0.0,84.41,72.547
731.245,sglang:subprocess,0.0,0.0,84.411,72.547
731.746,sglang:subprocess,0.0,0.0,84.411,72.547
732.246,sglang:subprocess,0.0,0.0,84.41,72.547
732.747,sglang:subprocess,0.0,0.0,84.411,72.547
733.248,sglang:subprocess,0.0,0.0,84.412,72.547
733.749,sglang:subprocess,0.0,0.0,84.412,72.547
734.249,sglang:subprocess,0.0,0.0,84.411,72.547
734.75,sglang:subprocess,0.0,0.0,84.412,72.547
735.251,sglang:subprocess,0.0,0.0,84.413,72.547
735.751,sglang:subprocess,0.0,0.0,84.413,72.547
736.252,sglang:subprocess,0.0,0.0,84.408,72.547
736.753,sglang:subprocess,0.0,0.0,84.408,72.547
737.253,sglang:subprocess,0.0,0.0,84.407,72.547
737.754,sglang:subprocess,0.0,0.0,84.407,72.547
738.255,sglang:subprocess,0.0,0.0,84.407,72.547
738.756,sglang:subprocess,0.0,0.0,84.407,72.547
739.256,sglang:subprocess,0.0,0.0,84.407,72.547
739.757,sglang:subprocess,0.0,0.0,84.407,72.547
740.258,sglang:subprocess,0.0,0.0,84.412,72.547
740.758,sglang:subprocess,0.0,0.0,84.413,72.547
741.259,sglang:subprocess,0.0,0.0,84.414,72.547
741.761,sglang:subprocess,0.0,0.0,84.414,72.547
742.262,sglang:subprocess,0.0,0.0,84.413,72.547
742.763,sglang:subprocess,0.0,0.0,84.414,72.547
743.264,sglang:subprocess,0.0,0.0,84.414,72.547
743.764,sglang:subprocess,0.0,0.0,84.414,72.547
744.265,sglang:subprocess,0.0,0.0,84.415,72.547
744.766,sglang:subprocess,0.0,0.0,84.415,72.547
745.266,sglang:subprocess,0.0,0.0,84.415,72.547
745.767,sglang:subprocess,0.0,0.0,84.408,72.547
746.268,sglang:subprocess,0.0,0.0,84.407,72.547
746.768,sglang:subprocess,0.0,0.0,84.407,72.547
747.269,sglang:subprocess,0.0,0.0,84.413,72.547
747.769,sglang:subprocess,0.0,0.0,84.413,72.547
748.271,sglang:subprocess,0.0,0.0,84.413,72.547
748.771,sglang:subprocess,0.0,0.0,84.413,72.547
749.272,sglang:subprocess,0.0,0.0,84.412,72.547
749.773,sglang:subprocess,0.0,0.0,84.412,72.547
750.273,sglang:subprocess,0.0,0.0,84.416,72.547
750.774,sglang:subprocess,0.0,0.0,84.417,72.547
751.275,sglang:subprocess,0.0,0.0,84.417,72.547
751.775,sglang:subprocess,0.0,0.0,84.417,72.547
752.276,sglang:subprocess,0.0,0.0,84.417,72.547
752.777,sglang:subprocess,0.0,0.0,84.417,72.547
753.277,sglang:subprocess,0.0,0.0,84.418,72.547
753.778,sglang:subprocess,0.0,0.0,84.418,72.547
754.279,sglang:subprocess,0.0,0.0,84.418,72.547
754.78,sglang:subprocess,0.0,0.0,84.418,72.547
755.281,sglang:subprocess,0.0,0.0,84.418,72.547
755.781,sglang:subprocess,0.0,0.0,84.415,72.547
756.282,sglang:subprocess,0.0,0.0,84.413,72.547
756.783,sglang:subprocess,0.0,0.0,84.369,72.547
757.283,sglang:subprocess,0.0,0.0,84.369,72.547
757.784,sglang:subprocess,0.0,0.0,84.369,72.547
758.284,sglang:subprocess,0.0,0.0,84.369,72.547
758.786,sglang:subprocess,0.0,0.0,84.369,72.547
759.286,sglang:subprocess,0.0,0.0,84.369,72.547
759.787,sglang:subprocess,0.0,0.0,84.369,72.547
760.288,sglang:subprocess,0.0,0.0,84.375,72.547
760.788,sglang:subprocess,0.0,0.0,84.375,72.547
761.289,sglang:subprocess,0.0,0.0,84.375,72.547
761.79,sglang:subprocess,0.0,0.0,84.377,72.547
762.29,sglang:subprocess,0.0,0.0,84.377,72.547
762.791,sglang:subprocess,0.0,0.0,84.377,72.547
763.292,sglang:subprocess,0.0,0.0,84.377,72.547
763.792,sglang:subprocess,0.0,0.0,84.377,72.547
764.293,sglang:subprocess,0.0,0.0,84.376,72.547
764.794,sglang:subprocess,0.0,0.0,84.376,72.547
765.295,sglang:subprocess,0.0,0.0,84.377,72.547
765.795,sglang:subprocess,0.0,0.0,84.377,72.547
766.296,sglang:subprocess,0.0,0.0,84.376,72.547
766.797,sglang:subprocess,0.0,0.0,84.376,72.547
767.297,sglang:subprocess,0.0,0.0,84.377,72.547
767.798,sglang:subprocess,0.0,0.0,84.369,72.547
768.299,sglang:subprocess,0.0,0.0,84.37,72.547
768.799,sglang:subprocess,0.0,0.0,84.371,72.547
769.301,sglang:subprocess,0.0,0.0,84.368,72.547
769.801,sglang:subprocess,0.0,0.0,84.368,72.547
770.302,sglang:subprocess,0.0,0.0,84.373,72.547
770.803,sglang:subprocess,0.0,0.0,84.372,72.547
771.303,sglang:subprocess,0.0,0.0,84.372,72.547
771.804,sglang:subprocess,0.0,0.0,84.373,72.547
772.305,sglang:subprocess,0.0,0.0,84.374,72.547
772.805,sglang:subprocess,0.0,0.0,84.374,72.547
773.306,sglang:subprocess,0.0,0.0,84.374,72.547
773.807,sglang:subprocess,0.0,0.0,84.373,72.547
774.307,sglang:subprocess,0.0,0.0,84.372,72.547
774.809,sglang:subprocess,0.0,0.0,84.372,72.547
775.309,sglang:subprocess,0.0,0.0,84.374,72.547
775.81,sglang:subprocess,0.0,0.0,84.374,72.547
776.31,sglang:subprocess,0.0,0.0,84.374,72.547
776.811,sglang:subprocess,0.0,0.0,84.369,72.547
777.312,sglang:subprocess,0.0,0.0,84.369,72.547
777.812,sglang:subprocess,0.0,0.0,84.369,72.547
778.313,sglang:subprocess,0.0,0.0,84.369,72.547
778.814,sglang:subprocess,0.0,0.0,84.368,72.547
779.314,sglang:subprocess,0.0,0.0,84.369,72.547
779.816,sglang:subprocess,0.0,0.0,84.368,72.547
780.316,sglang:subprocess,0.0,0.0,84.371,72.547
780.817,sglang:subprocess,0.0,0.0,84.371,72.547
781.318,sglang:subprocess,0.0,0.0,84.372,72.547
781.818,sglang:subprocess,0.0,0.0,84.372,72.547
782.319,sglang:subprocess,0.0,0.0,84.372,72.547
782.819,sglang:subprocess,0.0,0.0,84.373,72.547
783.32,sglang:subprocess,0.0,0.0,84.373,72.547
783.821,sglang:subprocess,0.0,0.0,84.374,72.547
784.321,sglang:subprocess,0.0,0.0,84.372,72.547
784.822,sglang:subprocess,0.0,0.0,84.372,72.547
785.323,sglang:subprocess,0.0,0.0,84.373,72.547
785.824,sglang:subprocess,0.0,0.0,84.367,72.547
786.325,sglang:subprocess,0.0,0.0,84.367,72.547
786.825,sglang:subprocess,0.0,0.0,84.367,72.547
787.326,sglang:subprocess,0.0,0.0,84.368,72.547
787.827,sglang:subprocess,0.0,0.0,84.367,72.547
788.327,sglang:subprocess,0.0,0.0,84.368,72.547
788.828,sglang:subprocess,0.0,0.0,84.368,72.547
789.329,sglang:subprocess,0.0,0.0,84.367,72.547
789.829,sglang:subprocess,0.0,0.0,84.368,72.547
790.33,sglang:subprocess,0.0,0.0,84.373,72.547
790.831,sglang:subprocess,0.0,0.0,84.374,72.547
791.332,sglang:subprocess,0.0,0.0,84.374,72.547
791.832,sglang:subprocess,0.0,0.0,84.375,72.547
792.333,sglang:subprocess,0.0,0.0,84.374,72.547
792.834,sglang:subprocess,0.0,0.0,84.374,72.547
793.334,sglang:subprocess,0.0,0.0,84.374,72.547
793.835,sglang:subprocess,0.0,0.0,84.375,72.547
794.336,sglang:subprocess,0.0,0.0,84.375,72.547
794.836,sglang:subprocess,0.0,0.0,84.375,72.547
795.337,sglang:subprocess,0.0,0.0,84.376,72.547
795.838,sglang:subprocess,0.0,0.0,84.376,72.547
796.339,sglang:subprocess,0.0,0.0,84.376,72.547
796.84,sglang:subprocess,0.0,0.0,84.375,72.547
797.341,sglang:subprocess,0.0,0.0,84.371,72.547
797.841,sglang:subprocess,0.0,0.0,84.358,72.547
798.342,sglang:subprocess,0.0,0.0,84.357,72.547
798.843,sglang:subprocess,0.0,0.0,84.358,72.547
799.343,sglang:subprocess,0.0,0.0,84.358,72.547
799.844,sglang:subprocess,0.0,0.0,84.359,72.547
800.345,sglang:subprocess,0.0,0.0,84.361,72.547
800.846,sglang:subprocess,0.0,0.0,84.36,72.547
801.346,sglang:subprocess,0.0,0.0,84.36,72.547
801.847,sglang:subprocess,0.0,0.0,84.361,72.547
802.348,sglang:subprocess,0.0,0.0,84.36,72.547
802.848,sglang:subprocess,0.0,0.0,84.36,72.547
803.349,sglang:subprocess,0.0,0.0,84.36,72.547
803.85,sglang:subprocess,0.0,0.0,84.36,72.547
804.35,sglang:subprocess,0.0,0.0,84.36,72.547
804.851,sglang:subprocess,0.0,0.0,84.36,72.547
805.352,sglang:subprocess,0.0,0.0,84.361,72.547
805.852,sglang:subprocess,0.0,0.0,84.361,72.547
806.353,sglang:subprocess,0.0,0.0,84.357,72.547
806.854,sglang:subprocess,0.0,0.0,84.356,72.547
807.355,sglang:subprocess,0.0,0.0,84.356,72.547
807.855,sglang:subprocess,0.0,0.0,84.356,72.547
808.356,sglang:subprocess,0.0,0.0,84.357,72.547
808.857,sglang:subprocess,0.0,0.0,84.357,72.547
809.357,sglang:subprocess,0.0,0.0,84.357,72.547
809.858,sglang:subprocess,0.0,0.0,84.357,72.547
810.359,sglang:subprocess,0.0,0.0,84.361,72.547
810.859,sglang:subprocess,0.0,0.0,84.362,72.547
811.36,sglang:subprocess,0.0,0.0,84.362,72.547
811.861,sglang:subprocess,0.0,0.0,84.362,72.547
812.362,sglang:subprocess,0.0,0.0,84.357,72.547
812.862,sglang:subprocess,0.0,0.0,84.357,72.547
813.363,sglang:subprocess,0.0,0.0,84.357,72.547
813.864,sglang:subprocess,0.0,0.0,84.357,72.547
814.364,sglang:subprocess,0.0,0.0,84.359,72.547
814.865,sglang:subprocess,0.0,0.0,84.359,72.547
815.366,sglang:subprocess,0.0,0.0,84.359,72.547
815.866,sglang:subprocess,0.0,0.0,84.356,72.547
816.367,sglang:subprocess,0.0,0.0,84.356,72.547
816.868,sglang:subprocess,0.0,0.0,84.356,72.547
817.369,sglang:subprocess,0.0,0.0,84.356,72.547
817.87,sglang:subprocess,0.0,0.0,84.357,72.547
818.37,sglang:subprocess,0.0,0.0,84.356,72.547
818.871,sglang:subprocess,0.0,0.0,84.356,72.547
819.372,sglang:subprocess,0.0,0.0,84.356,72.547
819.872,sglang:subprocess,0.0,0.0,84.358,72.547
820.373,sglang:subprocess,0.0,0.0,84.365,72.547
820.874,sglang:subprocess,0.0,0.0,84.364,72.547
821.374,sglang:subprocess,0.0,0.0,84.364,72.547
821.875,sglang:subprocess,0.0,0.0,84.364,72.547
822.376,sglang:subprocess,0.0,0.0,84.364,72.547
822.877,sglang:subprocess,0.0,0.0,84.364,72.547
823.378,sglang:subprocess,0.0,0.0,84.364,72.547
823.878,sglang:subprocess,0.0,0.0,84.364,72.547
824.379,sglang:subprocess,0.0,0.0,84.362,72.547
824.88,sglang:subprocess,0.0,0.0,84.363,72.547
825.38,sglang:subprocess,0.0,0.0,84.363,72.547
825.881,sglang:subprocess,0.0,0.0,84.363,72.547
826.381,sglang:subprocess,0.0,0.0,84.356,72.547
826.882,sglang:subprocess,0.0,0.0,84.357,72.547
827.383,sglang:subprocess,0.0,0.0,84.357,72.547
827.884,sglang:subprocess,0.0,0.0,84.357,72.547
828.385,sglang:subprocess,0.0,0.0,84.357,72.547
828.885,sglang:subprocess,0.0,0.0,84.358,72.547
829.386,sglang:subprocess,0.0,0.0,84.358,72.547
829.887,sglang:subprocess,0.0,0.0,84.358,72.547
830.387,sglang:subprocess,0.0,0.0,84.36,72.547
830.888,sglang:subprocess,0.0,0.0,84.358,72.547
831.388,sglang:subprocess,0.0,0.0,84.358,72.547
831.889,sglang:subprocess,0.0,0.0,84.358,72.547
832.39,sglang:subprocess,0.0,0.0,84.359,72.547
832.891,sglang:subprocess,0.0,0.0,84.359,72.547
833.391,sglang:subprocess,0.0,0.0,84.359,72.547
833.892,sglang:subprocess,0.0,0.0,84.359,72.547
834.393,sglang:subprocess,0.0,0.0,84.36,72.547
834.893,sglang:subprocess,0.0,0.0,84.36,72.547
835.394,sglang:subprocess,0.0,0.0,84.361,72.547
835.895,sglang:subprocess,0.0,0.0,84.361,72.547
836.395,sglang:subprocess,0.0,0.0,84.357,72.547
836.896,sglang:subprocess,0.0,0.0,84.358,72.547
837.397,sglang:subprocess,0.0,0.0,84.358,72.547
837.898,sglang:subprocess,0.0,0.0,84.358,72.547
838.399,sglang:subprocess,0.0,0.0,84.358,72.547
838.899,sglang:subprocess,0.0,0.0,84.357,72.547
839.4,sglang:subprocess,0.0,0.0,84.357,72.547
839.901,sglang:subprocess,0.0,0.0,84.357,72.547
840.401,sglang:subprocess,0.0,0.0,84.363,72.547
840.902,sglang:subprocess,0.0,0.0,84.364,72.547
841.403,sglang:subprocess,0.0,0.0,84.364,72.547
841.903,sglang:subprocess,0.0,0.0,84.364,72.547
842.404,sglang:subprocess,0.0,0.0,84.364,72.547
842.905,sglang:subprocess,0.0,0.0,84.363,72.547
843.406,sglang:subprocess,0.0,0.0,84.363,72.547
843.906,sglang:subprocess,0.0,0.0,84.363,72.547
844.407,sglang:subprocess,0.0,0.0,84.363,72.547
844.908,sglang:subprocess,0.0,0.0,84.363,72.547
845.408,sglang:subprocess,0.0,0.0,84.362,72.547
845.909,sglang:subprocess,0.0,0.0,84.363,72.547
846.41,sglang:subprocess,0.0,0.0,84.361,72.547
846.91,sglang:subprocess,0.0,0.0,84.363,72.547
847.411,sglang:subprocess,0.0,0.0,84.357,72.547
847.912,sglang:subprocess,0.0,0.0,84.357,72.547
848.413,sglang:subprocess,0.0,0.0,84.356,72.547
848.914,sglang:subprocess,0.0,0.0,84.358,72.547
849.414,sglang:subprocess,0.0,0.0,84.358,72.547
849.915,sglang:subprocess,0.0,0.0,84.359,72.547
850.415,sglang:subprocess,0.0,0.0,84.362,72.547
850.916,sglang:subprocess,0.0,0.0,84.364,72.547
851.417,sglang:subprocess,0.0,0.0,84.364,72.547
851.917,sglang:subprocess,0.0,0.0,84.364,72.547
852.418,sglang:subprocess,0.0,0.0,84.365,72.547
852.919,sglang:subprocess,0.0,0.0,84.365,72.547
853.42,sglang:subprocess,0.0,0.0,84.365,72.547
853.921,sglang:subprocess,0.0,0.0,84.365,72.547
854.421,sglang:subprocess,0.0,0.0,84.365,72.547
854.922,sglang:subprocess,0.0,0.0,84.363,72.547
855.423,sglang:subprocess,0.0,0.0,84.363,72.547
855.923,sglang:subprocess,0.0,0.0,84.363,72.547
856.424,sglang:subprocess,0.0,0.0,84.358,72.547
856.925,sglang:subprocess,0.0,0.0,84.358,72.547
857.425,sglang:subprocess,0.0,0.0,84.358,72.547
857.926,sglang:subprocess,0.0,0.0,84.358,72.547
858.426,sglang:subprocess,0.0,0.0,84.357,72.547
858.928,sglang:subprocess,0.0,0.0,84.358,72.547
859.428,sglang:subprocess,0.0,0.0,84.358,72.547
859.929,sglang:subprocess,0.0,0.0,84.358,72.547
860.43,sglang:subprocess,0.0,0.0,84.361,72.547
860.93,sglang:subprocess,0.0,0.0,84.361,72.547
861.431,sglang:subprocess,0.0,0.0,84.361,72.547
861.932,sglang:subprocess,0.0,0.0,84.361,72.547
862.432,sglang:subprocess,0.0,0.0,84.361,72.547
862.933,sglang:subprocess,0.0,0.0,84.362,72.547
863.434,sglang:subprocess,0.0,0.0,84.364,72.547
863.935,sglang:subprocess,0.0,0.0,84.364,72.547
864.435,sglang:subprocess,0.0,0.0,84.362,72.547
864.936,sglang:subprocess,0.0,0.0,84.363,72.547
865.437,sglang:subprocess,0.0,0.0,84.366,72.547
865.937,sglang:subprocess,0.0,0.0,84.366,72.547
866.438,sglang:subprocess,0.0,0.0,84.365,72.547
866.939,sglang:subprocess,0.0,0.0,84.36,72.547
867.439,sglang:subprocess,0.0,0.0,84.36,72.547
867.94,sglang:subprocess,0.0,0.0,84.36,72.547
868.441,sglang:subprocess,0.0,0.0,84.359,72.547
868.941,sglang:subprocess,0.0,0.0,84.358,72.547
869.443,sglang:subprocess,0.0,0.0,84.358,72.547
869.943,sglang:subprocess,0.0,0.0,84.358,72.547
870.444,sglang:subprocess,0.0,0.0,84.362,72.547
870.945,sglang:subprocess,0.0,0.0,84.362,72.547
871.445,sglang:subprocess,0.0,0.0,84.363,72.547
871.946,sglang:subprocess,0.0,0.0,84.363,72.547
872.447,sglang:subprocess,0.0,0.0,84.363,72.547
872.947,sglang:subprocess,0.0,0.0,84.362,72.547
873.448,sglang:subprocess,0.0,0.0,84.362,72.547
873.949,sglang:subprocess,0.0,0.0,84.363,72.547
874.45,sglang:subprocess,0.0,0.0,84.362,72.547
874.95,sglang:subprocess,0.0,0.0,84.362,72.547
875.451,sglang:subprocess,0.0,0.0,84.363,72.547
875.952,sglang:subprocess,0.0,0.0,84.363,72.547
876.452,sglang:subprocess,0.0,0.0,84.363,72.547
876.953,sglang:subprocess,0.0,0.0,84.286,72.547
877.454,sglang:subprocess,0.0,0.0,84.286,72.547
877.954,sglang:subprocess,0.0,0.0,84.286,72.547
878.455,sglang:subprocess,0.0,0.0,84.286,72.547
878.956,sglang:subprocess,0.0,0.0,84.286,72.547
879.456,sglang:subprocess,0.0,0.0,84.284,72.547
879.958,sglang:subprocess,0.0,0.0,84.284,72.547
880.458,sglang:subprocess,0.0,0.0,84.289,72.547
880.959,sglang:subprocess,0.0,0.0,84.289,72.547
881.46,sglang:subprocess,0.0,0.0,84.291,72.547
881.96,sglang:subprocess,0.0,0.0,84.291,72.547
882.461,sglang:subprocess,0.0,0.0,84.291,72.547
882.962,sglang:subprocess,0.0,0.0,84.291,72.547
883.463,sglang:subprocess,0.0,0.0,84.293,72.547
883.963,sglang:subprocess,0.0,0.0,84.293,72.547
884.464,sglang:subprocess,0.0,0.0,84.292,72.547
884.965,sglang:subprocess,0.0,0.0,84.292,72.547
885.466,sglang:subprocess,0.0,0.0,84.294,72.547
885.966,sglang:subprocess,0.0,0.0,84.294,72.547
886.467,sglang:subprocess,0.0,0.0,84.293,72.547
886.968,sglang:subprocess,0.0,0.0,84.289,72.547
887.469,sglang:subprocess,0.0,0.0,84.289,72.547
887.97,sglang:subprocess,0.0,0.0,84.289,72.547
888.47,sglang:subprocess,0.0,0.0,84.288,72.547
888.971,sglang:subprocess,0.0,0.0,84.288,72.547
889.472,sglang:subprocess,0.0,0.0,84.286,72.547
889.972,sglang:subprocess,0.0,0.0,84.286,72.547
890.474,sglang:subprocess,0.0,0.0,84.289,72.547
890.974,sglang:subprocess,0.0,0.0,84.288,72.547
891.475,sglang:subprocess,0.0,0.0,84.289,72.547
891.976,sglang:subprocess,0.0,0.0,84.288,72.547
892.476,sglang:subprocess,0.0,0.0,84.287,72.547
892.977,sglang:subprocess,0.0,0.0,84.287,72.547
893.478,sglang:subprocess,0.0,0.0,84.288,72.547
893.979,sglang:subprocess,0.0,0.0,84.288,72.547
894.48,sglang:subprocess,0.0,0.0,84.288,72.547
894.98,sglang:subprocess,0.0,0.0,84.288,72.547
895.481,sglang:subprocess,0.0,0.0,84.289,72.547
895.982,sglang:subprocess,0.0,0.0,84.289,72.547
896.483,sglang:subprocess,0.0,0.0,84.288,72.547
896.984,sglang:subprocess,0.0,0.0,84.285,72.547
897.484,sglang:subprocess,0.0,0.0,84.284,72.547
897.985,sglang:subprocess,0.0,0.0,84.283,72.547
898.485,sglang:subprocess,0.0,0.0,84.285,72.547
898.986,sglang:subprocess,0.0,0.0,84.285,72.547
899.487,sglang:subprocess,0.0,0.0,84.285,72.547
899.987,sglang:subprocess,0.0,0.0,84.285,72.547
900.488,sglang:subprocess,0.0,0.0,84.289,72.547
900.989,sglang:subprocess,0.0,0.0,84.29,72.547
901.49,sglang:subprocess,0.0,0.0,84.29,72.547
901.991,sglang:subprocess,0.0,0.0,84.288,72.547
902.491,sglang:subprocess,0.0,0.0,84.288,72.547
902.992,sglang:subprocess,0.0,0.0,84.288,72.547
903.493,sglang:subprocess,0.0,0.0,84.288,72.547
903.993,sglang:subprocess,0.0,0.0,84.289,72.547
904.494,sglang:subprocess,0.0,0.0,84.29,72.547
904.995,sglang:subprocess,0.0,0.0,84.29,72.547
905.495,sglang:subprocess,0.0,0.0,84.291,72.547
905.996,sglang:subprocess,0.0,0.0,84.283,72.547
906.497,sglang:subprocess,0.0,0.0,84.282,72.547
906.998,sglang:subprocess,0.0,0.0,84.283,72.547
907.498,sglang:subprocess,0.0,0.0,84.283,72.547
907.999,sglang:subprocess,0.0,0.0,84.284,72.547
908.5,sglang:subprocess,0.0,0.0,84.283,72.547
909.0,sglang:subprocess,0.0,0.0,84.283,72.547
909.501,sglang:subprocess,0.0,0.0,84.284,72.547
910.002,sglang:subprocess,0.0,0.0,84.285,72.547
910.503,sglang:subprocess,0.0,0.0,84.29,72.547
911.003,sglang:subprocess,0.0,0.0,84.29,72.547
911.504,sglang:subprocess,0.0,0.0,84.29,72.547
912.005,sglang:subprocess,0.0,0.0,84.289,72.547
912.506,sglang:subprocess,0.0,0.0,84.289,72.547
913.006,sglang:subprocess,0.0,0.0,84.289,72.547
913.507,sglang:subprocess,0.0,0.0,84.289,72.547
914.008,sglang:subprocess,0.0,0.0,84.29,72.547
914.508,sglang:subprocess,0.0,0.0,84.29,72.547
915.009,sglang:subprocess,0.0,0.0,84.29,72.547
915.51,sglang:subprocess,0.0,0.0,84.292,72.547
916.01,sglang:subprocess,0.0,0.0,84.29,72.547
916.511,sglang:subprocess,0.0,0.0,84.29,72.547
917.012,sglang:subprocess,0.0,0.0,84.29,72.547
917.513,sglang:subprocess,0.0,0.0,84.289,72.547
918.013,sglang:subprocess,0.0,0.0,84.291,72.547
918.514,sglang:subprocess,0.0,0.0,84.291,72.547
919.015,sglang:subprocess,0.0,0.0,84.29,72.547
919.515,sglang:subprocess,0.0,0.0,84.29,72.547
920.016,sglang:subprocess,0.0,0.0,84.29,72.547
920.517,sglang:subprocess,0.0,0.0,84.291,72.547
921.017,sglang:subprocess,0.0,0.0,84.291,72.547
921.518,sglang:subprocess,0.0,0.0,84.291,72.547
922.18,sglang:subprocess,0.0,0.0,84.305,72.547
922.681,sglang:subprocess,0.0,0.0,84.29,72.547
923.181,sglang:subprocess,0.0,0.0,84.29,72.547
923.682,sglang:subprocess,0.0,0.0,84.29,72.547
924.183,sglang:subprocess,0.0,0.0,84.289,72.547
924.683,sglang:subprocess,0.0,0.0,84.289,72.547
925.184,sglang:subprocess,0.0,0.0,84.29,72.547
925.685,sglang:subprocess,0.0,0.0,84.291,72.547
926.185,sglang:subprocess,0.0,0.0,84.29,72.547
926.686,sglang:subprocess,0.0,0.0,84.291,72.547
927.187,sglang:subprocess,0.0,0.0,84.291,72.547
927.688,sglang:subprocess,0.0,0.0,84.291,72.547
928.189,sglang:subprocess,0.0,0.0,84.29,72.547
928.689,sglang:subprocess,0.0,0.0,84.283,72.547
929.19,sglang:subprocess,0.0,0.0,84.283,72.547
929.69,sglang:subprocess,0.0,0.0,84.283,72.547
930.191,sglang:subprocess,0.0,0.0,84.287,72.547
930.692,sglang:subprocess,0.0,0.0,84.288,72.547
931.192,sglang:subprocess,0.0,0.0,84.289,72.547
931.693,sglang:subprocess,0.0,0.0,84.289,72.547
932.194,sglang:subprocess,0.0,0.0,84.288,72.547
932.695,sglang:subprocess,0.0,0.0,84.288,72.547
933.196,sglang:subprocess,0.0,0.0,84.289,72.547
933.696,sglang:subprocess,0.0,0.0,84.289,72.547
934.197,sglang:subprocess,0.0,0.0,84.289,72.547
934.698,sglang:subprocess,0.0,0.0,84.289,72.547
935.198,sglang:subprocess,0.0,0.0,84.29,72.547
935.699,sglang:subprocess,0.0,0.0,84.29,72.547
936.2,sglang:subprocess,0.0,0.0,84.29,72.547
936.7,sglang:subprocess,0.0,0.0,84.331,72.547
937.201,sglang:subprocess,0.0,0.0,84.405,72.547
937.702,sglang:subprocess,0.0,0.0,84.403,72.547
938.203,sglang:subprocess,0.0,0.0,84.405,72.547
938.703,sglang:subprocess,0.0,0.0,84.405,72.547
939.204,sglang:subprocess,0.0,0.0,84.405,72.547
939.705,sglang:subprocess,0.0,0.0,84.405,72.547
940.205,sglang:subprocess,0.0,0.0,84.408,72.547
940.706,sglang:subprocess,0.0,0.0,84.409,72.547
941.207,sglang:subprocess,0.0,0.0,84.408,72.547
941.707,sglang:subprocess,0.0,0.0,84.409,72.547
942.208,sglang:subprocess,0.0,0.0,84.408,72.547
942.709,sglang:subprocess,0.0,0.0,84.408,72.547
943.21,sglang:subprocess,0.0,0.0,84.408,72.547
943.711,sglang:subprocess,0.0,0.0,84.409,72.547
944.211,sglang:subprocess,0.0,0.0,84.407,72.547
944.712,sglang:subprocess,0.0,0.0,84.408,72.547
945.213,sglang:subprocess,0.0,0.0,84.408,72.547
945.713,sglang:subprocess,0.0,0.0,84.408,72.547
946.214,sglang:subprocess,0.0,0.0,84.408,72.547
946.714,sglang:subprocess,0.0,0.0,84.408,72.547
947.215,sglang:subprocess,0.0,0.0,84.404,72.547
947.716,sglang:subprocess,0.0,0.0,84.404,72.547
948.217,sglang:subprocess,0.0,0.0,84.404,72.547
948.718,sglang:subprocess,0.0,0.0,84.406,72.547
949.218,sglang:subprocess,0.0,0.0,84.407,72.547
949.719,sglang:subprocess,0.0,0.0,84.407,72.547
950.22,sglang:subprocess,0.0,0.0,84.408,72.547
950.72,sglang:subprocess,0.0,0.0,84.41,72.547
951.221,sglang:subprocess,0.0,0.0,84.408,72.547
951.721,sglang:subprocess,0.0,0.0,84.408,72.547
952.222,sglang:subprocess,0.0,0.0,84.408,72.547
952.723,sglang:subprocess,0.0,0.0,84.407,72.547
953.223,sglang:subprocess,0.0,0.0,84.407,72.547
953.725,sglang:subprocess,0.0,0.0,84.406,72.547
954.225,sglang:subprocess,0.0,0.0,84.407,72.547
954.726,sglang:subprocess,0.0,0.0,84.409,72.547
955.226,sglang:subprocess,0.0,0.0,84.408,72.547
955.727,sglang:subprocess,0.0,0.0,84.408,72.547
956.228,sglang:subprocess,0.0,0.0,84.408,72.547
956.728,sglang:subprocess,0.0,0.0,84.407,72.547
957.229,sglang:subprocess,0.0,0.0,84.408,72.547
957.73,sglang:subprocess,0.0,0.0,84.408,72.547
958.23,sglang:subprocess,0.0,0.0,84.407,72.547
958.731,sglang:subprocess,0.0,0.0,84.407,72.547
959.232,sglang:subprocess,0.0,0.0,84.407,72.547
959.733,sglang:subprocess,0.0,0.0,84.407,72.547
960.233,sglang:subprocess,0.0,0.0,84.41,72.547
960.734,sglang:subprocess,0.0,0.0,84.412,72.547
961.235,sglang:subprocess,0.0,0.0,84.413,72.547
961.735,sglang:subprocess,0.0,0.0,84.413,72.547
962.236,sglang:subprocess,0.0,0.0,84.414,72.547
962.737,sglang:subprocess,0.0,0.0,84.415,72.547
963.237,sglang:subprocess,0.0,0.0,84.415,72.547
963.738,sglang:subprocess,0.0,0.0,84.413,72.547
964.239,sglang:subprocess,0.0,0.0,84.413,72.547
964.74,sglang:subprocess,0.0,0.0,84.416,72.547
965.241,sglang:subprocess,0.0,0.0,84.416,72.547
965.741,sglang:subprocess,0.0,0.0,84.416,72.547
966.242,sglang:subprocess,0.0,0.0,84.416,72.547
966.742,sglang:subprocess,0.0,0.0,84.416,72.547
967.243,sglang:subprocess,0.0,0.0,84.409,72.547
967.744,sglang:subprocess,0.0,0.0,84.409,72.547
968.244,sglang:subprocess,0.0,0.0,84.408,72.547
968.745,sglang:subprocess,0.0,0.0,84.41,72.547
969.246,sglang:subprocess,0.0,0.0,84.409,72.547
969.747,sglang:subprocess,0.0,0.0,84.41,72.547
970.248,sglang:subprocess,0.0,0.0,84.411,72.547
970.748,sglang:subprocess,0.0,0.0,84.412,72.547
971.249,sglang:subprocess,0.0,0.0,84.412,72.547
971.75,sglang:subprocess,0.0,0.0,84.412,72.547
972.25,sglang:subprocess,0.0,0.0,84.412,72.547
972.751,sglang:subprocess,0.0,0.0,84.413,72.547
973.251,sglang:subprocess,0.0,0.0,84.414,72.547
973.752,sglang:subprocess,0.0,0.0,84.414,72.547
974.253,sglang:subprocess,0.0,0.0,84.412,72.547
974.754,sglang:subprocess,0.0,0.0,84.412,72.547
975.255,sglang:subprocess,0.0,0.0,84.413,72.547
975.755,sglang:subprocess,0.0,0.0,84.413,72.547
976.256,sglang:subprocess,0.0,0.0,84.411,72.547
976.756,sglang:subprocess,0.0,0.0,84.411,72.547
977.257,sglang:subprocess,0.0,0.0,84.409,72.547
977.758,sglang:subprocess,0.0,0.0,84.409,72.547
978.258,sglang:subprocess,0.0,0.0,84.407,72.547
978.759,sglang:subprocess,0.0,0.0,84.408,72.547
979.26,sglang:subprocess,0.0,0.0,84.409,72.547
979.761,sglang:subprocess,0.0,0.0,84.409,72.547
980.262,sglang:subprocess,0.0,0.0,84.412,72.547
980.762,sglang:subprocess,0.0,0.0,84.413,72.547
981.263,sglang:subprocess,0.0,0.0,84.413,72.547
981.763,sglang:subprocess,0.0,0.0,84.413,72.547
982.264,sglang:subprocess,0.0,0.0,84.412,72.547
982.765,sglang:subprocess,0.0,0.0,84.412,72.547
983.265,sglang:subprocess,0.0,0.0,84.411,72.547
983.766,sglang:subprocess,0.0,0.0,84.41,72.547
984.267,sglang:subprocess,0.0,0.0,84.41,72.547
984.767,sglang:subprocess,0.0,0.0,84.407,72.547
985.269,sglang:subprocess,0.0,0.0,84.409,72.547
985.769,sglang:subprocess,0.0,0.0,84.408,72.547
986.27,sglang:subprocess,0.0,0.0,84.408,72.547
986.771,sglang:subprocess,0.0,0.0,84.408,72.547
987.271,sglang:subprocess,0.0,0.0,84.407,72.547
987.772,sglang:subprocess,0.0,0.0,84.407,72.547
988.272,sglang:subprocess,0.0,0.0,84.407,72.547
988.773,sglang:subprocess,0.0,0.0,84.407,72.547
989.274,sglang:subprocess,0.0,0.0,84.408,72.547
989.774,sglang:subprocess,0.0,0.0,84.408,72.547
990.276,sglang:subprocess,0.0,0.0,84.414,72.547
990.776,sglang:subprocess,0.0,0.0,84.415,72.547
991.277,sglang:subprocess,0.0,0.0,84.414,72.547
991.778,sglang:subprocess,0.0,0.0,84.414,72.547
992.278,sglang:subprocess,0.0,0.0,84.415,72.547
992.779,sglang:subprocess,0.0,0.0,84.415,72.547
993.28,sglang:subprocess,0.0,0.0,84.415,72.547
993.78,sglang:subprocess,0.0,0.0,84.415,72.547
994.281,sglang:subprocess,0.0,0.0,84.415,72.547
994.782,sglang:subprocess,0.0,0.0,84.415,72.547
995.282,sglang:subprocess,0.0,0.0,84.414,72.547
995.784,sglang:subprocess,0.0,0.0,84.415,72.547
996.284,sglang:subprocess,0.0,0.0,84.408,72.547
996.785,sglang:subprocess,0.0,0.0,84.408,72.547
997.285,sglang:subprocess,0.0,0.0,84.41,72.547
997.786,sglang:subprocess,0.0,0.0,84.41,72.547
998.287,sglang:subprocess,0.0,0.0,84.41,72.547
998.787,sglang:subprocess,0.0,0.0,84.41,72.547
999.288,sglang:subprocess,0.0,0.0,84.41,72.547
999.789,sglang:subprocess,0.0,0.0,84.41,72.547
1000.289,sglang:subprocess,0.0,0.0,84.413,72.547
1000.791,sglang:subprocess,0.0,0.0,84.411,72.547
1001.291,sglang:subprocess,0.0,0.0,84.413,72.547
1001.792,sglang:subprocess,0.0,0.0,84.413,72.547
1002.293,sglang:subprocess,0.0,0.0,84.411,72.547
1002.793,sglang:subprocess,0.0,0.0,84.411,72.547
1003.294,sglang:subprocess,0.0,0.0,84.411,72.547
1003.795,sglang:subprocess,0.0,0.0,84.411,72.547
1004.295,sglang:subprocess,0.0,0.0,84.411,72.547
1004.796,sglang:subprocess,0.0,0.0,84.411,72.547
1005.297,sglang:subprocess,0.0,0.0,84.411,72.547
1005.797,sglang:subprocess,0.0,0.0,84.412,72.547
1006.299,sglang:subprocess,0.0,0.0,84.407,72.547
1006.799,sglang:subprocess,0.0,0.0,84.407,72.547
1007.3,sglang:subprocess,0.0,0.0,84.407,72.547
1007.801,sglang:subprocess,0.0,0.0,84.408,72.547
1008.301,sglang:subprocess,0.0,0.0,84.381,72.547
1008.802,sglang:subprocess,0.0,0.0,84.38,72.547
1009.303,sglang:subprocess,0.0,0.0,84.381,72.547
1009.803,sglang:subprocess,0.0,0.0,84.382,72.547
1010.304,sglang:subprocess,0.0,0.0,84.389,72.547
1010.805,sglang:subprocess,0.0,0.0,84.391,72.547
1011.306,sglang:subprocess,0.0,0.0,84.391,72.547
1011.806,sglang:subprocess,0.0,0.0,84.39,72.547
1012.307,sglang:subprocess,0.0,0.0,84.391,72.547
1012.808,sglang:subprocess,0.0,0.0,84.391,72.547
1013.308,sglang:subprocess,0.0,0.0,84.392,72.547
1013.809,sglang:subprocess,0.0,0.0,84.392,72.547
1014.31,sglang:subprocess,0.0,0.0,84.392,72.547
1014.81,sglang:subprocess,0.0,0.0,84.393,72.547
1015.311,sglang:subprocess,0.0,0.0,84.393,72.547
1015.812,sglang:subprocess,0.0,0.0,84.394,72.547
1016.312,sglang:subprocess,0.0,0.0,84.389,72.547
1016.813,sglang:subprocess,0.0,0.0,84.389,72.547
1017.314,sglang:subprocess,0.0,0.0,84.389,72.547
1017.815,sglang:subprocess,0.0,0.0,84.39,72.547
1018.316,sglang:subprocess,0.0,0.0,84.39,72.547
1018.816,sglang:subprocess,0.0,0.0,84.391,72.547
1019.317,sglang:subprocess,0.0,0.0,84.391,72.547
1019.818,sglang:subprocess,0.0,0.0,84.391,72.547
1020.318,sglang:subprocess,0.0,0.0,84.395,72.547
1020.819,sglang:subprocess,0.0,0.0,84.396,72.547
1021.32,sglang:subprocess,0.0,0.0,84.395,72.547
1021.821,sglang:subprocess,0.0,0.0,84.393,72.547
1022.322,sglang:subprocess,0.0,0.0,84.393,72.547
1022.822,sglang:subprocess,0.0,0.0,84.394,72.547
1023.323,sglang:subprocess,0.0,0.0,84.394,72.547
1023.824,sglang:subprocess,0.0,0.0,84.394,72.547
1024.324,sglang:subprocess,0.0,0.0,84.395,72.547
1024.825,sglang:subprocess,0.0,0.0,84.395,72.547
1025.325,sglang:subprocess,0.0,0.0,84.395,72.547
1025.826,sglang:subprocess,0.0,0.0,84.396,72.547
1026.327,sglang:subprocess,0.0,0.0,84.395,72.547
1026.827,sglang:subprocess,0.0,0.0,84.391,72.547
1027.329,sglang:subprocess,0.0,0.0,84.391,72.547
1027.83,sglang:subprocess,0.0,0.0,84.391,72.547
1028.33,sglang:subprocess,0.0,0.0,84.391,72.547
1028.831,sglang:subprocess,0.0,0.0,84.391,72.547
1029.332,sglang:subprocess,0.0,0.0,84.391,72.547
1029.832,sglang:subprocess,0.0,0.0,84.39,72.547
1030.333,sglang:subprocess,0.0,0.0,84.393,72.547
1030.834,sglang:subprocess,0.0,0.0,84.393,72.547
1031.334,sglang:subprocess,0.0,0.0,84.393,72.547
1031.835,sglang:subprocess,0.0,0.0,84.394,72.547
1032.336,sglang:subprocess,0.0,0.0,84.378,72.547
1032.837,sglang:subprocess,0.0,0.0,84.378,72.547
1033.337,sglang:subprocess,0.0,0.0,84.379,72.547
1033.838,sglang:subprocess,0.0,0.0,84.382,72.547
1034.339,sglang:subprocess,0.0,0.0,84.384,72.547
1034.839,sglang:subprocess,0.0,0.0,84.384,72.547
1035.34,sglang:subprocess,0.0,0.0,84.384,72.547
1035.841,sglang:subprocess,0.0,0.0,84.386,72.547
1036.341,sglang:subprocess,0.0,0.0,84.382,72.547
1036.842,sglang:subprocess,0.0,0.0,84.382,72.547
1037.343,sglang:subprocess,0.0,0.0,84.383,72.547
1037.844,sglang:subprocess,0.0,0.0,84.383,72.547
1038.344,sglang:subprocess,0.0,0.0,84.382,72.547
1038.845,sglang:subprocess,0.0,0.0,84.382,72.547
1039.346,sglang:subprocess,0.0,0.0,84.382,72.547
1039.846,sglang:subprocess,0.0,0.0,84.382,72.547
1040.347,sglang:subprocess,0.0,0.0,84.389,72.547
1040.848,sglang:subprocess,0.0,0.0,84.389,72.547
1041.348,sglang:subprocess,0.0,0.0,84.389,72.547
1041.849,sglang:subprocess,0.0,0.0,84.389,72.547
1042.35,sglang:subprocess,0.0,0.0,84.39,72.547
1042.851,sglang:subprocess,0.0,0.0,84.39,72.547
1043.352,sglang:subprocess,0.0,0.0,84.39,72.547
1043.852,sglang:subprocess,0.0,0.0,84.39,72.547
1044.353,sglang:subprocess,0.0,0.0,84.39,72.547
1044.853,sglang:subprocess,0.0,0.0,84.39,72.547
1045.354,sglang:subprocess,0.0,0.0,84.39,72.547
1045.855,sglang:subprocess,0.0,0.0,84.391,72.547
1046.355,sglang:subprocess,0.0,0.0,84.394,72.547
1046.856,sglang:subprocess,0.0,0.0,84.393,72.547
1047.357,sglang:subprocess,0.0,0.0,84.386,72.547
1047.857,sglang:subprocess,0.0,0.0,84.386,72.547
1048.359,sglang:subprocess,0.0,0.0,84.386,72.547
1048.859,sglang:subprocess,0.0,0.0,84.387,72.547
1049.36,sglang:subprocess,0.0,0.0,84.387,72.547
1049.861,sglang:subprocess,0.0,0.0,84.387,72.547
1050.361,sglang:subprocess,0.0,0.0,84.392,72.547
1050.862,sglang:subprocess,0.0,0.0,84.393,72.547
1051.363,sglang:subprocess,0.0,0.0,84.393,72.547
1051.863,sglang:subprocess,0.0,0.0,84.393,72.547
1052.364,sglang:subprocess,0.0,0.0,84.394,72.547
1052.865,sglang:subprocess,0.0,0.0,84.394,72.547
1053.366,sglang:subprocess,0.0,0.0,84.394,72.547
1053.866,sglang:subprocess,0.0,0.0,84.394,72.547
1054.367,sglang:subprocess,0.0,0.0,84.395,72.547
1054.868,sglang:subprocess,0.0,0.0,84.395,72.547
1055.368,sglang:subprocess,0.0,0.0,84.395,72.547
1055.869,sglang:subprocess,0.0,0.0,84.395,72.547
1056.37,sglang:subprocess,0.0,0.0,84.395,72.547
1056.87,sglang:subprocess,0.0,0.0,84.395,72.547
1057.371,sglang:subprocess,0.0,0.0,84.333,72.547
1057.872,sglang:subprocess,0.0,0.0,84.333,72.547
1058.372,sglang:subprocess,0.0,0.0,84.333,72.547
1058.874,sglang:subprocess,0.0,0.0,84.333,72.547
1059.374,sglang:subprocess,0.0,0.0,84.333,72.547
1059.875,sglang:subprocess,0.0,0.0,84.333,72.547
1060.375,sglang:subprocess,0.0,0.0,84.336,72.547
1060.876,sglang:subprocess,0.0,0.0,84.336,72.547
1061.377,sglang:subprocess,0.0,0.0,84.336,72.547
1061.877,sglang:subprocess,0.0,0.0,84.336,72.547
1062.378,sglang:subprocess,0.0,0.0,84.333,72.547
1062.879,sglang:subprocess,0.0,0.0,84.333,72.547
1063.379,sglang:subprocess,0.0,0.0,84.333,72.547
1063.88,sglang:subprocess,0.0,0.0,84.333,72.547
1064.381,sglang:subprocess,0.0,0.0,84.335,72.547
1064.882,sglang:subprocess,0.0,0.0,84.334,72.547
1065.382,sglang:subprocess,0.0,0.0,84.334,72.547
1065.883,sglang:subprocess,0.0,0.0,84.335,72.547
1066.384,sglang:subprocess,0.0,0.0,84.335,72.547
1066.884,sglang:subprocess,0.0,0.0,84.335,72.547
1067.385,sglang:subprocess,0.0,0.0,84.333,72.547
1067.886,sglang:subprocess,0.0,0.0,84.333,72.547
1068.386,sglang:subprocess,0.0,0.0,84.332,72.547
1068.887,sglang:subprocess,0.0,0.0,84.332,72.547
1069.388,sglang:subprocess,0.0,0.0,84.332,72.547
1069.889,sglang:subprocess,0.0,0.0,84.333,72.547
1070.39,sglang:subprocess,0.0,0.0,84.333,72.547
1070.89,sglang:subprocess,0.0,0.0,84.336,72.547
1071.391,sglang:subprocess,0.0,0.0,84.336,72.547
1071.892,sglang:subprocess,0.0,0.0,84.335,72.547
1072.392,sglang:subprocess,0.0,0.0,84.334,72.547
1072.893,sglang:subprocess,0.0,0.0,84.334,72.547
1073.394,sglang:subprocess,0.0,0.0,84.334,72.547
1073.894,sglang:subprocess,0.0,0.0,84.334,72.547
1074.396,sglang:subprocess,0.0,0.0,84.334,72.547
1074.896,sglang:subprocess,0.0,0.0,84.334,72.547
1075.397,sglang:subprocess,0.0,0.0,84.334,72.547
1075.898,sglang:subprocess,0.0,0.0,84.335,72.547
1076.398,sglang:subprocess,0.0,0.0,84.331,72.547
1076.899,sglang:subprocess,0.0,0.0,84.332,72.547
1077.4,sglang:subprocess,0.0,0.0,84.332,72.547
1077.9,sglang:subprocess,0.0,0.0,84.332,72.547
1078.401,sglang:subprocess,0.0,0.0,84.332,72.547
1078.902,sglang:subprocess,0.0,0.0,84.332,72.547
1079.402,sglang:subprocess,0.0,0.0,84.332,72.547
1079.903,sglang:subprocess,0.0,0.0,84.332,72.547
1080.404,sglang:subprocess,0.0,0.0,84.337,72.547
1080.905,sglang:subprocess,0.0,0.0,84.338,72.547
1081.405,sglang:subprocess,0.0,0.0,84.338,72.547
1081.906,sglang:subprocess,0.0,0.0,84.338,72.547
1082.407,sglang:subprocess,0.0,0.0,84.339,72.547
1082.907,sglang:subprocess,0.0,0.0,84.337,72.547
1083.408,sglang:subprocess,0.0,0.0,84.337,72.547
1083.909,sglang:subprocess,0.0,0.0,84.338,72.547
1084.409,sglang:subprocess,0.0,0.0,84.338,72.547
1084.91,sglang:subprocess,0.0,0.0,84.339,72.547
1085.411,sglang:subprocess,0.0,0.0,84.339,72.547
1085.912,sglang:subprocess,0.0,0.0,84.338,72.547
1086.412,sglang:subprocess,0.0,0.0,84.332,72.547
1086.913,sglang:subprocess,0.0,0.0,84.332,72.547
1087.414,sglang:subprocess,0.0,0.0,84.333,72.547
1087.914,sglang:subprocess,0.0,0.0,84.333,72.547
1088.415,sglang:subprocess,0.0,0.0,84.332,72.547
1088.916,sglang:subprocess,0.0,0.0,84.332,72.547
1089.417,sglang:subprocess,0.0,0.0,84.333,72.547
1089.918,sglang:subprocess,0.0,0.0,84.335,72.547
1090.419,sglang:subprocess,0.0,0.0,84.286,22.703
1090.92,sglang:subprocess,0.0,0.0,84.469,4.596
1091.42,sglang:subprocess,0.0,0.0,84.47,4.85
1091.921,sglang:subprocess,0.0,0.0,84.472,5.104
1092.422,sglang:subprocess,0.0,0.0,84.471,5.221
1092.922,sglang:subprocess,0.0,0.0,84.471,5.475
1093.423,sglang:subprocess,0.0,0.0,84.473,5.592
1093.923,sglang:subprocess,0.0,0.0,84.473,5.846
1094.424,sglang:subprocess,0.0,0.0,84.473,5.983
1094.925,sglang:subprocess,0.0,0.0,84.473,6.1
1095.426,sglang:subprocess,0.0,0.0,84.472,6.354
1095.927,sglang:subprocess,0.0,0.0,84.473,6.471
1096.427,sglang:subprocess,0.0,0.0,84.467,6.608
1096.928,sglang:subprocess,0.0,0.0,84.468,6.842
1097.429,sglang:subprocess,0.0,0.0,84.469,6.979
1097.929,sglang:subprocess,0.0,0.0,84.468,7.233
1098.43,sglang:subprocess,0.0,0.0,84.47,7.35
1098.93,sglang:subprocess,0.0,0.0,84.47,7.469
1099.431,sglang:subprocess,0.0,0.0,84.469,7.723
1099.932,sglang:subprocess,0.0,0.0,84.47,7.859
1100.432,sglang:subprocess,0.0,0.0,84.472,7.977
1100.934,sglang:subprocess,0.0,0.0,84.472,8.231
1101.434,sglang:subprocess,0.0,0.0,84.473,8.348
1101.935,sglang:subprocess,0.0,0.0,84.473,8.484
1102.436,sglang:subprocess,0.0,0.0,84.474,8.719
1102.936,sglang:subprocess,0.0,0.0,84.478,9.07
1103.437,sglang:subprocess,0.0,0.0,84.478,9.266
1103.938,sglang:subprocess,0.0,0.0,84.478,9.422
1104.438,sglang:subprocess,0.0,0.0,84.479,11.219
1104.939,sglang:subprocess,0.0,0.0,84.479,11.219
1105.44,sglang:subprocess,0.0,0.0,84.48,11.219
1105.941,sglang:subprocess,0.0,0.0,84.481,11.356
1106.441,sglang:subprocess,0.0,0.0,84.478,11.629
1106.942,sglang:subprocess,0.0,0.0,84.478,11.629
1107.443,sglang:subprocess,0.0,0.0,84.477,11.629
1107.943,sglang:subprocess,0.0,0.0,84.477,11.629
1108.444,sglang:subprocess,0.0,0.0,84.478,11.629
1108.945,sglang:subprocess,0.0,0.0,84.478,11.629
1109.445,sglang:subprocess,0.0,0.0,84.478,11.629
1109.946,sglang:subprocess,0.0,0.0,84.478,11.629
1110.447,sglang:subprocess,0.0,0.0,84.483,11.629
1110.947,sglang:subprocess,0.0,0.0,84.485,11.629
1111.448,sglang:subprocess,0.0,0.0,84.485,11.629
1111.949,sglang:subprocess,0.0,0.0,84.484,11.629
1112.45,sglang:subprocess,0.0,0.0,84.483,11.629
1112.95,sglang:subprocess,0.0,0.0,84.483,11.629
1113.451,sglang:subprocess,0.0,0.0,84.482,11.629
1113.952,sglang:subprocess,0.0,0.0,84.483,11.629
1114.452,sglang:subprocess,0.0,0.0,84.484,11.629
1114.953,sglang:subprocess,0.0,0.0,84.633,12.647
1115.454,sglang:subprocess,0.0,0.0,84.675,6.942
1115.954,sglang:subprocess,0.0,0.0,84.906,6.942
1116.456,sglang:subprocess,0.0,0.0,85.039,6.942
1116.957,sglang:subprocess,0.0,0.0,85.021,6.942
1117.457,sglang:subprocess,0.0,0.0,80.78,5.399
1117.958,sglang:subprocess,0.0,0.0,76.37,5.399
1118.458,sglang:subprocess,0.0,0.0,68.335,5.399
1118.959,sglang:subprocess,0.0,0.0,60.059,5.399
1119.46,sglang:subprocess,0.0,0.0,49.986,5.399
1119.96,sglang:subprocess,0.0,0.0,38.458,5.399
1120.461,sglang:subprocess,0.0,0.0,27.709,5.399
1120.962,sglang:subprocess,0.0,0.0,17.249,5.399
1121.462,sglang:subprocess,0.0,0.0,9.974,5.389
1122.16,sglang:subprocess,0.0,0.0,6.851,0.687
1122.661,sglang:subprocess,0.0,0.0,4.471,0.687
1123.161,sglang:subprocess,0.0,0.0,4.466,0.687
1123.662,sglang:subprocess,0.0,0.0,4.466,0.687
1124.163,sglang:subprocess,0.0,0.0,4.452,0.687
1124.533,init,0.0,0.0,3.577,0.687
