t_rel,phase,hbm_alloc_gib,hbm_peak_gib,host_used_gib,nvml_used_gib
2.964,init,0.0,0.0,3.328,0.687
3.471,init,0.0,0.0,3.333,0.687
3.974,init,0.0,0.0,3.338,0.687
4.492,init,0.0,0.0,3.338,0.687
4.993,init,0.0,0.0,3.339,0.687
5.495,init,0.0,0.0,3.354,0.687
5.998,init,0.0,0.0,3.373,0.687
6.508,init,0.0,0.0,3.403,0.687
7.01,init,0.0,0.0,3.437,0.687
7.511,init,0.0,0.0,3.484,0.687
8.132,init,0.0,0.0,3.524,0.687
8.664,init,0.0,0.0,3.554,0.687
9.164,init,0.0,0.0,3.572,0.687
9.791,load:text_encoder,0.0,0.0,3.772,1.098
10.292,load:text_encoder,0.0,0.0,3.844,1.098
17.863,load:text_encoder,3.142,62.133,3.856,63.234
18.364,load:text_encoder,3.63,62.133,3.857,63.234
18.865,load:text_encoder,3.63,62.133,3.858,63.234
19.366,load:text_encoder,3.64,62.133,3.857,63.234
19.866,load:text_encoder,3.64,62.133,3.858,63.234
20.367,load:text_encoder,4.05,62.133,3.859,63.234
20.868,load:text_encoder,4.539,62.133,3.86,63.234
21.369,load:text_encoder,4.539,62.133,3.859,63.234
21.869,load:text_encoder,4.539,62.133,3.859,63.234
22.37,load:text_encoder,4.627,62.133,3.86,63.234
22.871,load:text_encoder,4.705,62.133,3.862,63.234
23.372,load:text_encoder,5.447,62.133,3.862,63.234
23.872,load:text_encoder,5.447,62.133,3.862,63.234
24.373,load:text_encoder,5.447,62.133,3.863,63.234
24.874,load:text_encoder,5.535,62.133,3.864,63.234
25.375,load:text_encoder,5.623,62.133,3.865,63.234
25.876,load:text_encoder,6.355,62.133,3.864,63.234
26.376,load:text_encoder,6.355,62.133,3.866,63.234
26.877,load:text_encoder,6.355,62.133,3.866,63.234
27.378,load:text_encoder,6.443,62.133,3.865,63.234
27.879,load:text_encoder,6.443,62.133,3.866,63.234
28.379,load:text_encoder,6.531,62.133,3.865,63.234
28.88,load:text_encoder,7.263,62.133,3.869,63.234
29.381,load:text_encoder,7.263,62.133,3.869,63.234
29.881,load:text_encoder,7.351,62.133,3.865,63.234
30.382,load:text_encoder,7.351,62.133,3.865,63.234
30.883,load:text_encoder,7.439,62.133,3.865,63.234
31.384,load:text_encoder,8.172,62.133,3.87,63.234
31.885,load:text_encoder,8.172,62.133,3.864,63.234
32.386,load:text_encoder,8.172,62.133,3.864,63.234
32.886,load:text_encoder,8.181,62.133,3.867,63.234
33.387,load:text_encoder,8.347,62.133,3.865,63.234
33.888,load:text_encoder,9.08,62.133,3.865,63.234
34.388,load:text_encoder,9.08,62.133,3.864,63.234
34.889,load:text_encoder,9.08,62.133,3.866,63.234
35.39,load:text_encoder,9.089,62.133,3.865,63.234
35.891,load:text_encoder,9.246,62.133,3.865,63.234
36.391,load:text_encoder,9.988,62.133,3.866,63.234
36.892,load:text_encoder,9.988,62.133,3.868,63.234
37.393,load:text_encoder,9.988,62.133,3.871,63.234
37.894,load:text_encoder,9.998,62.133,3.867,63.234
38.395,load:text_encoder,9.998,62.133,3.867,63.234
38.895,load:text_encoder,10.408,62.133,3.87,63.234
39.396,load:text_encoder,10.896,62.133,3.87,63.234
39.897,load:text_encoder,10.896,62.133,3.87,63.234
40.397,load:text_encoder,10.906,62.133,3.872,63.234
40.898,load:text_encoder,10.906,62.133,3.874,63.234
41.399,load:text_encoder,11.316,62.133,3.874,63.234
41.9,load:text_encoder,11.804,62.133,3.874,63.234
42.4,load:text_encoder,11.804,62.133,3.874,63.234
42.901,load:text_encoder,11.804,62.133,3.876,63.234
43.402,load:text_encoder,11.814,62.133,3.876,63.234
43.903,load:text_encoder,11.98,62.133,3.875,63.234
44.404,load:text_encoder,12.713,62.133,3.875,63.234
44.904,load:text_encoder,12.713,62.133,3.874,63.234
45.405,load:text_encoder,12.713,62.133,3.878,63.234
45.906,load:text_encoder,12.801,62.133,3.875,63.234
46.407,load:text_encoder,12.879,62.133,3.882,63.234
46.907,load:text_encoder,13.621,62.133,3.878,63.234
47.408,load:text_encoder,13.621,62.133,3.879,63.234
47.909,load:text_encoder,13.621,62.133,3.878,63.234
48.41,load:text_encoder,13.631,62.133,3.876,63.234
48.911,load:text_encoder,13.797,62.133,3.878,63.234
49.411,load:text_encoder,14.529,62.133,3.879,63.234
49.912,load:text_encoder,14.529,62.133,3.88,63.234
50.413,load:text_encoder,14.529,62.133,3.882,63.234
50.914,load:text_encoder,14.617,62.133,3.881,63.234
51.414,load:text_encoder,14.705,62.133,3.88,63.234
51.915,load:text_encoder,15.437,62.133,3.883,63.234
52.416,load:text_encoder,15.437,62.133,3.882,63.234
52.917,load:text_encoder,15.437,62.133,3.881,63.234
53.417,load:text_encoder,15.525,62.133,3.883,63.234
53.919,load:text_encoder,15.613,62.133,3.885,63.234
54.42,load:text_encoder,16.346,62.133,3.882,63.234
54.921,load:text_encoder,16.346,62.133,3.884,63.234
55.421,load:text_encoder,16.346,62.133,3.887,63.234
55.922,load:text_encoder,16.355,62.133,3.887,63.234
56.423,load:text_encoder,16.521,62.133,3.886,63.234
56.924,load:text_encoder,17.254,62.133,3.886,63.234
57.424,load:text_encoder,17.254,62.133,3.887,63.234
57.925,load:text_encoder,17.254,62.133,3.887,63.234
58.426,load:text_encoder,17.264,62.133,3.891,63.234
58.926,load:text_encoder,17.43,62.133,3.886,63.234
59.427,load:text_encoder,18.162,62.133,3.887,63.234
59.928,load:text_encoder,18.162,62.133,3.889,63.234
60.429,load:text_encoder,18.162,62.133,3.89,63.234
60.93,load:text_encoder,18.172,62.133,3.877,63.234
61.431,load:text_encoder,18.172,62.133,3.884,63.234
61.931,load:text_encoder,18.582,62.133,3.878,63.234
62.432,load:text_encoder,19.07,62.133,3.877,63.234
62.933,load:text_encoder,19.07,62.133,3.882,63.234
63.434,load:text_encoder,19.08,62.133,3.884,63.234
63.935,load:text_encoder,19.08,62.133,3.883,63.234
64.436,load:text_encoder,19.246,62.133,3.89,63.234
64.936,load:text_encoder,19.978,62.133,3.883,63.234
65.438,load:text_encoder,19.978,62.133,3.886,63.234
65.938,load:text_encoder,19.978,62.133,3.883,63.234
66.439,load:text_encoder,20.066,62.133,3.885,63.234
66.94,load:text_encoder,20.154,62.133,3.885,63.234
67.441,load:text_encoder,21.805,62.133,3.888,63.234
67.942,load:text_encoder,23.611,62.133,3.889,63.234
68.443,load:text_encoder,23.611,62.133,3.888,63.234
68.944,load:text_encoder,23.621,62.133,3.891,63.234
69.444,load:text_encoder,24.695,62.133,3.894,63.234
69.945,load:text_encoder,25.438,62.133,3.894,63.234
70.446,load:text_encoder,25.848,62.133,3.898,63.234
70.946,load:text_encoder,26.336,62.133,3.899,63.234
71.448,load:text_encoder,26.336,62.133,3.903,63.234
71.948,load:text_encoder,26.336,62.133,3.899,63.234
72.449,load:text_encoder,26.424,62.133,3.899,63.234
72.95,load:text_encoder,26.756,62.133,3.898,63.234
73.451,load:text_encoder,27.244,62.133,3.9,63.234
73.951,load:text_encoder,27.244,62.133,3.899,63.234
74.454,load:text_encoder,27.244,62.133,3.9,63.234
74.955,load:text_encoder,27.254,62.133,3.9,63.234
75.455,load:text_encoder,27.42,62.133,3.903,63.234
75.956,load:text_encoder,28.152,62.133,3.902,63.234
76.457,load:text_encoder,28.152,62.133,3.904,63.234
76.958,load:text_encoder,28.152,62.133,3.902,63.234
77.459,load:text_encoder,28.162,62.133,3.906,63.234
77.96,load:text_encoder,28.328,62.133,3.908,63.234
78.461,load:text_encoder,29.061,62.133,3.906,63.234
78.961,load:text_encoder,29.061,62.133,3.908,63.234
79.462,load:text_encoder,29.061,62.133,3.91,63.234
79.963,load:text_encoder,29.07,62.133,3.907,63.234
80.464,load:text_encoder,29.236,62.133,3.91,63.234
80.964,load:text_encoder,29.969,62.133,3.903,63.234
81.465,load:text_encoder,29.969,62.133,3.904,63.234
81.966,load:text_encoder,29.969,62.133,3.904,63.234
82.467,load:text_encoder,29.979,62.133,3.903,63.234
82.968,load:text_encoder,30.145,62.133,3.902,63.234
83.468,load:text_encoder,30.877,62.133,3.903,63.234
83.969,load:text_encoder,30.877,62.133,3.904,63.234
84.47,load:text_encoder,31.795,62.133,3.906,63.234
84.971,load:text_encoder,31.961,62.133,3.907,63.234
85.471,load:text_encoder,32.694,62.133,3.91,63.234
85.972,load:text_encoder,32.694,62.133,3.909,63.234
86.473,load:text_encoder,32.694,62.133,3.91,63.234
86.974,load:text_encoder,32.703,62.133,3.912,63.234
87.474,load:text_encoder,33.113,62.133,3.904,63.234
87.976,load:text_encoder,33.602,62.133,3.907,63.234
88.477,load:text_encoder,33.602,62.133,3.906,63.234
88.977,load:text_encoder,34.51,62.133,3.911,63.234
89.478,load:text_encoder,34.52,62.133,3.911,63.234
89.979,load:text_encoder,35.174,62.133,3.913,63.234
90.479,load:text_encoder,35.418,62.133,3.914,63.234
90.98,load:text_encoder,35.418,62.133,3.914,63.234
91.481,load:text_encoder,35.506,62.133,3.913,63.234
91.982,load:text_encoder,35.838,62.133,3.918,63.234
92.482,load:text_encoder,36.336,62.133,3.918,63.234
92.983,load:text_encoder,38.231,62.133,3.92,63.234
93.484,load:text_encoder,39.051,62.133,3.92,63.234
93.985,load:text_encoder,39.051,62.133,3.925,63.234
94.486,load:text_encoder,39.051,62.133,3.925,63.234
94.987,load:text_encoder,39.061,62.133,3.925,63.234
95.487,load:text_encoder,39.227,62.133,3.926,63.234
95.988,load:text_encoder,39.959,62.133,3.926,63.234
96.489,load:text_encoder,39.959,62.133,3.926,63.234
96.99,load:text_encoder,39.969,62.133,3.926,63.234
97.49,load:text_encoder,39.969,62.133,3.925,63.234
97.991,load:text_encoder,40.868,62.133,3.928,63.234
98.492,load:text_encoder,40.868,62.133,3.928,63.234
98.993,load:text_encoder,40.868,62.133,3.929,63.234
99.493,load:text_encoder,40.877,62.133,3.931,63.234
99.995,load:text_encoder,41.287,62.133,3.933,63.234
100.496,load:text_encoder,41.776,62.133,3.932,63.234
100.996,load:text_encoder,41.776,62.133,3.934,63.234
101.497,load:text_encoder,41.864,62.133,3.935,63.234
101.998,load:text_encoder,42.684,62.133,3.935,63.234
102.499,load:text_encoder,42.684,62.133,3.934,63.234
103.0,load:text_encoder,42.684,62.133,3.936,63.234
103.5,load:text_encoder,42.694,62.133,3.934,63.234
104.001,load:text_encoder,43.592,62.133,3.936,63.234
104.502,load:text_encoder,43.592,62.133,3.936,63.234
105.003,load:text_encoder,43.592,62.133,3.936,63.234
105.504,load:text_encoder,43.602,62.133,3.937,63.234
106.005,load:text_encoder,44.012,62.133,3.938,63.234
106.505,load:text_encoder,44.5,62.133,3.938,63.234
107.006,load:text_encoder,44.5,62.133,3.938,63.234
107.507,load:text_encoder,44.5,62.133,3.938,63.234
108.008,load:text_encoder,44.51,62.133,3.94,63.234
108.508,load:text_encoder,44.676,62.133,3.95,63.234
109.009,load:text_encoder,45.409,62.133,3.941,63.234
109.51,load:text_encoder,45.409,62.133,3.945,63.234
110.011,load:text_encoder,45.409,62.133,3.945,63.234
110.511,load:text_encoder,45.418,62.133,3.943,63.234
111.013,load:text_encoder,45.829,62.133,3.942,63.234
111.513,load:text_encoder,46.317,62.133,3.942,63.234
112.014,load:text_encoder,46.317,62.133,3.941,63.234
112.515,load:text_encoder,46.317,62.133,3.941,63.234
113.016,load:text_encoder,46.327,62.133,3.943,63.234
113.516,load:text_encoder,46.737,62.133,3.933,63.234
114.017,load:text_encoder,47.225,62.133,3.935,63.234
114.518,load:text_encoder,47.225,62.133,3.935,63.234
115.019,load:text_encoder,47.235,62.133,3.936,63.234
115.519,load:text_encoder,48.553,62.133,3.941,63.234
116.02,load:text_encoder,49.95,62.133,3.942,63.234
116.521,load:text_encoder,50.868,62.133,3.945,63.234
117.022,load:text_encoder,52.762,62.133,3.951,63.234
117.522,load:text_encoder,55.399,62.133,3.954,63.234
118.023,load:text_encoder,57.216,62.133,3.956,63.234
118.524,load:text_encoder,59.94,62.133,3.965,63.234
119.025,load:text_encoder,61.611,62.133,3.963,63.234
121.241,load:text_encoder,62.133,62.133,3.846,63.236
121.741,run:text_encoder:0,62.133,62.133,4.031,63.311
122.242,run:text_encoder:0,62.133,62.133,4.042,63.311
122.743,run:text_encoder:4,62.145,62.153,4.364,63.359
123.244,load:vae_encoder,0.282,62.153,4.37,3.645
123.744,load:vae_encoder,1.22,62.153,4.371,3.645
124.245,load:vae_encoder,2.033,62.153,4.372,3.645
124.746,load:vae_encoder,2.846,62.153,4.375,4.067
125.255,load:vae_encoder,4.722,62.153,4.367,5.942
125.755,load:vae_encoder,7.974,62.153,4.375,9.192
126.256,load:vae_encoder,9.717,62.153,4.373,10.934
126.905,free:vae_encoder,0.009,62.153,4.381,11.49
127.406,load:denoise,0.663,62.153,4.379,32.068
127.907,load:denoise,0.663,62.153,4.38,32.068
128.407,load:denoise,0.663,62.153,4.381,32.068
128.908,load:denoise,0.95,62.153,4.381,32.068
129.409,load:denoise,1.237,62.153,4.382,32.068
129.91,load:denoise,1.38,62.153,4.384,32.068
130.41,load:denoise,1.865,62.153,4.378,32.068
130.911,load:denoise,1.865,62.153,4.368,32.068
131.413,load:denoise,2.08,62.153,4.371,32.068
131.914,load:denoise,2.439,62.153,4.372,32.068
132.414,load:denoise,2.439,62.153,4.374,32.068
132.915,load:denoise,2.583,62.153,4.374,32.068
133.416,load:denoise,3.068,62.153,4.374,32.068
133.917,load:denoise,3.068,62.153,4.374,32.068
134.417,load:denoise,3.139,62.153,4.375,32.068
134.918,load:denoise,3.283,62.153,4.375,32.068
135.419,load:denoise,3.642,62.153,4.376,32.068
135.92,load:denoise,3.642,62.153,4.376,32.068
136.42,load:denoise,3.857,62.153,4.376,32.068
136.921,load:denoise,4.001,62.153,4.376,32.068
137.422,load:denoise,4.36,62.153,4.375,32.068
137.923,load:denoise,4.36,62.153,4.376,32.068
138.477,load:denoise,4.503,62.153,4.371,32.068
138.978,load:denoise,4.988,62.153,4.364,32.068
139.478,load:denoise,4.988,62.153,4.365,32.068
139.979,load:denoise,5.472,62.153,4.365,32.068
140.48,load:denoise,5.472,62.153,4.368,32.068
140.98,load:denoise,5.472,62.153,4.369,32.068
141.481,load:denoise,5.688,62.153,4.369,32.068
141.982,load:denoise,6.047,62.153,4.369,32.068
142.483,load:denoise,6.047,62.153,4.371,32.068
142.984,load:denoise,6.675,62.153,4.374,32.068
143.484,load:denoise,6.675,62.153,4.374,32.068
143.985,load:denoise,6.675,62.153,4.374,32.068
144.486,load:denoise,6.747,62.153,4.375,32.068
144.987,load:denoise,6.962,62.153,4.371,32.068
145.487,load:denoise,7.249,62.153,4.374,32.068
145.988,load:denoise,7.393,62.153,4.372,32.068
146.489,load:denoise,7.877,62.153,4.371,32.068
146.989,load:denoise,7.877,62.153,4.373,32.068
147.491,load:denoise,7.877,62.153,4.374,32.068
147.991,load:denoise,8.021,62.153,4.373,32.068
148.492,load:denoise,8.165,62.153,4.374,32.068
148.993,load:denoise,8.452,62.153,4.376,32.068
149.493,load:denoise,8.595,62.153,4.376,32.068
149.994,load:denoise,8.739,62.153,4.376,32.068
150.569,load:denoise,8.882,62.153,4.373,32.068
151.07,load:denoise,9.367,62.153,4.37,32.068
151.571,load:denoise,9.367,62.153,4.37,32.068
152.072,load:denoise,9.511,62.153,4.371,32.068
152.572,load:denoise,9.654,62.153,4.371,32.068
153.073,load:denoise,9.941,62.153,4.373,32.068
153.574,load:denoise,10.085,62.153,4.374,32.068
154.074,load:denoise,10.641,62.153,4.373,32.068
154.575,load:denoise,10.641,62.153,4.373,32.068
155.076,load:denoise,10.641,62.153,4.366,32.068
155.577,load:denoise,10.928,62.153,4.367,32.068
156.078,load:denoise,10.928,62.153,4.366,32.068
156.578,load:denoise,11.072,62.153,4.368,32.068
157.079,load:denoise,11.557,62.153,4.37,32.068
157.58,load:denoise,11.557,62.153,4.371,32.068
158.081,load:denoise,11.628,62.153,4.371,32.068
158.581,load:denoise,11.844,62.153,4.371,32.068
159.082,load:denoise,12.131,62.153,4.375,32.068
159.583,load:denoise,12.274,62.153,4.375,32.068
160.084,load:denoise,12.759,62.153,4.374,32.068
160.585,load:denoise,12.759,62.153,4.375,32.068
161.085,load:denoise,12.759,62.153,4.376,32.068
161.586,load:denoise,12.903,62.153,4.377,32.068
162.087,load:denoise,13.046,62.153,4.376,32.068
162.587,load:denoise,13.333,62.153,4.378,32.068
163.088,load:denoise,13.477,62.153,4.38,32.068
163.589,load:denoise,13.962,62.153,4.371,32.068
164.09,load:denoise,13.962,62.153,4.37,32.068
164.59,load:denoise,13.962,62.153,4.371,32.068
165.091,load:denoise,14.105,62.153,4.373,32.068
165.592,load:denoise,14.464,62.153,4.372,32.068
166.093,load:denoise,14.464,62.153,4.374,32.068
166.593,load:denoise,14.608,62.153,4.365,32.068
167.094,load:denoise,15.092,62.153,4.374,32.068
167.596,load:denoise,15.092,62.153,4.375,32.068
168.096,load:denoise,15.164,62.153,4.375,32.068
168.597,load:denoise,15.308,62.153,4.374,32.068
169.098,load:denoise,15.666,62.153,4.378,32.068
169.599,load:denoise,15.666,62.153,4.382,32.068
170.099,load:denoise,16.295,62.153,4.382,32.068
170.6,load:denoise,16.295,62.153,4.377,32.068
171.101,load:denoise,16.295,62.153,4.389,32.068
171.602,load:denoise,16.438,62.153,4.389,32.068
172.102,load:denoise,16.582,62.153,4.377,32.068
172.604,load:denoise,16.869,62.153,4.379,32.068
173.104,load:denoise,17.012,62.153,4.386,32.068
173.605,load:denoise,17.156,62.153,4.387,32.068
174.106,load:denoise,17.3,62.153,4.387,32.068
174.607,load:denoise,17.587,62.153,4.389,32.068
175.107,load:denoise,17.73,62.153,4.39,32.068
175.608,load:denoise,18.215,62.153,4.384,32.068
176.109,load:denoise,18.215,62.153,4.383,32.068
176.61,load:denoise,18.215,62.153,4.385,32.068
177.11,load:denoise,18.7,62.153,4.385,32.068
177.611,load:denoise,18.7,62.153,4.386,32.068
178.112,load:denoise,18.7,62.153,4.386,32.068
178.613,load:denoise,18.915,62.153,4.385,32.068
179.113,load:denoise,19.274,62.153,4.389,32.068
179.615,load:denoise,19.274,62.153,4.389,32.068
180.115,load:denoise,19.902,62.153,4.388,32.068
180.616,load:denoise,19.902,62.153,4.391,32.068
181.117,load:denoise,19.902,62.153,4.389,32.068
181.618,load:denoise,20.046,62.153,4.39,32.068
182.118,load:denoise,20.189,62.153,4.39,32.068
182.619,load:denoise,20.476,62.153,4.391,32.068
183.12,load:denoise,20.62,62.153,4.391,32.068
183.621,load:denoise,21.105,62.153,4.392,32.068
184.121,load:denoise,21.105,62.153,4.391,32.068
184.622,load:denoise,21.105,62.153,4.391,32.068
185.123,load:denoise,21.248,62.153,4.393,32.068
185.624,load:denoise,21.679,62.153,4.392,32.068
186.125,load:denoise,21.679,62.153,4.391,32.068
186.625,load:denoise,21.822,62.153,4.39,32.068
187.126,load:denoise,22.038,62.153,4.391,32.068
187.631,load:denoise,22.11,62.153,4.384,32.068
188.132,load:denoise,22.594,62.153,4.383,32.068
188.632,load:denoise,22.594,62.153,4.386,32.068
189.133,load:denoise,22.881,62.153,4.386,32.068
189.634,load:denoise,22.881,62.153,4.387,32.068
190.135,load:denoise,23.51,62.153,4.388,32.068
190.635,load:denoise,23.51,62.153,4.387,32.068
191.136,load:denoise,23.51,62.153,4.388,32.068
191.637,load:denoise,23.653,62.153,4.388,32.068
192.138,load:denoise,24.084,62.153,4.388,32.068
192.639,load:denoise,24.084,62.153,4.389,32.068
193.14,load:denoise,24.227,62.153,4.389,32.068
193.64,load:denoise,24.712,62.153,4.39,32.068
194.141,load:denoise,24.712,62.153,4.39,32.068
194.642,load:denoise,24.784,62.153,4.391,32.068
195.143,load:denoise,24.927,62.153,4.391,32.068
195.643,load:denoise,25.286,62.153,4.392,32.068
196.144,load:denoise,25.286,62.153,4.392,32.068
196.645,load:denoise,25.914,62.153,4.391,32.068
197.146,load:denoise,25.914,62.153,4.393,32.068
197.647,load:denoise,25.914,62.153,4.394,32.068
198.148,load:denoise,25.986,62.153,4.394,32.068
198.648,load:denoise,26.202,62.153,4.394,32.068
199.149,load:denoise,26.489,62.153,4.372,32.068
199.65,load:denoise,26.632,62.153,4.376,32.068
200.15,load:denoise,26.704,62.153,4.376,32.068
200.651,load:denoise,27.189,62.153,4.369,32.068
201.152,load:denoise,27.189,62.153,4.367,32.068
201.653,load:denoise,27.261,62.153,4.369,32.068
202.153,load:denoise,27.691,62.153,4.369,32.068
202.654,load:denoise,27.691,62.153,4.371,32.068
203.155,load:denoise,27.835,62.153,4.37,32.068
203.656,load:denoise,28.319,62.153,4.372,32.068
204.156,load:denoise,28.319,62.153,4.373,32.068
204.658,load:denoise,28.319,62.153,4.373,32.068
205.159,load:denoise,28.535,62.153,4.373,32.068
205.659,load:denoise,28.894,62.153,4.375,32.068
206.16,load:denoise,28.894,62.153,4.375,32.068
206.661,load:denoise,29.037,62.153,4.373,32.068
207.162,load:denoise,29.522,62.153,4.373,32.068
207.662,load:denoise,29.522,62.153,4.374,32.068
208.163,load:denoise,29.594,62.153,4.373,32.068
208.664,load:denoise,29.737,62.153,4.373,32.068
209.165,load:denoise,30.096,62.153,4.376,32.068
209.666,load:denoise,30.096,62.153,4.377,32.068
210.167,load:denoise,30.24,62.153,4.377,32.068
210.667,load:denoise,30.455,62.153,4.377,32.068
211.168,load:denoise,30.814,62.153,4.377,32.068
211.669,load:denoise,30.814,62.153,4.379,32.068
212.17,load:denoise,30.958,62.153,4.379,32.213
212.67,load:denoise,31.443,62.153,4.371,32.699
213.171,load:denoise,31.443,62.153,4.371,32.699
213.672,load:denoise,31.928,62.153,4.373,33.186
214.173,load:denoise,31.928,62.153,4.374,33.186
214.673,load:denoise,31.928,62.153,4.375,33.186
215.174,load:denoise,32.072,62.153,4.376,33.33
215.675,load:denoise,32.217,62.153,4.377,33.475
216.176,load:denoise,32.504,62.153,4.378,33.762
216.677,load:denoise,32.649,62.153,4.377,33.906
217.177,load:denoise,33.133,62.153,4.378,34.393
217.678,load:denoise,33.133,62.153,4.378,34.393
218.179,load:denoise,33.133,62.153,4.379,34.393
218.68,load:denoise,33.35,62.153,4.379,34.609
219.18,load:denoise,33.709,62.153,4.381,34.969
219.681,load:denoise,33.709,62.153,4.38,34.969
220.182,load:denoise,33.854,62.153,4.383,35.113
220.683,load:denoise,34.339,62.153,4.385,35.6
221.183,load:denoise,34.339,62.153,4.384,35.6
221.685,load:denoise,34.411,62.153,4.384,35.672
222.185,load:denoise,34.555,62.153,4.387,35.817
222.686,load:denoise,34.915,62.153,4.387,36.176
223.187,load:denoise,34.915,62.153,4.385,36.176
223.688,load:denoise,35.132,62.153,4.385,36.393
224.188,load:denoise,35.276,62.153,4.388,36.537
224.689,load:denoise,35.833,62.153,4.38,37.096
225.19,load:denoise,35.833,62.153,4.377,37.096
225.691,load:denoise,35.833,62.153,4.379,37.096
226.191,load:denoise,36.12,62.153,4.38,37.383
226.692,load:denoise,36.265,62.153,4.381,37.527
227.193,load:denoise,36.749,62.153,4.367,38.014
227.694,load:denoise,36.749,62.153,4.369,38.014
228.194,load:denoise,36.749,62.153,4.373,38.014
228.696,load:denoise,36.966,62.153,4.378,38.231
229.197,load:denoise,37.326,62.153,4.379,38.59
229.697,load:denoise,37.326,62.153,4.378,38.59
230.198,load:denoise,37.955,62.153,4.38,39.221
230.699,load:denoise,37.955,62.153,4.38,39.221
231.2,load:denoise,37.955,62.153,4.373,39.221
231.7,load:denoise,38.099,62.153,4.374,39.365
232.201,load:denoise,38.531,62.153,4.376,39.797
232.702,load:denoise,38.531,62.153,4.377,39.797
233.202,load:denoise,38.676,62.153,4.38,39.942
233.704,load:denoise,39.16,62.153,4.379,40.428
234.204,load:denoise,39.16,62.153,4.38,40.428
234.705,load:denoise,39.16,62.153,4.381,40.428
235.206,load:denoise,39.305,62.153,4.381,40.572
235.707,load:denoise,39.736,62.153,4.381,41.004
236.207,load:denoise,39.736,62.153,4.383,41.004
236.708,load:denoise,39.881,62.153,4.382,41.149
237.221,load:denoise,39.953,62.153,4.377,41.221
237.722,load:denoise,40.438,62.153,4.378,41.707
238.222,load:denoise,40.438,62.153,4.376,41.707
238.723,load:denoise,40.582,62.153,4.377,41.852
239.224,load:denoise,40.942,62.153,4.377,42.211
239.725,load:denoise,40.942,62.153,4.377,42.211
240.225,load:denoise,41.086,62.153,4.378,42.356
240.726,load:denoise,41.571,62.153,4.381,42.842
241.227,load:denoise,41.571,62.153,4.37,42.842
241.729,load:denoise,41.571,62.153,4.37,42.842
242.229,load:denoise,41.788,62.153,4.373,43.059
242.73,load:denoise,42.147,62.153,4.375,43.418
243.231,load:denoise,42.147,62.153,4.377,43.418
243.732,load:denoise,42.292,62.153,4.378,43.563
244.232,load:denoise,42.776,62.153,4.379,44.049
244.733,load:denoise,42.776,62.153,4.377,44.049
245.234,load:denoise,42.849,62.153,4.378,44.121
245.735,load:denoise,42.993,62.153,4.376,44.266
246.235,load:denoise,43.353,62.153,4.377,44.625
246.737,load:denoise,43.353,62.153,4.377,44.625
247.237,load:denoise,43.497,62.153,4.378,44.77
247.738,load:denoise,43.714,62.153,4.378,44.986
248.239,load:denoise,44.073,62.153,4.377,45.346
248.74,load:denoise,44.073,62.153,4.378,45.346
249.24,load:denoise,44.218,62.153,4.377,45.49
249.741,load:denoise,44.703,62.153,4.37,45.977
250.242,load:denoise,44.703,62.153,4.355,45.977
250.743,load:denoise,44.703,62.153,4.354,45.977
251.243,load:denoise,45.187,62.153,4.353,46.463
251.744,load:denoise,45.187,62.153,4.353,46.463
252.245,load:denoise,45.26,62.153,4.353,46.535
252.746,load:denoise,45.404,62.153,4.354,46.68
253.246,load:denoise,45.763,62.153,4.356,47.039
253.748,load:denoise,45.763,62.153,4.355,47.039
254.248,load:denoise,46.393,62.153,4.354,47.672
254.749,load:denoise,46.393,62.153,4.356,47.672
255.25,load:denoise,46.393,62.153,4.359,47.672
255.751,load:denoise,46.465,62.153,4.359,47.744
256.251,load:denoise,46.609,62.153,4.36,47.889
256.752,load:denoise,46.969,62.153,4.359,48.248
257.253,load:denoise,46.969,62.153,4.361,48.248
257.754,load:denoise,47.598,62.153,4.361,48.879
258.254,load:denoise,47.598,62.153,4.36,48.879
258.756,load:denoise,47.598,62.153,4.361,48.879
259.256,load:denoise,47.67,62.153,4.365,48.951
259.757,load:denoise,47.887,62.153,4.365,49.168
260.258,load:denoise,48.174,62.153,4.362,49.455
260.759,load:denoise,48.174,62.153,4.362,49.455
261.259,load:denoise,48.391,62.153,4.364,49.672
261.76,load:denoise,48.536,62.153,4.364,49.817
262.261,load:denoise,49.093,62.153,4.357,50.375
262.762,load:denoise,49.093,62.153,4.356,50.375
263.262,load:denoise,49.093,62.153,4.359,50.375
263.763,load:denoise,49.38,62.153,4.343,50.662
264.264,load:denoise,49.524,62.153,4.354,50.807
264.765,load:denoise,50.009,62.153,4.353,51.293
265.265,load:denoise,50.009,62.153,4.351,51.293
265.766,load:denoise,50.009,62.153,4.353,51.293
266.267,load:denoise,50.153,62.153,4.354,51.438
266.768,load:denoise,50.298,62.153,4.357,51.582
267.269,load:denoise,50.585,62.153,4.357,51.869
267.77,load:denoise,50.73,62.153,4.355,52.014
268.27,load:denoise,51.214,62.153,4.357,52.5
268.771,load:denoise,51.214,62.153,4.359,52.5
269.272,load:denoise,51.214,62.153,4.347,52.5
269.773,load:denoise,51.359,62.153,4.347,52.645
270.273,load:denoise,51.503,62.153,4.348,52.789
270.774,load:denoise,51.79,62.153,4.358,53.076
271.275,load:denoise,51.935,62.153,4.356,53.221
271.776,load:denoise,52.42,62.153,4.356,53.707
272.277,load:denoise,52.42,62.153,4.356,53.707
272.778,load:denoise,52.42,62.153,4.358,53.707
273.278,load:denoise,52.564,62.153,4.359,53.852
273.779,load:denoise,52.996,62.153,4.36,54.283
274.28,load:denoise,52.996,62.153,4.36,54.283
274.781,load:denoise,53.14,62.153,4.36,54.428
275.306,load:denoise,53.213,62.153,4.352,54.5
275.807,load:denoise,53.697,62.153,4.352,54.986
276.308,load:denoise,53.697,62.153,4.353,54.986
276.809,load:denoise,53.77,62.153,4.356,55.059
277.309,load:denoise,54.201,62.153,4.357,55.49
277.81,load:denoise,54.201,62.153,4.358,55.49
278.311,load:denoise,54.346,62.153,4.356,55.635
278.812,load:denoise,54.83,62.153,4.359,56.121
279.312,load:denoise,54.83,62.153,4.36,56.121
279.814,load:denoise,54.83,62.153,4.359,56.121
280.315,load:denoise,55.047,62.153,4.361,56.338
280.816,load:denoise,55.407,62.153,4.363,56.697
281.317,load:denoise,55.407,62.153,4.361,56.697
281.817,load:denoise,55.551,62.153,4.361,56.842
282.318,load:denoise,56.036,62.153,4.362,57.328
282.819,load:denoise,56.036,62.153,4.366,57.328
283.319,load:denoise,56.036,62.153,4.365,57.328
283.82,load:denoise,56.253,62.153,4.365,57.545
284.321,load:denoise,56.612,62.153,4.364,57.904
284.822,load:denoise,56.612,62.153,4.372,57.904
285.323,load:denoise,56.757,62.153,4.366,58.049
285.825,load:denoise,56.901,62.153,4.366,58.193
286.325,load:denoise,57.333,62.153,4.365,58.625
286.826,load:denoise,57.333,62.153,4.366,58.625
287.327,load:denoise,57.477,62.153,4.368,58.77
287.828,load:denoise,59.403,62.153,4.362,60.699
288.333,load:denoise,61.814,62.153,4.36,63.113
288.834,run:denoise:0,67.916,68.924,4.487,72.352
289.335,run:denoise:0,68.924,68.924,4.481,72.352
289.835,run:denoise:0,66.229,68.924,4.481,72.352
290.336,run:denoise:0,68.924,68.924,4.493,72.352
290.837,run:denoise:0,68.924,68.924,4.498,72.352
291.337,run:denoise:0,64.893,68.924,4.496,72.352
291.838,run:denoise:0,68.924,68.924,4.494,72.352
292.339,run:denoise:0,67.916,68.924,4.495,72.352
292.84,run:denoise:0,64.893,68.924,4.494,72.352
293.341,run:denoise:0,68.924,68.924,4.494,72.352
293.842,run:denoise:0,66.229,68.924,4.494,72.352
294.343,run:denoise:0,68.924,68.924,4.494,72.352
294.843,run:denoise:0,68.924,68.924,4.494,72.352
295.344,run:denoise:0,65.145,68.924,4.492,72.352
295.845,run:denoise:0,68.924,68.924,4.493,72.352
296.345,run:denoise:0,68.924,68.924,4.493,72.352
296.846,run:denoise:0,64.893,68.924,4.493,72.352
297.347,run:denoise:0,68.924,68.924,4.492,72.352
297.849,run:denoise:0,66.796,68.924,4.496,72.352
298.35,run:denoise:0,65.648,68.924,4.493,72.352
298.851,run:denoise:0,62.99,68.924,4.502,72.352
299.352,run:denoise:0,62.99,68.924,4.505,72.352
299.853,run:denoise:0,62.99,68.924,4.506,72.352
300.353,run:denoise:0,62.99,68.924,4.506,72.352
300.854,run:denoise:0,62.99,68.924,4.506,72.352
301.355,run:denoise:0,62.99,68.924,4.508,72.352
301.856,run:denoise:0,62.99,68.924,4.507,72.352
302.356,run:denoise:0,62.99,68.924,4.507,72.352
302.857,run:denoise:0,62.99,68.924,4.494,72.352
303.358,run:denoise:0,62.99,68.924,4.496,72.352
303.86,run:denoise:0,62.99,68.924,4.496,72.352
304.361,run:denoise:0,64.906,69.315,4.506,73.359
304.861,run:denoise:0,64.906,69.315,4.507,73.359
305.362,run:denoise:0,69.315,69.315,4.509,73.359
305.863,run:denoise:0,65.284,69.315,4.512,73.359
306.364,run:denoise:0,69.315,69.315,4.512,73.359
306.864,run:denoise:0,65.662,69.315,4.516,73.359
307.365,run:denoise:0,65.284,69.315,4.514,73.359
307.866,run:denoise:0,69.315,69.315,4.514,73.359
308.367,run:denoise:0,66.243,69.315,4.511,73.359
308.867,run:denoise:0,69.315,69.315,4.512,73.359
309.369,run:denoise:0,69.315,69.315,4.514,73.359
309.869,run:denoise:0,65.536,69.315,4.513,73.359
310.37,run:denoise:0,69.315,69.315,4.513,73.359
310.871,run:denoise:0,68.307,69.315,4.513,73.359
311.372,run:denoise:0,65.284,69.315,4.513,73.359
311.872,run:denoise:0,69.315,69.315,4.512,73.359
312.373,run:denoise:0,66.243,69.315,4.513,73.359
312.874,run:denoise:0,69.315,69.315,4.511,73.359
313.375,run:denoise:0,69.315,69.315,4.511,73.359
313.875,run:denoise:0,65.536,69.315,4.512,73.359
314.377,run:denoise:0,69.315,69.315,4.512,73.359
314.877,run:denoise:0,63.038,69.315,4.511,73.359
315.378,run:denoise:0,64.15,69.315,4.514,73.359
315.879,run:denoise:0,64.906,69.315,4.514,73.359
316.38,run:denoise:0,64.906,69.315,4.516,73.359
316.88,run:denoise:0,64.906,69.315,4.515,73.359
317.381,run:denoise:0,64.906,69.315,4.516,73.359
317.882,run:denoise:0,64.906,69.315,4.516,73.359
318.383,run:denoise:0,64.906,69.315,4.516,73.359
318.883,run:denoise:0,64.906,69.315,4.518,73.359
319.385,run:denoise:0,64.906,69.315,4.52,73.359
319.885,run:denoise:0,64.906,69.315,4.52,73.359
320.386,run:denoise:0,64.906,69.315,4.519,73.359
320.887,run:denoise:0,64.906,69.315,4.521,73.359
321.388,run:denoise:0,64.906,69.315,4.522,73.359
321.888,run:denoise:0,64.906,69.315,4.522,73.359
322.389,run:denoise:0,65.662,69.315,4.522,73.359
322.89,run:denoise:0,65.284,69.315,4.522,73.359
323.391,run:denoise:0,69.315,69.315,4.519,73.359
323.891,run:denoise:0,66.053,69.315,4.519,73.359
324.392,run:denoise:0,69.315,69.315,4.52,73.359
324.893,run:denoise:0,69.315,69.315,4.519,73.359
325.394,run:denoise:0,65.284,69.315,4.519,73.359
325.895,run:denoise:0,69.315,69.315,4.518,73.359
326.396,run:denoise:0,67.554,69.315,4.518,73.359
326.897,run:denoise:0,65.284,69.315,4.521,73.359
327.397,run:denoise:0,69.315,69.315,4.522,73.359
327.898,run:denoise:0,66.053,69.315,4.521,73.359
328.399,run:denoise:0,69.315,69.315,4.521,73.359
328.9,run:denoise:0,69.315,69.315,4.522,73.359
329.4,run:denoise:0,65.284,69.315,4.522,73.359
329.902,run:denoise:0,69.315,69.315,4.525,73.359
330.403,run:denoise:0,67.554,69.315,4.526,73.359
330.903,run:denoise:0,64.906,69.315,4.525,73.359
331.404,run:denoise:0,69.315,69.315,4.525,73.359
331.905,run:denoise:0,63.773,69.315,4.525,73.359
332.406,run:denoise:0,65.662,69.315,4.525,73.359
332.906,run:denoise:0,64.906,69.315,4.524,73.359
333.407,run:denoise:0,64.906,69.315,4.522,73.359
333.908,run:denoise:0,64.906,69.315,4.523,73.359
334.409,run:denoise:0,64.906,69.315,4.523,73.359
334.91,run:denoise:0,64.906,69.315,4.521,73.359
335.411,run:denoise:0,64.906,69.315,4.521,73.359
335.912,run:denoise:0,64.906,69.315,4.522,73.359
336.412,run:denoise:0,64.906,69.315,4.522,73.359
336.913,run:denoise:0,64.906,69.315,4.523,73.359
337.414,run:denoise:0,64.906,69.315,4.523,73.359
337.915,run:denoise:0,64.906,69.315,4.523,73.359
338.415,run:denoise:0,64.906,69.315,4.523,73.359
338.916,run:denoise:0,64.906,69.315,4.524,73.359
339.417,run:denoise:0,64.906,69.315,4.526,73.359
339.918,run:denoise:0,69.315,69.315,4.527,73.359
340.419,run:denoise:0,66.417,69.315,4.527,73.359
340.92,run:denoise:0,65.284,69.315,4.526,73.359
341.421,run:denoise:0,69.315,69.315,4.526,73.359
341.921,run:denoise:0,66.242,69.315,4.527,73.359
342.422,run:denoise:0,69.315,69.315,4.527,73.359
342.923,run:denoise:0,69.315,69.315,4.525,73.359
343.424,run:denoise:0,65.536,69.315,4.526,73.359
343.924,run:denoise:0,69.315,69.315,4.526,73.359
344.425,run:denoise:0,69.315,69.315,4.526,73.359
344.926,run:denoise:0,65.284,69.315,4.524,73.359
345.427,run:denoise:0,69.315,69.315,4.525,73.359
345.928,run:denoise:0,66.62,69.315,4.524,73.359
346.429,run:denoise:0,69.315,69.315,4.524,73.359
346.929,run:denoise:0,69.315,69.315,4.523,73.359
347.43,run:denoise:0,65.536,69.315,4.523,73.359
347.931,run:denoise:0,69.315,69.315,4.524,73.359
348.432,run:denoise:0,69.315,69.315,4.525,73.359
348.932,run:denoise:0,65.284,69.315,4.524,73.359
349.433,run:denoise:0,63.773,69.315,4.523,73.359
349.934,run:denoise:0,66.242,69.315,4.525,73.359
350.435,run:denoise:0,64.906,69.315,4.525,73.359
350.936,run:denoise:0,64.906,69.315,4.525,73.359
351.437,run:denoise:0,64.906,69.315,4.525,73.359
351.938,run:denoise:0,64.906,69.315,4.526,73.359
352.438,run:denoise:0,64.906,69.315,4.526,73.359
352.939,run:denoise:0,64.906,69.315,4.526,73.359
353.44,run:denoise:0,64.906,69.315,4.526,73.359
353.941,run:denoise:0,64.906,69.315,4.528,73.359
354.441,run:denoise:0,64.906,69.315,4.528,73.359
354.942,run:denoise:0,64.906,69.315,4.527,73.359
355.443,run:denoise:0,64.906,69.315,4.527,73.359
355.944,run:denoise:0,64.906,69.315,4.528,73.359
356.445,run:denoise:0,64.906,69.315,4.529,73.359
356.946,run:denoise:0,64.906,69.315,4.527,73.359
357.447,run:denoise:0,64.906,69.315,4.527,73.359
357.947,run:denoise:0,64.906,69.315,4.528,73.359
358.448,run:denoise:0,67.186,69.315,4.528,73.359
358.949,run:denoise:0,69.315,69.315,4.531,73.359
359.45,run:denoise:0,69.315,69.315,4.531,73.359
359.951,run:denoise:0,66.053,69.315,4.531,73.359
360.452,run:denoise:0,69.315,69.315,4.531,73.359
360.953,run:denoise:0,69.315,69.315,4.529,73.359
361.454,run:denoise:0,65.284,69.315,4.53,73.359
361.954,run:denoise:0,69.315,69.315,4.531,73.359
362.455,run:denoise:0,66.039,69.315,4.531,73.359
362.956,run:denoise:0,65.284,69.315,4.53,73.359
363.457,run:denoise:0,69.315,69.315,4.531,73.359
363.957,run:denoise:0,66.242,69.315,4.532,73.359
364.458,run:denoise:0,69.315,69.315,4.531,73.359
364.959,run:denoise:0,69.315,69.315,4.53,73.359
365.46,run:denoise:0,65.536,69.315,4.531,73.359
365.96,run:denoise:0,69.315,69.315,4.531,73.359
366.462,run:denoise:0,69.315,69.315,4.53,73.359
366.963,run:denoise:0,65.284,69.315,4.53,73.359
367.463,run:denoise:0,69.315,69.315,4.53,73.359
367.964,run:denoise:0,63.003,69.315,4.529,73.359
368.465,run:denoise:0,64.15,69.315,4.531,73.359
368.966,run:denoise:0,64.906,69.315,4.533,73.359
369.466,run:denoise:0,64.906,69.315,4.534,73.359
369.967,run:denoise:0,64.906,69.315,4.534,73.359
370.468,run:denoise:0,64.906,69.315,4.534,73.359
370.969,run:denoise:0,64.906,69.315,4.533,73.359
371.47,run:denoise:0,64.906,69.315,4.533,73.359
371.971,run:denoise:0,64.906,69.315,4.533,73.359
372.472,run:denoise:0,64.906,69.315,4.532,73.359
372.972,run:denoise:0,64.906,69.315,4.532,73.359
373.473,run:denoise:0,64.906,69.315,4.533,73.359
373.974,run:denoise:0,64.906,69.315,4.533,73.359
374.475,run:denoise:0,63.772,69.315,4.533,73.359
374.975,run:denoise:0,64.906,69.315,4.532,73.359
375.476,run:denoise:0,64.906,69.315,4.532,73.359
375.977,run:denoise:0,64.906,69.315,4.532,73.359
376.478,run:denoise:0,69.315,69.315,4.532,73.359
376.979,run:denoise:0,65.284,69.315,4.532,73.359
377.479,run:denoise:0,69.315,69.315,4.532,73.359
377.98,run:denoise:0,66.62,69.315,4.532,73.359
378.481,run:denoise:0,69.315,69.315,4.534,73.359
378.982,run:denoise:0,69.315,69.315,4.533,73.359
379.482,run:denoise:0,65.536,69.315,4.533,73.359
379.983,run:denoise:0,69.315,69.315,4.533,73.359
380.484,run:denoise:0,69.315,69.315,4.534,73.359
380.985,run:denoise:0,65.284,69.315,4.533,73.359
381.485,run:denoise:0,69.315,69.315,4.534,73.359
381.987,run:denoise:0,67.186,69.315,4.534,73.359
382.487,run:denoise:0,66.039,69.315,4.533,73.359
382.988,run:denoise:0,69.315,69.315,4.532,73.359
383.489,run:denoise:0,66.053,69.315,4.531,73.359
383.99,run:denoise:0,69.315,69.315,4.532,73.359
384.49,run:denoise:0,69.315,69.315,4.532,73.359
384.991,run:denoise:0,65.284,69.315,4.531,73.359
385.492,run:denoise:0,69.315,69.315,4.531,73.359
385.993,run:denoise:0,62.99,69.315,4.531,73.359
386.493,run:denoise:0,64.15,69.315,4.533,73.359
386.995,run:denoise:0,64.906,69.315,4.533,73.359
387.496,run:denoise:0,64.906,69.315,4.534,73.359
387.996,run:denoise:0,64.906,69.315,4.534,73.359
388.497,run:denoise:0,64.906,69.315,4.533,73.359
388.998,run:denoise:0,64.906,69.315,4.533,73.359
389.499,run:denoise:0,64.906,69.315,4.533,73.359
389.999,run:denoise:0,64.906,69.315,4.533,73.359
390.5,run:denoise:0,64.906,69.315,4.534,73.359
391.001,run:denoise:0,64.906,69.315,4.534,73.359
391.502,run:denoise:0,64.906,69.315,4.535,73.359
392.002,run:denoise:0,64.906,69.315,4.534,73.359
392.504,run:denoise:0,64.906,69.315,4.534,73.359
393.004,run:denoise:0,64.906,69.315,4.532,73.359
393.505,run:denoise:0,69.315,69.315,4.532,73.359
394.006,run:denoise:0,65.284,69.315,4.532,73.359
394.507,run:denoise:0,69.315,69.315,4.533,73.359
395.007,run:denoise:0,66.62,69.315,4.533,73.359
395.508,run:denoise:0,69.315,69.315,4.533,73.359
396.009,run:denoise:0,69.315,69.315,4.533,73.359
396.51,run:denoise:0,65.536,69.315,4.533,73.359
397.01,run:denoise:0,69.315,69.315,4.531,73.359
397.512,run:denoise:0,69.315,69.315,4.532,73.359
398.012,run:denoise:0,65.284,69.315,4.532,73.359
398.513,run:denoise:0,69.315,69.315,4.533,73.359
399.014,run:denoise:0,67.186,69.315,4.534,73.359
399.515,run:denoise:0,66.417,69.315,4.534,73.359
400.015,run:denoise:0,69.315,69.315,4.534,73.359
400.516,run:denoise:0,66.053,69.315,4.533,73.359
401.017,run:denoise:0,69.315,69.315,4.533,73.359
401.518,run:denoise:0,69.315,69.315,4.533,73.359
402.018,run:denoise:0,65.284,69.315,4.533,73.359
402.52,run:denoise:0,69.315,69.315,4.534,73.359
403.02,run:denoise:0,62.99,69.315,4.534,73.359
403.521,run:denoise:0,64.15,69.315,4.534,73.359
404.022,run:denoise:0,64.906,69.315,4.534,73.359
404.523,run:denoise:0,64.906,69.315,4.535,73.359
405.023,run:denoise:0,64.906,69.315,4.534,73.359
405.524,run:denoise:0,64.906,69.315,4.534,73.359
406.025,run:denoise:0,64.906,69.315,4.534,73.359
406.526,run:denoise:0,64.906,69.315,4.534,73.359
407.026,run:denoise:0,64.906,69.315,4.533,73.359
407.527,run:denoise:0,64.906,69.315,4.533,73.359
408.029,run:denoise:0,64.906,69.315,4.533,73.359
408.529,run:denoise:0,64.906,69.315,4.533,73.359
409.03,run:denoise:0,64.906,69.315,4.535,73.359
409.531,run:denoise:0,64.906,69.315,4.535,73.359
410.032,run:denoise:0,69.315,69.315,4.534,73.359
410.532,run:denoise:0,69.315,69.315,4.534,73.359
411.033,run:denoise:0,65.032,69.315,4.534,73.359
411.534,run:denoise:0,69.315,69.315,4.534,73.359
412.034,run:denoise:0,68.307,69.315,4.534,73.359
412.535,run:denoise:0,65.284,69.315,4.534,73.359
413.037,run:denoise:0,69.315,69.315,4.534,73.359
413.537,run:denoise:0,66.242,69.315,4.534,73.359
414.038,run:denoise:0,69.315,69.315,4.534,73.359
414.539,run:denoise:0,69.315,69.315,4.535,73.359
415.039,run:denoise:0,65.536,69.315,4.535,73.359
415.54,run:denoise:0,69.315,69.315,4.535,73.359
416.041,run:denoise:0,69.315,69.315,4.535,73.359
416.542,run:denoise:0,65.284,69.315,4.535,73.359
417.042,run:denoise:0,69.315,69.315,4.531,73.359
417.543,run:denoise:0,66.62,69.315,4.532,73.359
418.045,run:denoise:0,69.315,69.315,4.532,73.359
418.545,run:denoise:0,69.315,69.315,4.533,73.359
419.046,run:denoise:0,65.536,69.315,4.535,73.359
419.547,run:denoise:0,63.773,69.315,4.535,73.359
420.048,run:denoise:0,65.662,69.315,4.535,73.359
420.548,run:denoise:0,64.906,69.315,4.534,73.359
421.049,run:denoise:0,64.906,69.315,4.533,73.359
421.55,run:denoise:0,64.906,69.315,4.534,73.359
422.051,run:denoise:0,64.906,69.315,4.534,73.359
422.551,run:denoise:0,64.906,69.315,4.534,73.359
423.052,run:denoise:0,64.906,69.315,4.535,73.359
423.554,run:denoise:0,64.906,69.315,4.535,73.359
424.054,run:denoise:0,64.906,69.315,4.534,73.359
424.555,run:denoise:0,64.906,69.315,4.534,73.359
425.056,run:denoise:0,64.906,69.315,4.533,73.359
425.557,run:denoise:1,67.944,69.315,4.559,72.721
426.057,run:denoise:1,66.688,69.315,4.559,72.721
426.558,run:denoise:1,64.921,69.315,4.56,72.721
427.059,run:denoise:1,68.952,69.315,4.559,72.721
427.561,run:denoise:1,65.691,69.315,4.56,72.721
428.061,run:denoise:1,68.952,69.315,4.56,72.721
428.562,run:denoise:1,68.952,69.315,4.56,72.721
429.063,run:denoise:1,64.669,69.315,4.561,72.721
429.564,run:denoise:1,68.952,69.315,4.561,72.721
430.064,run:denoise:1,66.936,69.315,4.561,72.721
430.565,run:denoise:1,64.921,69.315,4.561,72.721
431.066,run:denoise:1,68.952,69.315,4.562,72.721
431.566,run:denoise:1,65.88,69.315,4.563,72.721
432.067,run:denoise:1,68.952,69.315,4.563,72.721
432.568,run:denoise:1,68.952,69.315,4.562,72.721
433.069,run:denoise:1,65.173,69.315,4.564,72.721
433.57,run:denoise:1,68.952,69.315,4.562,72.721
434.071,run:denoise:1,68.952,69.315,4.562,72.721
434.571,run:denoise:1,64.921,69.315,4.562,72.721
435.072,run:denoise:1,68.952,69.315,4.562,72.721
435.573,run:denoise:1,63.018,69.315,4.562,72.721
436.074,run:denoise:1,63.018,69.315,4.562,72.721
436.574,run:denoise:1,63.018,69.315,4.562,72.721
437.075,run:denoise:1,63.018,69.315,4.562,72.721
437.576,run:denoise:1,63.018,69.315,4.563,72.721
438.077,run:denoise:1,63.018,69.315,4.562,72.721
438.578,run:denoise:1,63.018,69.315,4.562,72.721
439.079,run:denoise:1,63.018,69.315,4.561,72.721
439.579,run:denoise:1,63.018,69.315,4.562,72.721
440.08,run:denoise:1,63.018,69.315,4.562,72.721
440.581,run:denoise:1,63.018,69.315,4.562,72.721
441.082,run:denoise:1,64.934,69.343,4.561,73.729
441.582,run:denoise:1,64.934,69.343,4.562,73.729
442.083,run:denoise:1,65.564,69.343,4.562,73.729
442.584,run:denoise:1,69.343,69.343,4.562,73.729
443.085,run:denoise:1,69.343,69.343,4.562,73.729
443.586,run:denoise:1,65.312,69.343,4.565,73.729
444.087,run:denoise:1,69.343,69.343,4.564,73.729
444.587,run:denoise:1,66.195,69.343,4.565,73.729
445.088,run:denoise:1,64.179,69.343,4.564,73.729
445.589,run:denoise:1,69.343,69.343,4.562,73.729
446.09,run:denoise:1,66.082,69.343,4.562,73.729
446.59,run:denoise:1,69.343,69.343,4.562,73.729
447.091,run:denoise:1,69.343,69.343,4.562,73.729
447.592,run:denoise:1,65.312,69.343,4.564,73.729
448.093,run:denoise:1,69.343,69.343,4.563,73.729
448.594,run:denoise:1,65.69,69.343,4.564,73.729
449.095,run:denoise:1,65.312,69.343,4.562,73.729
449.595,run:denoise:1,69.343,69.343,4.561,73.729
450.096,run:denoise:1,66.082,69.343,4.561,73.729
450.597,run:denoise:1,69.343,69.343,4.562,73.729
451.098,run:denoise:1,69.343,69.343,4.563,73.729
451.598,run:denoise:1,63.801,69.343,4.564,73.729
452.099,run:denoise:1,65.69,69.343,4.563,73.729
452.6,run:denoise:1,64.934,69.343,4.564,73.729
453.101,run:denoise:1,64.934,69.343,4.563,73.729
453.602,run:denoise:1,64.934,69.343,4.562,73.729
454.103,run:denoise:1,64.934,69.343,4.562,73.729
454.604,run:denoise:1,64.934,69.343,4.562,73.729
455.104,run:denoise:1,64.934,69.343,4.562,73.729
455.605,run:denoise:1,64.934,69.343,4.563,73.729
456.106,run:denoise:1,64.934,69.343,4.563,73.729
456.606,run:denoise:1,64.934,69.343,4.564,73.729
457.107,run:denoise:1,64.934,69.343,4.562,73.729
457.608,run:denoise:1,64.934,69.343,4.562,73.729
458.109,run:denoise:1,64.934,69.343,4.562,73.729
458.609,run:denoise:1,69.343,69.343,4.563,73.729
459.111,run:denoise:1,65.564,69.343,4.563,73.729
459.612,run:denoise:1,69.343,69.343,4.564,73.729
460.112,run:denoise:1,69.343,69.343,4.564,73.729
460.613,run:denoise:1,65.312,69.343,4.564,73.729
461.114,run:denoise:1,69.343,69.343,4.565,73.729
461.614,run:denoise:1,66.838,69.343,4.563,73.729
462.115,run:denoise:1,69.343,69.343,4.562,73.729
462.616,run:denoise:1,69.343,69.343,4.563,73.729
463.117,run:denoise:1,67.593,69.343,4.563,73.729
463.617,run:denoise:1,69.343,69.343,4.562,73.729
464.119,run:denoise:1,69.343,69.343,4.562,73.729
464.619,run:denoise:1,65.312,69.343,4.562,73.729
465.12,run:denoise:1,69.343,69.343,4.562,73.729
465.621,run:denoise:1,67.079,69.343,4.561,73.729
466.122,run:denoise:1,65.312,69.343,4.561,73.729
466.622,run:denoise:1,69.343,69.343,4.561,73.729
467.123,run:denoise:1,66.082,69.343,4.561,73.729
467.624,run:denoise:1,69.343,69.343,4.559,73.729
468.125,run:denoise:1,63.801,69.343,4.56,73.729
468.625,run:denoise:1,64.178,69.343,4.56,73.729
469.126,run:denoise:1,64.934,69.343,4.561,73.729
469.627,run:denoise:1,64.934,69.343,4.563,73.729
470.128,run:denoise:1,64.934,69.343,4.563,73.729
470.629,run:denoise:1,64.934,69.343,4.563,73.729
471.13,run:denoise:1,64.934,69.343,4.562,73.729
471.63,run:denoise:1,64.934,69.343,4.563,73.729
472.131,run:denoise:1,64.934,69.343,4.562,73.729
472.632,run:denoise:1,64.934,69.343,4.562,73.729
473.133,run:denoise:1,64.934,69.343,4.563,73.729
473.633,run:denoise:1,64.934,69.343,4.563,73.729
474.134,run:denoise:1,64.934,69.343,4.563,73.729
474.635,run:denoise:1,64.934,69.343,4.563,73.729
475.136,run:denoise:1,64.934,69.343,4.563,73.729
475.637,run:denoise:1,64.934,69.343,4.564,73.729
476.138,run:denoise:1,64.934,69.343,4.564,73.729
476.638,run:denoise:1,69.343,69.343,4.564,73.729
477.139,run:denoise:1,66.271,69.343,4.564,73.729
477.64,run:denoise:1,69.343,69.343,4.564,73.729
478.141,run:denoise:1,69.343,69.343,4.565,73.729
478.641,run:denoise:1,65.564,69.343,4.565,73.729
479.142,run:denoise:1,69.343,69.343,4.566,73.729
479.644,run:denoise:1,69.343,69.343,4.566,73.729
480.144,run:denoise:1,65.312,69.343,4.566,73.729
480.645,run:denoise:1,69.343,69.343,4.566,73.729
481.146,run:denoise:1,66.649,69.343,4.566,73.729
481.646,run:denoise:1,69.343,69.343,4.566,73.729
482.147,run:denoise:1,69.343,69.343,4.569,73.729
482.648,run:denoise:1,65.564,69.343,4.566,73.729
483.149,run:denoise:1,69.343,69.343,4.564,73.729
483.651,run:denoise:1,69.343,69.343,4.564,73.729
484.152,run:denoise:1,65.312,69.343,4.564,73.729
484.653,run:denoise:1,69.343,69.343,4.561,73.729
485.154,run:denoise:1,66.838,69.343,4.56,73.729
485.654,run:denoise:1,69.343,69.343,4.56,73.729
486.155,run:denoise:1,64.178,69.343,4.559,73.729
486.656,run:denoise:1,65.312,69.343,4.56,73.729
487.157,run:denoise:1,64.934,69.343,4.561,73.729
487.657,run:denoise:1,64.934,69.343,4.561,73.729
488.158,run:denoise:1,64.934,69.343,4.561,73.729
488.659,run:denoise:1,64.934,69.343,4.56,73.729
489.16,run:denoise:1,64.934,69.343,4.561,73.729
489.66,run:denoise:1,64.934,69.343,4.561,73.729
490.162,run:denoise:1,64.934,69.343,4.562,73.729
490.663,run:denoise:1,64.934,69.343,4.532,73.729
491.163,run:denoise:1,64.934,69.343,4.53,73.729
491.664,run:denoise:1,64.934,69.343,4.53,73.729
492.165,run:denoise:1,64.934,69.343,4.532,73.729
492.666,run:denoise:1,64.934,69.343,4.531,73.729
493.166,run:denoise:1,64.934,69.343,4.532,73.729
493.667,run:denoise:1,64.934,69.343,4.532,73.729
494.168,run:denoise:1,64.934,69.343,4.533,73.729
494.669,run:denoise:1,64.934,69.343,4.533,73.729
495.17,run:denoise:1,66.082,69.343,4.533,73.729
495.671,run:denoise:1,69.343,69.343,4.532,73.729
496.171,run:denoise:1,69.343,69.343,4.532,73.729
496.672,run:denoise:1,65.312,69.343,4.532,73.729
497.173,run:denoise:1,69.343,69.343,4.532,73.729
497.673,run:denoise:1,66.068,69.343,4.532,73.729
498.174,run:denoise:1,65.312,69.343,4.533,73.729
498.675,run:denoise:1,69.343,69.343,4.532,73.729
499.176,run:denoise:1,66.271,69.343,4.532,73.729
499.676,run:denoise:1,69.343,69.343,4.531,73.729
500.177,run:denoise:1,69.343,69.343,4.532,73.729
500.678,run:denoise:1,65.564,69.343,4.532,73.729
501.179,run:denoise:1,69.343,69.343,4.533,73.729
501.679,run:denoise:1,69.343,69.343,4.533,73.729
502.18,run:denoise:1,65.312,69.343,4.533,73.729
502.681,run:denoise:1,69.343,69.343,4.533,73.729
503.182,run:denoise:1,66.271,69.343,4.533,73.729
503.682,run:denoise:1,69.343,69.343,4.533,73.729
504.183,run:denoise:1,69.343,69.343,4.533,73.729
504.684,run:denoise:1,63.801,69.343,4.533,73.729
505.185,run:denoise:1,65.69,69.343,4.533,73.729
505.686,run:denoise:1,64.934,69.343,4.534,73.729
506.187,run:denoise:1,64.934,69.343,4.535,73.729
506.687,run:denoise:1,64.934,69.343,4.534,73.729
507.188,run:denoise:1,64.934,69.343,4.535,73.729
507.689,run:denoise:1,64.934,69.343,4.535,73.729
508.19,run:denoise:1,64.934,69.343,4.533,73.729
508.69,run:denoise:1,64.934,69.343,4.533,73.729
509.191,run:denoise:1,64.934,69.343,4.532,73.729
509.692,run:denoise:1,64.934,69.343,4.532,73.729
510.193,run:denoise:1,64.934,69.343,4.532,73.729
510.694,run:denoise:1,64.934,69.343,4.531,73.729
511.195,run:denoise:1,64.934,69.343,4.53,73.729
511.696,run:denoise:1,64.934,69.343,4.531,73.729
512.196,run:denoise:1,64.934,69.343,4.531,73.729
512.697,run:denoise:1,64.934,69.343,4.531,73.729
513.198,run:denoise:1,66.649,69.343,4.53,73.729
513.699,run:denoise:1,69.343,69.343,4.53,73.729
514.199,run:denoise:1,69.343,69.343,4.53,73.729
514.7,run:denoise:1,65.564,69.343,4.531,73.729
515.201,run:denoise:1,69.343,69.343,4.532,73.729
515.702,run:denoise:1,69.343,69.343,4.532,73.729
516.203,run:denoise:1,65.312,69.343,4.532,73.729
516.704,run:denoise:1,69.343,69.343,4.532,73.729
517.204,run:denoise:1,66.195,69.343,4.531,73.729
517.705,run:denoise:1,66.445,69.343,4.531,73.729
518.206,run:denoise:1,69.343,69.343,4.531,73.729
518.707,run:denoise:1,66.082,69.343,4.532,73.729
519.207,run:denoise:1,69.343,69.343,4.532,73.729
519.708,run:denoise:1,69.343,69.343,4.532,73.729
520.209,run:denoise:1,65.312,69.343,4.532,73.729
520.71,run:denoise:1,69.343,69.343,4.533,73.729
521.211,run:denoise:1,65.69,69.343,4.533,73.729
521.712,run:denoise:1,65.312,69.343,4.533,73.729
522.212,run:denoise:1,69.343,69.343,4.534,73.729
522.713,run:denoise:1,63.802,69.343,4.535,73.729
523.214,run:denoise:1,65.69,69.343,4.536,73.729
523.715,run:denoise:1,64.934,69.343,4.535,73.729
524.215,run:denoise:1,64.934,69.343,4.535,73.729
524.716,run:denoise:1,64.934,69.343,4.534,73.729
525.217,run:denoise:1,64.934,69.343,4.532,73.729
525.718,run:denoise:1,64.934,69.343,4.533,73.729
526.218,run:denoise:1,64.934,69.343,4.533,73.729
526.72,run:denoise:1,64.934,69.343,4.533,73.729
527.221,run:denoise:1,64.934,69.343,4.533,73.729
527.721,run:denoise:1,64.934,69.343,4.533,73.729
528.222,run:denoise:1,64.934,69.343,4.534,73.729
528.723,run:denoise:1,64.934,69.343,4.535,73.729
529.224,run:denoise:1,64.934,69.343,4.535,73.729
529.724,run:denoise:1,64.934,69.343,4.534,73.729
530.225,run:denoise:1,66.649,69.343,4.534,73.729
530.726,run:denoise:1,69.343,69.343,4.533,73.729
531.227,run:denoise:1,69.343,69.343,4.533,73.729
531.728,run:denoise:1,66.572,69.343,4.533,73.729
532.229,run:denoise:1,69.343,69.343,4.533,73.729
532.73,run:denoise:1,69.343,69.343,4.533,73.729
533.23,run:denoise:1,65.312,69.343,4.532,73.729
533.731,run:denoise:1,69.343,69.343,4.531,73.729
534.232,run:denoise:1,67.079,69.343,4.532,73.729
534.733,run:denoise:1,65.312,69.343,4.534,73.729
535.233,run:denoise:1,69.343,69.343,4.534,73.729
535.734,run:denoise:1,66.082,69.343,4.533,73.729
536.235,run:denoise:1,69.343,69.343,4.533,73.729
536.736,run:denoise:1,69.343,69.343,4.533,73.729
537.237,run:denoise:1,65.061,69.343,4.532,73.729
537.738,run:denoise:1,69.343,69.343,4.532,73.729
538.239,run:denoise:1,66.445,69.343,4.532,73.729
538.739,run:denoise:1,65.312,69.343,4.536,73.729
539.24,run:denoise:1,69.343,69.343,4.534,73.729
539.741,run:denoise:1,63.802,69.343,4.533,73.729
540.242,run:denoise:1,65.69,69.343,4.533,73.729
540.742,run:denoise:1,64.934,69.343,4.536,73.729
541.243,run:denoise:1,64.934,69.343,4.535,73.729
541.744,run:denoise:1,64.934,69.343,4.536,73.729
542.245,run:denoise:1,64.934,69.343,4.535,73.729
542.746,run:denoise:1,64.934,69.343,4.535,73.729
543.247,run:denoise:1,64.934,69.343,4.536,73.729
543.748,run:denoise:1,64.934,69.343,4.537,73.729
544.248,run:denoise:1,64.934,69.343,4.537,73.729
544.749,run:denoise:1,64.934,69.343,4.534,73.729
545.25,run:denoise:1,64.934,69.343,4.535,73.729
545.751,run:denoise:1,64.934,69.343,4.535,73.729
546.251,run:denoise:1,64.934,69.343,4.535,73.729
546.752,run:denoise:1,69.343,69.343,4.535,73.729
547.254,run:denoise:1,69.343,69.343,4.536,73.729
547.754,run:denoise:1,65.312,69.343,4.535,73.729
548.255,run:denoise:1,69.343,69.343,4.535,73.729
548.756,run:denoise:1,66.069,69.343,4.536,73.729
549.257,run:denoise:1,66.445,69.343,4.535,73.729
549.757,run:denoise:1,69.343,69.343,4.536,73.729
550.258,run:denoise:1,66.082,69.343,4.536,73.729
550.759,run:denoise:1,69.343,69.343,4.537,73.729
551.26,run:denoise:1,69.343,69.343,4.535,73.729
551.76,run:denoise:1,65.312,69.343,4.535,73.729
552.262,run:denoise:1,69.343,69.343,4.535,73.729
552.763,run:denoise:1,66.068,69.343,4.535,73.729
553.264,run:denoise:1,65.312,69.343,4.534,73.729
553.764,run:denoise:1,69.343,69.343,4.534,73.729
554.265,run:denoise:1,66.271,69.343,4.534,73.729
554.766,run:denoise:1,69.343,69.343,4.533,73.729
555.267,run:denoise:1,69.343,69.343,4.533,73.729
555.767,run:denoise:1,65.312,69.343,4.534,73.729
556.268,run:denoise:1,64.178,69.343,4.534,73.729
556.769,run:denoise:1,64.934,69.343,4.534,73.729
557.27,run:denoise:1,64.934,69.343,4.536,73.729
557.771,run:denoise:1,64.934,69.343,4.535,73.729
558.272,run:denoise:1,64.934,69.343,4.535,73.729
558.773,run:denoise:1,64.934,69.343,4.535,73.729
559.273,run:denoise:1,64.934,69.343,4.536,73.729
559.774,run:denoise:1,64.934,69.343,4.536,73.729
560.275,run:denoise:1,64.934,69.343,4.536,73.729
560.776,run:denoise:1,64.934,69.343,4.536,73.729
561.276,run:denoise:1,64.934,69.343,4.535,73.729
561.777,run:denoise:1,64.934,69.343,4.535,73.729
562.278,run:denoise:1,65.564,69.343,4.535,73.729
562.779,run:denoise:1,69.343,69.343,4.536,73.729
563.28,run:denoise:1,69.343,69.343,4.535,73.729
563.781,run:denoise:1,65.312,69.343,4.535,73.729
564.281,run:denoise:1,69.343,69.343,4.535,73.729
564.782,run:denoise:1,66.195,69.343,4.535,73.729
565.283,run:denoise:1,64.179,69.343,4.536,73.729
565.784,run:denoise:1,69.343,69.343,4.536,73.729
566.284,run:denoise:1,66.082,69.343,4.536,73.729
566.785,run:denoise:1,69.343,69.343,4.536,73.729
567.286,run:denoise:1,69.343,69.343,4.537,73.729
567.787,run:denoise:1,65.312,69.343,4.536,73.729
568.288,run:denoise:1,69.343,69.343,4.535,73.729
568.789,run:denoise:1,66.068,69.343,4.535,73.729
569.29,run:denoise:1,65.312,69.343,4.533,73.729
569.79,run:denoise:1,69.343,69.343,4.534,73.729
570.291,run:denoise:1,66.271,69.343,4.534,73.729
570.792,run:denoise:1,69.343,69.343,4.534,73.729
571.292,run:denoise:1,69.343,69.343,4.536,73.729
571.793,init,63.018,69.343,4.535,73.729
572.294,init,63.018,69.343,4.535,73.729
572.795,init,63.018,69.343,4.536,73.729
573.296,init,63.018,69.343,4.534,73.729
573.797,init,63.018,69.343,4.533,73.729
574.298,init,63.018,69.343,4.534,73.729
574.798,init,63.018,69.343,4.534,73.729
575.299,init,63.018,69.343,4.533,73.729
575.8,init,63.018,69.343,4.533,73.729
576.301,init,63.018,69.343,4.534,73.729
576.801,init,63.018,69.343,4.534,73.729
577.302,run:denoise:2,67.973,69.343,4.563,72.863
577.804,run:denoise:2,65.908,69.343,4.563,72.863
578.304,run:denoise:2,68.981,69.343,4.563,72.863
578.805,run:denoise:2,68.981,69.343,4.563,72.863
579.306,run:denoise:2,65.202,69.343,4.564,72.863
579.807,run:denoise:2,68.981,69.343,4.564,72.863
580.307,run:denoise:2,68.981,69.343,4.563,72.863
580.808,run:denoise:2,64.949,69.343,4.564,72.863
581.309,run:denoise:2,68.981,69.343,4.564,72.863
581.81,run:denoise:2,66.475,69.343,4.564,72.863
582.31,run:denoise:2,68.981,69.343,4.564,72.863
582.812,run:denoise:2,68.981,69.343,4.565,72.863
583.313,run:denoise:2,65.713,69.343,4.566,72.863
583.813,run:denoise:2,68.981,69.343,4.565,72.863
584.314,run:denoise:2,68.981,69.343,4.565,72.863
584.815,run:denoise:2,64.949,69.343,4.566,72.863
585.316,run:denoise:2,68.981,69.343,4.565,72.863
585.82,run:denoise:2,66.716,69.343,4.565,72.863
586.32,run:denoise:2,64.949,69.343,4.565,72.863
586.821,run:denoise:2,68.981,69.343,4.566,72.863
587.322,run:denoise:2,63.047,69.343,4.566,72.863
587.823,run:denoise:2,63.047,69.343,4.566,72.863
588.324,run:denoise:2,63.047,69.343,4.567,72.863
588.825,run:denoise:2,63.047,69.343,4.572,72.863
589.326,run:denoise:2,63.047,69.343,4.567,72.863
589.826,run:denoise:2,63.047,69.343,4.568,72.863
590.327,run:denoise:2,63.047,69.343,4.568,72.863
590.828,run:denoise:2,63.047,69.343,4.576,72.863
591.329,run:denoise:2,63.047,69.343,4.568,72.863
591.829,run:denoise:2,63.047,69.343,4.567,72.863
592.33,run:denoise:2,63.047,69.343,4.567,72.863
592.831,run:denoise:2,64.963,69.372,4.572,72.863
593.332,run:denoise:2,64.963,69.372,4.567,72.863
593.833,run:denoise:2,64.963,69.372,4.566,72.863
594.334,run:denoise:2,69.372,69.372,4.566,72.863
594.835,run:denoise:2,66.096,69.372,4.569,72.863
595.335,run:denoise:2,65.341,69.372,4.564,72.863
595.836,run:denoise:2,69.372,69.372,4.566,72.863
596.337,run:denoise:2,66.3,69.372,4.566,72.863
596.838,run:denoise:2,69.372,69.372,4.566,72.863
597.338,run:denoise:2,69.372,69.372,4.566,72.863
597.839,run:denoise:2,65.593,69.372,4.567,72.863
598.341,run:denoise:2,69.372,69.372,4.567,72.863
598.841,run:denoise:2,69.372,69.372,4.568,72.863
599.342,run:denoise:2,65.341,69.372,4.568,72.863
599.843,run:denoise:2,69.372,69.372,4.567,72.863
600.344,run:denoise:2,66.677,69.372,4.568,72.863
600.844,run:denoise:2,69.372,69.372,4.567,72.863
601.345,run:denoise:2,69.372,69.372,4.567,72.863
601.846,run:denoise:2,65.593,69.372,4.565,72.863
602.347,run:denoise:2,69.372,69.372,4.566,72.863
602.847,run:denoise:2,69.372,69.372,4.564,72.863
603.348,run:denoise:2,64.963,69.372,4.565,72.863
603.849,run:denoise:2,64.207,69.372,4.566,72.863
604.35,run:denoise:2,64.963,69.372,4.566,72.863
604.85,run:denoise:2,64.963,69.372,4.566,72.863
605.351,run:denoise:2,64.963,69.372,4.567,72.863
605.852,run:denoise:2,64.963,69.372,4.566,72.863
606.352,run:denoise:2,64.963,69.372,4.566,72.863
606.853,run:denoise:2,64.963,69.372,4.565,72.863
607.354,run:denoise:2,64.963,69.372,4.565,72.863
607.855,run:denoise:2,64.963,69.372,4.567,72.863
608.356,run:denoise:2,64.963,69.372,4.566,72.863
608.857,run:denoise:2,64.963,69.372,4.566,72.863
609.358,run:denoise:2,64.963,69.372,4.566,72.863
609.858,run:denoise:2,64.963,69.372,4.567,72.863
610.359,run:denoise:2,64.963,69.372,4.564,72.863
610.86,run:denoise:2,64.963,69.372,4.56,72.863
611.361,run:denoise:2,69.372,69.372,4.557,72.863
611.861,run:denoise:2,66.866,69.372,4.557,72.863
612.362,run:denoise:2,69.372,69.372,4.558,72.863
612.863,run:denoise:2,69.372,69.372,4.557,72.863
613.364,run:denoise:2,66.104,69.372,4.557,72.863
613.865,run:denoise:2,69.372,69.372,4.556,72.863
614.366,run:denoise:2,69.372,69.372,4.557,72.863
614.867,run:denoise:2,65.341,69.372,4.556,72.863
615.368,run:denoise:2,69.372,69.372,4.557,72.863
615.868,run:denoise:2,65.719,69.372,4.558,72.863
616.369,run:denoise:2,65.341,69.372,4.558,72.863
616.87,run:denoise:2,69.372,69.372,4.557,72.863
617.371,run:denoise:2,66.111,69.372,4.557,72.863
617.871,run:denoise:2,69.372,69.372,4.557,72.863
618.372,run:denoise:2,69.372,69.372,4.557,72.863
618.873,run:denoise:2,65.719,69.372,4.558,72.863
619.373,run:denoise:2,69.372,69.372,4.558,72.863
619.874,run:denoise:2,65.719,69.372,4.558,72.863
620.375,run:denoise:2,64.963,69.372,4.558,72.863
620.876,run:denoise:2,64.207,69.372,4.557,72.863
621.376,run:denoise:2,64.963,69.372,4.558,72.863
621.877,run:denoise:2,64.963,69.372,4.558,72.863
622.378,run:denoise:2,64.963,69.372,4.558,72.863
622.879,run:denoise:2,64.963,69.372,4.556,72.863
623.38,run:denoise:2,64.963,69.372,4.556,72.863
623.881,run:denoise:2,64.963,69.372,4.556,72.863
624.382,run:denoise:2,64.963,69.372,4.558,72.863
624.883,run:denoise:2,64.963,69.372,4.557,72.863
625.384,run:denoise:2,64.963,69.372,4.557,72.863
625.885,run:denoise:2,64.963,69.372,4.557,72.863
626.385,run:denoise:2,64.963,69.372,4.558,72.863
626.886,run:denoise:2,64.963,69.372,4.556,72.863
627.387,run:denoise:2,64.963,69.372,4.557,72.863
627.888,run:denoise:2,64.963,69.372,4.557,72.863
628.388,run:denoise:2,64.963,69.372,4.558,72.863
628.889,run:denoise:2,64.963,69.372,4.558,72.863
629.391,run:denoise:2,69.372,69.372,4.558,72.863
629.891,run:denoise:2,69.372,69.372,4.559,72.863
630.392,run:denoise:2,65.341,69.372,4.558,72.863
630.893,run:denoise:2,69.372,69.372,4.558,72.863
631.393,run:denoise:2,66.677,69.372,4.558,72.863
631.894,run:denoise:2,69.372,69.372,4.558,72.863
632.395,run:denoise:2,69.372,69.372,4.559,72.863
632.896,run:denoise:2,65.593,69.372,4.558,72.863
633.396,run:denoise:2,69.372,69.372,4.558,72.863
633.897,run:denoise:2,69.372,69.372,4.558,72.863
634.398,run:denoise:2,65.341,69.372,4.558,72.863
634.899,run:denoise:2,69.372,69.372,4.558,72.863
635.4,run:denoise:2,66.677,69.372,4.558,72.863
635.901,run:denoise:2,69.372,69.372,4.558,72.863
636.402,run:denoise:2,69.372,69.372,4.558,72.863
636.902,run:denoise:2,66.609,69.372,4.558,72.863
637.403,run:denoise:2,69.372,69.372,4.558,72.863
637.904,run:denoise:2,69.372,69.372,4.558,72.863
638.405,run:denoise:2,64.963,69.372,4.559,72.863
638.905,run:denoise:2,64.207,69.372,4.559,72.863
639.406,run:denoise:2,64.963,69.372,4.559,72.863
639.908,run:denoise:2,64.963,69.372,4.559,72.863
640.408,run:denoise:2,64.963,69.372,4.561,72.863
640.909,run:denoise:2,64.963,69.372,4.56,72.863
641.41,run:denoise:2,64.963,69.372,4.56,72.863
641.911,run:denoise:2,64.963,69.372,4.561,72.863
642.411,run:denoise:2,64.963,69.372,4.56,72.863
642.912,run:denoise:2,64.963,69.372,4.558,72.863
643.413,run:denoise:2,64.963,69.372,4.558,72.863
643.914,run:denoise:2,64.963,69.372,4.558,72.863
644.414,run:denoise:2,64.963,69.372,4.559,72.863
644.915,run:denoise:2,64.963,69.372,4.558,72.863
645.416,run:denoise:2,64.963,69.372,4.568,72.863
645.917,run:denoise:2,64.963,69.372,4.567,72.863
646.417,run:denoise:2,64.963,69.372,4.568,72.863
646.918,run:denoise:2,63.83,69.372,4.566,72.863
647.419,run:denoise:2,69.372,69.372,4.567,72.863
647.92,run:denoise:2,69.372,69.372,4.567,72.863
648.42,run:denoise:2,65.341,69.372,4.569,72.863
648.921,run:denoise:2,69.372,69.372,4.568,72.863
649.422,run:denoise:2,66.677,69.372,4.568,72.863
649.923,run:denoise:2,69.372,69.372,4.569,72.863
650.424,run:denoise:2,69.372,69.372,4.57,72.863
650.925,run:denoise:2,67.37,69.372,4.571,72.863
651.426,run:denoise:2,69.372,69.372,4.571,72.863
651.926,run:denoise:2,69.372,69.372,4.57,72.863
652.427,run:denoise:2,65.341,69.372,4.57,72.863
652.928,run:denoise:2,69.372,69.372,4.57,72.863
653.429,run:denoise:2,65.719,69.372,4.57,72.863
653.929,run:denoise:2,65.341,69.372,4.57,72.863
654.43,run:denoise:2,69.372,69.372,4.57,72.863
654.931,run:denoise:2,66.111,69.372,4.57,72.863
655.432,run:denoise:2,69.372,69.372,4.57,72.863
655.933,run:denoise:2,69.372,69.372,4.57,72.863
656.434,run:denoise:2,65.341,69.372,4.57,72.863
656.935,run:denoise:2,63.83,69.372,4.569,72.863
657.435,run:denoise:2,66.866,69.372,4.57,72.863
657.936,run:denoise:2,64.963,69.372,4.57,72.863
658.437,run:denoise:2,64.963,69.372,4.571,72.863
658.938,run:denoise:2,64.963,69.372,4.571,72.863
659.438,run:denoise:2,64.963,69.372,4.572,72.863
659.939,run:denoise:2,64.963,69.372,4.571,72.863
660.441,run:denoise:2,64.963,69.372,4.571,72.863
660.941,run:denoise:2,64.963,69.372,4.572,72.863
661.442,run:denoise:2,64.963,69.372,4.572,72.863
661.943,run:denoise:2,64.963,69.372,4.572,72.863
662.444,run:denoise:2,64.963,69.372,4.571,72.863
662.944,run:denoise:2,64.963,69.372,4.571,72.863
663.445,run:denoise:2,64.963,69.372,4.571,72.863
663.946,run:denoise:2,63.831,69.372,4.572,72.863
664.447,run:denoise:2,64.963,69.372,4.572,72.863
664.947,run:denoise:2,66.677,69.372,4.571,72.863
665.448,run:denoise:2,69.372,69.372,4.569,72.863
665.95,run:denoise:2,69.372,69.372,4.569,72.863
666.45,run:denoise:2,66.111,69.372,4.57,72.863
666.951,run:denoise:2,69.372,69.372,4.569,72.863
667.452,run:denoise:2,69.372,69.372,4.57,72.863
667.953,run:denoise:2,65.341,69.372,4.57,72.863
668.453,run:denoise:2,69.372,69.372,4.57,72.863
668.954,run:denoise:2,65.719,69.372,4.572,72.863
669.455,run:denoise:2,65.341,69.372,4.574,72.863
669.956,run:denoise:2,69.372,69.372,4.574,72.863
670.456,run:denoise:2,66.111,69.372,4.574,72.863
670.958,run:denoise:2,69.372,69.372,4.575,72.863
671.459,run:denoise:2,69.372,69.372,4.575,72.863
671.959,run:denoise:2,65.593,69.372,4.575,72.863
672.46,run:denoise:2,69.372,69.372,4.575,72.863
672.961,run:denoise:2,68.364,69.372,4.574,72.863
673.462,run:denoise:2,65.341,69.372,4.574,72.863
673.962,run:denoise:2,69.372,69.372,4.573,72.863
674.463,run:denoise:2,63.06,69.372,4.573,72.863
674.964,run:denoise:2,64.207,69.372,4.573,72.863
675.465,run:denoise:2,64.963,69.372,4.574,72.863
675.965,run:denoise:2,64.963,69.372,4.574,72.863
676.467,run:denoise:2,64.963,69.372,4.572,72.863
676.968,run:denoise:2,64.963,69.372,4.571,72.863
677.469,run:denoise:2,64.963,69.372,4.572,72.863
677.969,run:denoise:2,64.963,69.372,4.572,72.863
678.47,run:denoise:2,64.963,69.372,4.573,72.863
678.971,run:denoise:2,64.963,69.372,4.573,72.863
679.472,run:denoise:2,64.963,69.372,4.573,72.863
679.972,run:denoise:2,64.963,69.372,4.572,72.863
680.473,run:denoise:2,64.963,69.372,4.572,72.863
680.974,run:denoise:2,66.096,69.372,4.572,72.863
681.475,run:denoise:2,64.963,69.372,4.573,72.863
681.976,run:denoise:2,67.244,69.372,4.573,72.863
682.477,run:denoise:2,66.474,69.372,4.573,72.863
682.977,run:denoise:2,69.372,69.372,4.573,72.863
683.478,run:denoise:2,66.111,69.372,4.573,72.863
683.979,run:denoise:2,69.372,69.372,4.573,72.863
684.48,run:denoise:2,69.372,69.372,4.574,72.863
684.98,run:denoise:2,65.719,69.372,4.573,72.863
685.481,run:denoise:2,69.372,69.372,4.573,72.863
685.982,run:denoise:2,66.096,69.372,4.573,72.863
686.483,run:denoise:2,65.341,69.372,4.573,72.863
686.984,run:denoise:2,69.372,69.372,4.574,72.863
687.485,run:denoise:2,66.3,69.372,4.575,72.863
687.986,run:denoise:2,69.372,69.372,4.575,72.863
688.486,run:denoise:2,69.372,69.372,4.575,72.863
688.987,run:denoise:2,65.593,69.372,4.573,72.863
689.488,run:denoise:2,69.372,69.372,4.573,72.863
689.989,run:denoise:2,69.372,69.372,4.573,72.863
690.489,run:denoise:2,65.341,69.372,4.573,72.863
690.99,run:denoise:2,69.372,69.372,4.575,72.863
691.491,run:denoise:2,63.06,69.372,4.575,72.863
691.992,run:denoise:2,64.207,69.372,4.573,72.863
692.493,run:denoise:2,64.963,69.372,4.573,72.863
692.994,run:denoise:2,64.963,69.372,4.577,72.863
693.494,run:denoise:2,64.963,69.372,4.577,72.863
693.995,run:denoise:2,64.963,69.372,4.576,72.863
694.496,run:denoise:2,64.963,69.372,4.576,72.863
694.997,run:denoise:2,64.963,69.372,4.576,72.863
695.497,run:denoise:2,64.963,69.372,4.574,72.863
695.998,run:denoise:2,64.963,69.372,4.574,72.863
696.499,run:denoise:2,64.963,69.372,4.574,72.863
697.0,run:denoise:2,64.963,69.372,4.573,72.863
697.501,run:denoise:2,64.963,69.372,4.573,72.863
698.002,run:denoise:2,67.612,69.372,4.573,72.863
698.503,run:denoise:2,69.372,69.372,4.573,72.863
699.003,run:denoise:2,69.372,69.372,4.573,72.863
699.504,run:denoise:2,65.593,69.372,4.574,72.863
700.005,run:denoise:2,69.372,69.372,4.575,72.863
700.506,run:denoise:2,69.372,69.372,4.575,72.863
701.006,run:denoise:2,65.341,69.372,4.575,72.863
701.507,run:denoise:2,69.372,69.372,4.575,72.863
702.008,run:denoise:2,66.677,69.372,4.575,72.863
702.509,run:denoise:2,69.372,69.372,4.575,72.863
703.009,run:denoise:2,69.372,69.372,4.574,72.863
703.51,run:denoise:2,65.593,69.372,4.575,72.863
704.011,run:denoise:2,69.372,69.372,4.576,72.863
704.512,run:denoise:2,69.372,69.372,4.576,72.863
705.012,run:denoise:2,65.341,69.372,4.575,72.863
705.513,run:denoise:2,69.372,69.372,4.575,72.863
706.014,run:denoise:2,66.677,69.372,4.575,72.863
706.515,run:denoise:2,69.372,69.372,4.574,72.863
707.015,run:denoise:2,69.372,69.372,4.572,72.863
707.517,run:denoise:2,65.34,69.372,4.574,72.863
708.018,run:denoise:2,64.207,69.372,4.575,72.863
708.518,run:denoise:2,64.963,69.372,4.576,72.863
709.019,run:denoise:2,64.963,69.372,4.575,72.863
709.52,run:denoise:2,64.963,69.372,4.577,72.863
710.021,run:denoise:2,64.963,69.372,4.577,72.863
710.521,run:denoise:2,64.963,69.372,4.577,72.863
711.022,run:denoise:2,64.963,69.372,4.576,72.863
711.523,run:denoise:2,64.963,69.372,4.577,72.863
712.024,run:denoise:2,64.963,69.372,4.578,72.863
712.525,run:denoise:2,64.963,69.372,4.578,72.863
713.028,run:denoise:2,64.963,69.372,4.579,72.863
713.528,run:denoise:2,64.963,69.372,4.578,72.863
714.029,run:denoise:2,66.111,69.372,4.577,72.863
714.53,run:denoise:2,69.372,69.372,4.576,72.863
715.031,run:denoise:2,69.372,69.372,4.575,72.863
715.531,run:denoise:2,65.089,69.372,4.576,72.863
716.032,run:denoise:2,69.372,69.372,4.575,72.863
716.533,run:denoise:2,69.372,69.372,4.575,72.863
717.034,run:denoise:2,65.341,69.372,4.575,72.863
717.534,run:denoise:2,69.372,69.372,4.576,72.863
718.036,run:denoise:2,66.3,69.372,4.575,72.863
718.537,run:denoise:2,69.372,69.372,4.575,72.863
719.037,run:denoise:2,69.372,69.372,4.576,72.863
719.538,run:denoise:2,65.593,69.372,4.577,72.863
720.039,run:denoise:2,69.372,69.372,4.576,72.863
720.54,run:denoise:2,69.372,69.372,4.576,72.863
721.04,run:denoise:2,65.341,69.372,4.576,72.863
721.541,run:denoise:2,69.372,69.372,4.577,72.863
722.042,run:denoise:2,66.677,69.372,4.577,72.863
722.543,run:denoise:2,69.372,69.372,4.577,72.863
723.044,run:denoise:2,69.372,69.372,4.576,72.863
723.545,init,63.047,69.372,4.577,72.863
724.046,init,63.047,69.372,4.576,72.863
724.546,init,63.047,69.372,4.577,72.863
725.047,init,63.047,69.372,4.576,72.863
725.548,init,63.047,69.372,4.575,72.863
726.049,init,63.047,69.372,4.576,72.863
726.549,init,63.047,69.372,4.575,72.863
727.05,init,63.047,69.372,4.575,72.863
727.551,init,63.047,69.372,4.575,72.863
728.052,init,63.047,69.372,4.573,72.863
728.553,init,63.047,69.372,4.574,72.863
729.054,run:denoise:3,68.001,69.372,4.601,72.627
729.555,run:denoise:3,66.503,69.372,4.604,72.627
730.055,run:denoise:3,69.009,69.372,4.604,72.627
730.556,run:denoise:3,69.009,69.372,4.604,72.627
731.057,run:denoise:3,65.748,69.372,4.604,72.627
731.558,run:denoise:3,69.009,69.372,4.604,72.627
732.058,run:denoise:3,69.009,69.372,4.604,72.627
732.56,run:denoise:3,64.978,69.372,4.604,72.627
733.06,run:denoise:3,69.009,69.372,4.602,72.627
733.561,run:denoise:3,66.994,69.372,4.603,72.627
734.062,run:denoise:3,64.978,69.372,4.602,72.627
734.563,run:denoise:3,69.009,69.372,4.602,72.627
735.063,run:denoise:3,65.937,69.372,4.604,72.627
735.564,run:denoise:3,69.009,69.372,4.603,72.627
736.065,run:denoise:3,69.009,69.372,4.604,72.627
736.566,run:denoise:3,65.23,69.372,4.604,72.627
737.066,run:denoise:3,69.009,69.372,4.604,72.627
737.568,run:denoise:3,69.009,69.372,4.604,72.627
738.069,run:denoise:3,64.978,69.372,4.603,72.627
738.57,run:denoise:3,69.009,69.372,4.603,72.627
739.07,run:denoise:3,63.075,69.372,4.602,72.627
739.571,run:denoise:3,63.075,69.372,4.603,72.627
740.072,run:denoise:3,63.075,69.372,4.605,72.627
740.573,run:denoise:3,63.075,69.372,4.605,72.627
741.073,run:denoise:3,63.075,69.372,4.605,72.627
741.574,run:denoise:3,63.075,69.372,4.605,72.627
742.075,run:denoise:3,63.075,69.372,4.604,72.627
742.576,run:denoise:3,63.075,69.372,4.604,72.627
743.077,run:denoise:3,63.075,69.372,4.604,72.627
743.578,run:denoise:3,63.075,69.372,4.604,72.627
744.078,run:denoise:3,63.075,69.372,4.605,72.627
744.579,run:denoise:3,64.991,69.401,4.605,72.627
745.08,run:denoise:3,64.991,69.401,4.603,72.627
745.581,run:denoise:3,64.991,69.401,4.604,72.627
746.081,run:denoise:3,69.401,69.401,4.604,72.627
746.582,run:denoise:3,69.401,69.401,4.604,72.627
747.083,run:denoise:3,65.369,69.401,4.604,72.627
747.584,run:denoise:3,69.401,69.401,4.605,72.627
748.085,run:denoise:3,66.705,69.401,4.605,72.627
748.586,run:denoise:3,69.401,69.401,4.606,72.627
749.087,run:denoise:3,69.401,69.401,4.606,72.627
749.587,run:denoise:3,66.132,69.401,4.605,72.627
750.088,run:denoise:3,69.401,69.401,4.605,72.627
750.589,run:denoise:3,69.401,69.401,4.605,72.627
751.09,run:denoise:3,65.369,69.401,4.606,72.627
751.59,run:denoise:3,69.401,69.401,4.606,72.627
752.091,run:denoise:3,65.369,69.401,4.606,72.627
752.592,run:denoise:3,65.369,69.401,4.606,72.627
753.093,run:denoise:3,69.401,69.401,4.606,72.627
753.594,run:denoise:3,66.139,69.401,4.606,72.627
754.095,run:denoise:3,69.401,69.401,4.606,72.627
754.595,run:denoise:3,69.401,69.401,4.606,72.627
755.096,run:denoise:3,65.369,69.401,4.605,72.627
755.597,run:denoise:3,64.235,69.401,4.605,72.627
756.097,run:denoise:3,64.991,69.401,4.607,72.627
756.598,run:denoise:3,64.991,69.401,4.607,72.627
757.099,run:denoise:3,64.991,69.401,4.605,72.627
757.6,run:denoise:3,64.991,69.401,4.605,72.627
758.1,run:denoise:3,64.991,69.401,4.605,72.627
758.602,run:denoise:3,64.991,69.401,4.605,72.627
759.103,run:denoise:3,64.991,69.401,4.604,72.627
759.603,run:denoise:3,64.991,69.401,4.605,72.627
760.104,run:denoise:3,64.991,69.401,4.604,72.627
760.605,run:denoise:3,64.991,69.401,4.604,72.627
761.106,run:denoise:3,64.991,69.401,4.604,72.627
761.606,run:denoise:3,64.991,69.401,4.604,72.627
762.107,run:denoise:3,64.991,69.401,4.605,72.627
762.608,run:denoise:3,66.139,69.401,4.605,72.627
763.109,run:denoise:3,69.401,69.401,4.607,72.627
763.61,run:denoise:3,69.401,69.401,4.607,72.627
764.111,run:denoise:3,65.369,69.401,4.608,72.627
764.611,run:denoise:3,69.401,69.401,4.607,72.627
765.112,run:denoise:3,66.503,69.401,4.606,72.627
765.613,run:denoise:3,65.369,69.401,4.606,72.627
766.113,run:denoise:3,69.401,69.401,4.607,72.627
766.614,run:denoise:3,66.327,69.401,4.607,72.627
767.115,run:denoise:3,69.401,69.401,4.606,72.627
767.616,run:denoise:3,69.401,69.401,4.605,72.627
768.116,run:denoise:3,65.622,69.401,4.607,72.627
768.617,run:denoise:3,69.401,69.401,4.607,72.627
769.118,run:denoise:3,69.401,69.401,4.606,72.627
769.619,run:denoise:3,65.369,69.401,4.606,72.627
770.119,run:denoise:3,69.401,69.401,4.606,72.627
770.62,run:denoise:3,66.705,69.401,4.606,72.627
771.121,run:denoise:3,69.401,69.401,4.606,72.627
771.622,run:denoise:3,69.401,69.401,4.606,72.627
772.122,run:denoise:3,63.858,69.401,4.606,72.627
772.623,run:denoise:3,65.747,69.401,4.605,72.627
773.124,run:denoise:3,64.991,69.401,4.607,72.627
773.625,run:denoise:3,64.991,69.401,4.606,72.627
774.126,run:denoise:3,64.991,69.401,4.606,72.627
774.627,run:denoise:3,64.991,69.401,4.607,72.627
775.127,run:denoise:3,64.991,69.401,4.607,72.627
775.628,run:denoise:3,64.991,69.401,4.607,72.627
776.129,run:denoise:3,64.991,69.401,4.606,72.627
776.63,run:denoise:3,64.991,69.401,4.606,72.627
777.13,run:denoise:3,64.991,69.401,4.606,72.627
777.631,run:denoise:3,64.991,69.401,4.606,72.627
778.132,run:denoise:3,64.991,69.401,4.606,72.627
778.633,run:denoise:3,64.991,69.401,4.607,72.627
779.134,run:denoise:3,64.991,69.401,4.611,72.627
779.635,run:denoise:3,64.991,69.401,4.611,72.627
780.136,run:denoise:3,69.401,69.401,4.612,72.627
780.636,run:denoise:3,66.503,69.401,4.611,72.627
781.137,run:denoise:3,65.369,69.401,4.61,72.627
781.638,run:denoise:3,69.401,69.401,4.609,72.627
782.139,run:denoise:3,66.327,69.401,4.609,72.627
782.639,run:denoise:3,69.401,69.401,4.609,72.627
783.14,run:denoise:3,69.401,69.401,4.609,72.627
783.641,run:denoise:3,65.622,69.401,4.609,72.627
784.142,run:denoise:3,69.401,69.401,4.61,72.627
784.643,run:denoise:3,69.401,69.401,4.61,72.627
785.144,run:denoise:3,65.369,69.401,4.609,72.627
785.645,run:denoise:3,69.401,69.401,4.609,72.627
786.145,run:denoise:3,66.894,69.401,4.609,72.627
786.646,run:denoise:3,69.401,69.401,4.609,72.627
787.147,run:denoise:3,69.401,69.401,4.608,72.627
787.648,run:denoise:3,66.132,69.401,4.608,72.627
788.148,run:denoise:3,69.401,69.401,4.608,72.627
788.649,run:denoise:3,69.401,69.401,4.608,72.627
789.15,run:denoise:3,65.369,69.401,4.61,72.627
789.651,run:denoise:3,63.858,69.401,4.609,72.627
790.152,run:denoise:3,66.139,69.401,4.609,72.627
790.653,run:denoise:3,64.991,69.401,4.609,72.627
791.154,run:denoise:3,64.991,69.401,4.609,72.627
791.654,run:denoise:3,64.991,69.401,4.609,72.627
792.155,run:denoise:3,64.991,69.401,4.609,72.627
792.656,run:denoise:3,64.991,69.401,4.61,72.627
793.157,run:denoise:3,64.991,69.401,4.609,72.627
793.657,run:denoise:3,64.991,69.401,4.61,72.627
794.158,run:denoise:3,64.991,69.401,4.61,72.627
794.659,run:denoise:3,64.991,69.401,4.61,72.627
795.16,run:denoise:3,64.991,69.401,4.611,72.627
795.661,run:denoise:3,64.991,69.401,4.611,72.627
796.162,run:denoise:3,64.991,69.401,4.611,72.627
796.662,run:denoise:3,64.627,69.401,4.611,72.627
797.163,run:denoise:3,64.991,69.401,4.611,72.627
797.664,run:denoise:3,64.991,69.401,4.611,72.627
798.165,run:denoise:3,64.991,69.401,4.611,72.627
798.665,run:denoise:3,69.401,69.401,4.611,72.627
799.166,run:denoise:3,65.369,69.401,4.611,72.627
799.667,run:denoise:3,69.401,69.401,4.61,72.627
800.168,run:denoise:3,65.747,69.401,4.61,72.627
800.669,run:denoise:3,65.369,69.401,4.611,72.627
801.17,run:denoise:3,69.401,69.401,4.61,72.627
801.671,run:denoise:3,66.327,69.401,4.611,72.627
802.171,run:denoise:3,69.401,69.401,4.611,72.627
802.672,run:denoise:3,69.401,69.401,4.61,72.627
803.173,run:denoise:3,65.622,69.401,4.61,72.627
803.674,run:denoise:3,69.401,69.401,4.61,72.627
804.174,run:denoise:3,69.401,69.401,4.61,72.627
804.675,run:denoise:3,65.369,69.401,4.61,72.627
805.176,run:denoise:3,69.401,69.401,4.609,72.627
805.677,run:denoise:3,66.327,69.401,4.609,72.627
806.178,run:denoise:3,69.401,69.401,4.609,72.627
806.679,run:denoise:3,69.401,69.401,4.61,72.627
807.179,run:denoise:3,65.622,69.401,4.61,72.627
807.68,run:denoise:3,69.401,69.401,4.61,72.627
808.181,run:denoise:3,64.235,69.401,4.61,72.627
808.682,run:denoise:3,66.755,69.401,4.61,72.627
809.182,run:denoise:3,64.991,69.401,4.609,72.627
809.683,run:denoise:3,64.991,69.401,4.609,72.627
810.184,run:denoise:3,64.991,69.401,4.61,72.627
810.685,run:denoise:3,64.991,69.401,4.61,72.627
811.186,run:denoise:3,64.991,69.401,4.61,72.627
811.687,run:denoise:3,64.991,69.401,4.609,72.627
812.187,run:denoise:3,64.991,69.401,4.61,72.627
812.688,run:denoise:3,64.991,69.401,4.609,72.627
813.189,run:denoise:3,64.991,69.401,4.609,72.627
813.69,run:denoise:3,64.991,69.401,4.609,72.627
814.19,run:denoise:3,64.991,69.401,4.609,72.627
814.691,run:denoise:3,64.991,69.401,4.611,72.627
815.192,run:denoise:3,64.991,69.401,4.611,72.627
815.693,run:denoise:3,64.991,69.401,4.609,72.627
816.194,run:denoise:3,64.991,69.401,4.609,72.627
816.695,run:denoise:3,69.401,69.401,4.609,72.627
817.195,run:denoise:3,66.139,69.401,4.607,72.627
817.696,run:denoise:3,69.401,69.401,4.607,72.627
818.197,run:denoise:3,69.401,69.401,4.606,72.627
818.701,run:denoise:3,65.747,69.401,4.607,72.627
819.201,run:denoise:3,69.401,69.401,4.607,72.627
819.702,run:denoise:3,69.401,69.401,4.608,72.627
820.203,run:denoise:3,65.369,69.401,4.609,72.627
820.704,run:denoise:3,69.401,69.401,4.609,72.627
821.205,run:denoise:3,66.327,69.401,4.609,72.627
821.706,run:denoise:3,69.401,69.401,4.609,72.627
822.207,run:denoise:3,69.401,69.401,4.609,72.627
822.707,run:denoise:3,65.622,69.401,4.609,72.627
823.208,run:denoise:3,69.401,69.401,4.61,72.627
823.709,run:denoise:3,69.401,69.401,4.609,72.627
824.209,run:denoise:3,65.369,69.401,4.609,72.627
824.71,run:denoise:3,69.401,69.401,4.609,72.627
825.211,run:denoise:3,66.705,69.401,4.609,72.627
825.712,run:denoise:3,69.401,69.401,4.609,72.627
826.212,run:denoise:3,64.235,69.401,4.609,72.627
826.713,run:denoise:3,65.369,69.401,4.609,72.627
827.214,run:denoise:3,64.991,69.401,4.607,72.627
827.715,run:denoise:3,64.991,69.401,4.608,72.627
828.215,run:denoise:3,64.991,69.401,4.61,72.627
828.716,run:denoise:3,64.991,69.401,4.61,72.627
829.217,run:denoise:3,64.991,69.401,4.61,72.627
829.718,run:denoise:3,64.991,69.401,4.611,72.627
830.218,run:denoise:3,64.991,69.401,4.611,72.627
830.719,run:denoise:3,64.991,69.401,4.608,72.627
831.221,run:denoise:3,64.991,69.401,4.608,72.627
831.721,run:denoise:3,64.991,69.401,4.608,72.627
832.222,run:denoise:3,64.991,69.401,4.608,72.627
832.723,run:denoise:3,64.991,69.401,4.608,72.627
833.223,run:denoise:3,64.991,69.401,4.607,72.627
833.724,run:denoise:3,69.401,69.401,4.608,72.627
834.225,run:denoise:3,66.705,69.401,4.608,72.627
834.726,run:denoise:3,69.401,69.401,4.607,72.627
835.226,run:denoise:3,69.401,69.401,4.607,72.627
835.727,run:denoise:3,65.622,69.401,4.607,72.627
836.228,run:denoise:3,69.401,69.401,4.607,72.627
836.729,run:denoise:3,69.401,69.401,4.607,72.627
837.23,run:denoise:3,65.369,69.401,4.609,72.627
837.731,run:denoise:3,69.401,69.401,4.609,72.627
838.232,run:denoise:3,67.133,69.401,4.609,72.627
838.732,run:denoise:3,64.992,69.401,4.609,72.627
839.233,run:denoise:3,69.401,69.401,4.609,72.627
839.734,run:denoise:3,66.139,69.401,4.609,72.627
840.235,run:denoise:3,69.401,69.401,4.609,72.627
840.735,run:denoise:3,69.401,69.401,4.609,72.627
841.236,run:denoise:3,65.747,69.401,4.609,72.627
841.737,run:denoise:3,69.401,69.401,4.609,72.627
842.238,run:denoise:3,66.125,69.401,4.608,72.627
842.738,run:denoise:3,64.991,69.401,4.607,72.627
843.239,run:denoise:3,64.235,69.401,4.607,72.627
843.74,run:denoise:3,64.991,69.401,4.607,72.627
844.241,run:denoise:3,64.991,69.401,4.607,72.627
844.741,run:denoise:3,64.991,69.401,4.607,72.627
845.242,run:denoise:3,64.991,69.401,4.605,72.627
845.743,run:denoise:3,64.991,69.401,4.604,72.627
846.244,run:denoise:3,64.991,69.401,4.604,72.627
846.745,run:denoise:3,64.991,69.401,4.604,72.627
847.246,run:denoise:3,64.991,69.401,4.604,72.627
847.747,run:denoise:3,64.991,69.401,4.604,72.627
848.248,run:denoise:3,64.991,69.401,4.604,72.627
848.748,run:denoise:3,64.991,69.401,4.604,72.627
849.249,run:denoise:3,64.991,69.401,4.605,72.627
849.75,run:denoise:3,69.401,69.401,4.606,72.627
850.251,run:denoise:3,66.139,69.401,4.606,72.627
850.751,run:denoise:3,69.401,69.401,4.585,72.627
851.252,run:denoise:3,69.401,69.401,4.583,72.627
851.753,run:denoise:3,65.369,69.401,4.584,72.627
852.254,run:denoise:3,69.401,69.401,4.585,72.627
852.755,run:denoise:3,68.393,69.401,4.584,72.627
853.256,run:denoise:3,65.369,69.401,4.584,72.627
853.756,run:denoise:3,69.401,69.401,4.585,72.627
854.257,run:denoise:3,66.327,69.401,4.585,72.627
854.758,run:denoise:3,69.401,69.401,4.586,72.627
855.259,run:denoise:3,69.401,69.401,4.585,72.627
855.76,run:denoise:3,65.622,69.401,4.586,72.627
856.26,run:denoise:3,69.401,69.401,4.586,72.627
856.761,run:denoise:3,69.401,69.401,4.587,72.627
857.262,run:denoise:3,65.369,69.401,4.587,72.627
857.763,run:denoise:3,69.401,69.401,4.587,72.627
858.264,run:denoise:3,66.705,69.401,4.587,72.627
858.765,run:denoise:3,69.401,69.401,4.587,72.627
859.265,run:denoise:3,63.858,69.401,4.586,72.627
859.766,run:denoise:3,64.236,69.401,4.585,72.627
860.267,run:denoise:3,64.991,69.401,4.587,72.627
860.768,run:denoise:3,64.991,69.401,4.587,72.627
861.268,run:denoise:3,64.991,69.401,4.588,72.627
861.769,run:denoise:3,64.991,69.401,4.587,72.627
862.271,run:denoise:3,64.991,69.401,4.587,72.627
862.771,run:denoise:3,64.991,69.401,4.587,72.627
863.272,run:denoise:3,64.991,69.401,4.586,72.627
863.773,run:denoise:3,64.991,69.401,4.587,72.627
864.274,run:denoise:3,64.991,69.401,4.585,72.627
864.774,run:denoise:3,64.991,69.401,4.585,72.627
865.275,run:denoise:3,64.991,69.401,4.585,72.627
865.776,run:denoise:3,69.401,69.401,4.585,72.627
866.277,run:denoise:3,66.327,69.401,4.587,72.627
866.777,run:denoise:3,69.401,69.401,4.586,72.627
867.278,run:denoise:3,69.401,69.401,4.587,72.627
867.78,run:denoise:3,65.622,69.401,4.586,72.627
868.28,run:denoise:3,69.401,69.401,4.586,72.627
868.781,run:denoise:3,69.401,69.401,4.586,72.627
869.282,run:denoise:3,65.369,69.401,4.586,72.627
869.782,run:denoise:3,69.401,69.401,4.587,72.627
870.283,run:denoise:3,66.894,69.401,4.587,72.627
870.784,run:denoise:3,69.401,69.401,4.587,72.627
871.285,run:denoise:3,69.401,69.401,4.587,72.627
871.785,run:denoise:3,66.139,69.401,4.587,72.627
872.286,run:denoise:3,69.401,69.401,4.586,72.627
872.787,run:denoise:3,69.401,69.401,4.586,72.627
873.288,run:denoise:3,65.369,69.401,4.587,72.627
873.789,run:denoise:3,69.401,69.401,4.587,72.627
874.29,run:denoise:3,65.747,69.401,4.587,72.627
874.79,run:denoise:3,64.991,69.401,4.587,72.627
875.291,init,63.075,69.401,4.587,72.627
875.792,init,63.075,69.401,4.587,72.627
876.293,init,63.075,69.401,4.588,72.627
876.793,init,63.075,69.401,4.587,72.627
877.294,init,63.075,69.401,4.587,72.627
877.796,init,63.075,69.401,4.587,72.627
878.296,init,63.075,69.401,4.587,72.627
878.797,init,63.075,69.401,4.587,72.627
879.298,init,63.075,69.401,4.588,72.627
879.799,init,63.075,69.401,4.588,72.627
880.299,init,63.075,69.401,4.588,72.627
880.8,run:denoise:4,64.755,69.401,4.611,72.77
881.301,run:denoise:4,69.037,69.401,4.61,72.77
881.802,run:denoise:4,69.037,69.401,4.612,72.77
882.303,run:denoise:4,65.006,69.401,4.612,72.77
882.804,run:denoise:4,69.037,69.401,4.612,72.77
883.304,run:denoise:4,66.532,69.401,4.61,72.77
883.805,run:denoise:4,69.037,69.401,4.61,72.77
884.306,run:denoise:4,69.037,69.401,4.612,72.77
884.807,run:denoise:4,65.777,69.401,4.611,72.77
885.307,run:denoise:4,69.037,69.401,4.611,72.77
885.808,run:denoise:4,69.037,69.401,4.611,72.77
886.309,run:denoise:4,65.006,69.401,4.61,72.77
886.81,run:denoise:4,69.037,69.401,4.61,72.77
887.31,run:denoise:4,65.384,69.401,4.611,72.77
887.811,run:denoise:4,65.006,69.401,4.61,72.77
888.312,run:denoise:4,69.037,69.401,4.612,72.77
888.813,run:denoise:4,65.966,69.401,4.613,72.77
889.313,run:denoise:4,69.037,69.401,4.611,72.77
889.814,run:denoise:4,69.037,69.401,4.611,72.77
890.315,run:denoise:4,65.384,69.401,4.611,72.77
890.816,run:denoise:4,63.104,69.401,4.612,72.77
891.316,run:denoise:4,63.104,69.401,4.613,72.77
891.817,run:denoise:4,63.104,69.401,4.611,72.77
892.318,run:denoise:4,63.104,69.401,4.61,72.77
892.819,run:denoise:4,63.104,69.401,4.612,72.77
893.32,run:denoise:4,63.104,69.401,4.61,72.77
893.821,run:denoise:4,63.104,69.401,4.61,72.77
894.322,run:denoise:4,63.104,69.401,4.61,72.77
894.822,run:denoise:4,63.104,69.401,4.612,72.77
895.323,run:denoise:4,63.104,69.401,4.611,72.77
895.824,run:denoise:4,63.104,69.401,4.611,72.77
896.325,run:denoise:4,65.02,69.428,4.612,72.77
896.825,run:denoise:4,65.02,69.428,4.617,72.77
897.326,run:denoise:4,69.428,69.428,4.611,72.77
897.827,run:denoise:4,67.164,69.428,4.611,72.77
898.328,run:denoise:4,65.398,69.428,4.61,72.77
898.829,run:denoise:4,69.428,69.428,4.617,72.77
899.33,run:denoise:4,66.167,69.428,4.611,72.77
899.831,run:denoise:4,69.428,69.428,4.611,72.77
900.331,run:denoise:4,69.428,69.428,4.612,72.77
900.832,run:denoise:4,65.65,69.428,4.615,72.77
901.333,run:denoise:4,69.428,69.428,4.609,72.77
901.833,run:denoise:4,69.428,69.428,4.609,72.77
902.334,run:denoise:4,65.398,69.428,4.609,72.77
902.835,run:denoise:4,69.428,69.428,4.614,72.77
903.336,run:denoise:4,66.356,69.428,4.609,72.77
903.837,run:denoise:4,69.428,69.428,4.608,72.77
904.338,run:denoise:4,69.428,69.428,4.61,72.77
904.839,run:denoise:4,65.65,69.428,4.61,72.77
905.339,run:denoise:4,69.428,69.428,4.611,72.77
905.84,run:denoise:4,69.428,69.428,4.612,72.77
906.341,run:denoise:4,65.02,69.428,4.613,72.77
906.842,run:denoise:4,64.264,69.428,4.614,72.77
907.342,run:denoise:4,65.02,69.428,4.614,72.77
907.843,run:denoise:4,65.02,69.428,4.614,72.77
908.344,run:denoise:4,65.02,69.428,4.615,72.77
908.845,run:denoise:4,65.02,69.428,4.614,72.77
909.346,run:denoise:4,65.02,69.428,4.614,72.77
909.847,run:denoise:4,65.02,69.428,4.615,72.77
910.347,run:denoise:4,65.02,69.428,4.614,72.77
910.848,run:denoise:4,65.02,69.428,4.614,72.77
911.349,run:denoise:4,65.02,69.428,4.614,72.77
911.85,run:denoise:4,65.02,69.428,4.614,72.77
912.35,run:denoise:4,65.02,69.428,4.614,72.77
912.851,run:denoise:4,65.02,69.428,4.612,72.77
913.352,run:denoise:4,65.02,69.428,4.613,72.77
913.853,run:denoise:4,65.65,69.428,4.612,72.77
914.353,run:denoise:4,69.428,69.428,4.613,72.77
914.854,run:denoise:4,69.428,69.428,4.612,72.77
915.355,run:denoise:4,65.398,69.428,4.614,72.77
915.856,run:denoise:4,69.428,69.428,4.615,72.77
916.356,run:denoise:4,66.734,69.428,4.614,72.77
916.857,run:denoise:4,69.428,69.428,4.615,72.77
917.358,run:denoise:4,69.428,69.428,4.615,72.77
917.859,run:denoise:4,66.666,69.428,4.615,72.77
918.359,run:denoise:4,69.428,69.428,4.617,72.77
918.861,run:denoise:4,69.428,69.428,4.614,72.77
919.361,run:denoise:4,65.398,69.428,4.615,72.77
919.862,run:denoise:4,69.428,69.428,4.615,72.77
920.363,run:denoise:4,67.669,69.428,4.615,72.77
920.864,run:denoise:4,65.398,69.428,4.615,72.77
921.364,run:denoise:4,69.428,69.428,4.615,72.77
921.865,run:denoise:4,66.167,69.428,4.616,72.77
922.366,run:denoise:4,69.428,69.428,4.616,72.77
922.867,run:denoise:4,69.428,69.428,4.614,72.77
923.367,run:denoise:4,63.886,69.428,4.614,72.77
923.869,run:denoise:4,65.776,69.428,4.615,72.77
924.37,run:denoise:4,65.02,69.428,4.613,72.77
924.87,run:denoise:4,65.02,69.428,4.612,72.77
925.371,run:denoise:4,65.02,69.428,4.613,72.77
925.872,run:denoise:4,65.02,69.428,4.612,72.77
926.373,run:denoise:4,65.02,69.428,4.613,72.77
926.873,run:denoise:4,65.02,69.428,4.612,72.77
927.374,run:denoise:4,65.02,69.428,4.612,72.77
927.875,run:denoise:4,65.02,69.428,4.613,72.77
928.376,run:denoise:4,65.02,69.428,4.613,72.77
928.876,run:denoise:4,65.02,69.428,4.613,72.77
929.378,run:denoise:4,65.02,69.428,4.613,72.77
929.879,run:denoise:4,65.02,69.428,4.614,72.77
930.379,run:denoise:4,65.02,69.428,4.614,72.77
930.88,run:denoise:4,65.02,69.428,4.615,72.77
931.381,run:denoise:4,69.428,69.428,4.615,72.77
931.882,run:denoise:4,67.301,69.428,4.615,72.77
932.382,run:denoise:4,66.154,69.428,4.615,72.77
932.883,run:denoise:4,69.428,69.428,4.615,72.77
933.384,run:denoise:4,66.168,69.428,4.615,72.77
933.885,run:denoise:4,69.428,69.428,4.615,72.77
934.386,run:denoise:4,69.428,69.428,4.615,72.77
934.887,run:denoise:4,65.398,69.428,4.614,72.77
935.387,run:denoise:4,69.428,69.428,4.619,72.77
935.888,run:denoise:4,66.531,69.428,4.619,72.77
936.389,run:denoise:4,65.398,69.428,4.613,72.77
936.89,run:denoise:4,69.428,69.428,4.613,72.77
937.39,run:denoise:4,66.357,69.428,4.612,72.77
937.891,run:denoise:4,69.428,69.428,4.613,72.77
938.392,run:denoise:4,69.428,69.428,4.613,72.77
938.893,run:denoise:4,65.65,69.428,4.614,72.77
939.394,run:denoise:4,69.428,69.428,4.614,72.77
939.895,run:denoise:4,69.428,69.428,4.615,72.77
940.395,run:denoise:4,65.398,69.428,4.615,72.77
940.896,run:denoise:4,63.887,69.428,4.615,72.77
941.397,run:denoise:4,66.356,69.428,4.615,72.77
941.898,run:denoise:4,65.02,69.428,4.616,72.77
942.398,run:denoise:4,65.02,69.428,4.616,72.77
942.899,run:denoise:4,65.02,69.428,4.613,72.77
943.4,run:denoise:4,65.02,69.428,4.613,72.77
943.901,run:denoise:4,65.02,69.428,4.614,72.77
944.402,run:denoise:4,65.02,69.428,4.613,72.77
944.903,run:denoise:4,65.02,69.428,4.613,72.77
945.404,run:denoise:4,65.02,69.428,4.612,72.77
945.904,run:denoise:4,65.02,69.428,4.612,72.77
946.405,run:denoise:4,65.02,69.428,4.611,72.77
946.906,run:denoise:4,65.02,69.428,4.613,72.77
947.407,run:denoise:4,65.02,69.428,4.613,72.77
947.908,run:denoise:4,65.02,69.428,4.614,72.77
948.408,run:denoise:4,65.02,69.428,4.615,72.77
948.909,run:denoise:4,65.02,69.428,4.614,72.77
949.41,run:denoise:4,65.02,69.428,4.614,72.77
949.911,run:denoise:4,67.164,69.428,4.615,72.77
950.412,run:denoise:4,65.398,69.428,4.615,72.77
950.913,run:denoise:4,69.428,69.428,4.614,72.77
951.413,run:denoise:4,66.168,69.428,4.613,72.77
951.914,run:denoise:4,69.428,69.428,4.613,72.77
952.415,run:denoise:4,69.428,69.428,4.614,72.77
952.916,run:denoise:4,65.65,69.428,4.615,72.77
953.416,run:denoise:4,69.428,69.428,4.615,72.77
953.917,run:denoise:4,69.428,69.428,4.615,72.77
954.418,run:denoise:4,65.398,69.428,4.615,72.77
954.923,run:denoise:4,69.428,69.428,4.613,72.77
955.424,run:denoise:4,66.734,69.428,4.613,72.77
955.924,run:denoise:4,69.428,69.428,4.613,72.77
956.425,run:denoise:4,69.428,69.428,4.613,72.77
956.926,run:denoise:4,65.65,69.428,4.612,72.77
957.427,run:denoise:4,69.428,69.428,4.612,72.77
957.927,run:denoise:4,69.428,69.428,4.612,72.77
958.428,run:denoise:4,65.398,69.428,4.612,72.77
958.929,run:denoise:4,69.428,69.428,4.613,72.77
959.43,run:denoise:4,63.104,69.428,4.614,72.77
959.93,run:denoise:4,64.264,69.428,4.614,72.77
960.432,run:denoise:4,65.02,69.428,4.614,72.77
960.933,run:denoise:4,65.02,69.428,4.615,72.77
961.433,run:denoise:4,65.02,69.428,4.615,72.77
961.934,run:denoise:4,65.02,69.428,4.615,72.77
962.435,run:denoise:4,65.02,69.428,4.615,72.77
962.936,run:denoise:4,65.02,69.428,4.615,72.77
963.436,run:denoise:4,65.02,69.428,4.615,72.77
963.937,run:denoise:4,65.02,69.428,4.615,72.77
964.438,run:denoise:4,65.02,69.428,4.615,72.77
964.939,run:denoise:4,65.02,69.428,4.615,72.77
965.44,run:denoise:4,65.02,69.428,4.615,72.77
965.941,run:denoise:4,65.02,69.428,4.614,72.77
966.441,run:denoise:4,65.02,69.428,4.615,72.77
966.942,run:denoise:4,65.02,69.428,4.615,72.77
967.443,run:denoise:4,65.02,69.428,4.617,72.77
967.944,run:denoise:4,69.428,69.428,4.616,72.77
968.444,run:denoise:4,65.65,69.428,4.615,72.77
968.945,run:denoise:4,69.428,69.428,4.615,72.77
969.446,run:denoise:4,69.428,69.428,4.616,72.77
969.947,run:denoise:4,65.398,69.428,4.616,72.77
970.448,run:denoise:4,69.428,69.428,4.613,72.77
970.949,run:denoise:4,66.734,69.428,4.613,72.77
971.45,run:denoise:4,69.428,69.428,4.612,72.77
971.95,run:denoise:4,69.428,69.428,4.612,72.77
972.451,run:denoise:4,67.301,69.428,4.611,72.77
972.952,run:denoise:4,69.428,69.428,4.609,72.77
973.453,run:denoise:4,69.428,69.428,4.61,72.77
973.953,run:denoise:4,65.398,69.428,4.61,72.77
974.454,run:denoise:4,69.428,69.428,4.61,72.77
974.955,run:denoise:4,65.776,69.428,4.611,72.77
975.456,run:denoise:4,65.398,69.428,4.612,72.77
975.957,run:denoise:4,69.428,69.428,4.611,72.77
976.458,run:denoise:4,66.357,69.428,4.611,72.77
976.958,run:denoise:4,69.428,69.428,4.61,72.77
977.459,run:denoise:4,63.887,69.428,4.611,72.77
977.96,run:denoise:4,64.264,69.428,4.611,72.77
978.461,run:denoise:4,65.02,69.428,4.612,72.77
978.961,run:denoise:4,65.02,69.428,4.613,72.77
979.462,run:denoise:4,65.02,69.428,4.613,72.77
979.963,run:denoise:4,65.02,69.428,4.613,72.77
980.464,run:denoise:4,65.02,69.428,4.613,72.77
980.965,run:denoise:4,65.02,69.428,4.612,72.77
981.466,run:denoise:4,65.02,69.428,4.613,72.77
981.967,run:denoise:4,65.02,69.428,4.613,72.77
982.467,run:denoise:4,65.02,69.428,4.613,72.77
982.968,run:denoise:4,65.02,69.428,4.613,72.77
983.469,run:denoise:4,65.02,69.428,4.615,72.77
983.97,run:denoise:4,65.02,69.428,4.615,72.77
984.47,run:denoise:4,65.02,69.428,4.614,72.77
984.971,run:denoise:4,69.428,69.428,4.614,72.77
985.472,run:denoise:4,66.167,69.428,4.614,72.77
985.973,run:denoise:4,69.428,69.428,4.623,72.77
986.474,run:denoise:4,69.428,69.428,4.623,72.77
986.975,run:denoise:4,65.65,69.428,4.623,72.77
987.476,run:denoise:4,69.428,69.428,4.624,72.77
987.976,run:denoise:4,69.428,69.428,4.624,72.77
988.477,run:denoise:4,65.398,69.428,4.624,72.77
988.978,run:denoise:4,69.428,69.428,4.623,72.77
989.479,run:denoise:4,66.734,69.428,4.624,72.77
989.979,run:denoise:4,69.428,69.428,4.624,72.77
990.48,run:denoise:4,69.428,69.428,4.624,72.77
990.981,run:denoise:4,65.65,69.428,4.624,72.77
991.482,run:denoise:4,69.428,69.428,4.624,72.77
991.983,run:denoise:4,69.428,69.428,4.624,72.77
992.484,run:denoise:4,65.398,69.428,4.624,72.77
992.984,run:denoise:4,69.428,69.428,4.623,72.77
993.485,run:denoise:4,67.162,69.428,4.623,72.77
993.986,run:denoise:4,64.265,69.428,4.624,72.77
994.487,run:denoise:4,63.887,69.428,4.624,72.77
994.987,run:denoise:4,66.161,69.428,4.623,72.77
995.488,run:denoise:4,65.02,69.428,4.624,72.77
995.989,run:denoise:4,65.02,69.428,4.624,72.77
996.49,run:denoise:4,65.02,69.428,4.624,72.77
996.991,run:denoise:4,65.02,69.428,4.623,72.77
997.492,run:denoise:4,65.02,69.428,4.623,72.77
997.993,run:denoise:4,65.02,69.428,4.622,72.77
998.493,run:denoise:4,65.02,69.428,4.623,72.77
998.994,run:denoise:4,65.02,69.428,4.622,72.77
999.495,run:denoise:4,65.02,69.428,4.623,72.77
999.996,run:denoise:4,65.02,69.428,4.621,72.77
1000.496,run:denoise:4,65.02,69.428,4.621,72.77
1000.997,run:denoise:4,65.02,69.428,4.622,72.77
1001.498,run:denoise:4,65.65,69.428,4.623,72.77
1001.999,run:denoise:4,69.428,69.428,4.624,72.77
1002.5,run:denoise:4,69.428,69.428,4.624,72.77
1003.001,run:denoise:4,65.398,69.428,4.624,72.77
1003.501,run:denoise:4,69.428,69.428,4.624,72.77
1004.002,run:denoise:4,67.669,69.428,4.624,72.77
1004.503,run:denoise:4,65.398,69.428,4.623,72.77
1005.004,run:denoise:4,69.428,69.428,4.623,72.77
1005.504,run:denoise:4,66.167,69.428,4.623,72.77
1006.005,run:denoise:4,69.428,69.428,4.623,72.77
1006.506,run:denoise:4,69.428,69.428,4.623,72.77
1007.007,run:denoise:4,65.65,69.428,4.623,72.77
1007.508,run:denoise:4,69.428,69.428,4.623,72.77
1008.009,run:denoise:4,69.428,69.428,4.623,72.77
1008.51,run:denoise:4,65.398,69.428,4.624,72.77
1009.01,run:denoise:4,69.428,69.428,4.623,72.77
1009.511,run:denoise:4,66.734,69.428,4.623,72.77
1010.012,run:denoise:4,69.428,69.428,4.623,72.77
1010.512,run:denoise:4,69.428,69.428,4.624,72.77
1011.013,run:denoise:4,63.887,69.428,4.623,72.77
1011.514,run:denoise:4,65.776,69.428,4.623,72.77
1012.015,run:denoise:4,65.02,69.428,4.623,72.77
1012.516,run:denoise:4,65.02,69.428,4.623,72.77
1013.017,run:denoise:4,65.02,69.428,4.623,72.77
1013.518,run:denoise:4,65.02,69.428,4.623,72.77
1014.018,run:denoise:4,65.02,69.428,4.624,72.77
1014.519,run:denoise:4,65.02,69.428,4.624,72.77
1015.02,run:denoise:4,65.02,69.428,4.623,72.77
1015.521,run:denoise:4,65.02,69.428,4.622,72.77
1016.022,run:denoise:4,65.02,69.428,4.623,72.77
1016.522,run:denoise:4,65.02,69.428,4.624,72.77
1017.023,run:denoise:4,69.428,69.428,4.623,72.77
1017.524,run:denoise:4,66.357,69.428,4.623,72.77
1018.025,run:denoise:4,69.428,69.428,4.623,72.77
1018.526,run:denoise:4,69.428,69.428,4.624,72.77
1019.027,run:denoise:4,65.65,69.428,4.627,72.77
1019.527,run:denoise:4,69.428,69.428,4.627,72.77
1020.028,run:denoise:4,69.428,69.428,4.629,72.77
1020.529,run:denoise:4,65.398,69.428,4.629,72.77
1021.03,run:denoise:4,69.428,69.428,4.629,72.77
1021.53,run:denoise:4,66.923,69.428,4.629,72.77
1022.031,run:denoise:4,69.428,69.428,4.63,72.77
1022.533,run:denoise:4,69.428,69.428,4.63,72.77
1023.033,run:denoise:4,66.168,69.428,4.63,72.77
1023.534,run:denoise:4,69.428,69.428,4.63,72.77
1024.035,run:denoise:4,69.428,69.428,4.626,72.77
1024.535,run:denoise:4,65.398,69.428,4.627,72.77
1025.036,run:denoise:4,69.428,69.428,4.627,72.77
1025.537,run:denoise:4,66.154,69.428,4.627,72.77
1026.038,run:denoise:4,65.398,69.428,4.629,72.77
1026.538,init,63.104,69.428,4.629,72.77
1027.039,init,63.104,69.428,4.628,72.77
1027.541,init,63.104,69.428,4.629,72.77
1028.041,init,63.104,69.428,4.63,72.77
1028.542,init,63.104,69.428,4.63,72.77
1029.043,init,63.104,69.428,4.629,72.77
1029.544,init,63.104,69.428,4.629,72.77
1030.044,init,63.104,69.428,4.627,72.77
1030.545,init,63.104,69.428,4.627,72.77
1031.046,init,63.104,69.428,4.628,72.77
1031.547,init,63.104,69.428,4.628,72.77
1032.195,free:denoise,63.09,69.428,4.64,65.092
1032.695,load:decode,0.926,69.428,4.64,33.168
1033.196,load:decode,1.989,69.428,4.642,33.168
1033.9,load:decode,4.865,69.428,4.639,33.168
1034.4,load:decode,8.117,69.428,4.647,33.168
1034.902,load:decode,9.854,69.428,4.637,33.168
1035.402,run:decode:0,10.445,69.428,4.703,33.184
1035.903,run:decode:0,15.046,69.428,4.797,33.186
1036.404,run:decode:0,15.128,69.428,4.797,33.186
1036.905,run:decode:0,15.232,69.428,4.796,33.186
1037.405,run:decode:0,15.251,69.428,4.796,33.186
1037.906,run:decode:0,15.24,69.428,4.797,33.186
1038.407,run:decode:0,15.3,69.428,4.8,33.186
1038.907,run:decode:0,15.345,69.428,4.799,33.186
1039.408,run:decode:0,15.406,69.428,4.799,33.186
1039.909,run:decode:0,15.489,69.428,4.799,33.186
1040.41,run:decode:0,15.561,69.428,4.799,33.186
1040.911,run:decode:0,15.623,69.428,4.798,33.186
1041.411,run:decode:0,15.655,69.428,4.798,33.186
1041.912,run:decode:0,15.534,69.428,4.798,33.186
1042.413,run:decode:0,15.639,69.428,4.799,33.186
1042.914,run:decode:0,15.671,69.428,4.798,33.186
1043.414,run:decode:0,15.772,69.428,4.798,33.186
1043.915,run:decode:0,15.83,69.428,4.798,33.186
1044.416,run:decode:0,15.68,69.428,4.8,33.186
1044.917,run:decode:0,15.785,69.428,4.798,33.186
1045.417,run:decode:0,15.86,69.428,4.8,33.186
1045.918,run:decode:0,15.92,69.428,4.798,33.186
1046.419,run:decode:0,15.772,69.428,4.797,33.186
1046.92,run:decode:0,15.83,69.428,4.796,33.186
1047.42,run:decode:0,15.908,69.428,4.796,33.186
1047.921,run:decode:0,16.018,69.428,4.797,33.186
1048.422,run:decode:0,15.866,69.428,4.798,33.186
1048.922,run:decode:0,15.924,69.428,4.796,33.186
1049.423,run:decode:0,16.021,69.428,4.796,33.186
1049.924,run:decode:0,16.044,69.428,4.797,33.186
1050.425,run:decode:0,11.875,69.428,4.997,33.186
1050.926,run:decode:0,11.875,69.428,5.992,33.186
1051.426,run:decode:0,11.875,69.428,6.679,33.186
1051.927,run:decode:0,11.875,69.428,7.446,33.186
1052.428,run:decode:0,11.875,69.428,8.091,33.186
1052.929,run:decode:0,11.875,69.428,8.731,33.186
1053.429,run:decode:0,11.875,69.428,6.615,33.186
1053.931,run:decode:0,11.875,69.428,6.831,33.186
1054.431,run:decode:0,11.875,69.428,7.055,33.186
1054.932,encode_mp4:0,10.676,69.428,5.683,33.199
1055.433,encode_mp4:0,10.676,69.428,5.907,33.199
1055.934,encode_mp4:0,10.676,69.428,6.204,33.199
1056.438,encode_mp4:0,10.676,69.428,6.284,33.199
1056.941,encode_mp4:0,10.676,69.428,6.286,33.199
1057.442,encode_mp4:0,10.676,69.428,5.797,33.199
1057.943,encode_mp4:0,10.676,69.428,6.295,33.199
1058.451,encode_mp4:0,10.676,69.428,6.324,33.199
1058.951,run:decode:1,15.284,69.428,5.439,33.199
1059.452,run:decode:1,15.332,69.428,5.44,33.199
1059.954,run:decode:1,15.437,69.428,5.441,33.199
1060.454,run:decode:1,15.469,69.428,5.441,33.199
1060.955,run:decode:1,15.405,69.428,5.444,33.199
1061.456,run:decode:1,15.504,69.428,5.444,33.199
1061.956,run:decode:1,15.535,69.428,5.444,33.199
1062.457,run:decode:1,15.646,69.428,5.444,33.199
1062.958,run:decode:1,15.647,69.428,5.444,33.199
1063.459,run:decode:1,15.746,69.428,5.444,33.199
1063.96,run:decode:1,15.808,69.428,5.443,33.199
1064.46,run:decode:1,15.885,69.428,5.443,33.199
1064.962,run:decode:1,15.988,69.428,5.445,33.199
1065.463,run:decode:1,15.841,69.428,5.445,33.199
1065.963,run:decode:1,15.875,69.428,5.444,33.199
1066.464,run:decode:1,15.94,69.428,5.442,33.199
1066.965,run:decode:1,16.041,69.428,5.443,33.199
1067.466,run:decode:1,15.891,69.428,5.443,33.199
1067.966,run:decode:1,15.963,69.428,5.443,33.199
1068.467,run:decode:1,16.024,69.428,5.445,33.199
1068.968,run:decode:1,16.089,69.428,5.443,33.199
1069.469,run:decode:1,15.976,69.428,5.443,33.199
1069.969,run:decode:1,16.047,69.428,5.442,33.199
1070.47,run:decode:1,16.105,69.428,5.442,33.199
1070.971,run:decode:1,16.181,69.428,5.443,33.199
1071.472,run:decode:1,16.056,69.428,5.444,33.199
1071.972,run:decode:1,16.128,69.428,5.443,33.199
1072.473,run:decode:1,16.23,69.428,5.443,33.199
1072.974,run:decode:1,16.255,69.428,5.441,33.199
1073.475,run:decode:1,12.089,69.428,5.512,33.199
1073.975,run:decode:1,12.089,69.428,6.513,33.199
1074.476,run:decode:1,12.089,69.428,8.23,33.199
1074.977,run:decode:1,12.089,69.428,9.581,33.199
1075.478,run:decode:1,12.089,69.428,7.221,33.199
1075.979,run:decode:1,12.089,69.428,7.223,33.199
1076.48,encode_mp4:1,10.648,69.428,5.441,33.199
1076.981,encode_mp4:1,10.648,69.428,5.957,33.199
1077.482,encode_mp4:1,10.648,69.428,6.263,33.199
1077.983,encode_mp4:1,10.648,69.428,6.278,33.199
1078.484,encode_mp4:1,10.648,69.428,6.282,33.199
1078.985,encode_mp4:1,10.648,69.428,6.297,33.199
1079.486,run:decode:2,10.618,69.428,5.425,33.197
1079.986,run:decode:2,15.273,69.428,5.424,33.197
1080.488,run:decode:2,15.375,69.428,5.425,33.197
1080.989,run:decode:2,15.381,69.428,5.428,33.197
1081.489,run:decode:2,15.446,69.428,5.428,33.197
1081.99,run:decode:2,15.434,69.428,5.428,33.197
1082.491,run:decode:2,15.468,69.428,5.427,33.197
1082.992,run:decode:2,15.567,69.428,5.427,33.197
1083.492,run:decode:2,15.598,69.428,5.427,33.197
1083.993,run:decode:2,15.652,69.428,5.427,33.197
1084.494,run:decode:2,15.742,69.428,5.427,33.197
1084.995,run:decode:2,15.822,69.428,5.426,33.197
1085.496,run:decode:2,15.88,69.428,5.426,33.197
1085.997,run:decode:2,15.761,69.428,5.426,33.197
1086.498,run:decode:2,15.806,69.428,5.429,33.197
1086.998,run:decode:2,15.866,69.428,5.429,33.197
1087.499,run:decode:2,15.976,69.428,5.43,33.197
1088.0,run:decode:2,15.858,69.428,5.428,33.197
1088.501,run:decode:2,15.919,69.428,5.428,33.197
1089.002,run:decode:2,15.947,69.428,5.43,33.197
1089.503,run:decode:2,16.026,69.428,5.429,33.197
1090.003,run:decode:2,16.074,69.428,5.428,33.197
1090.505,run:decode:2,16.007,69.428,5.429,33.197
1091.006,run:decode:2,16.035,69.428,5.424,33.197
1091.507,run:decode:2,16.151,69.428,5.426,33.197
1092.008,run:decode:2,16.185,69.428,5.426,33.197
1092.508,run:decode:2,16.059,69.428,5.426,33.197
1093.009,run:decode:2,16.106,69.428,5.425,33.197
1093.51,run:decode:2,16.231,69.428,5.424,33.197
1094.011,run:decode:2,16.303,69.428,5.425,33.197
1094.512,run:decode:2,12.061,69.428,5.853,33.197
1095.012,run:decode:2,12.061,69.428,6.828,33.197
1095.513,run:decode:2,12.061,69.428,8.859,33.197
1096.014,run:decode:2,12.061,69.428,7.215,33.197
1096.515,run:decode:2,12.061,69.428,7.215,33.197
1097.016,run:decode:2,12.061,69.428,6.547,33.197
1097.517,encode_mp4:2,10.62,69.428,5.781,33.197
1098.018,encode_mp4:2,10.62,69.428,6.148,33.197
1098.519,encode_mp4:2,10.62,69.428,6.258,33.197
1099.02,encode_mp4:2,10.62,69.428,6.263,33.197
1099.522,encode_mp4:2,10.62,69.428,6.277,33.197
1100.023,run:decode:3,15.236,69.428,5.413,33.195
1100.524,run:decode:3,15.264,69.428,5.413,33.195
1101.025,run:decode:3,15.366,69.428,5.412,33.195
1101.526,run:decode:3,15.387,69.428,5.414,33.195
1102.026,run:decode:3,15.351,69.428,5.414,33.195
1102.527,run:decode:3,15.429,69.428,5.415,33.195
1103.028,run:decode:3,15.504,69.428,5.415,33.195
1103.529,run:decode:3,15.549,69.428,5.414,33.195
1104.029,run:decode:3,15.587,69.428,5.415,33.195
1104.53,run:decode:3,15.665,69.428,5.415,33.195
1105.031,run:decode:3,15.757,69.428,5.416,33.195
1105.532,run:decode:3,15.821,69.428,5.416,33.195
1106.032,run:decode:3,15.849,69.428,5.416,33.195
1106.533,run:decode:3,15.776,69.428,5.416,33.195
1107.034,run:decode:3,15.794,69.428,5.417,33.195
1107.535,run:decode:3,15.927,69.428,5.418,33.195
1108.035,run:decode:3,15.978,69.428,5.418,33.195
1108.536,run:decode:3,15.864,69.428,5.419,33.195
1109.037,run:decode:3,15.935,69.428,5.418,33.195
1109.538,run:decode:3,15.972,69.428,5.419,33.195
1110.039,run:decode:3,16.069,69.428,5.419,33.195
1110.54,run:decode:3,15.937,69.428,5.42,33.195
1111.041,run:decode:3,15.966,69.428,5.416,33.195
1111.542,run:decode:3,16.085,69.428,5.417,33.195
1112.042,run:decode:3,16.143,69.428,5.417,33.195
1112.543,run:decode:3,15.968,69.428,5.417,33.195
1113.044,run:decode:3,16.088,69.428,5.416,33.195
1113.545,run:decode:3,16.133,69.428,5.417,33.195
1114.046,run:decode:3,16.231,69.428,5.417,33.195
1114.546,run:decode:3,11.318,69.428,5.417,33.195
1115.048,run:decode:3,12.033,69.428,6.353,33.195
1115.549,run:decode:3,12.033,69.428,7.932,33.195
1116.05,run:decode:3,12.033,69.428,8.452,33.195
1116.551,run:decode:3,12.033,69.428,7.207,33.195
1117.052,run:decode:3,12.033,69.428,7.206,33.195
1117.552,encode_mp4:3,10.59,69.428,5.746,33.195
1118.053,encode_mp4:3,10.59,69.428,6.068,33.195
1118.554,encode_mp4:3,10.59,69.428,6.305,33.195
1119.056,encode_mp4:3,10.59,69.428,6.311,33.195
1119.557,encode_mp4:3,10.59,69.428,6.313,33.195
1120.058,encode_mp4:3,10.59,69.428,6.101,33.195
1120.56,encode_mp4:3,10.59,69.428,6.331,33.195
1121.061,run:decode:4,15.168,69.428,5.46,33.193
1121.562,run:decode:4,15.234,69.428,5.458,33.193
1122.062,run:decode:4,15.309,69.428,5.458,33.193
1122.567,run:decode:4,15.318,69.428,5.459,33.193
1123.068,run:decode:4,15.45,69.428,5.458,33.193
1123.568,run:decode:4,15.353,69.428,5.459,33.193
1124.069,run:decode:4,15.45,69.428,5.459,33.193
1124.57,run:decode:4,15.533,69.428,5.459,33.193
1125.071,run:decode:4,15.593,69.428,5.458,33.193
1125.572,run:decode:4,15.575,69.428,5.459,33.193
1126.073,run:decode:4,15.707,69.428,5.46,33.193
1126.574,run:decode:4,15.752,69.428,5.459,33.193
1127.075,run:decode:4,15.854,69.428,5.459,33.193
1127.576,run:decode:4,15.718,69.428,5.46,33.193
1128.076,run:decode:4,15.745,69.428,5.459,33.193
1128.577,run:decode:4,15.859,69.428,5.46,33.193
1129.078,run:decode:4,15.899,69.428,5.46,33.193
1129.579,run:decode:4,15.802,69.428,5.46,33.193
1130.079,run:decode:4,15.857,69.428,5.461,33.193
1130.58,run:decode:4,15.909,69.428,5.46,33.193
1131.081,run:decode:4,15.981,69.428,5.461,33.193
1131.582,run:decode:4,15.884,69.428,5.46,33.193
1132.082,run:decode:4,15.911,69.428,5.46,33.193
1132.583,run:decode:4,15.982,69.428,5.46,33.193
1133.084,run:decode:4,16.064,69.428,5.459,33.193
1133.585,run:decode:4,16.157,69.428,5.459,33.193
1134.085,run:decode:4,16.04,69.428,5.461,33.193
1134.586,run:decode:4,16.101,69.428,5.461,33.193
1135.087,run:decode:4,16.171,69.428,5.461,33.193
1135.588,run:decode:4,16.21,69.428,5.46,33.193
1136.088,run:decode:4,12.004,69.428,6.061,33.193
1136.589,run:decode:4,12.004,69.428,7.225,33.193
1137.09,run:decode:4,12.004,69.428,9.326,33.193
1137.591,run:decode:4,12.004,69.428,7.253,33.193
1138.092,run:decode:4,12.004,69.428,7.252,33.193
1138.592,encode_mp4:4,10.561,69.428,5.461,33.193
1139.093,encode_mp4:4,10.561,69.428,5.966,33.193
1139.594,encode_mp4:4,10.561,69.428,6.293,33.193
1140.096,encode_mp4:4,10.561,69.428,6.294,33.193
1140.598,encode_mp4:4,10.561,69.428,6.088,33.193
1141.098,encode_mp4:4,10.561,69.428,6.33,33.193
1141.412,init,0.008,69.428,5.446,1.219
