t_rel,phase,hbm_alloc_gib,hbm_peak_gib,host_used_gib,nvml_used_gib
3.068,init,0.0,0.0,4.439,0.687
3.57,sglang:subprocess,0.0,0.0,4.646,0.687
4.071,sglang:subprocess,0.0,0.0,4.694,0.687
4.571,sglang:subprocess,0.0,0.0,4.719,0.687
5.072,sglang:subprocess,0.0,0.0,4.765,0.687
5.573,sglang:subprocess,0.0,0.0,4.787,0.687
6.073,sglang:subprocess,0.0,0.0,4.817,0.687
6.574,sglang:subprocess,0.0,0.0,4.823,0.687
7.075,sglang:subprocess,0.0,0.0,4.83,0.687
7.576,sglang:subprocess,0.0,0.0,4.833,0.687
8.076,sglang:subprocess,0.0,0.0,4.835,0.687
8.577,sglang:subprocess,0.0,0.0,4.837,0.687
9.078,sglang:subprocess,0.0,0.0,4.859,0.687
9.578,sglang:subprocess,0.0,0.0,4.887,0.687
10.079,sglang:subprocess,0.0,0.0,4.92,0.687
10.58,sglang:subprocess,0.0,0.0,4.973,0.687
11.08,sglang:subprocess,0.0,0.0,4.994,0.687
11.581,sglang:subprocess,0.0,0.0,5.044,0.687
12.082,sglang:subprocess,0.0,0.0,5.078,0.687
12.583,sglang:subprocess,0.0,0.0,5.094,0.687
13.083,sglang:subprocess,0.0,0.0,5.117,0.687
13.584,sglang:subprocess,0.0,0.0,5.124,0.687
14.085,sglang:subprocess,0.0,0.0,5.128,0.687
14.585,sglang:subprocess,0.0,0.0,5.127,0.687
15.086,sglang:subprocess,0.0,0.0,5.131,0.687
15.587,sglang:subprocess,0.0,0.0,5.141,0.687
16.087,sglang:subprocess,0.0,0.0,5.162,0.687
16.588,sglang:subprocess,0.0,0.0,5.178,0.687
17.089,sglang:subprocess,0.0,0.0,5.235,0.687
17.59,sglang:subprocess,0.0,0.0,5.252,0.687
18.09,sglang:subprocess,0.0,0.0,5.27,0.687
18.591,sglang:subprocess,0.0,0.0,5.271,0.687
19.092,sglang:subprocess,0.0,0.0,5.279,0.687
19.593,sglang:subprocess,0.0,0.0,5.302,0.687
20.094,sglang:subprocess,0.0,0.0,5.314,0.687
20.594,sglang:subprocess,0.0,0.0,5.315,0.687
21.095,sglang:subprocess,0.0,0.0,5.321,0.687
21.596,sglang:subprocess,0.0,0.0,5.322,0.687
22.096,sglang:subprocess,0.0,0.0,5.322,0.687
22.597,sglang:subprocess,0.0,0.0,5.321,0.687
23.098,sglang:subprocess,0.0,0.0,5.336,0.687
23.599,sglang:subprocess,0.0,0.0,5.508,0.687
24.099,sglang:subprocess,0.0,0.0,5.597,0.687
24.6,sglang:subprocess,0.0,0.0,5.625,0.687
25.101,sglang:subprocess,0.0,0.0,5.667,0.687
25.601,sglang:subprocess,0.0,0.0,5.695,0.687
26.102,sglang:subprocess,0.0,0.0,5.722,0.687
26.603,sglang:subprocess,0.0,0.0,5.735,0.687
27.103,sglang:subprocess,0.0,0.0,5.745,0.687
27.604,sglang:subprocess,0.0,0.0,5.748,0.687
28.105,sglang:subprocess,0.0,0.0,5.751,0.687
28.606,sglang:subprocess,0.0,0.0,5.751,0.687
29.106,sglang:subprocess,0.0,0.0,5.766,0.687
29.607,sglang:subprocess,0.0,0.0,5.8,0.687
30.108,sglang:subprocess,0.0,0.0,5.821,0.687
30.608,sglang:subprocess,0.0,0.0,5.865,0.687
31.109,sglang:subprocess,0.0,0.0,5.908,0.687
31.61,sglang:subprocess,0.0,0.0,5.957,0.687
32.11,sglang:subprocess,0.0,0.0,5.982,0.687
32.611,sglang:subprocess,0.0,0.0,5.989,0.687
33.112,sglang:subprocess,0.0,0.0,6.009,0.687
33.613,sglang:subprocess,0.0,0.0,6.019,0.687
34.113,sglang:subprocess,0.0,0.0,6.024,0.687
34.614,sglang:subprocess,0.0,0.0,6.023,0.687
35.115,sglang:subprocess,0.0,0.0,6.025,0.687
35.615,sglang:subprocess,0.0,0.0,6.033,0.687
36.116,sglang:subprocess,0.0,0.0,6.049,0.687
36.616,sglang:subprocess,0.0,0.0,6.07,0.687
37.117,sglang:subprocess,0.0,0.0,6.133,0.687
37.618,sglang:subprocess,0.0,0.0,6.148,0.687
38.119,sglang:subprocess,0.0,0.0,6.163,0.687
38.62,sglang:subprocess,0.0,0.0,6.17,0.687
39.12,sglang:subprocess,0.0,0.0,6.173,0.687
39.621,sglang:subprocess,0.0,0.0,6.489,1.615
40.122,sglang:subprocess,0.0,0.0,6.512,1.615
40.623,sglang:subprocess,0.0,0.0,6.517,1.615
41.123,sglang:subprocess,0.0,0.0,6.521,1.615
41.624,sglang:subprocess,0.0,0.0,6.525,1.615
42.125,sglang:subprocess,0.0,0.0,6.525,1.615
42.625,sglang:subprocess,0.0,0.0,6.525,1.615
43.126,sglang:subprocess,0.0,0.0,6.523,1.615
43.627,sglang:subprocess,0.0,0.0,6.55,1.615
44.128,sglang:subprocess,0.0,0.0,6.883,1.615
44.628,sglang:subprocess,0.0,0.0,7.275,1.615
45.129,sglang:subprocess,0.0,0.0,7.46,1.615
45.63,sglang:subprocess,0.0,0.0,7.633,1.615
46.13,sglang:subprocess,0.0,0.0,7.806,1.615
46.631,sglang:subprocess,0.0,0.0,7.976,1.615
47.132,sglang:subprocess,0.0,0.0,8.147,1.615
47.632,sglang:subprocess,0.0,0.0,8.318,1.615
48.133,sglang:subprocess,0.0,0.0,8.489,1.615
48.634,sglang:subprocess,0.0,0.0,8.66,1.615
49.135,sglang:subprocess,0.0,0.0,8.818,1.615
49.636,sglang:subprocess,0.0,0.0,8.988,1.615
50.136,sglang:subprocess,0.0,0.0,9.16,1.615
50.637,sglang:subprocess,0.0,0.0,9.331,1.615
51.138,sglang:subprocess,0.0,0.0,9.506,1.615
51.638,sglang:subprocess,0.0,0.0,9.677,1.615
52.139,sglang:subprocess,0.0,0.0,9.847,1.615
52.64,sglang:subprocess,0.0,0.0,10.019,1.615
53.14,sglang:subprocess,0.0,0.0,10.188,1.615
53.641,sglang:subprocess,0.0,0.0,10.357,1.615
54.142,sglang:subprocess,0.0,0.0,10.528,1.615
54.643,sglang:subprocess,0.0,0.0,10.701,1.615
55.147,sglang:subprocess,0.0,0.0,10.869,1.615
55.647,sglang:subprocess,0.0,0.0,11.041,1.615
56.148,sglang:subprocess,0.0,0.0,11.214,1.615
56.649,sglang:subprocess,0.0,0.0,11.378,1.615
57.149,sglang:subprocess,0.0,0.0,11.555,1.615
57.65,sglang:subprocess,0.0,0.0,11.729,1.615
58.151,sglang:subprocess,0.0,0.0,11.899,1.615
58.652,sglang:subprocess,0.0,0.0,12.07,1.615
59.152,sglang:subprocess,0.0,0.0,12.243,1.615
59.653,sglang:subprocess,0.0,0.0,12.411,1.615
60.154,sglang:subprocess,0.0,0.0,12.584,1.615
60.655,sglang:subprocess,0.0,0.0,12.753,1.615
61.155,sglang:subprocess,0.0,0.0,12.925,1.615
61.656,sglang:subprocess,0.0,0.0,13.097,1.615
62.157,sglang:subprocess,0.0,0.0,13.264,1.615
62.657,sglang:subprocess,0.0,0.0,13.437,1.615
63.158,sglang:subprocess,0.0,0.0,13.61,1.615
63.659,sglang:subprocess,0.0,0.0,13.78,1.615
64.159,sglang:subprocess,0.0,0.0,13.952,1.615
64.66,sglang:subprocess,0.0,0.0,14.114,1.615
65.161,sglang:subprocess,0.0,0.0,14.287,1.615
65.662,sglang:subprocess,0.0,0.0,14.456,1.615
66.163,sglang:subprocess,0.0,0.0,14.629,1.615
66.663,sglang:subprocess,0.0,0.0,14.803,1.615
67.164,sglang:subprocess,0.0,0.0,14.98,1.615
67.665,sglang:subprocess,0.0,0.0,15.151,1.615
68.165,sglang:subprocess,0.0,0.0,15.322,1.615
68.666,sglang:subprocess,0.0,0.0,15.494,1.615
69.166,sglang:subprocess,0.0,0.0,15.664,1.615
69.667,sglang:subprocess,0.0,0.0,15.836,1.615
70.168,sglang:subprocess,0.0,0.0,16.002,1.615
70.669,sglang:subprocess,0.0,0.0,16.17,1.615
71.17,sglang:subprocess,0.0,0.0,16.347,1.615
71.67,sglang:subprocess,0.0,0.0,16.52,1.615
72.171,sglang:subprocess,0.0,0.0,16.691,1.615
72.672,sglang:subprocess,0.0,0.0,16.864,1.615
73.172,sglang:subprocess,0.0,0.0,17.025,1.615
73.673,sglang:subprocess,0.0,0.0,17.196,1.615
74.173,sglang:subprocess,0.0,0.0,17.371,1.615
74.674,sglang:subprocess,0.0,0.0,17.542,1.615
75.175,sglang:subprocess,0.0,0.0,17.702,1.615
75.676,sglang:subprocess,0.0,0.0,17.873,1.615
76.177,sglang:subprocess,0.0,0.0,18.045,1.615
76.677,sglang:subprocess,0.0,0.0,18.213,1.615
77.178,sglang:subprocess,0.0,0.0,18.392,1.615
77.679,sglang:subprocess,0.0,0.0,18.562,1.615
78.179,sglang:subprocess,0.0,0.0,18.736,1.615
78.68,sglang:subprocess,0.0,0.0,18.909,1.615
79.181,sglang:subprocess,0.0,0.0,19.083,1.615
79.681,sglang:subprocess,0.0,0.0,19.252,1.615
80.182,sglang:subprocess,0.0,0.0,19.426,1.615
80.683,sglang:subprocess,0.0,0.0,19.596,1.615
81.184,sglang:subprocess,0.0,0.0,19.764,1.615
81.684,sglang:subprocess,0.0,0.0,19.937,1.615
82.185,sglang:subprocess,0.0,0.0,20.109,1.615
82.686,sglang:subprocess,0.0,0.0,20.254,1.615
83.187,sglang:subprocess,0.0,0.0,20.108,1.615
83.688,sglang:subprocess,0.0,0.0,20.281,1.615
84.189,sglang:subprocess,0.0,0.0,20.457,1.615
84.689,sglang:subprocess,0.0,0.0,20.629,1.615
85.19,sglang:subprocess,0.0,0.0,20.804,1.615
85.691,sglang:subprocess,0.0,0.0,20.973,1.615
86.192,sglang:subprocess,0.0,0.0,21.146,1.615
86.692,sglang:subprocess,0.0,0.0,21.323,1.615
87.193,sglang:subprocess,0.0,0.0,21.501,1.615
87.694,sglang:subprocess,0.0,0.0,21.672,1.615
88.194,sglang:subprocess,0.0,0.0,21.843,1.615
88.695,sglang:subprocess,0.0,0.0,22.015,1.615
89.196,sglang:subprocess,0.0,0.0,22.186,1.615
89.696,sglang:subprocess,0.0,0.0,22.359,1.615
90.197,sglang:subprocess,0.0,0.0,22.531,1.615
90.698,sglang:subprocess,0.0,0.0,22.703,1.615
91.199,sglang:subprocess,0.0,0.0,22.871,1.615
91.7,sglang:subprocess,0.0,0.0,23.049,1.615
92.2,sglang:subprocess,0.0,0.0,23.219,1.615
92.701,sglang:subprocess,0.0,0.0,23.39,1.615
93.202,sglang:subprocess,0.0,0.0,23.563,1.615
93.702,sglang:subprocess,0.0,0.0,23.732,1.615
94.203,sglang:subprocess,0.0,0.0,23.903,1.615
94.704,sglang:subprocess,0.0,0.0,24.073,1.615
95.204,sglang:subprocess,0.0,0.0,24.248,1.615
95.705,sglang:subprocess,0.0,0.0,24.418,1.615
96.206,sglang:subprocess,0.0,0.0,24.589,1.615
96.707,sglang:subprocess,0.0,0.0,24.792,1.615
97.207,sglang:subprocess,0.0,0.0,25.069,1.615
97.708,sglang:subprocess,0.0,0.0,25.27,1.615
98.209,sglang:subprocess,0.0,0.0,25.439,1.615
98.709,sglang:subprocess,0.0,0.0,25.611,1.615
99.21,sglang:subprocess,0.0,0.0,25.784,1.615
99.711,sglang:subprocess,0.0,0.0,25.957,1.615
100.211,sglang:subprocess,0.0,0.0,26.131,1.615
100.712,sglang:subprocess,0.0,0.0,26.299,1.615
101.213,sglang:subprocess,0.0,0.0,26.471,1.615
101.714,sglang:subprocess,0.0,0.0,26.644,1.615
102.215,sglang:subprocess,0.0,0.0,26.815,1.615
102.715,sglang:subprocess,0.0,0.0,27.02,1.615
103.216,sglang:subprocess,0.0,0.0,27.195,1.615
103.717,sglang:subprocess,0.0,0.0,27.366,1.615
104.217,sglang:subprocess,0.0,0.0,27.537,1.615
104.718,sglang:subprocess,0.0,0.0,27.713,1.615
105.219,sglang:subprocess,0.0,0.0,27.886,1.615
105.719,sglang:subprocess,0.0,0.0,28.053,1.615
106.22,sglang:subprocess,0.0,0.0,28.225,1.615
106.721,sglang:subprocess,0.0,0.0,28.398,1.615
107.222,sglang:subprocess,0.0,0.0,28.573,1.615
107.722,sglang:subprocess,0.0,0.0,28.746,1.615
108.223,sglang:subprocess,0.0,0.0,28.912,1.615
108.724,sglang:subprocess,0.0,0.0,29.081,1.615
109.227,sglang:subprocess,0.0,0.0,29.254,1.615
109.728,sglang:subprocess,0.0,0.0,29.421,1.615
110.229,sglang:subprocess,0.0,0.0,29.588,1.615
110.729,sglang:subprocess,0.0,0.0,29.755,1.615
111.23,sglang:subprocess,0.0,0.0,29.926,1.615
111.731,sglang:subprocess,0.0,0.0,30.098,1.615
112.232,sglang:subprocess,0.0,0.0,30.271,1.615
112.733,sglang:subprocess,0.0,0.0,30.439,1.615
113.234,sglang:subprocess,0.0,0.0,30.604,1.615
113.735,sglang:subprocess,0.0,0.0,30.788,1.615
114.236,sglang:subprocess,0.0,0.0,30.98,1.615
114.736,sglang:subprocess,0.0,0.0,31.15,1.615
115.237,sglang:subprocess,0.0,0.0,31.32,1.615
115.738,sglang:subprocess,0.0,0.0,31.492,1.615
116.239,sglang:subprocess,0.0,0.0,31.658,1.615
116.739,sglang:subprocess,0.0,0.0,31.83,1.615
117.24,sglang:subprocess,0.0,0.0,32.003,1.615
117.741,sglang:subprocess,0.0,0.0,32.175,1.615
118.242,sglang:subprocess,0.0,0.0,32.345,1.615
118.743,sglang:subprocess,0.0,0.0,32.395,1.615
119.243,sglang:subprocess,0.0,0.0,32.403,1.615
119.744,sglang:subprocess,0.0,0.0,32.564,1.615
120.245,sglang:subprocess,0.0,0.0,32.735,1.615
120.745,sglang:subprocess,0.0,0.0,32.907,1.615
121.246,sglang:subprocess,0.0,0.0,33.08,1.615
121.747,sglang:subprocess,0.0,0.0,33.25,1.615
122.247,sglang:subprocess,0.0,0.0,33.422,1.615
122.749,sglang:subprocess,0.0,0.0,33.593,1.615
123.249,sglang:subprocess,0.0,0.0,33.765,1.615
123.75,sglang:subprocess,0.0,0.0,33.931,1.615
124.251,sglang:subprocess,0.0,0.0,34.095,1.615
124.751,sglang:subprocess,0.0,0.0,34.266,1.615
125.252,sglang:subprocess,0.0,0.0,34.441,1.615
125.753,sglang:subprocess,0.0,0.0,34.613,1.615
126.253,sglang:subprocess,0.0,0.0,34.785,1.615
126.754,sglang:subprocess,0.0,0.0,34.957,1.615
127.255,sglang:subprocess,0.0,0.0,35.13,1.615
127.755,sglang:subprocess,0.0,0.0,35.302,1.615
128.257,sglang:subprocess,0.0,0.0,35.474,1.615
128.757,sglang:subprocess,0.0,0.0,35.647,1.615
129.258,sglang:subprocess,0.0,0.0,35.816,1.615
129.759,sglang:subprocess,0.0,0.0,35.989,1.615
130.259,sglang:subprocess,0.0,0.0,36.16,1.615
130.76,sglang:subprocess,0.0,0.0,36.33,1.615
131.261,sglang:subprocess,0.0,0.0,36.5,1.615
131.761,sglang:subprocess,0.0,0.0,36.673,1.615
132.262,sglang:subprocess,0.0,0.0,36.848,1.615
132.763,sglang:subprocess,0.0,0.0,37.019,1.615
133.264,sglang:subprocess,0.0,0.0,37.186,1.615
133.765,sglang:subprocess,0.0,0.0,37.36,1.615
134.265,sglang:subprocess,0.0,0.0,37.53,1.615
134.766,sglang:subprocess,0.0,0.0,37.703,1.615
135.267,sglang:subprocess,0.0,0.0,37.871,1.615
135.767,sglang:subprocess,0.0,0.0,38.04,1.615
136.268,sglang:subprocess,0.0,0.0,38.211,1.615
136.769,sglang:subprocess,0.0,0.0,38.387,1.615
137.269,sglang:subprocess,0.0,0.0,38.557,1.615
137.77,sglang:subprocess,0.0,0.0,38.725,1.615
138.271,sglang:subprocess,0.0,0.0,38.897,1.615
138.772,sglang:subprocess,0.0,0.0,39.071,1.615
139.273,sglang:subprocess,0.0,0.0,39.242,1.615
139.773,sglang:subprocess,0.0,0.0,39.414,1.615
140.274,sglang:subprocess,0.0,0.0,39.585,1.615
140.775,sglang:subprocess,0.0,0.0,39.754,1.615
141.275,sglang:subprocess,0.0,0.0,39.927,1.615
141.776,sglang:subprocess,0.0,0.0,40.098,1.615
142.277,sglang:subprocess,0.0,0.0,40.268,1.615
142.777,sglang:subprocess,0.0,0.0,40.449,1.615
143.278,sglang:subprocess,0.0,0.0,40.611,1.615
143.779,sglang:subprocess,0.0,0.0,40.783,1.615
144.28,sglang:subprocess,0.0,0.0,40.953,1.615
144.78,sglang:subprocess,0.0,0.0,41.131,1.615
145.281,sglang:subprocess,0.0,0.0,41.312,1.615
145.782,sglang:subprocess,0.0,0.0,41.515,1.615
146.282,sglang:subprocess,0.0,0.0,41.686,1.615
146.783,sglang:subprocess,0.0,0.0,41.863,1.615
147.284,sglang:subprocess,0.0,0.0,42.029,1.615
147.784,sglang:subprocess,0.0,0.0,42.202,1.615
148.285,sglang:subprocess,0.0,0.0,42.374,1.615
148.786,sglang:subprocess,0.0,0.0,42.549,1.615
149.287,sglang:subprocess,0.0,0.0,42.717,1.615
149.788,sglang:subprocess,0.0,0.0,42.891,1.615
150.288,sglang:subprocess,0.0,0.0,43.064,1.615
150.789,sglang:subprocess,0.0,0.0,43.235,1.615
151.29,sglang:subprocess,0.0,0.0,43.393,1.615
151.79,sglang:subprocess,0.0,0.0,43.568,1.615
152.291,sglang:subprocess,0.0,0.0,43.739,1.615
152.792,sglang:subprocess,0.0,0.0,43.923,1.615
153.292,sglang:subprocess,0.0,0.0,44.077,1.615
153.793,sglang:subprocess,0.0,0.0,44.251,1.615
154.295,sglang:subprocess,0.0,0.0,44.423,1.615
154.795,sglang:subprocess,0.0,0.0,44.606,1.615
155.296,sglang:subprocess,0.0,0.0,44.768,1.615
155.797,sglang:subprocess,0.0,0.0,44.939,1.615
156.297,sglang:subprocess,0.0,0.0,45.109,1.615
156.798,sglang:subprocess,0.0,0.0,45.282,1.615
157.299,sglang:subprocess,0.0,0.0,45.449,1.615
157.799,sglang:subprocess,0.0,0.0,45.622,1.615
158.3,sglang:subprocess,0.0,0.0,45.792,1.615
158.803,sglang:subprocess,0.0,0.0,45.964,1.615
159.304,sglang:subprocess,0.0,0.0,46.135,1.615
159.805,sglang:subprocess,0.0,0.0,46.308,1.615
160.306,sglang:subprocess,0.0,0.0,46.48,1.615
160.807,sglang:subprocess,0.0,0.0,46.654,1.615
161.307,sglang:subprocess,0.0,0.0,46.824,1.615
161.808,sglang:subprocess,0.0,0.0,46.995,1.615
162.309,sglang:subprocess,0.0,0.0,47.166,1.615
162.809,sglang:subprocess,0.0,0.0,47.336,1.615
163.31,sglang:subprocess,0.0,0.0,47.506,1.615
163.811,sglang:subprocess,0.0,0.0,47.676,1.615
164.311,sglang:subprocess,0.0,0.0,47.84,1.615
164.812,sglang:subprocess,0.0,0.0,48.013,1.615
165.313,sglang:subprocess,0.0,0.0,48.185,1.615
165.814,sglang:subprocess,0.0,0.0,48.359,1.615
166.314,sglang:subprocess,0.0,0.0,48.528,1.615
166.815,sglang:subprocess,0.0,0.0,48.698,1.615
167.316,sglang:subprocess,0.0,0.0,48.871,1.615
167.817,sglang:subprocess,0.0,0.0,49.041,1.615
168.318,sglang:subprocess,0.0,0.0,49.214,1.615
168.818,sglang:subprocess,0.0,0.0,49.386,1.615
169.319,sglang:subprocess,0.0,0.0,49.555,1.615
169.82,sglang:subprocess,0.0,0.0,49.726,1.615
170.321,sglang:subprocess,0.0,0.0,49.902,1.615
170.822,sglang:subprocess,0.0,0.0,50.073,1.615
171.322,sglang:subprocess,0.0,0.0,50.245,1.615
171.823,sglang:subprocess,0.0,0.0,50.417,1.615
172.324,sglang:subprocess,0.0,0.0,50.59,1.615
172.824,sglang:subprocess,0.0,0.0,50.757,1.615
173.325,sglang:subprocess,0.0,0.0,50.931,1.615
173.826,sglang:subprocess,0.0,0.0,51.1,1.615
174.326,sglang:subprocess,0.0,0.0,51.272,1.615
174.827,sglang:subprocess,0.0,0.0,51.444,1.615
175.328,sglang:subprocess,0.0,0.0,51.615,1.615
175.829,sglang:subprocess,0.0,0.0,51.785,1.615
176.329,sglang:subprocess,0.0,0.0,51.957,1.615
176.83,sglang:subprocess,0.0,0.0,52.124,1.615
177.331,sglang:subprocess,0.0,0.0,52.271,1.615
177.831,sglang:subprocess,0.0,0.0,52.462,1.615
178.332,sglang:subprocess,0.0,0.0,52.634,1.615
178.833,sglang:subprocess,0.0,0.0,52.802,1.615
179.333,sglang:subprocess,0.0,0.0,52.972,1.615
179.834,sglang:subprocess,0.0,0.0,53.142,1.615
180.335,sglang:subprocess,0.0,0.0,53.316,1.615
180.836,sglang:subprocess,0.0,0.0,53.487,1.615
181.338,sglang:subprocess,0.0,0.0,53.659,1.615
181.843,sglang:subprocess,0.0,0.0,53.827,1.615
182.346,sglang:subprocess,0.0,0.0,54.0,1.615
182.847,sglang:subprocess,0.0,0.0,54.17,1.615
183.353,sglang:subprocess,0.0,0.0,54.341,1.615
183.854,sglang:subprocess,0.0,0.0,54.517,1.615
184.354,sglang:subprocess,0.0,0.0,54.687,1.615
184.855,sglang:subprocess,0.0,0.0,54.82,1.615
185.356,sglang:subprocess,0.0,0.0,55.025,1.615
185.857,sglang:subprocess,0.0,0.0,55.199,1.615
186.358,sglang:subprocess,0.0,0.0,55.367,1.615
186.858,sglang:subprocess,0.0,0.0,55.539,1.615
187.359,sglang:subprocess,0.0,0.0,55.711,1.615
187.86,sglang:subprocess,0.0,0.0,55.879,1.615
188.36,sglang:subprocess,0.0,0.0,56.055,1.615
188.882,sglang:subprocess,0.0,0.0,56.238,1.615
189.383,sglang:subprocess,0.0,0.0,56.401,1.615
189.883,sglang:subprocess,0.0,0.0,56.573,1.615
190.384,sglang:subprocess,0.0,0.0,56.742,1.615
190.885,sglang:subprocess,0.0,0.0,56.916,1.615
191.386,sglang:subprocess,0.0,0.0,57.088,1.615
191.887,sglang:subprocess,0.0,0.0,57.26,1.615
192.387,sglang:subprocess,0.0,0.0,57.43,1.615
192.888,sglang:subprocess,0.0,0.0,57.597,1.615
193.389,sglang:subprocess,0.0,0.0,57.769,1.615
193.89,sglang:subprocess,0.0,0.0,57.938,1.615
194.39,sglang:subprocess,0.0,0.0,58.109,1.615
194.891,sglang:subprocess,0.0,0.0,58.282,1.615
195.392,sglang:subprocess,0.0,0.0,58.45,1.615
195.892,sglang:subprocess,0.0,0.0,58.622,1.615
196.394,sglang:subprocess,0.0,0.0,58.794,1.615
196.894,sglang:subprocess,0.0,0.0,58.968,1.615
197.395,sglang:subprocess,0.0,0.0,59.14,1.615
197.896,sglang:subprocess,0.0,0.0,59.306,1.615
198.396,sglang:subprocess,0.0,0.0,59.486,1.615
198.897,sglang:subprocess,0.0,0.0,59.658,1.615
199.398,sglang:subprocess,0.0,0.0,59.826,1.615
199.898,sglang:subprocess,0.0,0.0,59.988,1.615
200.399,sglang:subprocess,0.0,0.0,60.159,1.615
200.9,sglang:subprocess,0.0,0.0,60.345,1.615
201.4,sglang:subprocess,0.0,0.0,60.508,1.615
201.901,sglang:subprocess,0.0,0.0,60.682,1.615
202.402,sglang:subprocess,0.0,0.0,60.853,1.615
202.903,sglang:subprocess,0.0,0.0,61.047,1.615
203.404,sglang:subprocess,0.0,0.0,61.221,1.615
203.904,sglang:subprocess,0.0,0.0,61.372,1.615
204.405,sglang:subprocess,0.0,0.0,61.559,1.615
204.906,sglang:subprocess,0.0,0.0,61.697,1.615
205.406,sglang:subprocess,0.0,0.0,61.876,1.615
205.912,sglang:subprocess,0.0,0.0,62.041,1.615
206.412,sglang:subprocess,0.0,0.0,62.21,1.615
206.914,sglang:subprocess,0.0,0.0,62.391,1.615
207.414,sglang:subprocess,0.0,0.0,62.56,1.615
207.915,sglang:subprocess,0.0,0.0,62.724,1.615
208.416,sglang:subprocess,0.0,0.0,62.898,1.615
208.916,sglang:subprocess,0.0,0.0,63.072,1.615
209.417,sglang:subprocess,0.0,0.0,63.241,1.615
209.921,sglang:subprocess,0.0,0.0,63.426,1.615
210.422,sglang:subprocess,0.0,0.0,63.581,1.615
210.923,sglang:subprocess,0.0,0.0,63.754,1.615
211.423,sglang:subprocess,0.0,0.0,63.924,1.615
211.924,sglang:subprocess,0.0,0.0,64.095,1.615
212.425,sglang:subprocess,0.0,0.0,64.269,1.615
212.926,sglang:subprocess,0.0,0.0,64.437,1.615
213.426,sglang:subprocess,0.0,0.0,64.612,1.615
213.927,sglang:subprocess,0.0,0.0,64.804,1.615
214.428,sglang:subprocess,0.0,0.0,64.977,1.615
214.929,sglang:subprocess,0.0,0.0,65.126,1.615
215.429,sglang:subprocess,0.0,0.0,65.296,1.615
215.93,sglang:subprocess,0.0,0.0,65.466,1.615
216.431,sglang:subprocess,0.0,0.0,65.654,1.615
216.931,sglang:subprocess,0.0,0.0,65.81,1.615
217.432,sglang:subprocess,0.0,0.0,65.989,1.615
217.933,sglang:subprocess,0.0,0.0,66.151,1.615
218.434,sglang:subprocess,0.0,0.0,66.323,1.615
218.934,sglang:subprocess,0.0,0.0,66.507,1.615
219.435,sglang:subprocess,0.0,0.0,66.681,1.615
219.936,sglang:subprocess,0.0,0.0,66.84,1.615
220.437,sglang:subprocess,0.0,0.0,67.007,1.615
220.938,sglang:subprocess,0.0,0.0,67.179,1.615
221.439,sglang:subprocess,0.0,0.0,67.351,1.615
221.942,sglang:subprocess,0.0,0.0,67.528,1.615
222.442,sglang:subprocess,0.0,0.0,67.69,1.615
222.944,sglang:subprocess,0.0,0.0,67.86,1.615
223.444,sglang:subprocess,0.0,0.0,68.04,1.615
223.945,sglang:subprocess,0.0,0.0,68.204,1.615
224.446,sglang:subprocess,0.0,0.0,68.377,1.615
224.946,sglang:subprocess,0.0,0.0,68.548,1.615
225.447,sglang:subprocess,0.0,0.0,68.72,1.615
225.948,sglang:subprocess,0.0,0.0,68.883,1.615
226.448,sglang:subprocess,0.0,0.0,69.049,1.615
226.949,sglang:subprocess,0.0,0.0,69.238,1.615
227.45,sglang:subprocess,0.0,0.0,69.388,1.615
227.951,sglang:subprocess,0.0,0.0,69.556,1.615
228.452,sglang:subprocess,0.0,0.0,69.988,1.615
228.952,sglang:subprocess,0.0,0.0,69.897,1.615
229.453,sglang:subprocess,0.0,0.0,70.074,1.615
229.954,sglang:subprocess,0.0,0.0,70.245,1.615
230.455,sglang:subprocess,0.0,0.0,70.414,1.615
230.956,sglang:subprocess,0.0,0.0,70.584,1.615
231.456,sglang:subprocess,0.0,0.0,70.758,1.615
231.957,sglang:subprocess,0.0,0.0,70.927,1.615
232.458,sglang:subprocess,0.0,0.0,71.1,1.615
232.958,sglang:subprocess,0.0,0.0,71.262,1.615
233.459,sglang:subprocess,0.0,0.0,71.436,1.615
233.96,sglang:subprocess,0.0,0.0,71.608,1.615
234.461,sglang:subprocess,0.0,0.0,71.78,1.615
234.961,sglang:subprocess,0.0,0.0,71.952,1.615
235.463,sglang:subprocess,0.0,0.0,72.128,1.615
235.964,sglang:subprocess,0.0,0.0,72.298,1.615
236.465,sglang:subprocess,0.0,0.0,72.465,1.615
236.966,sglang:subprocess,0.0,0.0,72.644,1.615
237.466,sglang:subprocess,0.0,0.0,72.818,1.615
237.967,sglang:subprocess,0.0,0.0,72.988,1.615
238.468,sglang:subprocess,0.0,0.0,73.159,1.615
238.969,sglang:subprocess,0.0,0.0,73.325,1.615
239.47,sglang:subprocess,0.0,0.0,73.5,1.615
239.97,sglang:subprocess,0.0,0.0,73.671,1.615
240.471,sglang:subprocess,0.0,0.0,73.845,1.615
240.972,sglang:subprocess,0.0,0.0,74.014,1.615
241.472,sglang:subprocess,0.0,0.0,74.184,1.615
241.973,sglang:subprocess,0.0,0.0,74.354,1.615
242.474,sglang:subprocess,0.0,0.0,74.525,1.615
242.974,sglang:subprocess,0.0,0.0,74.694,1.615
243.475,sglang:subprocess,0.0,0.0,74.863,1.615
243.976,sglang:subprocess,0.0,0.0,75.048,1.615
244.477,sglang:subprocess,0.0,0.0,75.206,1.615
244.978,sglang:subprocess,0.0,0.0,75.386,1.615
245.479,sglang:subprocess,0.0,0.0,75.854,1.615
245.979,sglang:subprocess,0.0,0.0,75.734,1.615
246.48,sglang:subprocess,0.0,0.0,75.905,1.615
246.981,sglang:subprocess,0.0,0.0,76.397,1.615
247.481,sglang:subprocess,0.0,0.0,76.234,1.615
247.982,sglang:subprocess,0.0,0.0,76.406,1.615
248.483,sglang:subprocess,0.0,0.0,76.786,1.615
248.984,sglang:subprocess,0.0,0.0,76.745,1.615
249.485,sglang:subprocess,0.0,0.0,77.253,1.615
249.985,sglang:subprocess,0.0,0.0,77.091,1.615
250.486,sglang:subprocess,0.0,0.0,77.555,1.615
250.987,sglang:subprocess,0.0,0.0,77.439,1.615
251.488,sglang:subprocess,0.0,0.0,77.608,1.615
251.989,sglang:subprocess,0.0,0.0,77.776,1.615
252.49,sglang:subprocess,0.0,0.0,77.938,1.615
252.991,sglang:subprocess,0.0,0.0,78.099,1.615
253.491,sglang:subprocess,0.0,0.0,78.605,1.615
253.992,sglang:subprocess,0.0,0.0,78.445,1.615
254.493,sglang:subprocess,0.0,0.0,78.618,1.615
254.994,sglang:subprocess,0.0,0.0,79.111,1.615
255.494,sglang:subprocess,0.0,0.0,78.959,1.615
255.995,sglang:subprocess,0.0,0.0,79.133,1.615
256.496,sglang:subprocess,0.0,0.0,79.546,1.615
256.997,sglang:subprocess,0.0,0.0,79.486,1.615
257.497,sglang:subprocess,0.0,0.0,79.651,1.615
257.998,sglang:subprocess,0.0,0.0,79.825,1.615
258.499,sglang:subprocess,0.0,0.0,79.984,1.615
258.999,sglang:subprocess,0.0,0.0,80.16,1.615
259.5,sglang:subprocess,0.0,0.0,80.331,1.615
260.001,sglang:subprocess,0.0,0.0,80.507,1.615
260.502,sglang:subprocess,0.0,0.0,80.7,1.615
261.002,sglang:subprocess,0.0,0.0,80.856,1.615
261.503,sglang:subprocess,0.0,0.0,80.993,1.615
262.004,sglang:subprocess,0.0,0.0,81.021,1.615
262.505,sglang:subprocess,0.0,0.0,81.025,1.615
263.005,sglang:subprocess,0.0,0.0,81.012,2.186
263.506,sglang:subprocess,0.0,0.0,81.007,2.186
264.007,sglang:subprocess,0.0,0.0,81.014,2.186
264.508,sglang:subprocess,0.0,0.0,81.122,2.186
265.01,sglang:subprocess,0.0,0.0,81.197,2.186
265.51,sglang:subprocess,0.0,0.0,82.426,2.188
266.011,sglang:subprocess,0.0,0.0,81.93,2.188
266.512,sglang:subprocess,0.0,0.0,81.931,2.188
267.012,sglang:subprocess,0.0,0.0,82.943,2.19
267.513,sglang:subprocess,0.0,0.0,82.652,2.19
268.014,sglang:subprocess,0.0,0.0,82.657,2.19
268.514,sglang:subprocess,0.0,0.0,82.657,2.19
269.015,sglang:subprocess,0.0,0.0,82.751,2.19
269.518,sglang:subprocess,0.0,0.0,82.854,2.19
270.019,sglang:subprocess,0.0,0.0,82.795,2.19
270.52,sglang:subprocess,0.0,0.0,82.822,2.19
271.024,sglang:subprocess,0.0,0.0,82.938,2.19
271.525,sglang:subprocess,0.0,0.0,82.655,2.19
272.026,sglang:subprocess,0.0,0.0,83.368,2.19
272.527,sglang:subprocess,0.0,0.0,83.349,2.192
273.027,sglang:subprocess,0.0,0.0,83.108,2.254
273.531,sglang:subprocess,0.0,0.0,83.117,4.305
274.034,sglang:subprocess,0.0,0.0,83.118,4.305
274.544,sglang:subprocess,0.0,0.0,83.336,4.305
275.045,sglang:subprocess,0.0,0.0,83.171,4.305
275.548,sglang:subprocess,0.0,0.0,83.188,4.305
276.049,sglang:subprocess,0.0,0.0,83.266,4.305
276.55,sglang:subprocess,0.0,0.0,83.118,4.305
277.051,sglang:subprocess,0.0,0.0,83.351,4.305
277.556,sglang:subprocess,0.0,0.0,83.12,4.305
278.057,sglang:subprocess,0.0,0.0,83.351,4.305
278.559,sglang:subprocess,0.0,0.0,83.122,4.305
279.061,sglang:subprocess,0.0,0.0,83.335,4.305
279.562,sglang:subprocess,0.0,0.0,83.118,4.305
280.067,sglang:subprocess,0.0,0.0,83.337,4.305
280.572,sglang:subprocess,0.0,0.0,83.121,4.305
281.073,sglang:subprocess,0.0,0.0,83.135,4.305
281.578,sglang:subprocess,0.0,0.0,83.169,4.305
282.079,sglang:subprocess,0.0,0.0,82.853,5.75
282.58,sglang:subprocess,0.0,0.0,82.856,6.084
283.08,sglang:subprocess,0.0,0.0,82.853,6.397
283.581,sglang:subprocess,0.0,0.0,83.132,6.557
284.082,sglang:subprocess,0.0,0.0,83.497,7.512
284.583,sglang:subprocess,0.0,0.0,83.507,7.514
285.084,sglang:subprocess,0.0,0.0,83.508,7.514
285.585,sglang:subprocess,0.0,0.0,83.508,7.514
286.086,sglang:subprocess,0.0,0.0,83.509,7.514
286.587,sglang:subprocess,0.0,0.0,83.509,7.514
287.088,sglang:subprocess,0.0,0.0,83.514,7.514
287.589,sglang:subprocess,0.0,0.0,83.512,7.514
288.09,sglang:subprocess,0.0,0.0,83.512,7.514
288.591,sglang:subprocess,0.0,0.0,83.513,7.514
289.091,sglang:subprocess,0.0,0.0,83.644,11.01
289.592,sglang:subprocess,0.0,0.0,83.661,11.01
290.093,sglang:subprocess,0.0,0.0,83.738,12.651
290.594,sglang:subprocess,0.0,0.0,85.077,12.652
291.095,sglang:subprocess,0.0,0.0,85.082,12.652
291.595,sglang:subprocess,0.0,0.0,85.083,13.358
292.096,sglang:subprocess,0.0,0.0,85.084,13.358
292.597,sglang:subprocess,0.0,0.0,85.085,13.358
293.097,sglang:subprocess,0.0,0.0,85.083,13.358
293.598,sglang:subprocess,0.0,0.0,85.083,13.358
294.099,sglang:subprocess,0.0,0.0,85.084,14.061
294.6,sglang:subprocess,0.0,0.0,85.085,14.061
295.1,sglang:subprocess,0.0,0.0,85.086,14.061
295.601,sglang:subprocess,0.0,0.0,85.086,14.061
296.102,sglang:subprocess,0.0,0.0,85.086,14.061
296.603,sglang:subprocess,0.0,0.0,85.087,14.061
297.103,sglang:subprocess,0.0,0.0,85.091,14.061
297.604,sglang:subprocess,0.0,0.0,85.091,14.061
298.105,sglang:subprocess,0.0,0.0,85.092,14.061
298.605,sglang:subprocess,0.0,0.0,85.092,14.061
299.106,sglang:subprocess,0.0,0.0,85.094,14.061
299.607,sglang:subprocess,0.0,0.0,85.092,14.061
300.108,sglang:subprocess,0.0,0.0,85.089,14.061
300.608,sglang:subprocess,0.0,0.0,85.09,14.061
301.109,sglang:subprocess,0.0,0.0,85.091,14.061
301.61,sglang:subprocess,0.0,0.0,85.091,14.061
302.111,sglang:subprocess,0.0,0.0,85.092,14.061
302.611,sglang:subprocess,0.0,0.0,85.091,14.061
303.112,sglang:subprocess,0.0,0.0,85.085,14.061
303.613,sglang:subprocess,0.0,0.0,85.086,14.061
304.114,sglang:subprocess,0.0,0.0,85.086,14.061
304.614,sglang:subprocess,0.0,0.0,85.086,14.061
305.115,sglang:subprocess,0.0,0.0,85.086,14.061
305.616,sglang:subprocess,0.0,0.0,85.086,14.061
306.116,sglang:subprocess,0.0,0.0,85.087,14.061
306.617,sglang:subprocess,0.0,0.0,85.087,14.061
307.118,sglang:subprocess,0.0,0.0,85.094,14.061
307.619,sglang:subprocess,0.0,0.0,85.093,14.061
308.119,sglang:subprocess,0.0,0.0,85.093,14.061
308.62,sglang:subprocess,0.0,0.0,85.093,14.061
309.121,sglang:subprocess,0.0,0.0,85.094,14.061
309.621,sglang:subprocess,0.0,0.0,85.095,14.061
310.122,sglang:subprocess,0.0,0.0,85.096,14.061
310.623,sglang:subprocess,0.0,0.0,85.094,14.061
311.123,sglang:subprocess,0.0,0.0,85.097,14.061
311.624,sglang:subprocess,0.0,0.0,85.096,14.061
312.125,sglang:subprocess,0.0,0.0,85.096,14.061
312.626,sglang:subprocess,0.0,0.0,85.096,14.061
313.127,sglang:subprocess,0.0,0.0,85.095,14.061
313.627,sglang:subprocess,0.0,0.0,85.095,14.061
314.128,sglang:subprocess,0.0,0.0,85.095,14.061
314.629,sglang:subprocess,0.0,0.0,85.094,14.061
315.129,sglang:subprocess,0.0,0.0,85.096,14.061
315.63,sglang:subprocess,0.0,0.0,85.095,14.061
316.131,sglang:subprocess,0.0,0.0,85.095,14.061
316.631,sglang:subprocess,0.0,0.0,85.096,14.061
317.132,sglang:subprocess,0.0,0.0,85.096,14.061
317.633,sglang:subprocess,0.0,0.0,85.096,14.061
318.134,sglang:subprocess,0.0,0.0,85.096,14.061
318.635,sglang:subprocess,0.0,0.0,85.096,14.061
319.136,sglang:subprocess,0.0,0.0,85.097,14.061
319.636,sglang:subprocess,0.0,0.0,85.096,14.061
320.137,sglang:subprocess,0.0,0.0,85.096,14.061
320.638,sglang:subprocess,0.0,0.0,85.096,14.061
321.138,sglang:subprocess,0.0,0.0,85.097,14.061
321.639,sglang:subprocess,0.0,0.0,85.098,14.061
322.14,sglang:subprocess,0.0,0.0,85.099,14.061
322.641,sglang:subprocess,0.0,0.0,85.098,14.061
323.141,sglang:subprocess,0.0,0.0,85.099,14.061
323.642,sglang:subprocess,0.0,0.0,85.097,14.061
324.143,sglang:subprocess,0.0,0.0,85.097,14.061
324.643,sglang:subprocess,0.0,0.0,85.097,14.061
325.144,sglang:subprocess,0.0,0.0,85.095,14.061
325.645,sglang:subprocess,0.0,0.0,85.096,14.061
326.145,sglang:subprocess,0.0,0.0,85.097,14.061
326.646,sglang:subprocess,0.0,0.0,85.096,14.061
327.147,sglang:subprocess,0.0,0.0,85.098,14.061
327.647,sglang:subprocess,0.0,0.0,85.098,14.061
328.149,sglang:subprocess,0.0,0.0,85.098,14.061
328.649,sglang:subprocess,0.0,0.0,85.098,14.061
329.15,sglang:subprocess,0.0,0.0,85.097,14.061
329.651,sglang:subprocess,0.0,0.0,85.099,14.061
330.151,sglang:subprocess,0.0,0.0,85.098,14.061
330.652,sglang:subprocess,0.0,0.0,85.098,14.061
331.153,sglang:subprocess,0.0,0.0,85.099,14.061
331.653,sglang:subprocess,0.0,0.0,85.098,14.061
332.154,sglang:subprocess,0.0,0.0,85.097,14.061
332.655,sglang:subprocess,0.0,0.0,85.097,14.061
333.156,sglang:subprocess,0.0,0.0,85.096,14.061
333.656,sglang:subprocess,0.0,0.0,85.096,14.061
334.157,sglang:subprocess,0.0,0.0,85.096,14.061
334.658,sglang:subprocess,0.0,0.0,85.096,14.061
335.159,sglang:subprocess,0.0,0.0,85.097,14.061
335.659,sglang:subprocess,0.0,0.0,85.097,14.061
336.16,sglang:subprocess,0.0,0.0,85.098,14.061
336.661,sglang:subprocess,0.0,0.0,85.097,14.061
337.161,sglang:subprocess,0.0,0.0,85.098,14.061
337.662,sglang:subprocess,0.0,0.0,85.098,14.061
338.162,sglang:subprocess,0.0,0.0,85.098,14.061
338.665,sglang:subprocess,0.0,0.0,85.098,14.061
339.165,sglang:subprocess,0.0,0.0,85.098,14.061
339.666,sglang:subprocess,0.0,0.0,85.099,14.061
340.167,sglang:subprocess,0.0,0.0,85.098,14.061
340.667,sglang:subprocess,0.0,0.0,85.098,14.061
341.168,sglang:subprocess,0.0,0.0,85.1,14.061
341.669,sglang:subprocess,0.0,0.0,85.1,14.061
342.169,sglang:subprocess,0.0,0.0,85.1,14.061
342.67,sglang:subprocess,0.0,0.0,85.1,14.061
343.171,sglang:subprocess,0.0,0.0,85.095,14.061
343.672,sglang:subprocess,0.0,0.0,85.095,14.061
344.173,sglang:subprocess,0.0,0.0,85.095,14.061
344.673,sglang:subprocess,0.0,0.0,85.096,14.061
345.174,sglang:subprocess,0.0,0.0,85.095,14.061
345.675,sglang:subprocess,0.0,0.0,85.096,14.061
346.176,sglang:subprocess,0.0,0.0,85.096,14.061
346.676,sglang:subprocess,0.0,0.0,85.097,14.061
347.177,sglang:subprocess,0.0,0.0,85.097,14.061
347.678,sglang:subprocess,0.0,0.0,85.097,14.061
348.178,sglang:subprocess,0.0,0.0,85.097,14.061
348.679,sglang:subprocess,0.0,0.0,85.097,14.061
349.18,sglang:subprocess,0.0,0.0,85.097,14.061
349.681,sglang:subprocess,0.0,0.0,85.097,14.061
350.181,sglang:subprocess,0.0,0.0,85.098,14.061
350.682,sglang:subprocess,0.0,0.0,85.097,14.061
351.183,sglang:subprocess,0.0,0.0,85.099,14.061
351.684,sglang:subprocess,0.0,0.0,85.1,14.061
352.184,sglang:subprocess,0.0,0.0,85.1,14.061
352.685,sglang:subprocess,0.0,0.0,85.1,14.061
353.186,sglang:subprocess,0.0,0.0,85.1,14.061
353.686,sglang:subprocess,0.0,0.0,85.098,14.061
354.187,sglang:subprocess,0.0,0.0,85.098,14.061
354.688,sglang:subprocess,0.0,0.0,85.096,14.061
355.189,sglang:subprocess,0.0,0.0,85.096,14.061
355.689,sglang:subprocess,0.0,0.0,85.096,14.061
356.19,sglang:subprocess,0.0,0.0,85.096,14.061
356.691,sglang:subprocess,0.0,0.0,85.097,14.061
357.191,sglang:subprocess,0.0,0.0,85.098,14.061
357.692,sglang:subprocess,0.0,0.0,85.098,14.061
358.193,sglang:subprocess,0.0,0.0,85.1,14.061
358.693,sglang:subprocess,0.0,0.0,85.1,14.061
359.194,sglang:subprocess,0.0,0.0,85.098,14.061
359.695,sglang:subprocess,0.0,0.0,85.098,14.061
360.196,sglang:subprocess,0.0,0.0,85.099,14.061
360.697,sglang:subprocess,0.0,0.0,85.099,14.061
361.197,sglang:subprocess,0.0,0.0,85.099,14.061
361.698,sglang:subprocess,0.0,0.0,85.098,14.061
362.199,sglang:subprocess,0.0,0.0,85.097,14.061
362.699,sglang:subprocess,0.0,0.0,85.096,14.061
363.2,sglang:subprocess,0.0,0.0,85.096,14.061
363.701,sglang:subprocess,0.0,0.0,85.096,14.061
364.202,sglang:subprocess,0.0,0.0,85.094,14.061
364.703,sglang:subprocess,0.0,0.0,85.092,14.061
365.204,sglang:subprocess,0.0,0.0,85.093,14.061
365.705,sglang:subprocess,0.0,0.0,85.092,14.061
366.205,sglang:subprocess,0.0,0.0,85.094,14.061
366.706,sglang:subprocess,0.0,0.0,85.095,14.061
367.207,sglang:subprocess,0.0,0.0,85.094,14.061
367.708,sglang:subprocess,0.0,0.0,85.094,14.061
368.209,sglang:subprocess,0.0,0.0,85.095,14.061
368.71,sglang:subprocess,0.0,0.0,85.095,14.061
369.21,sglang:subprocess,0.0,0.0,85.096,14.061
369.711,sglang:subprocess,0.0,0.0,85.096,14.061
370.213,sglang:subprocess,0.0,0.0,85.097,14.061
370.715,sglang:subprocess,0.0,0.0,85.098,14.061
371.216,sglang:subprocess,0.0,0.0,85.097,14.061
371.716,sglang:subprocess,0.0,0.0,85.095,14.061
372.217,sglang:subprocess,0.0,0.0,85.095,14.061
372.718,sglang:subprocess,0.0,0.0,85.095,14.061
373.218,sglang:subprocess,0.0,0.0,85.094,14.061
373.719,sglang:subprocess,0.0,0.0,85.095,14.061
374.22,sglang:subprocess,0.0,0.0,85.095,14.061
374.72,sglang:subprocess,0.0,0.0,85.096,14.061
375.221,sglang:subprocess,0.0,0.0,85.092,14.061
375.722,sglang:subprocess,0.0,0.0,85.094,14.061
376.223,sglang:subprocess,0.0,0.0,85.093,14.061
376.723,sglang:subprocess,0.0,0.0,85.093,14.061
377.224,sglang:subprocess,0.0,0.0,85.094,14.061
377.725,sglang:subprocess,0.0,0.0,85.094,14.061
378.225,sglang:subprocess,0.0,0.0,85.095,14.061
378.726,sglang:subprocess,0.0,0.0,85.095,14.061
379.227,sglang:subprocess,0.0,0.0,85.096,14.061
379.727,sglang:subprocess,0.0,0.0,85.095,14.061
380.229,sglang:subprocess,0.0,0.0,85.095,14.061
380.729,sglang:subprocess,0.0,0.0,85.096,14.061
381.23,sglang:subprocess,0.0,0.0,85.099,14.061
381.731,sglang:subprocess,0.0,0.0,85.101,14.061
382.231,sglang:subprocess,0.0,0.0,85.098,14.061
382.732,sglang:subprocess,0.0,0.0,85.098,14.061
383.233,sglang:subprocess,0.0,0.0,85.099,14.061
383.733,sglang:subprocess,0.0,0.0,85.099,14.061
384.239,sglang:subprocess,0.0,0.0,85.096,14.061
384.74,sglang:subprocess,0.0,0.0,85.097,14.061
385.241,sglang:subprocess,0.0,0.0,85.095,14.061
385.742,sglang:subprocess,0.0,0.0,85.095,14.061
386.242,sglang:subprocess,0.0,0.0,85.095,14.061
386.743,sglang:subprocess,0.0,0.0,85.096,14.061
387.244,sglang:subprocess,0.0,0.0,85.095,14.061
387.745,sglang:subprocess,0.0,0.0,85.095,14.061
388.245,sglang:subprocess,0.0,0.0,85.1,14.063
388.746,sglang:subprocess,0.0,0.0,85.101,15.078
389.247,sglang:subprocess,0.0,0.0,85.102,15.078
389.747,sglang:subprocess,0.0,0.0,85.102,15.078
390.248,sglang:subprocess,0.0,0.0,85.103,15.078
390.749,sglang:subprocess,0.0,0.0,85.103,15.078
391.25,sglang:subprocess,0.0,0.0,85.104,15.078
391.75,sglang:subprocess,0.0,0.0,85.102,15.078
392.251,sglang:subprocess,0.0,0.0,85.101,15.078
392.752,sglang:subprocess,0.0,0.0,85.102,15.078
393.253,sglang:subprocess,0.0,0.0,85.102,15.078
393.753,sglang:subprocess,0.0,0.0,85.101,15.078
394.254,sglang:subprocess,0.0,0.0,85.101,15.078
394.755,sglang:subprocess,0.0,0.0,85.101,15.078
395.255,sglang:subprocess,0.0,0.0,85.1,15.078
395.756,sglang:subprocess,0.0,0.0,85.1,15.078
396.257,sglang:subprocess,0.0,0.0,85.101,15.078
396.758,sglang:subprocess,0.0,0.0,85.101,15.078
397.258,sglang:subprocess,0.0,0.0,85.105,15.078
397.759,sglang:subprocess,0.0,0.0,85.105,15.078
398.26,sglang:subprocess,0.0,0.0,85.105,15.078
398.76,sglang:subprocess,0.0,0.0,85.106,15.078
399.261,sglang:subprocess,0.0,0.0,85.106,15.078
399.762,sglang:subprocess,0.0,0.0,85.107,15.078
400.262,sglang:subprocess,0.0,0.0,85.106,15.078
400.763,sglang:subprocess,0.0,0.0,85.107,15.078
401.264,sglang:subprocess,0.0,0.0,85.107,15.078
401.765,sglang:subprocess,0.0,0.0,85.106,15.078
402.266,sglang:subprocess,0.0,0.0,85.106,15.078
402.766,sglang:subprocess,0.0,0.0,85.108,15.078
403.267,sglang:subprocess,0.0,0.0,85.105,15.078
403.768,sglang:subprocess,0.0,0.0,85.102,15.078
404.268,sglang:subprocess,0.0,0.0,85.102,15.078
404.769,sglang:subprocess,0.0,0.0,85.102,15.078
405.27,sglang:subprocess,0.0,0.0,85.101,15.078
405.77,sglang:subprocess,0.0,0.0,85.101,15.078
406.271,sglang:subprocess,0.0,0.0,85.102,15.078
406.772,sglang:subprocess,0.0,0.0,85.102,15.078
407.273,sglang:subprocess,0.0,0.0,85.106,15.078
407.773,sglang:subprocess,0.0,0.0,85.104,15.078
408.274,sglang:subprocess,0.0,0.0,85.105,15.078
408.775,sglang:subprocess,0.0,0.0,85.105,15.078
409.275,sglang:subprocess,0.0,0.0,85.104,15.078
409.776,sglang:subprocess,0.0,0.0,85.105,15.078
410.277,sglang:subprocess,0.0,0.0,85.105,15.078
410.778,sglang:subprocess,0.0,0.0,85.105,15.078
411.278,sglang:subprocess,0.0,0.0,85.105,15.078
411.779,sglang:subprocess,0.0,0.0,85.106,15.078
412.28,sglang:subprocess,0.0,0.0,85.105,15.078
412.781,sglang:subprocess,0.0,0.0,85.061,15.078
413.281,sglang:subprocess,0.0,0.0,85.03,15.078
413.782,sglang:subprocess,0.0,0.0,85.028,15.078
414.283,sglang:subprocess,0.0,0.0,85.028,15.078
414.783,sglang:subprocess,0.0,0.0,85.029,15.078
415.284,sglang:subprocess,0.0,0.0,85.028,15.078
415.785,sglang:subprocess,0.0,0.0,85.028,15.078
416.286,sglang:subprocess,0.0,0.0,85.028,15.078
416.786,sglang:subprocess,0.0,0.0,85.034,15.078
417.287,sglang:subprocess,0.0,0.0,85.029,15.078
417.788,sglang:subprocess,0.0,0.0,85.03,15.078
418.289,sglang:subprocess,0.0,0.0,85.033,15.078
418.789,sglang:subprocess,0.0,0.0,85.036,15.078
419.29,sglang:subprocess,0.0,0.0,85.032,15.078
419.791,sglang:subprocess,0.0,0.0,85.032,15.078
420.291,sglang:subprocess,0.0,0.0,85.032,15.078
420.792,sglang:subprocess,0.0,0.0,85.032,15.078
421.293,sglang:subprocess,0.0,0.0,85.034,15.078
421.793,sglang:subprocess,0.0,0.0,85.034,15.078
422.295,sglang:subprocess,0.0,0.0,85.033,15.078
422.795,sglang:subprocess,0.0,0.0,85.038,15.078
423.303,sglang:subprocess,0.0,0.0,85.032,15.078
423.804,sglang:subprocess,0.0,0.0,85.039,15.078
424.304,sglang:subprocess,0.0,0.0,85.045,15.078
424.805,sglang:subprocess,0.0,0.0,85.043,15.078
425.306,sglang:subprocess,0.0,0.0,85.045,15.078
425.807,sglang:subprocess,0.0,0.0,85.045,15.078
426.307,sglang:subprocess,0.0,0.0,85.046,15.078
426.808,sglang:subprocess,0.0,0.0,85.044,15.078
427.309,sglang:subprocess,0.0,0.0,85.045,15.078
427.81,sglang:subprocess,0.0,0.0,85.045,15.078
428.311,sglang:subprocess,0.0,0.0,85.045,15.078
428.811,sglang:subprocess,0.0,0.0,85.046,15.078
429.312,sglang:subprocess,0.0,0.0,85.048,15.078
429.813,sglang:subprocess,0.0,0.0,85.048,15.078
430.313,sglang:subprocess,0.0,0.0,85.049,15.078
430.814,sglang:subprocess,0.0,0.0,85.049,15.078
431.315,sglang:subprocess,0.0,0.0,85.051,15.078
431.815,sglang:subprocess,0.0,0.0,85.05,15.078
432.316,sglang:subprocess,0.0,0.0,85.051,15.078
432.817,sglang:subprocess,0.0,0.0,85.05,15.078
433.318,sglang:subprocess,0.0,0.0,85.051,15.078
433.819,sglang:subprocess,0.0,0.0,85.048,15.078
434.319,sglang:subprocess,0.0,0.0,85.047,15.078
434.82,sglang:subprocess,0.0,0.0,85.044,15.078
435.321,sglang:subprocess,0.0,0.0,85.044,15.078
435.821,sglang:subprocess,0.0,0.0,85.045,15.078
436.322,sglang:subprocess,0.0,0.0,85.045,15.078
436.823,sglang:subprocess,0.0,0.0,85.046,15.078
437.323,sglang:subprocess,0.0,0.0,85.046,15.078
437.824,sglang:subprocess,0.0,0.0,85.046,15.078
438.325,sglang:subprocess,0.0,0.0,85.046,15.078
438.826,sglang:subprocess,0.0,0.0,85.045,15.078
439.327,sglang:subprocess,0.0,0.0,85.046,15.078
439.829,sglang:subprocess,0.0,0.0,85.046,15.078
440.329,sglang:subprocess,0.0,0.0,85.045,15.078
440.83,sglang:subprocess,0.0,0.0,85.046,15.078
441.331,sglang:subprocess,0.0,0.0,85.046,15.078
441.831,sglang:subprocess,0.0,0.0,85.046,15.078
442.332,sglang:subprocess,0.0,0.0,85.046,15.078
442.833,sglang:subprocess,0.0,0.0,85.046,15.078
443.334,sglang:subprocess,0.0,0.0,85.046,15.078
443.834,sglang:subprocess,0.0,0.0,85.046,15.078
444.335,sglang:subprocess,0.0,0.0,85.046,15.078
444.836,sglang:subprocess,0.0,0.0,85.042,15.078
445.337,sglang:subprocess,0.0,0.0,85.042,15.078
445.837,sglang:subprocess,0.0,0.0,85.04,15.078
446.338,sglang:subprocess,0.0,0.0,85.041,15.078
446.839,sglang:subprocess,0.0,0.0,85.041,15.078
447.339,sglang:subprocess,0.0,0.0,85.042,15.078
447.84,sglang:subprocess,0.0,0.0,85.043,15.078
448.341,sglang:subprocess,0.0,0.0,85.043,15.078
448.842,sglang:subprocess,0.0,0.0,85.043,15.078
449.342,sglang:subprocess,0.0,0.0,85.043,15.078
449.843,sglang:subprocess,0.0,0.0,85.044,15.078
450.344,sglang:subprocess,0.0,0.0,85.044,15.078
450.844,sglang:subprocess,0.0,0.0,85.045,15.078
451.345,sglang:subprocess,0.0,0.0,85.046,15.078
451.846,sglang:subprocess,0.0,0.0,85.045,15.078
452.346,sglang:subprocess,0.0,0.0,85.046,15.078
452.847,sglang:subprocess,0.0,0.0,85.045,15.078
453.348,sglang:subprocess,0.0,0.0,85.045,15.078
453.849,sglang:subprocess,0.0,0.0,85.065,15.078
454.35,sglang:subprocess,0.0,0.0,85.066,15.078
454.85,sglang:subprocess,0.0,0.0,85.065,15.078
455.351,sglang:subprocess,0.0,0.0,85.064,15.078
455.852,sglang:subprocess,0.0,0.0,85.064,15.078
456.353,sglang:subprocess,0.0,0.0,85.064,15.078
456.853,sglang:subprocess,0.0,0.0,85.065,15.078
457.354,sglang:subprocess,0.0,0.0,85.068,15.078
457.855,sglang:subprocess,0.0,0.0,85.069,15.078
458.355,sglang:subprocess,0.0,0.0,85.068,15.078
458.856,sglang:subprocess,0.0,0.0,85.069,15.078
459.357,sglang:subprocess,0.0,0.0,85.069,15.078
459.858,sglang:subprocess,0.0,0.0,85.068,15.078
460.358,sglang:subprocess,0.0,0.0,85.066,15.078
460.859,sglang:subprocess,0.0,0.0,85.067,15.078
461.36,sglang:subprocess,0.0,0.0,85.067,15.078
461.86,sglang:subprocess,0.0,0.0,85.068,15.078
462.361,sglang:subprocess,0.0,0.0,85.069,15.078
462.862,sglang:subprocess,0.0,0.0,85.069,15.078
463.362,sglang:subprocess,0.0,0.0,85.065,15.078
463.863,sglang:subprocess,0.0,0.0,85.065,15.078
464.364,sglang:subprocess,0.0,0.0,85.065,15.078
464.865,sglang:subprocess,0.0,0.0,85.066,15.078
465.366,sglang:subprocess,0.0,0.0,85.066,15.078
465.866,sglang:subprocess,0.0,0.0,85.067,15.078
466.367,sglang:subprocess,0.0,0.0,85.066,15.078
466.868,sglang:subprocess,0.0,0.0,85.065,15.078
467.368,sglang:subprocess,0.0,0.0,85.07,15.078
467.869,sglang:subprocess,0.0,0.0,85.07,15.078
468.37,sglang:subprocess,0.0,0.0,85.07,15.078
468.87,sglang:subprocess,0.0,0.0,85.071,15.078
469.371,sglang:subprocess,0.0,0.0,85.071,15.078
469.872,sglang:subprocess,0.0,0.0,85.071,15.078
470.373,sglang:subprocess,0.0,0.0,85.072,15.078
470.873,sglang:subprocess,0.0,0.0,85.072,15.078
471.374,sglang:subprocess,0.0,0.0,85.072,15.078
471.875,sglang:subprocess,0.0,0.0,85.072,15.078
472.376,sglang:subprocess,0.0,0.0,85.073,15.078
472.876,sglang:subprocess,0.0,0.0,85.071,15.078
473.377,sglang:subprocess,0.0,0.0,85.071,15.078
473.878,sglang:subprocess,0.0,0.0,85.066,15.078
474.378,sglang:subprocess,0.0,0.0,85.045,15.078
474.879,sglang:subprocess,0.0,0.0,85.044,15.078
475.38,sglang:subprocess,0.0,0.0,85.042,15.078
475.881,sglang:subprocess,0.0,0.0,85.044,15.078
476.382,sglang:subprocess,0.0,0.0,85.043,15.078
476.882,sglang:subprocess,0.0,0.0,85.047,15.078
477.383,sglang:subprocess,0.0,0.0,85.05,15.078
477.884,sglang:subprocess,0.0,0.0,85.049,15.078
478.386,sglang:subprocess,0.0,0.0,85.049,15.078
478.887,sglang:subprocess,0.0,0.0,85.05,15.078
479.387,sglang:subprocess,0.0,0.0,85.05,15.078
479.888,sglang:subprocess,0.0,0.0,85.05,15.078
480.389,sglang:subprocess,0.0,0.0,85.05,15.078
480.898,sglang:subprocess,0.0,0.0,85.05,15.078
481.399,sglang:subprocess,0.0,0.0,85.051,15.078
481.9,sglang:subprocess,0.0,0.0,85.05,15.078
482.4,sglang:subprocess,0.0,0.0,85.049,15.078
482.901,sglang:subprocess,0.0,0.0,85.169,15.078
483.402,sglang:subprocess,0.0,0.0,85.173,15.078
483.902,sglang:subprocess,0.0,0.0,85.172,15.078
484.403,sglang:subprocess,0.0,0.0,85.173,15.078
484.904,sglang:subprocess,0.0,0.0,85.173,15.078
485.405,sglang:subprocess,0.0,0.0,85.173,15.078
485.906,sglang:subprocess,0.0,0.0,85.173,15.078
486.406,sglang:subprocess,0.0,0.0,85.172,15.078
486.907,sglang:subprocess,0.0,0.0,85.177,15.098
487.408,sglang:subprocess,0.0,0.0,85.177,15.098
487.908,sglang:subprocess,0.0,0.0,85.178,15.098
488.409,sglang:subprocess,0.0,0.0,85.177,15.098
488.912,sglang:subprocess,0.0,0.0,85.177,15.098
489.413,sglang:subprocess,0.0,0.0,85.178,15.098
489.913,sglang:subprocess,0.0,0.0,85.178,15.098
490.414,sglang:subprocess,0.0,0.0,85.179,15.098
490.915,sglang:subprocess,0.0,0.0,85.178,15.098
491.416,sglang:subprocess,0.0,0.0,85.173,15.098
491.917,sglang:subprocess,0.0,0.0,85.173,15.098
492.417,sglang:subprocess,0.0,0.0,85.143,15.098
492.918,sglang:subprocess,0.0,0.0,85.143,15.098
493.419,sglang:subprocess,0.0,0.0,85.143,15.098
493.919,sglang:subprocess,0.0,0.0,85.146,15.098
494.42,sglang:subprocess,0.0,0.0,85.142,15.098
494.921,sglang:subprocess,0.0,0.0,85.142,15.098
495.421,sglang:subprocess,0.0,0.0,85.142,15.098
495.923,sglang:subprocess,0.0,0.0,85.142,15.098
496.423,sglang:subprocess,0.0,0.0,85.142,15.098
496.924,sglang:subprocess,0.0,0.0,85.144,15.098
497.425,sglang:subprocess,0.0,0.0,85.144,15.098
497.925,sglang:subprocess,0.0,0.0,85.145,15.098
498.426,sglang:subprocess,0.0,0.0,85.147,15.098
498.927,sglang:subprocess,0.0,0.0,85.146,15.098
499.428,sglang:subprocess,0.0,0.0,85.146,15.098
499.929,sglang:subprocess,0.0,0.0,85.146,15.098
500.429,sglang:subprocess,0.0,0.0,85.147,15.098
500.93,sglang:subprocess,0.0,0.0,85.148,15.098
501.431,sglang:subprocess,0.0,0.0,85.143,15.098
501.932,sglang:subprocess,0.0,0.0,85.143,15.098
502.433,sglang:subprocess,0.0,0.0,85.144,15.098
502.933,sglang:subprocess,0.0,0.0,85.143,15.098
503.434,sglang:subprocess,0.0,0.0,85.143,15.098
503.935,sglang:subprocess,0.0,0.0,85.143,15.098
504.435,sglang:subprocess,0.0,0.0,85.144,15.098
504.936,sglang:subprocess,0.0,0.0,85.143,15.098
505.437,sglang:subprocess,0.0,0.0,85.143,15.098
505.937,sglang:subprocess,0.0,0.0,85.142,15.098
506.438,sglang:subprocess,0.0,0.0,85.142,15.098
506.939,sglang:subprocess,0.0,0.0,85.147,15.098
507.44,sglang:subprocess,0.0,0.0,85.148,15.098
507.94,sglang:subprocess,0.0,0.0,85.149,15.098
508.441,sglang:subprocess,0.0,0.0,85.148,15.098
508.942,sglang:subprocess,0.0,0.0,85.147,15.098
509.442,sglang:subprocess,0.0,0.0,85.148,15.098
509.943,sglang:subprocess,0.0,0.0,85.147,15.098
510.444,sglang:subprocess,0.0,0.0,85.147,15.098
510.944,sglang:subprocess,0.0,0.0,85.151,15.098
511.445,sglang:subprocess,0.0,0.0,85.151,15.098
511.946,sglang:subprocess,0.0,0.0,85.151,15.098
512.447,sglang:subprocess,0.0,0.0,85.151,15.098
512.947,sglang:subprocess,0.0,0.0,85.149,15.098
513.448,sglang:subprocess,0.0,0.0,85.149,15.098
513.949,sglang:subprocess,0.0,0.0,85.143,15.098
514.45,sglang:subprocess,0.0,0.0,85.143,15.098
514.95,sglang:subprocess,0.0,0.0,85.142,15.098
515.451,sglang:subprocess,0.0,0.0,85.142,15.098
515.952,sglang:subprocess,0.0,0.0,85.142,15.098
516.452,sglang:subprocess,0.0,0.0,85.142,15.098
516.953,sglang:subprocess,0.0,0.0,85.144,15.098
517.454,sglang:subprocess,0.0,0.0,85.145,15.098
517.955,sglang:subprocess,0.0,0.0,85.145,15.098
518.455,sglang:subprocess,0.0,0.0,85.145,15.098
518.956,sglang:subprocess,0.0,0.0,85.145,15.098
519.457,sglang:subprocess,0.0,0.0,85.146,15.098
519.957,sglang:subprocess,0.0,0.0,85.146,15.098
520.458,sglang:subprocess,0.0,0.0,85.145,15.098
520.959,sglang:subprocess,0.0,0.0,85.145,15.098
521.459,sglang:subprocess,0.0,0.0,85.146,15.098
521.961,sglang:subprocess,0.0,0.0,85.145,15.098
522.463,sglang:subprocess,0.0,0.0,85.145,15.098
522.963,sglang:subprocess,0.0,0.0,85.147,15.098
523.464,sglang:subprocess,0.0,0.0,85.144,15.098
523.965,sglang:subprocess,0.0,0.0,85.142,15.098
524.465,sglang:subprocess,0.0,0.0,85.141,15.098
524.966,sglang:subprocess,0.0,0.0,85.141,15.098
525.467,sglang:subprocess,0.0,0.0,85.142,15.098
525.967,sglang:subprocess,0.0,0.0,85.142,15.098
526.468,sglang:subprocess,0.0,0.0,85.142,15.098
526.969,sglang:subprocess,0.0,0.0,85.146,15.098
527.47,sglang:subprocess,0.0,0.0,85.146,15.098
527.97,sglang:subprocess,0.0,0.0,85.146,15.098
528.471,sglang:subprocess,0.0,0.0,85.146,15.098
528.972,sglang:subprocess,0.0,0.0,85.148,15.098
529.473,sglang:subprocess,0.0,0.0,85.148,15.098
529.973,sglang:subprocess,0.0,0.0,85.147,15.098
530.474,sglang:subprocess,0.0,0.0,85.147,15.098
530.975,sglang:subprocess,0.0,0.0,85.146,15.098
531.475,sglang:subprocess,0.0,0.0,85.147,15.098
531.976,sglang:subprocess,0.0,0.0,85.15,15.098
532.477,sglang:subprocess,0.0,0.0,85.149,15.098
532.978,sglang:subprocess,0.0,0.0,85.148,15.098
533.479,sglang:subprocess,0.0,0.0,85.148,15.098
533.979,sglang:subprocess,0.0,0.0,85.149,15.098
534.48,sglang:subprocess,0.0,0.0,85.148,15.098
534.981,sglang:subprocess,0.0,0.0,85.148,15.098
535.481,sglang:subprocess,0.0,0.0,85.148,15.098
535.982,sglang:subprocess,0.0,0.0,85.147,15.098
536.483,sglang:subprocess,0.0,0.0,85.148,15.098
536.983,sglang:subprocess,0.0,0.0,85.149,15.098
537.484,sglang:subprocess,0.0,0.0,85.147,15.098
537.985,sglang:subprocess,0.0,0.0,85.146,15.098
538.486,sglang:subprocess,0.0,0.0,85.146,15.098
538.987,sglang:subprocess,0.0,0.0,85.148,15.098
539.487,sglang:subprocess,0.0,0.0,85.148,15.098
539.988,sglang:subprocess,0.0,0.0,85.147,15.098
540.489,sglang:subprocess,0.0,0.0,85.147,15.098
540.989,sglang:subprocess,0.0,0.0,85.148,15.098
541.49,sglang:subprocess,0.0,0.0,85.149,15.098
541.991,sglang:subprocess,0.0,0.0,85.15,15.098
542.492,sglang:subprocess,0.0,0.0,85.149,15.098
542.992,sglang:subprocess,0.0,0.0,85.146,15.098
543.493,sglang:subprocess,0.0,0.0,85.147,15.098
543.994,sglang:subprocess,0.0,0.0,85.146,15.098
544.495,sglang:subprocess,0.0,0.0,85.146,15.098
544.996,sglang:subprocess,0.0,0.0,85.145,15.098
545.496,sglang:subprocess,0.0,0.0,85.146,15.098
545.997,sglang:subprocess,0.0,0.0,85.145,15.098
546.498,sglang:subprocess,0.0,0.0,85.145,15.098
546.999,sglang:subprocess,0.0,0.0,85.147,15.098
547.499,sglang:subprocess,0.0,0.0,85.148,15.098
548.0,sglang:subprocess,0.0,0.0,85.147,15.098
548.502,sglang:subprocess,0.0,0.0,85.147,15.098
549.003,sglang:subprocess,0.0,0.0,85.147,15.098
549.503,sglang:subprocess,0.0,0.0,85.148,15.098
550.004,sglang:subprocess,0.0,0.0,85.147,15.098
550.505,sglang:subprocess,0.0,0.0,85.147,15.098
551.005,sglang:subprocess,0.0,0.0,85.147,15.098
551.506,sglang:subprocess,0.0,0.0,85.147,15.098
552.007,sglang:subprocess,0.0,0.0,85.148,15.098
552.507,sglang:subprocess,0.0,0.0,85.148,15.098
553.008,sglang:subprocess,0.0,0.0,85.147,15.098
553.509,sglang:subprocess,0.0,0.0,85.148,15.098
554.01,sglang:subprocess,0.0,0.0,85.147,15.098
554.511,sglang:subprocess,0.0,0.0,85.147,15.098
555.011,sglang:subprocess,0.0,0.0,85.147,15.098
555.512,sglang:subprocess,0.0,0.0,85.146,15.098
556.013,sglang:subprocess,0.0,0.0,85.147,15.098
556.513,sglang:subprocess,0.0,0.0,85.148,15.098
557.014,sglang:subprocess,0.0,0.0,85.148,15.098
557.515,sglang:subprocess,0.0,0.0,85.148,15.098
558.021,sglang:subprocess,0.0,0.0,85.148,15.098
558.522,sglang:subprocess,0.0,0.0,85.149,15.098
559.023,sglang:subprocess,0.0,0.0,85.148,15.098
559.524,sglang:subprocess,0.0,0.0,85.15,15.098
560.025,sglang:subprocess,0.0,0.0,85.148,15.098
560.525,sglang:subprocess,0.0,0.0,85.149,15.098
561.026,sglang:subprocess,0.0,0.0,85.148,15.098
561.527,sglang:subprocess,0.0,0.0,85.149,15.098
562.027,sglang:subprocess,0.0,0.0,85.149,15.098
562.528,sglang:subprocess,0.0,0.0,85.149,15.098
563.029,sglang:subprocess,0.0,0.0,85.148,15.098
563.529,sglang:subprocess,0.0,0.0,85.149,15.098
564.03,sglang:subprocess,0.0,0.0,85.146,15.098
564.531,sglang:subprocess,0.0,0.0,85.146,15.098
565.032,sglang:subprocess,0.0,0.0,85.146,15.098
565.533,sglang:subprocess,0.0,0.0,85.146,15.098
566.033,sglang:subprocess,0.0,0.0,85.146,15.098
566.534,sglang:subprocess,0.0,0.0,85.147,15.098
567.035,sglang:subprocess,0.0,0.0,85.147,15.098
567.535,sglang:subprocess,0.0,0.0,85.149,15.098
568.036,sglang:subprocess,0.0,0.0,85.149,15.098
568.537,sglang:subprocess,0.0,0.0,85.15,15.098
569.037,sglang:subprocess,0.0,0.0,85.149,15.098
569.538,sglang:subprocess,0.0,0.0,85.149,15.098
570.039,sglang:subprocess,0.0,0.0,85.148,15.098
570.54,sglang:subprocess,0.0,0.0,85.149,15.098
571.04,sglang:subprocess,0.0,0.0,85.149,15.098
571.541,sglang:subprocess,0.0,0.0,85.149,15.098
572.042,sglang:subprocess,0.0,0.0,85.149,15.098
572.542,sglang:subprocess,0.0,0.0,85.149,15.098
573.043,sglang:subprocess,0.0,0.0,85.148,15.098
573.544,sglang:subprocess,0.0,0.0,85.147,15.098
574.045,sglang:subprocess,0.0,0.0,85.145,15.098
574.545,sglang:subprocess,0.0,0.0,85.144,15.098
575.046,sglang:subprocess,0.0,0.0,85.143,15.098
575.547,sglang:subprocess,0.0,0.0,85.143,15.098
576.048,sglang:subprocess,0.0,0.0,85.145,15.098
576.548,sglang:subprocess,0.0,0.0,85.146,15.098
577.049,sglang:subprocess,0.0,0.0,85.152,15.098
577.55,sglang:subprocess,0.0,0.0,85.15,15.098
578.05,sglang:subprocess,0.0,0.0,85.151,15.098
578.551,sglang:subprocess,0.0,0.0,85.151,15.098
579.052,sglang:subprocess,0.0,0.0,85.15,15.098
579.552,sglang:subprocess,0.0,0.0,85.15,15.098
580.053,sglang:subprocess,0.0,0.0,85.151,15.098
580.554,sglang:subprocess,0.0,0.0,85.151,15.098
581.055,sglang:subprocess,0.0,0.0,85.149,15.098
581.555,sglang:subprocess,0.0,0.0,85.15,15.098
582.056,sglang:subprocess,0.0,0.0,85.149,15.098
582.557,sglang:subprocess,0.0,0.0,85.15,15.098
583.057,sglang:subprocess,0.0,0.0,85.148,15.098
583.558,sglang:subprocess,0.0,0.0,85.149,15.098
584.059,sglang:subprocess,0.0,0.0,85.149,15.098
584.56,sglang:subprocess,0.0,0.0,85.15,15.098
585.06,sglang:subprocess,0.0,0.0,85.156,15.098
585.561,sglang:subprocess,0.0,0.0,85.156,15.098
586.062,sglang:subprocess,0.0,0.0,85.156,15.098
586.563,sglang:subprocess,0.0,0.0,85.159,15.098
587.063,sglang:subprocess,0.0,0.0,85.162,15.098
587.564,sglang:subprocess,0.0,0.0,85.163,15.098
588.065,sglang:subprocess,0.0,0.0,85.164,15.098
588.565,sglang:subprocess,0.0,0.0,85.164,15.098
589.066,sglang:subprocess,0.0,0.0,85.163,15.098
589.567,sglang:subprocess,0.0,0.0,85.163,15.098
590.067,sglang:subprocess,0.0,0.0,85.162,15.098
590.568,sglang:subprocess,0.0,0.0,85.163,15.098
591.069,sglang:subprocess,0.0,0.0,85.164,15.098
591.57,sglang:subprocess,0.0,0.0,85.165,15.098
592.072,sglang:subprocess,0.0,0.0,85.166,15.098
592.573,sglang:subprocess,0.0,0.0,85.166,15.098
593.073,sglang:subprocess,0.0,0.0,85.162,15.098
593.574,sglang:subprocess,0.0,0.0,85.162,15.098
594.075,sglang:subprocess,0.0,0.0,85.16,15.098
594.575,sglang:subprocess,0.0,0.0,85.16,15.098
595.076,sglang:subprocess,0.0,0.0,85.159,15.098
595.577,sglang:subprocess,0.0,0.0,85.159,15.098
596.078,sglang:subprocess,0.0,0.0,85.161,15.098
596.578,sglang:subprocess,0.0,0.0,85.162,15.098
597.079,sglang:subprocess,0.0,0.0,85.165,15.098
597.58,sglang:subprocess,0.0,0.0,85.165,15.098
598.081,sglang:subprocess,0.0,0.0,85.163,15.098
598.581,sglang:subprocess,0.0,0.0,85.163,15.098
599.082,sglang:subprocess,0.0,0.0,85.162,15.098
599.583,sglang:subprocess,0.0,0.0,85.162,15.098
600.083,sglang:subprocess,0.0,0.0,85.162,15.098
600.584,sglang:subprocess,0.0,0.0,85.164,15.098
601.085,sglang:subprocess,0.0,0.0,85.165,15.098
601.586,sglang:subprocess,0.0,0.0,85.165,15.098
602.086,sglang:subprocess,0.0,0.0,85.165,15.098
602.587,sglang:subprocess,0.0,0.0,85.165,15.098
603.088,sglang:subprocess,0.0,0.0,85.164,15.098
603.588,sglang:subprocess,0.0,0.0,85.164,15.098
604.089,sglang:subprocess,0.0,0.0,85.163,15.098
604.59,sglang:subprocess,0.0,0.0,85.163,15.098
605.09,sglang:subprocess,0.0,0.0,85.161,15.098
605.591,sglang:subprocess,0.0,0.0,85.161,15.098
606.092,sglang:subprocess,0.0,0.0,85.161,15.098
606.593,sglang:subprocess,0.0,0.0,85.149,15.098
607.094,sglang:subprocess,0.0,0.0,85.147,15.098
607.594,sglang:subprocess,0.0,0.0,85.15,15.098
608.095,sglang:subprocess,0.0,0.0,85.151,15.098
608.596,sglang:subprocess,0.0,0.0,85.154,15.098
609.096,sglang:subprocess,0.0,0.0,85.148,15.098
609.597,sglang:subprocess,0.0,0.0,85.15,15.098
610.098,sglang:subprocess,0.0,0.0,85.152,15.098
610.598,sglang:subprocess,0.0,0.0,85.156,15.098
611.099,sglang:subprocess,0.0,0.0,85.156,15.098
611.6,sglang:subprocess,0.0,0.0,85.158,15.098
612.101,sglang:subprocess,0.0,0.0,85.16,15.098
612.605,sglang:subprocess,0.0,0.0,85.16,15.098
613.105,sglang:subprocess,0.0,0.0,85.159,15.098
613.606,sglang:subprocess,0.0,0.0,85.16,15.098
614.107,sglang:subprocess,0.0,0.0,85.156,15.098
614.607,sglang:subprocess,0.0,0.0,85.158,15.098
615.108,sglang:subprocess,0.0,0.0,85.157,15.098
615.609,sglang:subprocess,0.0,0.0,85.157,15.098
616.109,sglang:subprocess,0.0,0.0,85.157,15.098
616.61,sglang:subprocess,0.0,0.0,85.159,15.098
617.111,sglang:subprocess,0.0,0.0,85.16,15.098
617.612,sglang:subprocess,0.0,0.0,85.161,15.098
618.112,sglang:subprocess,0.0,0.0,85.16,15.098
618.613,sglang:subprocess,0.0,0.0,85.163,15.098
619.114,sglang:subprocess,0.0,0.0,85.163,15.098
619.615,sglang:subprocess,0.0,0.0,85.163,15.098
620.115,sglang:subprocess,0.0,0.0,85.164,15.098
620.616,sglang:subprocess,0.0,0.0,85.162,15.098
621.117,sglang:subprocess,0.0,0.0,85.161,15.098
621.617,sglang:subprocess,0.0,0.0,85.163,15.098
622.118,sglang:subprocess,0.0,0.0,85.163,15.098
622.619,sglang:subprocess,0.0,0.0,85.164,15.098
623.12,sglang:subprocess,0.0,0.0,85.162,15.098
623.62,sglang:subprocess,0.0,0.0,85.161,15.098
624.121,sglang:subprocess,0.0,0.0,85.161,15.098
624.622,sglang:subprocess,0.0,0.0,85.162,15.098
625.122,sglang:subprocess,0.0,0.0,85.162,15.098
625.623,sglang:subprocess,0.0,0.0,85.162,15.098
626.125,sglang:subprocess,0.0,0.0,85.162,15.098
626.626,sglang:subprocess,0.0,0.0,85.162,15.098
627.126,sglang:subprocess,0.0,0.0,85.163,15.098
627.627,sglang:subprocess,0.0,0.0,85.163,15.098
628.128,sglang:subprocess,0.0,0.0,85.163,15.098
628.629,sglang:subprocess,0.0,0.0,85.163,15.098
629.129,sglang:subprocess,0.0,0.0,85.164,15.098
629.63,sglang:subprocess,0.0,0.0,85.164,15.098
630.131,sglang:subprocess,0.0,0.0,85.164,15.098
630.631,sglang:subprocess,0.0,0.0,85.165,15.098
631.135,sglang:subprocess,0.0,0.0,85.165,15.098
631.636,sglang:subprocess,0.0,0.0,85.166,15.098
632.136,sglang:subprocess,0.0,0.0,85.167,15.098
632.637,sglang:subprocess,0.0,0.0,85.165,15.098
633.138,sglang:subprocess,0.0,0.0,85.164,15.098
633.639,sglang:subprocess,0.0,0.0,85.164,15.098
634.139,sglang:subprocess,0.0,0.0,85.164,15.098
634.64,sglang:subprocess,0.0,0.0,85.161,15.098
635.141,sglang:subprocess,0.0,0.0,85.161,15.098
635.641,sglang:subprocess,0.0,0.0,85.161,15.098
636.142,sglang:subprocess,0.0,0.0,85.161,15.098
636.643,sglang:subprocess,0.0,0.0,85.162,15.098
637.143,sglang:subprocess,0.0,0.0,85.163,15.098
637.644,sglang:subprocess,0.0,0.0,85.163,15.098
638.145,sglang:subprocess,0.0,0.0,85.164,15.098
638.646,sglang:subprocess,0.0,0.0,85.164,15.098
639.147,sglang:subprocess,0.0,0.0,85.163,15.098
639.647,sglang:subprocess,0.0,0.0,85.164,15.098
640.148,sglang:subprocess,0.0,0.0,85.164,15.098
640.649,sglang:subprocess,0.0,0.0,85.164,15.098
641.149,sglang:subprocess,0.0,0.0,85.164,15.098
641.65,sglang:subprocess,0.0,0.0,85.165,15.098
642.151,sglang:subprocess,0.0,0.0,85.165,15.098
642.651,sglang:subprocess,0.0,0.0,85.165,15.098
643.153,sglang:subprocess,0.0,0.0,85.163,15.098
643.653,sglang:subprocess,0.0,0.0,85.163,15.098
644.154,sglang:subprocess,0.0,0.0,85.163,15.098
644.655,sglang:subprocess,0.0,0.0,85.164,15.098
645.155,sglang:subprocess,0.0,0.0,85.163,15.098
645.656,sglang:subprocess,0.0,0.0,85.163,15.098
646.157,sglang:subprocess,0.0,0.0,85.163,15.098
646.657,sglang:subprocess,0.0,0.0,85.164,15.098
647.158,sglang:subprocess,0.0,0.0,85.164,15.098
647.659,sglang:subprocess,0.0,0.0,85.163,15.098
648.159,sglang:subprocess,0.0,0.0,85.164,15.098
648.66,sglang:subprocess,0.0,0.0,85.164,15.098
649.161,sglang:subprocess,0.0,0.0,85.164,15.098
649.662,sglang:subprocess,0.0,0.0,85.164,15.098
650.162,sglang:subprocess,0.0,0.0,85.165,15.098
650.663,sglang:subprocess,0.0,0.0,85.166,15.098
651.164,sglang:subprocess,0.0,0.0,85.165,15.098
651.664,sglang:subprocess,0.0,0.0,85.166,15.098
652.165,sglang:subprocess,0.0,0.0,85.166,15.098
652.666,sglang:subprocess,0.0,0.0,85.165,15.098
653.167,sglang:subprocess,0.0,0.0,85.166,15.098
653.668,sglang:subprocess,0.0,0.0,85.165,15.098
654.168,sglang:subprocess,0.0,0.0,85.165,15.098
654.669,sglang:subprocess,0.0,0.0,85.164,15.098
655.17,sglang:subprocess,0.0,0.0,85.164,15.098
655.671,sglang:subprocess,0.0,0.0,85.163,15.098
656.171,sglang:subprocess,0.0,0.0,85.163,15.098
656.672,sglang:subprocess,0.0,0.0,85.163,15.098
657.173,sglang:subprocess,0.0,0.0,85.167,15.098
657.673,sglang:subprocess,0.0,0.0,85.166,15.098
658.174,sglang:subprocess,0.0,0.0,85.166,15.098
658.675,sglang:subprocess,0.0,0.0,85.166,15.098
659.176,sglang:subprocess,0.0,0.0,85.159,15.098
659.676,sglang:subprocess,0.0,0.0,85.158,15.098
660.177,sglang:subprocess,0.0,0.0,85.158,15.098
660.678,sglang:subprocess,0.0,0.0,85.158,15.098
661.179,sglang:subprocess,0.0,0.0,85.159,15.098
661.679,sglang:subprocess,0.0,0.0,85.159,15.098
662.18,sglang:subprocess,0.0,0.0,85.159,15.098
662.681,sglang:subprocess,0.0,0.0,85.158,15.098
663.181,sglang:subprocess,0.0,0.0,85.157,15.098
663.682,sglang:subprocess,0.0,0.0,85.157,15.098
664.183,sglang:subprocess,0.0,0.0,85.157,15.098
664.684,sglang:subprocess,0.0,0.0,85.157,15.098
665.184,sglang:subprocess,0.0,0.0,85.159,15.098
665.685,sglang:subprocess,0.0,0.0,85.159,15.098
666.186,sglang:subprocess,0.0,0.0,85.159,15.098
666.687,sglang:subprocess,0.0,0.0,85.159,15.098
667.187,sglang:subprocess,0.0,0.0,85.16,15.098
667.688,sglang:subprocess,0.0,0.0,85.16,15.098
668.189,sglang:subprocess,0.0,0.0,85.16,15.098
668.689,sglang:subprocess,0.0,0.0,85.16,15.098
669.19,sglang:subprocess,0.0,0.0,85.162,15.098
669.691,sglang:subprocess,0.0,0.0,85.159,15.098
670.192,sglang:subprocess,0.0,0.0,85.16,15.098
670.692,sglang:subprocess,0.0,0.0,85.16,15.098
671.193,sglang:subprocess,0.0,0.0,85.159,15.098
671.694,sglang:subprocess,0.0,0.0,85.161,15.098
672.194,sglang:subprocess,0.0,0.0,85.161,15.098
672.695,sglang:subprocess,0.0,0.0,85.16,15.098
673.196,sglang:subprocess,0.0,0.0,85.155,15.098
673.696,sglang:subprocess,0.0,0.0,85.154,15.098
674.197,sglang:subprocess,0.0,0.0,85.154,15.098
674.698,sglang:subprocess,0.0,0.0,85.154,15.098
675.199,sglang:subprocess,0.0,0.0,85.154,15.098
675.7,sglang:subprocess,0.0,0.0,85.155,15.098
676.2,sglang:subprocess,0.0,0.0,85.155,15.098
676.701,sglang:subprocess,0.0,0.0,85.154,15.098
677.202,sglang:subprocess,0.0,0.0,85.16,15.098
677.702,sglang:subprocess,0.0,0.0,85.159,15.098
678.203,sglang:subprocess,0.0,0.0,85.159,15.098
678.704,sglang:subprocess,0.0,0.0,85.159,15.098
679.204,sglang:subprocess,0.0,0.0,85.159,15.098
679.705,sglang:subprocess,0.0,0.0,85.159,15.098
680.206,sglang:subprocess,0.0,0.0,85.16,15.098
680.707,sglang:subprocess,0.0,0.0,85.159,15.098
681.208,sglang:subprocess,0.0,0.0,85.159,15.098
681.708,sglang:subprocess,0.0,0.0,85.159,15.098
682.209,sglang:subprocess,0.0,0.0,85.16,15.098
682.71,sglang:subprocess,0.0,0.0,85.16,15.098
683.21,sglang:subprocess,0.0,0.0,85.16,15.098
683.711,sglang:subprocess,0.0,0.0,85.16,15.098
684.212,sglang:subprocess,0.0,0.0,85.155,15.098
684.712,sglang:subprocess,0.0,0.0,85.156,15.098
685.213,sglang:subprocess,0.0,0.0,85.155,15.098
685.714,sglang:subprocess,0.0,0.0,85.158,15.098
686.215,sglang:subprocess,0.0,0.0,85.157,15.098
686.715,sglang:subprocess,0.0,0.0,85.157,15.098
687.216,sglang:subprocess,0.0,0.0,85.161,15.098
687.717,sglang:subprocess,0.0,0.0,85.161,15.098
688.217,sglang:subprocess,0.0,0.0,85.159,15.098
688.718,sglang:subprocess,0.0,0.0,85.161,15.098
689.219,sglang:subprocess,0.0,0.0,85.16,15.098
689.72,sglang:subprocess,0.0,0.0,85.161,15.098
690.22,sglang:subprocess,0.0,0.0,85.161,15.098
690.722,sglang:subprocess,0.0,0.0,85.161,15.098
691.222,sglang:subprocess,0.0,0.0,85.16,15.098
691.723,sglang:subprocess,0.0,0.0,85.159,15.098
692.224,sglang:subprocess,0.0,0.0,85.158,15.098
692.724,sglang:subprocess,0.0,0.0,85.158,15.098
693.225,sglang:subprocess,0.0,0.0,85.159,15.098
693.726,sglang:subprocess,0.0,0.0,85.156,15.098
694.226,sglang:subprocess,0.0,0.0,85.155,15.098
694.727,sglang:subprocess,0.0,0.0,85.155,15.098
695.228,sglang:subprocess,0.0,0.0,85.154,15.098
695.729,sglang:subprocess,0.0,0.0,85.154,15.098
696.229,sglang:subprocess,0.0,0.0,85.153,15.098
696.73,sglang:subprocess,0.0,0.0,85.154,15.098
697.231,sglang:subprocess,0.0,0.0,85.158,15.098
697.731,sglang:subprocess,0.0,0.0,85.157,15.098
698.232,sglang:subprocess,0.0,0.0,85.157,15.098
698.733,sglang:subprocess,0.0,0.0,85.158,15.098
699.233,sglang:subprocess,0.0,0.0,85.157,15.098
699.734,sglang:subprocess,0.0,0.0,85.157,15.098
700.235,sglang:subprocess,0.0,0.0,85.156,15.098
700.735,sglang:subprocess,0.0,0.0,85.157,15.098
701.236,sglang:subprocess,0.0,0.0,85.157,15.098
701.737,sglang:subprocess,0.0,0.0,85.159,15.098
702.238,sglang:subprocess,0.0,0.0,85.159,15.098
702.738,sglang:subprocess,0.0,0.0,85.16,15.098
703.241,sglang:subprocess,0.0,0.0,85.163,15.098
703.742,sglang:subprocess,0.0,0.0,85.162,15.098
704.242,sglang:subprocess,0.0,0.0,85.161,15.098
704.743,sglang:subprocess,0.0,0.0,85.162,15.098
705.244,sglang:subprocess,0.0,0.0,85.16,15.098
705.744,sglang:subprocess,0.0,0.0,85.161,15.098
706.246,sglang:subprocess,0.0,0.0,85.16,15.098
706.746,sglang:subprocess,0.0,0.0,85.16,15.098
707.247,sglang:subprocess,0.0,0.0,85.161,15.098
707.748,sglang:subprocess,0.0,0.0,85.161,15.098
708.248,sglang:subprocess,0.0,0.0,85.162,15.098
708.749,sglang:subprocess,0.0,0.0,85.161,15.098
709.25,sglang:subprocess,0.0,0.0,85.161,15.098
709.75,sglang:subprocess,0.0,0.0,85.162,15.098
710.251,sglang:subprocess,0.0,0.0,85.163,15.098
710.752,sglang:subprocess,0.0,0.0,85.164,15.098
711.252,sglang:subprocess,0.0,0.0,85.163,15.098
711.754,sglang:subprocess,0.0,0.0,85.163,15.098
712.254,sglang:subprocess,0.0,0.0,85.162,15.098
712.755,sglang:subprocess,0.0,0.0,85.162,15.098
713.256,sglang:subprocess,0.0,0.0,85.16,15.098
713.756,sglang:subprocess,0.0,0.0,85.159,15.098
714.257,sglang:subprocess,0.0,0.0,85.159,15.098
714.758,sglang:subprocess,0.0,0.0,85.16,15.098
715.258,sglang:subprocess,0.0,0.0,85.158,15.098
715.759,sglang:subprocess,0.0,0.0,85.158,15.098
716.26,sglang:subprocess,0.0,0.0,85.159,15.098
716.761,sglang:subprocess,0.0,0.0,85.161,15.098
717.261,sglang:subprocess,0.0,0.0,85.161,15.098
717.762,sglang:subprocess,0.0,0.0,85.161,15.098
718.263,sglang:subprocess,0.0,0.0,85.162,15.098
718.764,sglang:subprocess,0.0,0.0,85.163,15.098
719.264,sglang:subprocess,0.0,0.0,85.162,15.098
719.765,sglang:subprocess,0.0,0.0,85.162,15.098
720.266,sglang:subprocess,0.0,0.0,85.162,15.098
720.766,sglang:subprocess,0.0,0.0,85.162,15.098
721.267,sglang:subprocess,0.0,0.0,85.16,15.098
721.768,sglang:subprocess,0.0,0.0,85.16,15.098
722.269,sglang:subprocess,0.0,0.0,85.161,15.098
722.769,sglang:subprocess,0.0,0.0,85.163,15.098
723.27,sglang:subprocess,0.0,0.0,85.16,15.098
723.771,sglang:subprocess,0.0,0.0,85.16,15.098
724.271,sglang:subprocess,0.0,0.0,85.16,15.098
724.772,sglang:subprocess,0.0,0.0,85.162,15.098
725.273,sglang:subprocess,0.0,0.0,85.158,15.098
725.773,sglang:subprocess,0.0,0.0,85.157,15.098
726.274,sglang:subprocess,0.0,0.0,85.159,15.098
726.775,sglang:subprocess,0.0,0.0,85.16,15.098
727.276,sglang:subprocess,0.0,0.0,85.16,15.098
727.777,sglang:subprocess,0.0,0.0,85.161,15.098
728.277,sglang:subprocess,0.0,0.0,85.161,15.098
728.778,sglang:subprocess,0.0,0.0,85.16,15.098
729.279,sglang:subprocess,0.0,0.0,85.16,15.098
729.779,sglang:subprocess,0.0,0.0,85.158,15.098
730.28,sglang:subprocess,0.0,0.0,85.16,15.098
730.781,sglang:subprocess,0.0,0.0,85.161,15.098
731.281,sglang:subprocess,0.0,0.0,85.16,15.098
731.782,sglang:subprocess,0.0,0.0,85.161,15.098
732.283,sglang:subprocess,0.0,0.0,85.161,15.098
732.784,sglang:subprocess,0.0,0.0,85.166,15.098
733.285,sglang:subprocess,0.0,0.0,85.154,15.098
733.785,sglang:subprocess,0.0,0.0,85.155,15.098
734.286,sglang:subprocess,0.0,0.0,85.154,15.098
734.787,sglang:subprocess,0.0,0.0,85.16,15.098
735.287,sglang:subprocess,0.0,0.0,85.155,15.098
735.788,sglang:subprocess,0.0,0.0,85.155,15.098
736.289,sglang:subprocess,0.0,0.0,85.156,15.098
736.789,sglang:subprocess,0.0,0.0,85.155,15.098
737.29,sglang:subprocess,0.0,0.0,85.159,15.098
737.791,sglang:subprocess,0.0,0.0,85.159,15.098
738.292,sglang:subprocess,0.0,0.0,85.158,15.098
738.792,sglang:subprocess,0.0,0.0,85.159,15.098
739.293,sglang:subprocess,0.0,0.0,85.159,15.098
739.794,sglang:subprocess,0.0,0.0,85.159,15.098
740.294,sglang:subprocess,0.0,0.0,85.159,15.098
740.795,sglang:subprocess,0.0,0.0,85.165,15.098
741.296,sglang:subprocess,0.0,0.0,85.159,15.098
741.796,sglang:subprocess,0.0,0.0,85.161,15.098
742.297,sglang:subprocess,0.0,0.0,85.161,15.098
742.798,sglang:subprocess,0.0,0.0,85.161,15.098
743.299,sglang:subprocess,0.0,0.0,84.971,15.098
743.799,sglang:subprocess,0.0,0.0,84.97,15.098
744.3,sglang:subprocess,0.0,0.0,84.971,15.098
744.801,sglang:subprocess,0.0,0.0,84.97,15.098
745.301,sglang:subprocess,0.0,0.0,84.969,15.098
745.802,sglang:subprocess,0.0,0.0,84.971,15.098
746.303,sglang:subprocess,0.0,0.0,84.977,15.098
746.804,sglang:subprocess,0.0,0.0,84.98,15.098
747.304,sglang:subprocess,0.0,0.0,84.984,15.098
747.805,sglang:subprocess,0.0,0.0,84.984,15.098
748.306,sglang:subprocess,0.0,0.0,84.984,15.098
748.807,sglang:subprocess,0.0,0.0,84.986,15.098
749.307,sglang:subprocess,0.0,0.0,84.986,15.098
749.808,sglang:subprocess,0.0,0.0,84.984,15.098
750.309,sglang:subprocess,0.0,0.0,84.984,15.098
750.81,sglang:subprocess,0.0,0.0,84.985,15.098
751.31,sglang:subprocess,0.0,0.0,84.984,15.098
751.811,sglang:subprocess,0.0,0.0,84.988,15.098
752.312,sglang:subprocess,0.0,0.0,84.988,15.098
752.812,sglang:subprocess,0.0,0.0,84.981,15.098
753.313,sglang:subprocess,0.0,0.0,84.981,15.098
753.814,sglang:subprocess,0.0,0.0,84.981,15.098
754.315,sglang:subprocess,0.0,0.0,84.981,15.098
754.816,sglang:subprocess,0.0,0.0,84.983,15.098
755.316,sglang:subprocess,0.0,0.0,84.983,15.098
755.817,sglang:subprocess,0.0,0.0,84.983,15.098
756.318,sglang:subprocess,0.0,0.0,84.982,15.098
756.818,sglang:subprocess,0.0,0.0,84.985,15.098
757.319,sglang:subprocess,0.0,0.0,84.99,15.098
757.82,sglang:subprocess,0.0,0.0,84.991,15.098
758.32,sglang:subprocess,0.0,0.0,84.991,15.098
758.821,sglang:subprocess,0.0,0.0,84.992,15.098
759.322,sglang:subprocess,0.0,0.0,84.992,15.098
759.823,sglang:subprocess,0.0,0.0,84.993,15.098
760.323,sglang:subprocess,0.0,0.0,84.992,15.098
760.824,sglang:subprocess,0.0,0.0,84.993,15.098
761.325,sglang:subprocess,0.0,0.0,84.993,15.098
761.825,sglang:subprocess,0.0,0.0,84.994,15.098
762.326,sglang:subprocess,0.0,0.0,84.997,15.098
762.827,sglang:subprocess,0.0,0.0,84.997,15.098
763.328,sglang:subprocess,0.0,0.0,84.991,15.098
763.828,sglang:subprocess,0.0,0.0,84.991,15.098
764.329,sglang:subprocess,0.0,0.0,84.991,15.098
764.83,sglang:subprocess,0.0,0.0,84.994,15.098
765.331,sglang:subprocess,0.0,0.0,85.089,15.098
765.831,sglang:subprocess,0.0,0.0,85.089,15.098
766.332,sglang:subprocess,0.0,0.0,85.089,15.098
766.833,sglang:subprocess,0.0,0.0,85.089,15.098
767.333,sglang:subprocess,0.0,0.0,85.093,15.098
767.834,sglang:subprocess,0.0,0.0,85.092,15.098
768.335,sglang:subprocess,0.0,0.0,85.092,15.098
768.835,sglang:subprocess,0.0,0.0,85.093,15.098
769.337,sglang:subprocess,0.0,0.0,85.094,15.098
769.837,sglang:subprocess,0.0,0.0,85.093,15.098
770.338,sglang:subprocess,0.0,0.0,85.095,15.098
770.839,sglang:subprocess,0.0,0.0,85.094,15.098
771.339,sglang:subprocess,0.0,0.0,85.093,15.098
771.84,sglang:subprocess,0.0,0.0,85.096,15.098
772.341,sglang:subprocess,0.0,0.0,85.096,15.098
772.841,sglang:subprocess,0.0,0.0,85.093,15.098
773.342,sglang:subprocess,0.0,0.0,85.094,15.098
773.843,sglang:subprocess,0.0,0.0,85.094,15.098
774.343,sglang:subprocess,0.0,0.0,85.094,15.098
774.844,sglang:subprocess,0.0,0.0,85.094,15.098
775.345,sglang:subprocess,0.0,0.0,85.094,15.098
775.846,sglang:subprocess,0.0,0.0,85.094,15.098
776.347,sglang:subprocess,0.0,0.0,85.094,15.098
776.847,sglang:subprocess,0.0,0.0,85.095,15.098
777.348,sglang:subprocess,0.0,0.0,85.101,15.098
777.849,sglang:subprocess,0.0,0.0,85.101,15.098
778.349,sglang:subprocess,0.0,0.0,85.105,15.098
778.85,sglang:subprocess,0.0,0.0,85.103,15.098
779.351,sglang:subprocess,0.0,0.0,85.103,15.098
779.852,sglang:subprocess,0.0,0.0,85.104,15.098
780.352,sglang:subprocess,0.0,0.0,85.104,15.098
780.853,sglang:subprocess,0.0,0.0,85.104,15.098
781.354,sglang:subprocess,0.0,0.0,85.104,15.098
781.854,sglang:subprocess,0.0,0.0,85.105,15.098
782.355,sglang:subprocess,0.0,0.0,85.105,15.098
782.856,sglang:subprocess,0.0,0.0,85.105,15.098
783.356,sglang:subprocess,0.0,0.0,85.111,15.098
783.857,sglang:subprocess,0.0,0.0,85.106,15.098
784.358,sglang:subprocess,0.0,0.0,85.106,15.098
784.858,sglang:subprocess,0.0,0.0,85.126,15.098
785.359,sglang:subprocess,0.0,0.0,85.114,15.098
785.86,sglang:subprocess,0.0,0.0,85.113,15.098
786.361,sglang:subprocess,0.0,0.0,85.112,15.098
786.862,sglang:subprocess,0.0,0.0,85.112,15.098
787.362,sglang:subprocess,0.0,0.0,85.115,15.098
787.863,sglang:subprocess,0.0,0.0,85.116,15.098
788.364,sglang:subprocess,0.0,0.0,85.115,15.098
788.899,sglang:subprocess,0.0,0.0,85.131,15.098
789.4,sglang:subprocess,0.0,0.0,85.118,15.098
789.9,sglang:subprocess,0.0,0.0,85.118,15.098
790.402,sglang:subprocess,0.0,0.0,85.118,15.098
790.902,sglang:subprocess,0.0,0.0,85.117,15.098
791.403,sglang:subprocess,0.0,0.0,85.117,15.098
791.904,sglang:subprocess,0.0,0.0,85.114,15.098
792.404,sglang:subprocess,0.0,0.0,85.114,15.098
792.907,sglang:subprocess,0.0,0.0,85.125,15.098
793.408,sglang:subprocess,0.0,0.0,85.11,15.098
793.909,sglang:subprocess,0.0,0.0,85.109,15.098
794.41,sglang:subprocess,0.0,0.0,85.109,15.098
794.91,sglang:subprocess,0.0,0.0,85.109,15.098
795.411,sglang:subprocess,0.0,0.0,85.109,15.098
795.912,sglang:subprocess,0.0,0.0,85.109,15.098
796.413,sglang:subprocess,0.0,0.0,85.109,15.098
796.913,sglang:subprocess,0.0,0.0,85.114,15.098
797.414,sglang:subprocess,0.0,0.0,85.114,15.098
797.915,sglang:subprocess,0.0,0.0,85.114,15.098
798.415,sglang:subprocess,0.0,0.0,85.115,15.098
798.916,sglang:subprocess,0.0,0.0,85.114,15.098
799.417,sglang:subprocess,0.0,0.0,85.113,15.098
799.917,sglang:subprocess,0.0,0.0,85.113,15.098
800.418,sglang:subprocess,0.0,0.0,85.115,15.098
800.92,sglang:subprocess,0.0,0.0,85.115,15.098
801.421,sglang:subprocess,0.0,0.0,85.116,15.098
801.921,sglang:subprocess,0.0,0.0,85.117,15.098
802.422,sglang:subprocess,0.0,0.0,85.118,15.098
802.923,sglang:subprocess,0.0,0.0,85.111,15.098
803.423,sglang:subprocess,0.0,0.0,85.111,15.098
803.924,sglang:subprocess,0.0,0.0,85.111,15.098
804.425,sglang:subprocess,0.0,0.0,85.112,15.098
804.925,sglang:subprocess,0.0,0.0,85.11,15.098
805.426,sglang:subprocess,0.0,0.0,85.11,15.098
805.927,sglang:subprocess,0.0,0.0,85.113,15.098
806.428,sglang:subprocess,0.0,0.0,85.113,15.098
806.928,sglang:subprocess,0.0,0.0,85.119,15.098
807.429,sglang:subprocess,0.0,0.0,85.118,15.098
807.93,sglang:subprocess,0.0,0.0,85.116,15.098
808.43,sglang:subprocess,0.0,0.0,85.116,15.098
808.931,sglang:subprocess,0.0,0.0,85.117,15.098
809.432,sglang:subprocess,0.0,0.0,85.117,15.098
809.932,sglang:subprocess,0.0,0.0,85.117,15.098
810.433,sglang:subprocess,0.0,0.0,85.116,15.098
810.934,sglang:subprocess,0.0,0.0,85.116,15.098
811.435,sglang:subprocess,0.0,0.0,85.12,15.098
811.936,sglang:subprocess,0.0,0.0,85.121,15.098
812.436,sglang:subprocess,0.0,0.0,85.121,15.098
812.937,sglang:subprocess,0.0,0.0,85.122,15.098
813.438,sglang:subprocess,0.0,0.0,85.122,15.098
813.938,sglang:subprocess,0.0,0.0,85.116,15.098
814.439,sglang:subprocess,0.0,0.0,85.116,15.098
814.94,sglang:subprocess,0.0,0.0,85.115,15.098
815.44,sglang:subprocess,0.0,0.0,85.115,15.098
815.941,sglang:subprocess,0.0,0.0,85.116,15.098
816.442,sglang:subprocess,0.0,0.0,85.116,15.098
816.943,sglang:subprocess,0.0,0.0,85.122,15.098
817.444,sglang:subprocess,0.0,0.0,85.121,15.098
817.944,sglang:subprocess,0.0,0.0,85.122,15.098
818.445,sglang:subprocess,0.0,0.0,85.122,15.098
818.946,sglang:subprocess,0.0,0.0,85.121,15.098
819.446,sglang:subprocess,0.0,0.0,85.123,15.098
819.947,sglang:subprocess,0.0,0.0,85.124,15.098
820.448,sglang:subprocess,0.0,0.0,85.124,15.098
820.948,sglang:subprocess,0.0,0.0,85.124,15.098
821.449,sglang:subprocess,0.0,0.0,85.122,15.098
821.95,sglang:subprocess,0.0,0.0,85.121,15.098
822.451,sglang:subprocess,0.0,0.0,85.12,15.098
822.951,sglang:subprocess,0.0,0.0,85.115,15.098
823.452,sglang:subprocess,0.0,0.0,85.115,15.098
823.953,sglang:subprocess,0.0,0.0,85.117,15.098
824.453,sglang:subprocess,0.0,0.0,85.117,15.098
824.954,sglang:subprocess,0.0,0.0,85.117,15.098
825.455,sglang:subprocess,0.0,0.0,85.117,15.098
825.955,sglang:subprocess,0.0,0.0,85.117,15.098
826.456,sglang:subprocess,0.0,0.0,85.117,15.098
826.959,sglang:subprocess,0.0,0.0,85.121,15.098
827.46,sglang:subprocess,0.0,0.0,85.122,15.098
827.961,sglang:subprocess,0.0,0.0,85.122,15.098
828.461,sglang:subprocess,0.0,0.0,85.122,15.098
828.962,sglang:subprocess,0.0,0.0,85.122,15.098
829.463,sglang:subprocess,0.0,0.0,85.121,15.098
829.963,sglang:subprocess,0.0,0.0,85.121,15.098
830.464,sglang:subprocess,0.0,0.0,85.15,15.098
830.965,sglang:subprocess,0.0,0.0,85.121,15.098
831.465,sglang:subprocess,0.0,0.0,85.121,15.098
831.966,sglang:subprocess,0.0,0.0,85.122,15.098
832.467,sglang:subprocess,0.0,0.0,85.121,15.098
832.968,sglang:subprocess,0.0,0.0,85.117,15.098
833.469,sglang:subprocess,0.0,0.0,85.117,15.098
833.969,sglang:subprocess,0.0,0.0,85.115,15.098
834.47,sglang:subprocess,0.0,0.0,85.113,15.098
834.971,sglang:subprocess,0.0,0.0,85.113,15.098
835.471,sglang:subprocess,0.0,0.0,85.114,15.098
835.972,sglang:subprocess,0.0,0.0,85.114,15.098
836.473,sglang:subprocess,0.0,0.0,85.114,15.098
836.973,sglang:subprocess,0.0,0.0,85.118,15.098
837.474,sglang:subprocess,0.0,0.0,85.118,15.098
837.975,sglang:subprocess,0.0,0.0,85.116,15.098
838.476,sglang:subprocess,0.0,0.0,85.117,15.098
838.977,sglang:subprocess,0.0,0.0,85.119,15.098
839.477,sglang:subprocess,0.0,0.0,85.12,15.098
839.978,sglang:subprocess,0.0,0.0,85.119,15.098
840.479,sglang:subprocess,0.0,0.0,85.117,15.098
840.979,sglang:subprocess,0.0,0.0,85.117,15.098
841.48,sglang:subprocess,0.0,0.0,85.117,15.098
841.981,sglang:subprocess,0.0,0.0,85.117,15.098
842.481,sglang:subprocess,0.0,0.0,85.119,15.098
842.983,sglang:subprocess,0.0,0.0,85.112,15.098
843.484,sglang:subprocess,0.0,0.0,85.113,15.098
843.985,sglang:subprocess,0.0,0.0,85.113,15.098
844.485,sglang:subprocess,0.0,0.0,85.113,15.098
844.986,sglang:subprocess,0.0,0.0,85.115,15.098
845.487,sglang:subprocess,0.0,0.0,85.115,15.098
845.987,sglang:subprocess,0.0,0.0,85.114,15.098
846.488,sglang:subprocess,0.0,0.0,85.114,15.098
846.989,sglang:subprocess,0.0,0.0,85.118,15.098
847.489,sglang:subprocess,0.0,0.0,85.12,15.098
847.99,sglang:subprocess,0.0,0.0,85.119,15.098
848.491,sglang:subprocess,0.0,0.0,85.119,15.098
848.992,sglang:subprocess,0.0,0.0,85.119,15.098
849.493,sglang:subprocess,0.0,0.0,85.119,15.098
849.993,sglang:subprocess,0.0,0.0,85.119,15.098
850.494,sglang:subprocess,0.0,0.0,85.119,15.098
850.995,sglang:subprocess,0.0,0.0,85.12,15.098
851.495,sglang:subprocess,0.0,0.0,85.12,15.098
851.996,sglang:subprocess,0.0,0.0,85.121,15.098
852.497,sglang:subprocess,0.0,0.0,85.12,15.098
852.997,sglang:subprocess,0.0,0.0,85.114,15.098
853.498,sglang:subprocess,0.0,0.0,85.115,15.098
853.999,sglang:subprocess,0.0,0.0,85.113,15.098
854.5,sglang:subprocess,0.0,0.0,85.114,15.098
855.001,sglang:subprocess,0.0,0.0,85.114,15.098
855.501,sglang:subprocess,0.0,0.0,85.114,15.098
856.002,sglang:subprocess,0.0,0.0,85.112,15.098
856.503,sglang:subprocess,0.0,0.0,85.113,15.098
857.003,sglang:subprocess,0.0,0.0,85.119,15.098
857.504,sglang:subprocess,0.0,0.0,85.12,15.098
858.005,sglang:subprocess,0.0,0.0,85.12,15.098
858.505,sglang:subprocess,0.0,0.0,85.12,15.098
859.006,sglang:subprocess,0.0,0.0,85.122,15.098
859.507,sglang:subprocess,0.0,0.0,85.121,15.098
860.008,sglang:subprocess,0.0,0.0,85.122,15.098
860.509,sglang:subprocess,0.0,0.0,85.121,15.098
861.009,sglang:subprocess,0.0,0.0,85.12,15.098
861.51,sglang:subprocess,0.0,0.0,85.121,15.098
862.011,sglang:subprocess,0.0,0.0,85.121,15.098
862.511,sglang:subprocess,0.0,0.0,85.122,15.098
863.012,sglang:subprocess,0.0,0.0,85.116,15.098
863.513,sglang:subprocess,0.0,0.0,85.116,15.098
864.014,sglang:subprocess,0.0,0.0,85.115,15.098
864.514,sglang:subprocess,0.0,0.0,85.115,15.098
865.015,sglang:subprocess,0.0,0.0,85.113,15.098
865.516,sglang:subprocess,0.0,0.0,85.114,15.098
866.017,sglang:subprocess,0.0,0.0,85.114,15.098
866.517,sglang:subprocess,0.0,0.0,85.115,15.098
867.018,sglang:subprocess,0.0,0.0,85.117,15.098
867.519,sglang:subprocess,0.0,0.0,85.117,15.098
868.019,sglang:subprocess,0.0,0.0,85.116,15.098
868.52,sglang:subprocess,0.0,0.0,85.116,15.098
869.021,sglang:subprocess,0.0,0.0,85.118,15.098
869.522,sglang:subprocess,0.0,0.0,85.118,15.098
870.022,sglang:subprocess,0.0,0.0,85.124,15.098
870.525,sglang:subprocess,0.0,0.0,85.123,15.098
871.026,sglang:subprocess,0.0,0.0,85.123,15.098
871.526,sglang:subprocess,0.0,0.0,85.123,15.098
872.027,sglang:subprocess,0.0,0.0,85.123,15.098
872.528,sglang:subprocess,0.0,0.0,85.124,15.098
873.028,sglang:subprocess,0.0,0.0,85.122,15.098
873.529,sglang:subprocess,0.0,0.0,85.122,15.098
874.03,sglang:subprocess,0.0,0.0,85.123,15.098
874.531,sglang:subprocess,0.0,0.0,85.123,15.098
875.031,sglang:subprocess,0.0,0.0,85.129,15.098
875.532,sglang:subprocess,0.0,0.0,85.13,15.098
876.033,sglang:subprocess,0.0,0.0,85.13,15.098
876.533,sglang:subprocess,0.0,0.0,85.13,15.098
877.034,sglang:subprocess,0.0,0.0,85.134,15.098
877.535,sglang:subprocess,0.0,0.0,85.136,15.098
878.035,sglang:subprocess,0.0,0.0,85.135,15.098
878.536,sglang:subprocess,0.0,0.0,85.135,15.098
879.037,sglang:subprocess,0.0,0.0,85.135,15.098
879.538,sglang:subprocess,0.0,0.0,85.135,15.098
880.039,sglang:subprocess,0.0,0.0,85.135,15.098
880.539,sglang:subprocess,0.0,0.0,85.138,15.098
881.04,sglang:subprocess,0.0,0.0,85.137,15.098
881.541,sglang:subprocess,0.0,0.0,85.138,15.098
882.041,sglang:subprocess,0.0,0.0,85.137,15.098
882.542,sglang:subprocess,0.0,0.0,85.14,15.098
883.043,sglang:subprocess,0.0,0.0,85.137,15.098
883.544,sglang:subprocess,0.0,0.0,85.136,15.098
884.044,sglang:subprocess,0.0,0.0,85.136,15.098
884.545,sglang:subprocess,0.0,0.0,85.136,15.098
885.046,sglang:subprocess,0.0,0.0,85.135,15.098
885.547,sglang:subprocess,0.0,0.0,85.135,15.098
886.047,sglang:subprocess,0.0,0.0,85.137,15.098
886.548,sglang:subprocess,0.0,0.0,85.137,15.098
887.049,sglang:subprocess,0.0,0.0,85.144,15.098
887.549,sglang:subprocess,0.0,0.0,85.144,15.098
888.05,sglang:subprocess,0.0,0.0,85.144,15.098
888.551,sglang:subprocess,0.0,0.0,85.144,15.098
889.051,sglang:subprocess,0.0,0.0,85.141,15.098
889.552,sglang:subprocess,0.0,0.0,85.141,15.098
890.053,sglang:subprocess,0.0,0.0,85.141,15.098
890.554,sglang:subprocess,0.0,0.0,85.141,15.098
891.055,sglang:subprocess,0.0,0.0,85.143,15.098
891.555,sglang:subprocess,0.0,0.0,85.143,15.098
892.056,sglang:subprocess,0.0,0.0,85.144,15.098
892.557,sglang:subprocess,0.0,0.0,85.144,15.098
893.057,sglang:subprocess,0.0,0.0,85.145,15.098
893.558,sglang:subprocess,0.0,0.0,85.144,15.098
894.059,sglang:subprocess,0.0,0.0,85.139,15.098
894.559,sglang:subprocess,0.0,0.0,85.139,15.098
895.06,sglang:subprocess,0.0,0.0,85.136,15.098
895.561,sglang:subprocess,0.0,0.0,85.135,15.098
896.062,sglang:subprocess,0.0,0.0,85.136,15.098
896.563,sglang:subprocess,0.0,0.0,85.137,15.098
897.064,sglang:subprocess,0.0,0.0,85.141,15.098
897.564,sglang:subprocess,0.0,0.0,85.142,15.098
898.065,sglang:subprocess,0.0,0.0,85.142,15.098
898.566,sglang:subprocess,0.0,0.0,85.14,15.098
899.066,sglang:subprocess,0.0,0.0,85.14,15.098
899.567,sglang:subprocess,0.0,0.0,85.141,15.098
900.068,sglang:subprocess,0.0,0.0,85.141,15.098
900.568,sglang:subprocess,0.0,0.0,85.141,15.098
901.07,sglang:subprocess,0.0,0.0,85.141,15.098
901.57,sglang:subprocess,0.0,0.0,85.139,15.098
902.071,sglang:subprocess,0.0,0.0,85.139,15.098
902.572,sglang:subprocess,0.0,0.0,85.144,15.098
903.072,sglang:subprocess,0.0,0.0,85.144,15.098
903.573,sglang:subprocess,0.0,0.0,85.145,15.098
904.074,sglang:subprocess,0.0,0.0,85.145,15.098
904.574,sglang:subprocess,0.0,0.0,85.144,15.098
905.075,sglang:subprocess,0.0,0.0,85.144,15.098
905.576,sglang:subprocess,0.0,0.0,85.145,15.098
906.077,sglang:subprocess,0.0,0.0,85.145,15.098
906.578,sglang:subprocess,0.0,0.0,85.145,15.098
907.078,sglang:subprocess,0.0,0.0,85.145,15.098
907.579,sglang:subprocess,0.0,0.0,85.146,15.098
908.08,sglang:subprocess,0.0,0.0,85.144,15.098
908.58,sglang:subprocess,0.0,0.0,85.145,15.098
909.081,sglang:subprocess,0.0,0.0,85.145,15.098
909.582,sglang:subprocess,0.0,0.0,85.146,15.098
910.082,sglang:subprocess,0.0,0.0,85.146,15.098
910.583,sglang:subprocess,0.0,0.0,85.147,15.098
911.084,sglang:subprocess,0.0,0.0,85.148,15.098
911.585,sglang:subprocess,0.0,0.0,85.148,15.098
912.086,sglang:subprocess,0.0,0.0,85.148,15.098
912.586,sglang:subprocess,0.0,0.0,85.148,15.098
913.087,sglang:subprocess,0.0,0.0,85.145,15.098
913.588,sglang:subprocess,0.0,0.0,85.145,15.098
914.088,sglang:subprocess,0.0,0.0,85.146,15.098
914.589,sglang:subprocess,0.0,0.0,85.146,15.098
915.09,sglang:subprocess,0.0,0.0,85.145,15.098
915.59,sglang:subprocess,0.0,0.0,85.144,15.098
916.091,sglang:subprocess,0.0,0.0,85.145,15.098
916.592,sglang:subprocess,0.0,0.0,85.145,15.098
917.093,sglang:subprocess,0.0,0.0,85.149,15.098
917.594,sglang:subprocess,0.0,0.0,85.15,15.098
918.094,sglang:subprocess,0.0,0.0,85.15,15.098
918.595,sglang:subprocess,0.0,0.0,85.148,15.098
919.096,sglang:subprocess,0.0,0.0,85.147,15.098
919.596,sglang:subprocess,0.0,0.0,85.15,15.098
920.097,sglang:subprocess,0.0,0.0,85.15,15.098
920.598,sglang:subprocess,0.0,0.0,85.15,15.098
921.098,sglang:subprocess,0.0,0.0,85.15,15.098
921.599,sglang:subprocess,0.0,0.0,85.149,15.098
922.1,sglang:subprocess,0.0,0.0,85.149,15.098
922.601,sglang:subprocess,0.0,0.0,85.151,15.098
923.102,sglang:subprocess,0.0,0.0,85.144,15.098
923.602,sglang:subprocess,0.0,0.0,85.145,15.098
924.103,sglang:subprocess,0.0,0.0,85.145,15.098
924.604,sglang:subprocess,0.0,0.0,85.145,15.098
925.104,sglang:subprocess,0.0,0.0,85.144,15.098
925.605,sglang:subprocess,0.0,0.0,85.143,15.098
926.106,sglang:subprocess,0.0,0.0,85.144,15.098
926.606,sglang:subprocess,0.0,0.0,85.143,15.098
927.107,sglang:subprocess,0.0,0.0,85.148,15.098
927.608,sglang:subprocess,0.0,0.0,85.148,15.098
928.109,sglang:subprocess,0.0,0.0,85.147,15.098
928.609,sglang:subprocess,0.0,0.0,85.147,15.098
929.11,sglang:subprocess,0.0,0.0,85.147,15.098
929.611,sglang:subprocess,0.0,0.0,85.147,15.098
930.111,sglang:subprocess,0.0,0.0,85.147,15.098
930.612,sglang:subprocess,0.0,0.0,85.147,15.098
931.113,sglang:subprocess,0.0,0.0,85.147,15.098
931.613,sglang:subprocess,0.0,0.0,85.147,15.098
932.114,sglang:subprocess,0.0,0.0,85.147,15.098
932.615,sglang:subprocess,0.0,0.0,85.148,15.098
933.116,sglang:subprocess,0.0,0.0,85.145,15.098
933.617,sglang:subprocess,0.0,0.0,85.144,15.098
934.117,sglang:subprocess,0.0,0.0,85.145,15.098
934.618,sglang:subprocess,0.0,0.0,85.145,15.098
935.119,sglang:subprocess,0.0,0.0,85.143,15.098
935.619,sglang:subprocess,0.0,0.0,85.144,15.098
936.12,sglang:subprocess,0.0,0.0,85.144,15.098
936.621,sglang:subprocess,0.0,0.0,85.144,15.098
937.122,sglang:subprocess,0.0,0.0,85.147,15.098
937.623,sglang:subprocess,0.0,0.0,85.147,15.098
938.124,sglang:subprocess,0.0,0.0,85.146,15.098
938.625,sglang:subprocess,0.0,0.0,85.147,15.098
939.126,sglang:subprocess,0.0,0.0,85.146,15.098
939.626,sglang:subprocess,0.0,0.0,85.153,15.098
940.127,sglang:subprocess,0.0,0.0,85.154,15.098
940.628,sglang:subprocess,0.0,0.0,85.153,15.098
941.129,sglang:subprocess,0.0,0.0,85.154,15.098
941.629,sglang:subprocess,0.0,0.0,85.155,15.098
942.13,sglang:subprocess,0.0,0.0,85.154,15.098
942.631,sglang:subprocess,0.0,0.0,85.155,15.098
943.132,sglang:subprocess,0.0,0.0,85.152,15.098
943.633,sglang:subprocess,0.0,0.0,85.152,15.098
944.133,sglang:subprocess,0.0,0.0,85.153,15.098
944.634,sglang:subprocess,0.0,0.0,85.153,15.098
945.135,sglang:subprocess,0.0,0.0,85.149,15.098
945.636,sglang:subprocess,0.0,0.0,85.151,15.098
946.137,sglang:subprocess,0.0,0.0,85.151,15.098
946.637,sglang:subprocess,0.0,0.0,85.151,15.098
947.138,sglang:subprocess,0.0,0.0,85.151,15.098
947.639,sglang:subprocess,0.0,0.0,85.153,15.098
948.14,sglang:subprocess,0.0,0.0,85.155,15.098
948.641,sglang:subprocess,0.0,0.0,85.155,15.098
949.141,sglang:subprocess,0.0,0.0,85.154,15.098
949.642,sglang:subprocess,0.0,0.0,85.154,15.098
950.143,sglang:subprocess,0.0,0.0,85.154,15.098
950.644,sglang:subprocess,0.0,0.0,85.154,15.098
951.144,sglang:subprocess,0.0,0.0,85.152,15.098
951.645,sglang:subprocess,0.0,0.0,85.153,15.098
952.146,sglang:subprocess,0.0,0.0,85.155,15.098
952.646,sglang:subprocess,0.0,0.0,85.156,15.098
953.147,sglang:subprocess,0.0,0.0,85.146,15.098
953.648,sglang:subprocess,0.0,0.0,85.144,15.098
954.149,sglang:subprocess,0.0,0.0,85.147,15.098
954.65,sglang:subprocess,0.0,0.0,85.148,15.098
955.15,sglang:subprocess,0.0,0.0,85.147,15.098
955.651,sglang:subprocess,0.0,0.0,85.147,15.098
956.152,sglang:subprocess,0.0,0.0,85.15,15.098
956.652,sglang:subprocess,0.0,0.0,85.15,15.098
957.153,sglang:subprocess,0.0,0.0,85.151,15.098
957.654,sglang:subprocess,0.0,0.0,85.152,15.098
958.154,sglang:subprocess,0.0,0.0,85.153,15.098
958.656,sglang:subprocess,0.0,0.0,85.153,15.098
959.156,sglang:subprocess,0.0,0.0,85.154,15.098
959.657,sglang:subprocess,0.0,0.0,85.154,15.098
960.158,sglang:subprocess,0.0,0.0,85.156,15.098
960.658,sglang:subprocess,0.0,0.0,85.155,15.098
961.159,sglang:subprocess,0.0,0.0,85.155,15.098
961.66,sglang:subprocess,0.0,0.0,85.155,15.098
962.16,sglang:subprocess,0.0,0.0,85.155,15.098
962.661,sglang:subprocess,0.0,0.0,85.155,15.098
963.162,sglang:subprocess,0.0,0.0,85.154,15.098
963.662,sglang:subprocess,0.0,0.0,85.154,15.098
964.164,sglang:subprocess,0.0,0.0,85.154,15.098
964.664,sglang:subprocess,0.0,0.0,85.155,15.098
965.165,sglang:subprocess,0.0,0.0,85.153,15.098
965.666,sglang:subprocess,0.0,0.0,85.153,15.098
966.166,sglang:subprocess,0.0,0.0,85.151,15.098
966.667,sglang:subprocess,0.0,0.0,85.152,15.098
967.168,sglang:subprocess,0.0,0.0,85.152,15.098
967.668,sglang:subprocess,0.0,0.0,85.154,15.098
968.169,sglang:subprocess,0.0,0.0,85.154,15.098
968.67,sglang:subprocess,0.0,0.0,85.155,15.098
969.171,sglang:subprocess,0.0,0.0,85.154,15.098
969.672,sglang:subprocess,0.0,0.0,85.154,15.098
970.172,sglang:subprocess,0.0,0.0,85.153,15.098
970.673,sglang:subprocess,0.0,0.0,85.154,15.098
971.174,sglang:subprocess,0.0,0.0,85.153,15.098
971.674,sglang:subprocess,0.0,0.0,85.159,15.098
972.175,sglang:subprocess,0.0,0.0,85.159,15.098
972.676,sglang:subprocess,0.0,0.0,85.16,15.098
973.176,sglang:subprocess,0.0,0.0,85.159,15.098
973.677,sglang:subprocess,0.0,0.0,85.161,15.098
974.178,sglang:subprocess,0.0,0.0,85.16,15.098
974.679,sglang:subprocess,0.0,0.0,85.159,15.098
975.18,sglang:subprocess,0.0,0.0,85.159,15.098
975.681,sglang:subprocess,0.0,0.0,85.159,15.098
976.182,sglang:subprocess,0.0,0.0,85.16,15.098
976.682,sglang:subprocess,0.0,0.0,85.16,15.098
977.183,sglang:subprocess,0.0,0.0,85.16,15.098
977.684,sglang:subprocess,0.0,0.0,85.161,15.098
978.184,sglang:subprocess,0.0,0.0,85.161,15.098
978.685,sglang:subprocess,0.0,0.0,85.161,15.098
979.186,sglang:subprocess,0.0,0.0,85.162,15.098
979.687,sglang:subprocess,0.0,0.0,85.163,15.098
980.188,sglang:subprocess,0.0,0.0,85.163,15.098
980.688,sglang:subprocess,0.0,0.0,85.163,15.098
981.189,sglang:subprocess,0.0,0.0,85.163,15.098
981.69,sglang:subprocess,0.0,0.0,85.163,15.098
982.19,sglang:subprocess,0.0,0.0,85.162,15.098
982.691,sglang:subprocess,0.0,0.0,85.164,15.098
983.192,sglang:subprocess,0.0,0.0,85.163,15.098
983.692,sglang:subprocess,0.0,0.0,85.163,15.098
984.193,sglang:subprocess,0.0,0.0,85.163,15.098
984.694,sglang:subprocess,0.0,0.0,85.165,15.098
985.195,sglang:subprocess,0.0,0.0,85.161,15.098
985.696,sglang:subprocess,0.0,0.0,85.162,15.098
986.196,sglang:subprocess,0.0,0.0,85.162,15.098
986.697,sglang:subprocess,0.0,0.0,85.16,15.098
987.198,sglang:subprocess,0.0,0.0,85.16,15.098
987.698,sglang:subprocess,0.0,0.0,85.161,15.098
988.199,sglang:subprocess,0.0,0.0,85.162,15.098
988.7,sglang:subprocess,0.0,0.0,85.162,15.098
989.201,sglang:subprocess,0.0,0.0,85.163,15.098
989.701,sglang:subprocess,0.0,0.0,85.163,15.098
990.202,sglang:subprocess,0.0,0.0,85.162,15.098
990.703,sglang:subprocess,0.0,0.0,85.164,15.098
991.204,sglang:subprocess,0.0,0.0,85.164,15.098
991.704,sglang:subprocess,0.0,0.0,85.164,15.098
992.205,sglang:subprocess,0.0,0.0,85.163,15.098
992.706,sglang:subprocess,0.0,0.0,85.164,15.098
993.206,sglang:subprocess,0.0,0.0,85.164,15.098
993.707,sglang:subprocess,0.0,0.0,85.164,15.098
994.208,sglang:subprocess,0.0,0.0,85.165,15.098
994.709,sglang:subprocess,0.0,0.0,85.161,15.098
995.209,sglang:subprocess,0.0,0.0,85.16,15.098
995.71,sglang:subprocess,0.0,0.0,85.16,15.098
996.211,sglang:subprocess,0.0,0.0,85.161,15.098
996.712,sglang:subprocess,0.0,0.0,85.161,15.098
997.212,sglang:subprocess,0.0,0.0,85.162,15.098
997.713,sglang:subprocess,0.0,0.0,85.162,15.098
998.214,sglang:subprocess,0.0,0.0,85.163,15.098
998.715,sglang:subprocess,0.0,0.0,85.163,15.098
999.215,sglang:subprocess,0.0,0.0,85.165,15.098
999.716,sglang:subprocess,0.0,0.0,85.164,15.098
1000.217,sglang:subprocess,0.0,0.0,85.164,15.098
1000.718,sglang:subprocess,0.0,0.0,85.165,15.098
1001.218,sglang:subprocess,0.0,0.0,85.163,15.098
1001.719,sglang:subprocess,0.0,0.0,85.165,15.098
1002.22,sglang:subprocess,0.0,0.0,85.164,15.098
1002.721,sglang:subprocess,0.0,0.0,85.165,15.098
1003.221,sglang:subprocess,0.0,0.0,85.166,15.098
1003.722,sglang:subprocess,0.0,0.0,85.166,15.098
1004.223,sglang:subprocess,0.0,0.0,85.166,15.098
1004.723,sglang:subprocess,0.0,0.0,85.166,15.098
1005.224,sglang:subprocess,0.0,0.0,85.163,15.098
1005.725,sglang:subprocess,0.0,0.0,85.162,15.098
1006.226,sglang:subprocess,0.0,0.0,85.163,15.098
1006.73,sglang:subprocess,0.0,0.0,85.163,15.098
1007.23,sglang:subprocess,0.0,0.0,85.163,15.098
1007.731,sglang:subprocess,0.0,0.0,85.162,15.098
1008.232,sglang:subprocess,0.0,0.0,85.162,15.098
1008.732,sglang:subprocess,0.0,0.0,85.162,15.098
1009.233,sglang:subprocess,0.0,0.0,85.164,15.098
1009.734,sglang:subprocess,0.0,0.0,85.165,15.098
1010.234,sglang:subprocess,0.0,0.0,85.165,15.098
1010.735,sglang:subprocess,0.0,0.0,85.165,15.098
1011.236,sglang:subprocess,0.0,0.0,85.166,15.098
1011.737,sglang:subprocess,0.0,0.0,85.166,15.098
1012.238,sglang:subprocess,0.0,0.0,85.166,15.098
1012.738,sglang:subprocess,0.0,0.0,85.166,15.098
1013.239,sglang:subprocess,0.0,0.0,85.166,15.098
1013.74,sglang:subprocess,0.0,0.0,85.167,15.098
1014.24,sglang:subprocess,0.0,0.0,85.167,15.098
1014.741,sglang:subprocess,0.0,0.0,85.167,15.098
1015.242,sglang:subprocess,0.0,0.0,85.166,15.098
1015.742,sglang:subprocess,0.0,0.0,85.165,15.098
1016.243,sglang:subprocess,0.0,0.0,85.166,15.098
1016.744,sglang:subprocess,0.0,0.0,85.163,15.098
1017.245,sglang:subprocess,0.0,0.0,85.163,15.098
1017.746,sglang:subprocess,0.0,0.0,85.163,15.098
1018.246,sglang:subprocess,0.0,0.0,85.163,15.098
1018.747,sglang:subprocess,0.0,0.0,85.167,15.098
1019.248,sglang:subprocess,0.0,0.0,85.186,15.098
1019.749,sglang:subprocess,0.0,0.0,85.21,15.098
1020.249,sglang:subprocess,0.0,0.0,85.211,15.098
1020.75,sglang:subprocess,0.0,0.0,85.212,15.098
1021.251,sglang:subprocess,0.0,0.0,85.214,15.098
1021.752,sglang:subprocess,0.0,0.0,85.214,15.098
1022.252,sglang:subprocess,0.0,0.0,85.214,15.098
1022.753,sglang:subprocess,0.0,0.0,85.215,15.098
1023.254,sglang:subprocess,0.0,0.0,85.214,15.098
1023.755,sglang:subprocess,0.0,0.0,85.213,15.098
1024.256,sglang:subprocess,0.0,0.0,85.213,15.098
1024.756,sglang:subprocess,0.0,0.0,85.214,15.098
1025.257,sglang:subprocess,0.0,0.0,85.214,15.098
1025.758,sglang:subprocess,0.0,0.0,85.213,15.098
1026.258,sglang:subprocess,0.0,0.0,85.213,15.098
1026.759,sglang:subprocess,0.0,0.0,85.213,15.098
1027.26,sglang:subprocess,0.0,0.0,85.215,15.098
1027.761,sglang:subprocess,0.0,0.0,85.214,15.098
1028.262,sglang:subprocess,0.0,0.0,85.215,15.098
1028.762,sglang:subprocess,0.0,0.0,85.215,15.098
1029.263,sglang:subprocess,0.0,0.0,85.215,15.098
1029.764,sglang:subprocess,0.0,0.0,85.217,15.098
1030.264,sglang:subprocess,0.0,0.0,85.216,15.098
1030.765,sglang:subprocess,0.0,0.0,85.215,15.098
1031.266,sglang:subprocess,0.0,0.0,85.216,15.098
1031.766,sglang:subprocess,0.0,0.0,85.214,15.098
1032.267,sglang:subprocess,0.0,0.0,85.214,15.098
1032.768,sglang:subprocess,0.0,0.0,85.215,15.098
1033.269,sglang:subprocess,0.0,0.0,85.208,15.098
1033.77,sglang:subprocess,0.0,0.0,85.209,15.098
1034.27,sglang:subprocess,0.0,0.0,85.21,15.098
1034.771,sglang:subprocess,0.0,0.0,85.21,15.098
1035.272,sglang:subprocess,0.0,0.0,85.209,15.098
1035.772,sglang:subprocess,0.0,0.0,85.208,15.098
1036.273,sglang:subprocess,0.0,0.0,85.209,15.098
1036.774,sglang:subprocess,0.0,0.0,85.208,15.098
1037.274,sglang:subprocess,0.0,0.0,85.214,15.098
1037.775,sglang:subprocess,0.0,0.0,85.213,15.098
1038.276,sglang:subprocess,0.0,0.0,85.213,15.098
1038.777,sglang:subprocess,0.0,0.0,85.219,15.098
1039.277,sglang:subprocess,0.0,0.0,85.212,15.098
1039.778,sglang:subprocess,0.0,0.0,85.213,15.098
1040.279,sglang:subprocess,0.0,0.0,85.213,15.098
1040.779,sglang:subprocess,0.0,0.0,85.214,15.098
1041.28,sglang:subprocess,0.0,0.0,85.213,15.098
1041.781,sglang:subprocess,0.0,0.0,85.213,15.098
1042.281,sglang:subprocess,0.0,0.0,85.214,15.098
1042.783,sglang:subprocess,0.0,0.0,85.214,15.098
1043.283,sglang:subprocess,0.0,0.0,85.211,15.098
1043.784,sglang:subprocess,0.0,0.0,85.21,15.098
1044.285,sglang:subprocess,0.0,0.0,85.21,15.098
1044.785,sglang:subprocess,0.0,0.0,85.213,15.098
1045.286,sglang:subprocess,0.0,0.0,85.21,15.098
1045.787,sglang:subprocess,0.0,0.0,85.209,15.098
1046.287,sglang:subprocess,0.0,0.0,85.21,15.098
1046.788,sglang:subprocess,0.0,0.0,85.214,15.098
1047.289,sglang:subprocess,0.0,0.0,85.211,15.098
1047.798,sglang:subprocess,0.0,0.0,85.211,15.098
1048.3,sglang:subprocess,0.0,0.0,85.211,15.098
1048.8,sglang:subprocess,0.0,0.0,85.217,15.098
1049.301,sglang:subprocess,0.0,0.0,85.21,15.098
1049.802,sglang:subprocess,0.0,0.0,85.213,15.098
1050.302,sglang:subprocess,0.0,0.0,85.212,15.098
1050.803,sglang:subprocess,0.0,0.0,85.212,15.098
1051.304,sglang:subprocess,0.0,0.0,85.213,15.098
1051.804,sglang:subprocess,0.0,0.0,85.212,15.098
1052.305,sglang:subprocess,0.0,0.0,85.212,15.098
1052.806,sglang:subprocess,0.0,0.0,85.215,15.098
1053.307,sglang:subprocess,0.0,0.0,85.212,15.098
1053.808,sglang:subprocess,0.0,0.0,85.212,15.098
1054.308,sglang:subprocess,0.0,0.0,85.213,15.098
1054.809,sglang:subprocess,0.0,0.0,85.211,15.098
1055.31,sglang:subprocess,0.0,0.0,85.211,15.098
1055.81,sglang:subprocess,0.0,0.0,85.212,15.098
1056.311,sglang:subprocess,0.0,0.0,85.211,15.098
1056.812,sglang:subprocess,0.0,0.0,85.212,15.098
1057.312,sglang:subprocess,0.0,0.0,85.215,15.098
1057.813,sglang:subprocess,0.0,0.0,85.217,15.098
1058.314,sglang:subprocess,0.0,0.0,85.218,15.098
1058.815,sglang:subprocess,0.0,0.0,85.216,15.098
1059.316,sglang:subprocess,0.0,0.0,85.215,15.098
1059.817,sglang:subprocess,0.0,0.0,85.216,15.098
1060.318,sglang:subprocess,0.0,0.0,85.215,15.098
1060.818,sglang:subprocess,0.0,0.0,85.215,15.098
1061.319,sglang:subprocess,0.0,0.0,85.215,15.098
1061.82,sglang:subprocess,0.0,0.0,85.215,15.098
1062.32,sglang:subprocess,0.0,0.0,85.214,15.098
1062.821,sglang:subprocess,0.0,0.0,85.216,15.098
1063.322,sglang:subprocess,0.0,0.0,85.211,15.098
1063.823,sglang:subprocess,0.0,0.0,85.211,15.098
1064.324,sglang:subprocess,0.0,0.0,85.21,15.098
1064.824,sglang:subprocess,0.0,0.0,85.211,15.098
1065.325,sglang:subprocess,0.0,0.0,85.211,15.098
1065.826,sglang:subprocess,0.0,0.0,85.211,15.098
1066.326,sglang:subprocess,0.0,0.0,85.21,15.098
1066.827,sglang:subprocess,0.0,0.0,85.208,15.098
1067.328,sglang:subprocess,0.0,0.0,85.211,15.098
1067.828,sglang:subprocess,0.0,0.0,85.213,15.098
1068.331,sglang:subprocess,0.0,0.0,85.214,15.098
1068.832,sglang:subprocess,0.0,0.0,85.214,15.098
1069.333,sglang:subprocess,0.0,0.0,85.214,15.098
1069.834,sglang:subprocess,0.0,0.0,85.214,15.098
1070.334,sglang:subprocess,0.0,0.0,85.213,15.098
1070.835,sglang:subprocess,0.0,0.0,85.212,15.098
1071.336,sglang:subprocess,0.0,0.0,85.213,15.098
1071.836,sglang:subprocess,0.0,0.0,85.214,15.098
1072.337,sglang:subprocess,0.0,0.0,85.215,15.098
1072.839,sglang:subprocess,0.0,0.0,85.209,15.098
1073.34,sglang:subprocess,0.0,0.0,84.954,15.098
1073.841,sglang:subprocess,0.0,0.0,85.072,15.098
1074.342,sglang:subprocess,0.0,0.0,85.073,15.098
1074.843,sglang:subprocess,0.0,0.0,85.074,15.098
1075.343,sglang:subprocess,0.0,0.0,85.075,15.098
1075.844,sglang:subprocess,0.0,0.0,85.076,15.098
1076.345,sglang:subprocess,0.0,0.0,85.077,15.098
1076.845,sglang:subprocess,0.0,0.0,85.077,15.098
1077.346,sglang:subprocess,0.0,0.0,85.08,15.098
1077.847,sglang:subprocess,0.0,0.0,85.082,15.098
1078.347,sglang:subprocess,0.0,0.0,85.105,15.098
1078.848,sglang:subprocess,0.0,0.0,85.106,15.098
1079.349,sglang:subprocess,0.0,0.0,85.106,15.098
1079.85,sglang:subprocess,0.0,0.0,85.107,15.098
1080.351,sglang:subprocess,0.0,0.0,85.108,15.098
1080.851,sglang:subprocess,0.0,0.0,85.107,15.098
1081.352,sglang:subprocess,0.0,0.0,85.107,15.098
1081.853,sglang:subprocess,0.0,0.0,85.109,15.098
1082.353,sglang:subprocess,0.0,0.0,85.108,15.098
1082.854,sglang:subprocess,0.0,0.0,85.105,15.098
1083.355,sglang:subprocess,0.0,0.0,85.132,15.098
1083.855,sglang:subprocess,0.0,0.0,85.134,15.098
1084.356,sglang:subprocess,0.0,0.0,85.135,15.098
1084.857,sglang:subprocess,0.0,0.0,85.134,15.098
1085.358,sglang:subprocess,0.0,0.0,85.135,15.098
1085.859,sglang:subprocess,0.0,0.0,85.135,15.098
1086.359,sglang:subprocess,0.0,0.0,85.135,15.098
1086.86,sglang:subprocess,0.0,0.0,85.135,15.098
1087.361,sglang:subprocess,0.0,0.0,85.139,15.098
1087.861,sglang:subprocess,0.0,0.0,85.14,15.098
1088.362,sglang:subprocess,0.0,0.0,85.14,15.098
1088.871,sglang:subprocess,0.0,0.0,85.14,15.098
1089.371,sglang:subprocess,0.0,0.0,85.141,15.098
1089.872,sglang:subprocess,0.0,0.0,85.141,15.098
1090.373,sglang:subprocess,0.0,0.0,85.141,15.098
1090.874,sglang:subprocess,0.0,0.0,85.141,15.098
1091.374,sglang:subprocess,0.0,0.0,85.134,15.098
1091.875,sglang:subprocess,0.0,0.0,85.134,15.098
1092.376,sglang:subprocess,0.0,0.0,85.133,15.098
1092.876,sglang:subprocess,0.0,0.0,85.132,15.098
1093.377,sglang:subprocess,0.0,0.0,85.132,15.098
1093.878,sglang:subprocess,0.0,0.0,85.132,15.098
1094.378,sglang:subprocess,0.0,0.0,85.133,15.098
1094.879,sglang:subprocess,0.0,0.0,85.135,15.098
1095.38,sglang:subprocess,0.0,0.0,85.134,15.098
1095.881,sglang:subprocess,0.0,0.0,85.135,15.098
1096.382,sglang:subprocess,0.0,0.0,85.135,15.098
1096.882,sglang:subprocess,0.0,0.0,85.138,15.098
1097.383,sglang:subprocess,0.0,0.0,85.138,15.098
1097.884,sglang:subprocess,0.0,0.0,85.138,15.098
1098.384,sglang:subprocess,0.0,0.0,85.138,15.098
1098.885,sglang:subprocess,0.0,0.0,85.138,15.098
1099.386,sglang:subprocess,0.0,0.0,85.14,15.098
1099.886,sglang:subprocess,0.0,0.0,85.14,15.098
1100.387,sglang:subprocess,0.0,0.0,85.14,15.098
1100.888,sglang:subprocess,0.0,0.0,85.141,15.098
1101.389,sglang:subprocess,0.0,0.0,85.141,15.098
1101.89,sglang:subprocess,0.0,0.0,85.138,15.098
1102.39,sglang:subprocess,0.0,0.0,85.138,15.098
1102.891,sglang:subprocess,0.0,0.0,85.139,15.098
1103.392,sglang:subprocess,0.0,0.0,85.139,15.098
1103.892,sglang:subprocess,0.0,0.0,85.138,15.098
1104.393,sglang:subprocess,0.0,0.0,85.138,15.098
1104.894,sglang:subprocess,0.0,0.0,85.137,15.098
1105.395,sglang:subprocess,0.0,0.0,85.138,15.098
1105.896,sglang:subprocess,0.0,0.0,85.137,15.098
1106.396,sglang:subprocess,0.0,0.0,85.138,15.098
1106.897,sglang:subprocess,0.0,0.0,85.14,15.098
1107.398,sglang:subprocess,0.0,0.0,85.141,15.098
1107.898,sglang:subprocess,0.0,0.0,85.141,15.098
1108.399,sglang:subprocess,0.0,0.0,85.142,15.098
1108.9,sglang:subprocess,0.0,0.0,85.14,15.098
1109.401,sglang:subprocess,0.0,0.0,85.141,15.098
1109.901,sglang:subprocess,0.0,0.0,85.14,15.098
1110.402,sglang:subprocess,0.0,0.0,85.14,15.098
1110.903,sglang:subprocess,0.0,0.0,85.141,15.098
1111.404,sglang:subprocess,0.0,0.0,85.14,15.098
1111.905,sglang:subprocess,0.0,0.0,85.141,15.098
1112.405,sglang:subprocess,0.0,0.0,85.14,15.098
1112.906,sglang:subprocess,0.0,0.0,85.14,15.098
1113.407,sglang:subprocess,0.0,0.0,85.139,15.098
1113.907,sglang:subprocess,0.0,0.0,85.14,15.098
1114.408,sglang:subprocess,0.0,0.0,85.14,15.098
1114.909,sglang:subprocess,0.0,0.0,85.141,15.098
1115.409,sglang:subprocess,0.0,0.0,85.141,15.098
1115.91,sglang:subprocess,0.0,0.0,85.14,15.098
1116.411,sglang:subprocess,0.0,0.0,85.141,15.098
1116.912,sglang:subprocess,0.0,0.0,85.141,15.098
1117.413,sglang:subprocess,0.0,0.0,85.141,15.098
1117.913,sglang:subprocess,0.0,0.0,85.142,15.098
1118.414,sglang:subprocess,0.0,0.0,85.142,15.098
1118.915,sglang:subprocess,0.0,0.0,85.14,15.098
1119.415,sglang:subprocess,0.0,0.0,85.141,15.098
1119.916,sglang:subprocess,0.0,0.0,85.141,15.098
1120.417,sglang:subprocess,0.0,0.0,85.141,15.098
1120.917,sglang:subprocess,0.0,0.0,85.145,15.098
1121.418,sglang:subprocess,0.0,0.0,85.145,15.098
1121.919,sglang:subprocess,0.0,0.0,85.145,15.098
1122.42,sglang:subprocess,0.0,0.0,85.145,15.098
1122.921,sglang:subprocess,0.0,0.0,85.146,15.098
1123.421,sglang:subprocess,0.0,0.0,85.146,15.098
1123.922,sglang:subprocess,0.0,0.0,85.147,15.098
1124.423,sglang:subprocess,0.0,0.0,85.146,15.098
1124.923,sglang:subprocess,0.0,0.0,85.146,15.098
1125.424,sglang:subprocess,0.0,0.0,85.146,15.098
1125.925,sglang:subprocess,0.0,0.0,85.146,15.098
1126.425,sglang:subprocess,0.0,0.0,85.15,15.098
1126.927,sglang:subprocess,0.0,0.0,85.146,15.098
1127.427,sglang:subprocess,0.0,0.0,85.148,15.098
1127.93,sglang:subprocess,0.0,0.0,85.149,15.098
1128.431,sglang:subprocess,0.0,0.0,85.149,15.098
1128.932,sglang:subprocess,0.0,0.0,85.15,15.098
1129.432,sglang:subprocess,0.0,0.0,85.151,15.098
1129.933,sglang:subprocess,0.0,0.0,85.15,15.098
1130.434,sglang:subprocess,0.0,0.0,85.15,15.098
1130.934,sglang:subprocess,0.0,0.0,85.149,15.098
1131.435,sglang:subprocess,0.0,0.0,85.152,15.098
1131.936,sglang:subprocess,0.0,0.0,85.153,15.098
1132.437,sglang:subprocess,0.0,0.0,85.154,15.098
1132.938,sglang:subprocess,0.0,0.0,85.153,15.098
1133.438,sglang:subprocess,0.0,0.0,85.153,15.098
1133.939,sglang:subprocess,0.0,0.0,85.154,15.098
1134.44,sglang:subprocess,0.0,0.0,85.154,15.098
1134.941,sglang:subprocess,0.0,0.0,85.155,15.098
1135.441,sglang:subprocess,0.0,0.0,85.156,15.098
1135.942,sglang:subprocess,0.0,0.0,85.156,15.098
1136.443,sglang:subprocess,0.0,0.0,85.156,15.098
1136.943,sglang:subprocess,0.0,0.0,85.154,15.098
1137.444,sglang:subprocess,0.0,0.0,85.156,15.098
1137.945,sglang:subprocess,0.0,0.0,85.157,15.098
1138.446,sglang:subprocess,0.0,0.0,85.156,15.098
1138.946,sglang:subprocess,0.0,0.0,85.156,15.098
1139.447,sglang:subprocess,0.0,0.0,85.156,15.098
1139.948,sglang:subprocess,0.0,0.0,85.156,15.098
1140.449,sglang:subprocess,0.0,0.0,85.156,15.098
1140.949,sglang:subprocess,0.0,0.0,85.139,15.098
1141.45,sglang:subprocess,0.0,0.0,85.144,15.098
1141.951,sglang:subprocess,0.0,0.0,85.146,15.098
1142.451,sglang:subprocess,0.0,0.0,85.146,15.098
1142.952,sglang:subprocess,0.0,0.0,85.148,15.098
1143.453,sglang:subprocess,0.0,0.0,85.148,15.098
1143.954,sglang:subprocess,0.0,0.0,85.149,15.098
1144.454,sglang:subprocess,0.0,0.0,85.149,15.098
1144.955,sglang:subprocess,0.0,0.0,85.151,15.098
1145.456,sglang:subprocess,0.0,0.0,85.153,15.098
1145.957,sglang:subprocess,0.0,0.0,85.153,15.098
1146.457,sglang:subprocess,0.0,0.0,85.153,15.098
1146.958,sglang:subprocess,0.0,0.0,85.156,15.098
1147.459,sglang:subprocess,0.0,0.0,85.156,15.098
1147.96,sglang:subprocess,0.0,0.0,85.157,15.098
1148.468,sglang:subprocess,0.0,0.0,85.157,15.098
1148.968,sglang:subprocess,0.0,0.0,85.157,15.098
1149.469,sglang:subprocess,0.0,0.0,85.158,15.098
1149.97,sglang:subprocess,0.0,0.0,85.159,15.098
1150.47,sglang:subprocess,0.0,0.0,85.158,15.098
1150.971,sglang:subprocess,0.0,0.0,85.158,15.098
1151.472,sglang:subprocess,0.0,0.0,85.158,15.098
1151.972,sglang:subprocess,0.0,0.0,85.158,15.098
1152.473,sglang:subprocess,0.0,0.0,85.157,15.098
1152.974,sglang:subprocess,0.0,0.0,85.153,15.098
1153.475,sglang:subprocess,0.0,0.0,85.153,15.098
1153.976,sglang:subprocess,0.0,0.0,85.153,15.098
1154.476,sglang:subprocess,0.0,0.0,85.154,15.098
1154.977,sglang:subprocess,0.0,0.0,85.153,15.098
1155.478,sglang:subprocess,0.0,0.0,85.155,15.098
1155.978,sglang:subprocess,0.0,0.0,85.155,15.098
1156.479,sglang:subprocess,0.0,0.0,85.155,15.098
1156.98,sglang:subprocess,0.0,0.0,85.159,15.098
1157.48,sglang:subprocess,0.0,0.0,85.16,15.098
1157.981,sglang:subprocess,0.0,0.0,85.16,15.098
1158.482,sglang:subprocess,0.0,0.0,85.16,15.098
1158.983,sglang:subprocess,0.0,0.0,85.158,15.098
1159.484,sglang:subprocess,0.0,0.0,85.158,15.098
1159.984,sglang:subprocess,0.0,0.0,85.159,15.098
1160.485,sglang:subprocess,0.0,0.0,85.159,15.098
1160.986,sglang:subprocess,0.0,0.0,85.159,15.098
1161.486,sglang:subprocess,0.0,0.0,85.16,15.098
1161.987,sglang:subprocess,0.0,0.0,85.16,15.098
1162.488,sglang:subprocess,0.0,0.0,85.161,15.098
1162.988,sglang:subprocess,0.0,0.0,85.156,15.098
1163.489,sglang:subprocess,0.0,0.0,85.156,15.098
1163.99,sglang:subprocess,0.0,0.0,85.157,15.098
1164.491,sglang:subprocess,0.0,0.0,85.157,15.098
1164.991,sglang:subprocess,0.0,0.0,85.157,15.098
1165.492,sglang:subprocess,0.0,0.0,85.157,15.098
1165.993,sglang:subprocess,0.0,0.0,85.157,15.098
1166.494,sglang:subprocess,0.0,0.0,85.156,15.098
1166.999,sglang:subprocess,0.0,0.0,85.161,15.098
1167.5,sglang:subprocess,0.0,0.0,85.161,15.098
1168.0,sglang:subprocess,0.0,0.0,85.162,15.098
1168.501,sglang:subprocess,0.0,0.0,85.162,15.098
1169.002,sglang:subprocess,0.0,0.0,85.162,15.098
1169.503,sglang:subprocess,0.0,0.0,85.162,15.098
1170.004,sglang:subprocess,0.0,0.0,85.162,15.098
1170.504,sglang:subprocess,0.0,0.0,85.162,15.098
1171.005,sglang:subprocess,0.0,0.0,85.162,15.098
1171.506,sglang:subprocess,0.0,0.0,85.164,15.098
1172.006,sglang:subprocess,0.0,0.0,85.164,15.098
1172.507,sglang:subprocess,0.0,0.0,85.164,15.098
1173.008,sglang:subprocess,0.0,0.0,85.164,15.098
1173.508,sglang:subprocess,0.0,0.0,85.164,15.098
1174.009,sglang:subprocess,0.0,0.0,85.165,15.098
1174.51,sglang:subprocess,0.0,0.0,85.164,15.098
1175.011,sglang:subprocess,0.0,0.0,85.164,15.098
1175.512,sglang:subprocess,0.0,0.0,85.164,15.098
1176.012,sglang:subprocess,0.0,0.0,85.164,15.098
1176.513,sglang:subprocess,0.0,0.0,85.164,15.098
1177.014,sglang:subprocess,0.0,0.0,85.164,15.098
1177.514,sglang:subprocess,0.0,0.0,85.164,15.098
1178.015,sglang:subprocess,0.0,0.0,85.163,15.098
1178.516,sglang:subprocess,0.0,0.0,85.163,15.098
1179.017,sglang:subprocess,0.0,0.0,85.172,15.098
1179.518,sglang:subprocess,0.0,0.0,85.172,15.098
1180.018,sglang:subprocess,0.0,0.0,85.174,15.098
1180.519,sglang:subprocess,0.0,0.0,85.173,15.098
1181.02,sglang:subprocess,0.0,0.0,85.175,15.098
1181.52,sglang:subprocess,0.0,0.0,85.174,15.098
1182.021,sglang:subprocess,0.0,0.0,85.174,15.098
1182.522,sglang:subprocess,0.0,0.0,85.174,15.098
1183.023,sglang:subprocess,0.0,0.0,85.175,15.098
1183.523,sglang:subprocess,0.0,0.0,85.175,15.098
1184.024,sglang:subprocess,0.0,0.0,85.172,15.098
1184.525,sglang:subprocess,0.0,0.0,85.172,15.098
1185.026,sglang:subprocess,0.0,0.0,85.173,15.098
1185.527,sglang:subprocess,0.0,0.0,85.173,15.098
1186.027,sglang:subprocess,0.0,0.0,85.174,15.098
1186.528,sglang:subprocess,0.0,0.0,85.173,15.098
1187.029,sglang:subprocess,0.0,0.0,85.172,15.098
1187.533,sglang:subprocess,0.0,0.0,85.172,15.098
1188.033,sglang:subprocess,0.0,0.0,85.173,15.098
1188.534,sglang:subprocess,0.0,0.0,85.173,15.098
1189.035,sglang:subprocess,0.0,0.0,85.173,15.098
1189.535,sglang:subprocess,0.0,0.0,85.174,15.098
1190.037,sglang:subprocess,0.0,0.0,85.175,15.098
1190.537,sglang:subprocess,0.0,0.0,85.175,15.098
1191.038,sglang:subprocess,0.0,0.0,85.176,15.098
1191.539,sglang:subprocess,0.0,0.0,85.176,15.098
1192.039,sglang:subprocess,0.0,0.0,85.176,15.098
1192.54,sglang:subprocess,0.0,0.0,85.173,15.098
1193.041,sglang:subprocess,0.0,0.0,85.174,15.098
1193.541,sglang:subprocess,0.0,0.0,85.175,15.098
1194.042,sglang:subprocess,0.0,0.0,85.171,15.098
1194.543,sglang:subprocess,0.0,0.0,85.173,15.098
1195.043,sglang:subprocess,0.0,0.0,85.172,15.098
1195.545,sglang:subprocess,0.0,0.0,85.171,15.098
1196.045,sglang:subprocess,0.0,0.0,85.171,15.098
1196.546,sglang:subprocess,0.0,0.0,85.174,15.098
1197.047,sglang:subprocess,0.0,0.0,85.177,15.098
1197.548,sglang:subprocess,0.0,0.0,85.177,15.098
1198.048,sglang:subprocess,0.0,0.0,85.177,15.098
1198.549,sglang:subprocess,0.0,0.0,85.176,15.098
1199.05,sglang:subprocess,0.0,0.0,85.177,15.098
1199.55,sglang:subprocess,0.0,0.0,85.177,15.098
1200.051,sglang:subprocess,0.0,0.0,85.177,15.098
1200.552,sglang:subprocess,0.0,0.0,85.174,15.098
1201.053,sglang:subprocess,0.0,0.0,85.173,15.098
1201.553,sglang:subprocess,0.0,0.0,85.174,15.098
1202.054,sglang:subprocess,0.0,0.0,85.174,15.098
1202.555,sglang:subprocess,0.0,0.0,85.175,15.098
1203.055,sglang:subprocess,0.0,0.0,85.176,15.098
1203.556,sglang:subprocess,0.0,0.0,85.176,15.098
1204.057,sglang:subprocess,0.0,0.0,85.174,15.098
1204.557,sglang:subprocess,0.0,0.0,85.175,15.098
1205.058,sglang:subprocess,0.0,0.0,85.174,15.098
1205.559,sglang:subprocess,0.0,0.0,85.179,15.098
1206.06,sglang:subprocess,0.0,0.0,85.179,15.098
1206.561,sglang:subprocess,0.0,0.0,85.179,15.098
1207.061,sglang:subprocess,0.0,0.0,85.18,15.098
1207.562,sglang:subprocess,0.0,0.0,85.18,15.098
1208.063,sglang:subprocess,0.0,0.0,85.181,15.098
1208.563,sglang:subprocess,0.0,0.0,85.18,15.098
1209.064,sglang:subprocess,0.0,0.0,85.181,15.098
1209.565,sglang:subprocess,0.0,0.0,85.181,15.098
1210.065,sglang:subprocess,0.0,0.0,85.181,15.098
1210.566,sglang:subprocess,0.0,0.0,85.181,15.098
1211.067,sglang:subprocess,0.0,0.0,85.178,15.098
1211.568,sglang:subprocess,0.0,0.0,85.179,15.098
1212.069,sglang:subprocess,0.0,0.0,85.179,15.098
1212.569,sglang:subprocess,0.0,0.0,85.178,15.098
1213.07,sglang:subprocess,0.0,0.0,85.179,15.098
1213.571,sglang:subprocess,0.0,0.0,85.179,15.098
1214.071,sglang:subprocess,0.0,0.0,85.178,15.098
1214.572,sglang:subprocess,0.0,0.0,85.179,15.098
1215.073,sglang:subprocess,0.0,0.0,85.179,15.098
1215.573,sglang:subprocess,0.0,0.0,85.18,15.098
1216.074,sglang:subprocess,0.0,0.0,85.179,15.098
1216.575,sglang:subprocess,0.0,0.0,85.179,15.098
1217.076,sglang:subprocess,0.0,0.0,85.181,15.098
1217.576,sglang:subprocess,0.0,0.0,85.181,15.098
1218.077,sglang:subprocess,0.0,0.0,85.182,15.098
1218.578,sglang:subprocess,0.0,0.0,85.182,15.098
1219.079,sglang:subprocess,0.0,0.0,85.182,15.098
1219.579,sglang:subprocess,0.0,0.0,85.182,15.098
1220.08,sglang:subprocess,0.0,0.0,85.182,15.098
1220.58,sglang:subprocess,0.0,0.0,85.183,15.098
1221.081,sglang:subprocess,0.0,0.0,85.182,15.098
1221.582,sglang:subprocess,0.0,0.0,85.18,15.098
1222.083,sglang:subprocess,0.0,0.0,85.18,15.098
1222.584,sglang:subprocess,0.0,0.0,85.18,15.098
1223.084,sglang:subprocess,0.0,0.0,85.182,15.098
1223.585,sglang:subprocess,0.0,0.0,85.182,15.098
1224.086,sglang:subprocess,0.0,0.0,85.176,15.098
1224.586,sglang:subprocess,0.0,0.0,85.177,15.098
1225.087,sglang:subprocess,0.0,0.0,85.178,15.098
1225.588,sglang:subprocess,0.0,0.0,85.177,15.098
1226.088,sglang:subprocess,0.0,0.0,85.177,15.098
1226.59,sglang:subprocess,0.0,0.0,85.178,15.098
1227.09,sglang:subprocess,0.0,0.0,85.181,15.098
1227.591,sglang:subprocess,0.0,0.0,85.182,15.098
1228.092,sglang:subprocess,0.0,0.0,85.182,15.098
1228.592,sglang:subprocess,0.0,0.0,85.182,15.098
1229.093,sglang:subprocess,0.0,0.0,85.181,15.098
1229.594,sglang:subprocess,0.0,0.0,85.182,15.098
1230.094,sglang:subprocess,0.0,0.0,85.182,15.098
1230.595,sglang:subprocess,0.0,0.0,85.182,15.098
1231.096,sglang:subprocess,0.0,0.0,85.183,15.098
1231.596,sglang:subprocess,0.0,0.0,85.184,15.098
1232.098,sglang:subprocess,0.0,0.0,85.184,15.098
1232.598,sglang:subprocess,0.0,0.0,85.183,15.098
1233.099,sglang:subprocess,0.0,0.0,85.183,15.098
1233.6,sglang:subprocess,0.0,0.0,85.183,15.098
1234.1,sglang:subprocess,0.0,0.0,85.177,15.098
1234.601,sglang:subprocess,0.0,0.0,85.177,15.098
1235.102,sglang:subprocess,0.0,0.0,85.176,15.098
1235.602,sglang:subprocess,0.0,0.0,85.177,15.098
1236.103,sglang:subprocess,0.0,0.0,85.176,15.098
1236.604,sglang:subprocess,0.0,0.0,85.176,15.098
1237.105,sglang:subprocess,0.0,0.0,85.181,15.098
1237.606,sglang:subprocess,0.0,0.0,85.181,15.098
1238.106,sglang:subprocess,0.0,0.0,85.183,15.098
1238.607,sglang:subprocess,0.0,0.0,85.181,15.098
1239.108,sglang:subprocess,0.0,0.0,85.18,15.098
1239.608,sglang:subprocess,0.0,0.0,85.18,15.098
1240.109,sglang:subprocess,0.0,0.0,85.18,15.098
1240.61,sglang:subprocess,0.0,0.0,85.18,15.098
1241.111,sglang:subprocess,0.0,0.0,85.179,15.098
1241.611,sglang:subprocess,0.0,0.0,85.178,15.098
1242.112,sglang:subprocess,0.0,0.0,85.179,15.098
1242.613,sglang:subprocess,0.0,0.0,85.179,15.098
1243.114,sglang:subprocess,0.0,0.0,85.179,15.098
1243.614,sglang:subprocess,0.0,0.0,85.179,15.098
1244.115,sglang:subprocess,0.0,0.0,85.178,15.098
1244.616,sglang:subprocess,0.0,0.0,85.179,15.098
1245.116,sglang:subprocess,0.0,0.0,85.178,15.098
1245.617,sglang:subprocess,0.0,0.0,85.178,15.098
1246.118,sglang:subprocess,0.0,0.0,85.179,15.098
1246.618,sglang:subprocess,0.0,0.0,85.179,15.098
1247.119,sglang:subprocess,0.0,0.0,85.179,15.098
1247.62,sglang:subprocess,0.0,0.0,85.178,15.098
1248.121,sglang:subprocess,0.0,0.0,85.179,15.098
1248.622,sglang:subprocess,0.0,0.0,85.179,15.098
1249.122,sglang:subprocess,0.0,0.0,85.178,15.098
1249.623,sglang:subprocess,0.0,0.0,85.178,15.098
1250.124,sglang:subprocess,0.0,0.0,85.178,15.098
1250.624,sglang:subprocess,0.0,0.0,85.178,15.098
1251.125,sglang:subprocess,0.0,0.0,85.177,15.098
1251.626,sglang:subprocess,0.0,0.0,85.178,15.098
1252.127,sglang:subprocess,0.0,0.0,85.178,15.098
1252.627,sglang:subprocess,0.0,0.0,85.178,15.098
1253.128,sglang:subprocess,0.0,0.0,85.177,15.098
1253.629,sglang:subprocess,0.0,0.0,85.187,15.098
1254.13,sglang:subprocess,0.0,0.0,85.193,15.098
1254.63,sglang:subprocess,0.0,0.0,85.176,15.098
1255.131,sglang:subprocess,0.0,0.0,85.18,15.098
1255.632,sglang:subprocess,0.0,0.0,85.182,15.098
1256.132,sglang:subprocess,0.0,0.0,85.181,15.098
1256.633,sglang:subprocess,0.0,0.0,85.181,15.098
1257.134,sglang:subprocess,0.0,0.0,85.18,15.098
1257.636,sglang:subprocess,0.0,0.0,85.182,15.098
1258.137,sglang:subprocess,0.0,0.0,85.182,15.098
1258.638,sglang:subprocess,0.0,0.0,85.182,15.098
1259.138,sglang:subprocess,0.0,0.0,85.181,15.098
1259.639,sglang:subprocess,0.0,0.0,85.182,15.098
1260.14,sglang:subprocess,0.0,0.0,85.183,15.098
1260.64,sglang:subprocess,0.0,0.0,85.183,15.098
1261.141,sglang:subprocess,0.0,0.0,85.182,15.098
1261.642,sglang:subprocess,0.0,0.0,85.183,15.098
1262.142,sglang:subprocess,0.0,0.0,85.183,15.098
1262.643,sglang:subprocess,0.0,0.0,85.183,15.098
1263.144,sglang:subprocess,0.0,0.0,85.182,15.098
1263.645,sglang:subprocess,0.0,0.0,85.177,15.098
1264.146,sglang:subprocess,0.0,0.0,85.178,15.098
1264.646,sglang:subprocess,0.0,0.0,85.178,15.098
1265.147,sglang:subprocess,0.0,0.0,85.176,15.098
1265.648,sglang:subprocess,0.0,0.0,85.177,15.098
1266.148,sglang:subprocess,0.0,0.0,85.177,15.098
1266.649,sglang:subprocess,0.0,0.0,85.177,15.098
1267.15,sglang:subprocess,0.0,0.0,85.182,15.098
1267.65,sglang:subprocess,0.0,0.0,85.184,15.098
1268.151,sglang:subprocess,0.0,0.0,85.184,15.098
1268.652,sglang:subprocess,0.0,0.0,85.184,15.098
1269.153,sglang:subprocess,0.0,0.0,85.182,15.098
1269.654,sglang:subprocess,0.0,0.0,85.183,15.098
1270.154,sglang:subprocess,0.0,0.0,85.182,15.098
1270.655,sglang:subprocess,0.0,0.0,85.182,15.098
1271.156,sglang:subprocess,0.0,0.0,85.182,15.098
1271.656,sglang:subprocess,0.0,0.0,85.184,15.098
1272.157,sglang:subprocess,0.0,0.0,85.184,15.098
1272.658,sglang:subprocess,0.0,0.0,85.183,15.098
1273.158,sglang:subprocess,0.0,0.0,85.178,15.098
1273.659,sglang:subprocess,0.0,0.0,85.179,15.098
1274.16,sglang:subprocess,0.0,0.0,85.179,15.098
1274.661,sglang:subprocess,0.0,0.0,85.179,15.098
1275.162,sglang:subprocess,0.0,0.0,85.18,15.098
1275.662,sglang:subprocess,0.0,0.0,85.179,15.098
1276.163,sglang:subprocess,0.0,0.0,85.179,15.098
1276.664,sglang:subprocess,0.0,0.0,85.179,15.098
1277.165,sglang:subprocess,0.0,0.0,85.182,15.098
1277.666,sglang:subprocess,0.0,0.0,85.184,15.098
1278.168,sglang:subprocess,0.0,0.0,85.184,15.098
1278.669,sglang:subprocess,0.0,0.0,85.184,15.098
1279.17,sglang:subprocess,0.0,0.0,85.184,15.098
1279.671,sglang:subprocess,0.0,0.0,85.184,15.098
1280.171,sglang:subprocess,0.0,0.0,85.185,15.098
1280.672,sglang:subprocess,0.0,0.0,85.185,15.098
1281.173,sglang:subprocess,0.0,0.0,85.186,15.098
1281.673,sglang:subprocess,0.0,0.0,85.185,15.098
1282.174,sglang:subprocess,0.0,0.0,85.186,15.098
1282.675,sglang:subprocess,0.0,0.0,85.187,15.098
1283.175,sglang:subprocess,0.0,0.0,85.187,15.098
1283.676,sglang:subprocess,0.0,0.0,85.184,15.098
1284.177,sglang:subprocess,0.0,0.0,85.18,15.098
1284.678,sglang:subprocess,0.0,0.0,85.18,15.098
1285.179,sglang:subprocess,0.0,0.0,85.179,15.098
1285.679,sglang:subprocess,0.0,0.0,85.18,15.098
1286.18,sglang:subprocess,0.0,0.0,85.179,15.098
1286.681,sglang:subprocess,0.0,0.0,85.18,15.098
1287.181,sglang:subprocess,0.0,0.0,85.181,15.098
1287.682,sglang:subprocess,0.0,0.0,85.181,15.098
1288.183,sglang:subprocess,0.0,0.0,85.182,15.098
1288.683,sglang:subprocess,0.0,0.0,85.182,15.098
1289.184,sglang:subprocess,0.0,0.0,85.182,15.098
1289.685,sglang:subprocess,0.0,0.0,85.182,15.098
1290.186,sglang:subprocess,0.0,0.0,85.182,15.098
1290.688,sglang:subprocess,0.0,0.0,85.182,15.098
1291.189,sglang:subprocess,0.0,0.0,85.181,15.098
1291.689,sglang:subprocess,0.0,0.0,85.181,15.098
1292.19,sglang:subprocess,0.0,0.0,85.183,15.098
1292.691,sglang:subprocess,0.0,0.0,85.184,15.098
1293.192,sglang:subprocess,0.0,0.0,85.184,15.098
1293.692,sglang:subprocess,0.0,0.0,85.184,15.098
1294.193,sglang:subprocess,0.0,0.0,85.178,15.098
1294.694,sglang:subprocess,0.0,0.0,85.178,15.098
1295.195,sglang:subprocess,0.0,0.0,85.179,15.098
1295.695,sglang:subprocess,0.0,0.0,85.179,15.098
1296.196,sglang:subprocess,0.0,0.0,85.18,15.098
1296.697,sglang:subprocess,0.0,0.0,85.179,15.098
1297.197,sglang:subprocess,0.0,0.0,85.182,15.098
1297.698,sglang:subprocess,0.0,0.0,85.183,15.098
1298.199,sglang:subprocess,0.0,0.0,85.182,15.098
1298.699,sglang:subprocess,0.0,0.0,85.182,15.098
1299.2,sglang:subprocess,0.0,0.0,85.183,15.098
1299.701,sglang:subprocess,0.0,0.0,85.184,15.098
1300.202,sglang:subprocess,0.0,0.0,85.184,15.098
1300.703,sglang:subprocess,0.0,0.0,85.185,15.098
1301.203,sglang:subprocess,0.0,0.0,85.186,15.098
1301.705,sglang:subprocess,0.0,0.0,85.186,15.098
1302.205,sglang:subprocess,0.0,0.0,85.193,15.098
1302.706,sglang:subprocess,0.0,0.0,85.193,15.098
1303.207,sglang:subprocess,0.0,0.0,85.195,15.098
1303.707,sglang:subprocess,0.0,0.0,85.195,15.098
1304.208,sglang:subprocess,0.0,0.0,85.193,15.098
1304.709,sglang:subprocess,0.0,0.0,85.192,15.098
1305.209,sglang:subprocess,0.0,0.0,85.189,15.098
1305.71,sglang:subprocess,0.0,0.0,85.189,15.098
1306.211,sglang:subprocess,0.0,0.0,85.192,15.098
1306.712,sglang:subprocess,0.0,0.0,85.192,15.098
1307.213,sglang:subprocess,0.0,0.0,85.192,15.098
1307.713,sglang:subprocess,0.0,0.0,85.191,15.098
1308.214,sglang:subprocess,0.0,0.0,85.194,15.098
1308.715,sglang:subprocess,0.0,0.0,85.194,15.098
1309.215,sglang:subprocess,0.0,0.0,85.194,15.098
1309.716,sglang:subprocess,0.0,0.0,85.195,15.098
1310.217,sglang:subprocess,0.0,0.0,85.195,15.098
1310.718,sglang:subprocess,0.0,0.0,85.196,15.098
1311.219,sglang:subprocess,0.0,0.0,85.195,15.098
1311.72,sglang:subprocess,0.0,0.0,85.195,15.098
1312.221,sglang:subprocess,0.0,0.0,85.196,15.098
1312.721,sglang:subprocess,0.0,0.0,85.197,15.098
1313.222,sglang:subprocess,0.0,0.0,85.196,15.098
1313.723,sglang:subprocess,0.0,0.0,85.197,15.098
1314.223,sglang:subprocess,0.0,0.0,85.196,15.098
1314.724,sglang:subprocess,0.0,0.0,85.194,15.098
1315.225,sglang:subprocess,0.0,0.0,85.182,15.098
1315.725,sglang:subprocess,0.0,0.0,85.182,15.098
1316.227,sglang:subprocess,0.0,0.0,85.185,15.098
1316.727,sglang:subprocess,0.0,0.0,85.185,15.098
1317.228,sglang:subprocess,0.0,0.0,85.187,15.098
1317.729,sglang:subprocess,0.0,0.0,85.187,15.098
1318.229,sglang:subprocess,0.0,0.0,85.188,15.098
1318.73,sglang:subprocess,0.0,0.0,85.19,15.098
1319.231,sglang:subprocess,0.0,0.0,85.191,15.098
1319.731,sglang:subprocess,0.0,0.0,85.191,15.098
1320.232,sglang:subprocess,0.0,0.0,85.193,15.098
1320.733,sglang:subprocess,0.0,0.0,85.192,15.098
1321.235,sglang:subprocess,0.0,0.0,85.189,15.098
1321.735,sglang:subprocess,0.0,0.0,85.189,15.098
1322.236,sglang:subprocess,0.0,0.0,85.189,15.098
1322.737,sglang:subprocess,0.0,0.0,85.189,15.098
1323.237,sglang:subprocess,0.0,0.0,85.191,15.098
1323.738,sglang:subprocess,0.0,0.0,85.193,15.098
1324.239,sglang:subprocess,0.0,0.0,85.193,15.098
1324.739,sglang:subprocess,0.0,0.0,85.192,15.098
1325.24,sglang:subprocess,0.0,0.0,85.193,15.098
1325.741,sglang:subprocess,0.0,0.0,85.192,15.098
1326.241,sglang:subprocess,0.0,0.0,85.192,15.098
1326.742,sglang:subprocess,0.0,0.0,85.192,15.098
1327.243,sglang:subprocess,0.0,0.0,85.191,15.098
1327.744,sglang:subprocess,0.0,0.0,85.191,15.098
1328.244,sglang:subprocess,0.0,0.0,85.193,15.098
1328.745,sglang:subprocess,0.0,0.0,85.193,15.098
1329.246,sglang:subprocess,0.0,0.0,85.194,15.098
1329.747,sglang:subprocess,0.0,0.0,85.195,15.098
1330.247,sglang:subprocess,0.0,0.0,85.193,15.098
1330.748,sglang:subprocess,0.0,0.0,85.192,15.098
1331.249,sglang:subprocess,0.0,0.0,85.192,15.098
1331.75,sglang:subprocess,0.0,0.0,85.193,15.098
1332.25,sglang:subprocess,0.0,0.0,85.193,15.098
1332.751,sglang:subprocess,0.0,0.0,85.194,15.098
1333.252,sglang:subprocess,0.0,0.0,85.194,15.098
1333.752,sglang:subprocess,0.0,0.0,85.194,15.098
1334.253,sglang:subprocess,0.0,0.0,85.194,15.098
1334.754,sglang:subprocess,0.0,0.0,85.193,15.098
1335.254,sglang:subprocess,0.0,0.0,85.193,15.098
1335.755,sglang:subprocess,0.0,0.0,85.193,15.098
1336.256,sglang:subprocess,0.0,0.0,85.193,15.098
1336.756,sglang:subprocess,0.0,0.0,85.193,15.098
1337.258,sglang:subprocess,0.0,0.0,85.192,15.098
1337.758,sglang:subprocess,0.0,0.0,85.193,15.098
1338.259,sglang:subprocess,0.0,0.0,85.194,15.098
1338.76,sglang:subprocess,0.0,0.0,85.196,15.098
1339.26,sglang:subprocess,0.0,0.0,85.196,15.098
1339.761,sglang:subprocess,0.0,0.0,85.207,15.098
1340.262,sglang:subprocess,0.0,0.0,85.207,15.098
1340.762,sglang:subprocess,0.0,0.0,85.207,15.098
1341.263,sglang:subprocess,0.0,0.0,85.197,15.098
1341.764,sglang:subprocess,0.0,0.0,85.198,15.098
1342.265,sglang:subprocess,0.0,0.0,85.199,15.098
1342.766,sglang:subprocess,0.0,0.0,85.203,15.098
1343.267,sglang:subprocess,0.0,0.0,85.206,15.098
1343.767,sglang:subprocess,0.0,0.0,85.206,15.098
1344.268,sglang:subprocess,0.0,0.0,85.206,15.098
1344.769,sglang:subprocess,0.0,0.0,85.206,15.098
1345.27,sglang:subprocess,0.0,0.0,85.206,15.098
1345.77,sglang:subprocess,0.0,0.0,85.206,15.098
1346.271,sglang:subprocess,0.0,0.0,85.206,15.098
1346.772,sglang:subprocess,0.0,0.0,85.208,15.098
1347.272,sglang:subprocess,0.0,0.0,85.21,15.098
1347.773,sglang:subprocess,0.0,0.0,85.21,15.098
1348.274,sglang:subprocess,0.0,0.0,85.211,15.098
1348.775,sglang:subprocess,0.0,0.0,85.211,15.098
1349.276,sglang:subprocess,0.0,0.0,85.211,15.098
1349.776,sglang:subprocess,0.0,0.0,85.21,15.098
1350.277,sglang:subprocess,0.0,0.0,85.201,15.098
1350.778,sglang:subprocess,0.0,0.0,85.208,15.098
1351.279,sglang:subprocess,0.0,0.0,85.209,15.098
1351.779,sglang:subprocess,0.0,0.0,85.205,15.098
1352.28,sglang:subprocess,0.0,0.0,85.205,15.098
1352.781,sglang:subprocess,0.0,0.0,85.216,15.098
1353.282,sglang:subprocess,0.0,0.0,85.21,15.098
1353.782,sglang:subprocess,0.0,0.0,85.211,15.098
1354.283,sglang:subprocess,0.0,0.0,85.211,15.098
1354.784,sglang:subprocess,0.0,0.0,85.213,15.098
1355.285,sglang:subprocess,0.0,0.0,85.208,15.098
1355.785,sglang:subprocess,0.0,0.0,85.208,15.098
1356.286,sglang:subprocess,0.0,0.0,85.208,15.098
1356.787,sglang:subprocess,0.0,0.0,85.212,15.098
1357.287,sglang:subprocess,0.0,0.0,85.209,15.098
1357.788,sglang:subprocess,0.0,0.0,85.21,15.098
1358.289,sglang:subprocess,0.0,0.0,85.211,15.098
1358.79,sglang:subprocess,0.0,0.0,85.214,15.098
1359.29,sglang:subprocess,0.0,0.0,85.21,15.098
1359.791,sglang:subprocess,0.0,0.0,85.211,15.098
1360.292,sglang:subprocess,0.0,0.0,85.21,15.098
1360.792,sglang:subprocess,0.0,0.0,85.213,15.098
1361.293,sglang:subprocess,0.0,0.0,85.207,15.098
1361.794,sglang:subprocess,0.0,0.0,85.205,15.098
1362.294,sglang:subprocess,0.0,0.0,85.205,15.098
1362.795,sglang:subprocess,0.0,0.0,85.207,15.098
1363.296,sglang:subprocess,0.0,0.0,85.207,15.098
1363.797,sglang:subprocess,0.0,0.0,85.207,15.098
1364.297,sglang:subprocess,0.0,0.0,85.207,15.098
1364.798,sglang:subprocess,0.0,0.0,85.21,15.098
1365.299,sglang:subprocess,0.0,0.0,85.206,15.098
1365.799,sglang:subprocess,0.0,0.0,85.207,15.098
1366.3,sglang:subprocess,0.0,0.0,85.207,15.098
1366.801,sglang:subprocess,0.0,0.0,85.205,15.098
1367.301,sglang:subprocess,0.0,0.0,85.207,15.098
1367.802,sglang:subprocess,0.0,0.0,85.209,15.098
1368.303,sglang:subprocess,0.0,0.0,85.21,15.098
1368.804,sglang:subprocess,0.0,0.0,85.21,15.098
1369.305,sglang:subprocess,0.0,0.0,85.212,15.098
1369.805,sglang:subprocess,0.0,0.0,85.211,15.098
1370.306,sglang:subprocess,0.0,0.0,85.211,15.098
1370.807,sglang:subprocess,0.0,0.0,85.213,15.098
1371.307,sglang:subprocess,0.0,0.0,85.21,15.098
1371.808,sglang:subprocess,0.0,0.0,85.209,15.098
1372.309,sglang:subprocess,0.0,0.0,85.208,15.098
1372.81,sglang:subprocess,0.0,0.0,85.207,15.098
1373.311,sglang:subprocess,0.0,0.0,85.206,15.098
1373.812,sglang:subprocess,0.0,0.0,85.207,15.098
1374.313,sglang:subprocess,0.0,0.0,85.207,15.098
1374.813,sglang:subprocess,0.0,0.0,85.206,15.098
1375.314,sglang:subprocess,0.0,0.0,85.208,15.098
1375.815,sglang:subprocess,0.0,0.0,85.209,15.098
1376.315,sglang:subprocess,0.0,0.0,85.209,15.098
1376.816,sglang:subprocess,0.0,0.0,85.21,15.098
1377.317,sglang:subprocess,0.0,0.0,85.212,15.098
1377.817,sglang:subprocess,0.0,0.0,85.212,15.098
1378.318,sglang:subprocess,0.0,0.0,85.211,15.098
1378.819,sglang:subprocess,0.0,0.0,85.212,15.098
1379.32,sglang:subprocess,0.0,0.0,85.211,15.098
1379.821,sglang:subprocess,0.0,0.0,85.212,15.098
1380.321,sglang:subprocess,0.0,0.0,85.212,15.098
1380.822,sglang:subprocess,0.0,0.0,85.211,15.098
1381.323,sglang:subprocess,0.0,0.0,85.211,15.098
1381.823,sglang:subprocess,0.0,0.0,85.211,15.098
1382.324,sglang:subprocess,0.0,0.0,85.212,15.098
1382.825,sglang:subprocess,0.0,0.0,85.21,15.098
1383.325,sglang:subprocess,0.0,0.0,85.211,15.098
1383.826,sglang:subprocess,0.0,0.0,85.212,15.098
1384.327,sglang:subprocess,0.0,0.0,85.212,15.098
1384.828,sglang:subprocess,0.0,0.0,85.211,15.098
1385.329,sglang:subprocess,0.0,0.0,85.21,15.098
1385.829,sglang:subprocess,0.0,0.0,85.209,15.098
1386.33,sglang:subprocess,0.0,0.0,85.209,15.098
1386.831,sglang:subprocess,0.0,0.0,85.208,15.098
1387.331,sglang:subprocess,0.0,0.0,85.211,15.098
1387.832,sglang:subprocess,0.0,0.0,85.211,15.098
1388.333,sglang:subprocess,0.0,0.0,85.212,15.098
1388.904,sglang:subprocess,0.0,0.0,85.228,15.098
1389.405,sglang:subprocess,0.0,0.0,85.214,15.098
1389.906,sglang:subprocess,0.0,0.0,85.214,15.098
1390.407,sglang:subprocess,0.0,0.0,85.213,15.098
1390.907,sglang:subprocess,0.0,0.0,85.213,15.098
1391.408,sglang:subprocess,0.0,0.0,85.214,15.098
1391.909,sglang:subprocess,0.0,0.0,85.215,15.098
1392.409,sglang:subprocess,0.0,0.0,85.215,15.098
1392.91,sglang:subprocess,0.0,0.0,85.214,15.098
1393.411,sglang:subprocess,0.0,0.0,85.215,15.098
1393.911,sglang:subprocess,0.0,0.0,85.214,15.098
1394.412,sglang:subprocess,0.0,0.0,85.214,15.098
1394.913,sglang:subprocess,0.0,0.0,85.213,15.098
1395.414,sglang:subprocess,0.0,0.0,85.213,15.098
1395.915,sglang:subprocess,0.0,0.0,85.213,15.098
1396.415,sglang:subprocess,0.0,0.0,85.212,15.098
1396.916,sglang:subprocess,0.0,0.0,85.212,15.098
1397.417,sglang:subprocess,0.0,0.0,85.212,15.098
1397.917,sglang:subprocess,0.0,0.0,85.213,15.098
1398.418,sglang:subprocess,0.0,0.0,85.214,15.098
1398.919,sglang:subprocess,0.0,0.0,85.215,15.098
1399.419,sglang:subprocess,0.0,0.0,85.214,15.098
1399.92,sglang:subprocess,0.0,0.0,85.215,15.098
1400.421,sglang:subprocess,0.0,0.0,85.215,15.098
1400.922,sglang:subprocess,0.0,0.0,85.214,15.098
1401.423,sglang:subprocess,0.0,0.0,85.214,15.098
1401.924,sglang:subprocess,0.0,0.0,85.214,15.098
1402.425,sglang:subprocess,0.0,0.0,85.214,15.098
1402.931,sglang:subprocess,0.0,0.0,85.214,15.098
1403.432,sglang:subprocess,0.0,0.0,84.786,15.098
1403.933,sglang:subprocess,0.0,0.0,84.787,15.098
1404.433,sglang:subprocess,0.0,0.0,84.786,15.098
1404.934,sglang:subprocess,0.0,0.0,84.786,15.098
1405.435,sglang:subprocess,0.0,0.0,84.786,15.098
1405.936,sglang:subprocess,0.0,0.0,84.784,15.098
1406.437,sglang:subprocess,0.0,0.0,84.784,15.098
1406.937,sglang:subprocess,0.0,0.0,84.784,15.098
1407.438,sglang:subprocess,0.0,0.0,84.783,15.098
1407.939,sglang:subprocess,0.0,0.0,84.783,15.098
1408.439,sglang:subprocess,0.0,0.0,84.786,15.098
1408.94,sglang:subprocess,0.0,0.0,84.824,15.098
1409.441,sglang:subprocess,0.0,0.0,84.825,15.098
1409.941,sglang:subprocess,0.0,0.0,84.826,15.098
1410.442,sglang:subprocess,0.0,0.0,84.824,15.098
1410.943,sglang:subprocess,0.0,0.0,84.823,15.098
1411.444,sglang:subprocess,0.0,0.0,84.823,15.098
1411.945,sglang:subprocess,0.0,0.0,84.822,15.098
1412.445,sglang:subprocess,0.0,0.0,84.823,15.098
1412.946,sglang:subprocess,0.0,0.0,84.823,15.098
1413.447,sglang:subprocess,0.0,0.0,84.824,15.098
1413.947,sglang:subprocess,0.0,0.0,84.824,15.098
1414.448,sglang:subprocess,0.0,0.0,84.904,15.098
1414.949,sglang:subprocess,0.0,0.0,84.903,15.098
1415.449,sglang:subprocess,0.0,0.0,84.902,15.098
1415.95,sglang:subprocess,0.0,0.0,84.903,15.098
1416.451,sglang:subprocess,0.0,0.0,84.903,15.098
1416.952,sglang:subprocess,0.0,0.0,84.905,15.098
1417.452,sglang:subprocess,0.0,0.0,84.905,15.098
1417.953,sglang:subprocess,0.0,0.0,84.906,15.098
1418.454,sglang:subprocess,0.0,0.0,84.908,15.098
1418.954,sglang:subprocess,0.0,0.0,84.906,15.098
1419.455,sglang:subprocess,0.0,0.0,84.906,15.098
1419.957,sglang:subprocess,0.0,0.0,84.964,15.098
1420.458,sglang:subprocess,0.0,0.0,84.964,15.098
1420.959,sglang:subprocess,0.0,0.0,84.966,15.098
1421.46,sglang:subprocess,0.0,0.0,84.966,15.098
1421.96,sglang:subprocess,0.0,0.0,84.967,15.098
1422.461,sglang:subprocess,0.0,0.0,84.967,15.098
1422.962,sglang:subprocess,0.0,0.0,84.967,15.098
1423.462,sglang:subprocess,0.0,0.0,84.967,15.098
1423.963,sglang:subprocess,0.0,0.0,84.968,15.098
1424.464,sglang:subprocess,0.0,0.0,84.968,15.098
1424.964,sglang:subprocess,0.0,0.0,84.968,15.098
1425.465,sglang:subprocess,0.0,0.0,85.013,15.098
1425.966,sglang:subprocess,0.0,0.0,85.078,15.098
1426.467,sglang:subprocess,0.0,0.0,85.079,15.098
1426.967,sglang:subprocess,0.0,0.0,85.082,15.098
1427.468,sglang:subprocess,0.0,0.0,85.082,15.098
1427.969,sglang:subprocess,0.0,0.0,85.082,15.098
1428.47,sglang:subprocess,0.0,0.0,85.083,15.098
1428.97,sglang:subprocess,0.0,0.0,85.084,15.098
1429.471,sglang:subprocess,0.0,0.0,85.085,15.098
1429.972,sglang:subprocess,0.0,0.0,85.086,15.098
1430.472,sglang:subprocess,0.0,0.0,85.087,15.098
1430.973,sglang:subprocess,0.0,0.0,85.119,15.098
1431.474,sglang:subprocess,0.0,0.0,85.119,15.098
1431.975,sglang:subprocess,0.0,0.0,85.12,15.098
1432.475,sglang:subprocess,0.0,0.0,85.122,15.098
1432.976,sglang:subprocess,0.0,0.0,85.123,15.098
1433.477,sglang:subprocess,0.0,0.0,85.126,15.098
1433.977,sglang:subprocess,0.0,0.0,85.125,15.098
1434.478,sglang:subprocess,0.0,0.0,85.124,15.098
1434.979,sglang:subprocess,0.0,0.0,85.122,15.098
1435.479,sglang:subprocess,0.0,0.0,85.122,15.098
1435.98,sglang:subprocess,0.0,0.0,85.13,15.098
1436.481,sglang:subprocess,0.0,0.0,85.13,15.098
1436.982,sglang:subprocess,0.0,0.0,85.13,15.098
1437.483,sglang:subprocess,0.0,0.0,85.131,15.098
1437.983,sglang:subprocess,0.0,0.0,85.132,15.098
1438.484,sglang:subprocess,0.0,0.0,85.133,15.098
1438.985,sglang:subprocess,0.0,0.0,85.132,15.098
1439.485,sglang:subprocess,0.0,0.0,85.132,15.098
1439.986,sglang:subprocess,0.0,0.0,85.133,15.098
1440.489,sglang:subprocess,0.0,0.0,85.134,15.098
1440.99,sglang:subprocess,0.0,0.0,85.134,15.098
1441.491,sglang:subprocess,0.0,0.0,85.134,15.098
1441.991,sglang:subprocess,0.0,0.0,85.141,15.098
1442.492,sglang:subprocess,0.0,0.0,85.14,15.098
1442.993,sglang:subprocess,0.0,0.0,85.134,15.098
1443.494,sglang:subprocess,0.0,0.0,85.133,15.098
1443.994,sglang:subprocess,0.0,0.0,85.133,15.098
1444.495,sglang:subprocess,0.0,0.0,85.134,15.098
1444.996,sglang:subprocess,0.0,0.0,85.13,15.098
1445.497,sglang:subprocess,0.0,0.0,85.131,15.098
1445.997,sglang:subprocess,0.0,0.0,85.131,15.098
1446.498,sglang:subprocess,0.0,0.0,85.132,15.098
1446.998,sglang:subprocess,0.0,0.0,85.133,15.098
1447.5,sglang:subprocess,0.0,0.0,85.133,15.098
1448.0,sglang:subprocess,0.0,0.0,85.133,15.098
1448.501,sglang:subprocess,0.0,0.0,85.131,15.098
1449.002,sglang:subprocess,0.0,0.0,85.13,15.098
1449.502,sglang:subprocess,0.0,0.0,85.13,15.098
1450.003,sglang:subprocess,0.0,0.0,85.131,15.098
1450.504,sglang:subprocess,0.0,0.0,85.131,15.098
1451.004,sglang:subprocess,0.0,0.0,85.13,15.098
1451.505,sglang:subprocess,0.0,0.0,85.13,15.098
1452.006,sglang:subprocess,0.0,0.0,85.132,15.098
1452.507,sglang:subprocess,0.0,0.0,85.131,15.098
1453.008,sglang:subprocess,0.0,0.0,85.131,15.098
1453.508,sglang:subprocess,0.0,0.0,85.132,15.098
1454.009,sglang:subprocess,0.0,0.0,85.132,15.098
1454.51,sglang:subprocess,0.0,0.0,85.131,15.098
1455.01,sglang:subprocess,0.0,0.0,85.131,15.098
1455.511,sglang:subprocess,0.0,0.0,85.131,15.098
1456.012,sglang:subprocess,0.0,0.0,85.131,15.098
1456.512,sglang:subprocess,0.0,0.0,85.131,15.098
1457.013,sglang:subprocess,0.0,0.0,85.128,15.098
1457.514,sglang:subprocess,0.0,0.0,85.132,15.098
1458.015,sglang:subprocess,0.0,0.0,85.132,15.098
1458.515,sglang:subprocess,0.0,0.0,85.134,15.098
1459.016,sglang:subprocess,0.0,0.0,85.135,15.098
1459.517,sglang:subprocess,0.0,0.0,85.135,15.098
1460.018,sglang:subprocess,0.0,0.0,85.135,15.098
1460.518,sglang:subprocess,0.0,0.0,85.136,15.098
1461.019,sglang:subprocess,0.0,0.0,85.137,15.098
1461.52,sglang:subprocess,0.0,0.0,85.138,15.098
1462.02,sglang:subprocess,0.0,0.0,85.138,15.098
1462.521,sglang:subprocess,0.0,0.0,85.166,15.098
1463.022,sglang:subprocess,0.0,0.0,85.169,15.098
1463.523,sglang:subprocess,0.0,0.0,85.169,15.098
1464.023,sglang:subprocess,0.0,0.0,85.167,15.098
1464.524,sglang:subprocess,0.0,0.0,85.167,15.098
1465.025,sglang:subprocess,0.0,0.0,85.167,15.098
1465.526,sglang:subprocess,0.0,0.0,85.167,15.098
1466.026,sglang:subprocess,0.0,0.0,85.167,15.098
1466.527,sglang:subprocess,0.0,0.0,85.167,15.098
1467.028,sglang:subprocess,0.0,0.0,85.166,15.098
1467.529,sglang:subprocess,0.0,0.0,85.166,15.098
1468.029,sglang:subprocess,0.0,0.0,85.166,15.098
1468.531,sglang:subprocess,0.0,0.0,85.168,15.098
1469.031,sglang:subprocess,0.0,0.0,85.169,15.098
1469.532,sglang:subprocess,0.0,0.0,85.169,15.098
1470.033,sglang:subprocess,0.0,0.0,85.169,15.098
1470.533,sglang:subprocess,0.0,0.0,85.169,15.098
1471.034,sglang:subprocess,0.0,0.0,85.168,15.098
1471.535,sglang:subprocess,0.0,0.0,85.168,15.098
1472.035,sglang:subprocess,0.0,0.0,85.168,15.098
1472.536,sglang:subprocess,0.0,0.0,85.168,15.098
1473.037,sglang:subprocess,0.0,0.0,85.167,15.098
1473.537,sglang:subprocess,0.0,0.0,85.167,15.098
1474.038,sglang:subprocess,0.0,0.0,85.17,15.098
1474.539,sglang:subprocess,0.0,0.0,85.17,15.098
1475.04,sglang:subprocess,0.0,0.0,85.17,15.098
1475.541,sglang:subprocess,0.0,0.0,85.17,15.098
1476.041,sglang:subprocess,0.0,0.0,85.17,15.098
1476.542,sglang:subprocess,0.0,0.0,85.17,15.098
1477.042,sglang:subprocess,0.0,0.0,85.171,15.098
1477.543,sglang:subprocess,0.0,0.0,85.171,15.098
1478.044,sglang:subprocess,0.0,0.0,85.171,15.098
1478.545,sglang:subprocess,0.0,0.0,85.171,15.098
1479.046,sglang:subprocess,0.0,0.0,85.171,15.098
1479.546,sglang:subprocess,0.0,0.0,85.171,15.098
1480.047,sglang:subprocess,0.0,0.0,85.171,15.098
1480.548,sglang:subprocess,0.0,0.0,85.171,15.098
1481.048,sglang:subprocess,0.0,0.0,85.17,15.098
1481.549,sglang:subprocess,0.0,0.0,85.171,15.098
1482.05,sglang:subprocess,0.0,0.0,85.171,15.098
1482.55,sglang:subprocess,0.0,0.0,85.171,15.098
1483.051,sglang:subprocess,0.0,0.0,85.172,15.098
1483.552,sglang:subprocess,0.0,0.0,85.172,15.098
1484.052,sglang:subprocess,0.0,0.0,85.172,15.098
1484.553,sglang:subprocess,0.0,0.0,85.172,15.098
1485.054,sglang:subprocess,0.0,0.0,85.171,15.098
1485.555,sglang:subprocess,0.0,0.0,85.171,15.098
1486.056,sglang:subprocess,0.0,0.0,85.171,15.098
1486.556,sglang:subprocess,0.0,0.0,85.171,15.098
1487.057,sglang:subprocess,0.0,0.0,85.172,15.098
1487.558,sglang:subprocess,0.0,0.0,85.172,15.098
1488.058,sglang:subprocess,0.0,0.0,85.173,15.098
1488.559,sglang:subprocess,0.0,0.0,85.172,15.098
1489.06,sglang:subprocess,0.0,0.0,85.172,15.098
1489.561,sglang:subprocess,0.0,0.0,85.173,15.098
1490.061,sglang:subprocess,0.0,0.0,85.172,15.098
1490.562,sglang:subprocess,0.0,0.0,85.172,15.098
1491.063,sglang:subprocess,0.0,0.0,85.169,15.098
1491.563,sglang:subprocess,0.0,0.0,85.17,15.098
1492.064,sglang:subprocess,0.0,0.0,85.168,15.098
1492.565,sglang:subprocess,0.0,0.0,85.168,15.098
1493.065,sglang:subprocess,0.0,0.0,85.166,15.098
1493.566,sglang:subprocess,0.0,0.0,85.168,15.098
1494.067,sglang:subprocess,0.0,0.0,85.167,15.098
1494.567,sglang:subprocess,0.0,0.0,85.167,15.098
1495.068,sglang:subprocess,0.0,0.0,85.166,15.098
1495.569,sglang:subprocess,0.0,0.0,85.167,15.098
1496.07,sglang:subprocess,0.0,0.0,85.168,15.098
1496.571,sglang:subprocess,0.0,0.0,85.169,15.098
1497.071,sglang:subprocess,0.0,0.0,85.169,15.098
1497.572,sglang:subprocess,0.0,0.0,85.169,15.098
1498.073,sglang:subprocess,0.0,0.0,85.169,15.098
1498.573,sglang:subprocess,0.0,0.0,85.17,15.098
1499.074,sglang:subprocess,0.0,0.0,85.17,15.098
1499.575,sglang:subprocess,0.0,0.0,85.171,15.098
1500.076,sglang:subprocess,0.0,0.0,85.171,15.098
1500.576,sglang:subprocess,0.0,0.0,85.171,15.098
1501.077,sglang:subprocess,0.0,0.0,85.172,15.098
1501.578,sglang:subprocess,0.0,0.0,85.172,15.098
1502.078,sglang:subprocess,0.0,0.0,85.172,15.098
1502.579,sglang:subprocess,0.0,0.0,85.172,15.098
1503.08,sglang:subprocess,0.0,0.0,85.173,15.098
1503.58,sglang:subprocess,0.0,0.0,85.174,15.098
1504.081,sglang:subprocess,0.0,0.0,85.173,15.098
1504.582,sglang:subprocess,0.0,0.0,85.173,15.098
1505.082,sglang:subprocess,0.0,0.0,85.174,15.098
1505.584,sglang:subprocess,0.0,0.0,85.175,15.098
1506.084,sglang:subprocess,0.0,0.0,85.172,15.098
1506.585,sglang:subprocess,0.0,0.0,85.173,15.098
1507.086,sglang:subprocess,0.0,0.0,85.172,15.098
1507.586,sglang:subprocess,0.0,0.0,85.173,15.098
1508.087,sglang:subprocess,0.0,0.0,85.172,15.098
1508.588,sglang:subprocess,0.0,0.0,85.173,15.098
1509.088,sglang:subprocess,0.0,0.0,85.173,15.098
1509.589,sglang:subprocess,0.0,0.0,85.169,15.098
1510.09,sglang:subprocess,0.0,0.0,85.17,15.098
1510.591,sglang:subprocess,0.0,0.0,85.17,15.098
1511.092,sglang:subprocess,0.0,0.0,85.172,15.098
1511.592,sglang:subprocess,0.0,0.0,85.172,15.098
1512.093,sglang:subprocess,0.0,0.0,85.172,15.098
1512.594,sglang:subprocess,0.0,0.0,85.173,15.098
1513.095,sglang:subprocess,0.0,0.0,85.172,15.098
1513.595,sglang:subprocess,0.0,0.0,85.172,15.098
1514.096,sglang:subprocess,0.0,0.0,85.173,15.098
1514.597,sglang:subprocess,0.0,0.0,85.172,15.098
1515.097,sglang:subprocess,0.0,0.0,85.17,15.098
1515.598,sglang:subprocess,0.0,0.0,85.17,15.098
1516.099,sglang:subprocess,0.0,0.0,85.17,15.098
1516.6,sglang:subprocess,0.0,0.0,85.171,15.098
1517.1,sglang:subprocess,0.0,0.0,85.171,15.098
1517.601,sglang:subprocess,0.0,0.0,85.172,15.098
1518.102,sglang:subprocess,0.0,0.0,85.173,15.098
1518.602,sglang:subprocess,0.0,0.0,85.173,15.098
1519.103,sglang:subprocess,0.0,0.0,85.174,15.098
1519.604,sglang:subprocess,0.0,0.0,85.175,15.098
1520.104,sglang:subprocess,0.0,0.0,85.175,15.098
1520.605,sglang:subprocess,0.0,0.0,85.18,15.098
1521.106,sglang:subprocess,0.0,0.0,85.177,15.098
1521.607,sglang:subprocess,0.0,0.0,85.181,15.098
1522.108,sglang:subprocess,0.0,0.0,85.181,15.098
1522.608,sglang:subprocess,0.0,0.0,85.181,15.098
1523.109,sglang:subprocess,0.0,0.0,85.17,15.098
1523.61,sglang:subprocess,0.0,0.0,85.175,15.098
1524.11,sglang:subprocess,0.0,0.0,85.172,15.098
1524.611,sglang:subprocess,0.0,0.0,85.172,15.098
1525.112,sglang:subprocess,0.0,0.0,85.164,15.098
1525.612,sglang:subprocess,0.0,0.0,85.166,15.098
1526.113,sglang:subprocess,0.0,0.0,85.173,15.098
1526.614,sglang:subprocess,0.0,0.0,85.174,15.098
1527.115,sglang:subprocess,0.0,0.0,85.176,15.098
1527.616,sglang:subprocess,0.0,0.0,85.177,15.098
1528.116,sglang:subprocess,0.0,0.0,85.168,15.098
1528.617,sglang:subprocess,0.0,0.0,85.175,15.098
1529.118,sglang:subprocess,0.0,0.0,85.175,15.098
1529.618,sglang:subprocess,0.0,0.0,85.177,15.098
1530.119,sglang:subprocess,0.0,0.0,85.178,15.098
1530.62,sglang:subprocess,0.0,0.0,85.179,15.098
1531.12,sglang:subprocess,0.0,0.0,85.173,15.098
1531.622,sglang:subprocess,0.0,0.0,85.189,15.098
1532.122,sglang:subprocess,0.0,0.0,85.193,15.098
1532.623,sglang:subprocess,0.0,0.0,85.193,15.098
1533.124,sglang:subprocess,0.0,0.0,85.187,15.098
1533.624,sglang:subprocess,0.0,0.0,85.187,15.098
1534.125,sglang:subprocess,0.0,0.0,85.188,15.098
1534.626,sglang:subprocess,0.0,0.0,85.189,15.098
1535.126,sglang:subprocess,0.0,0.0,85.19,15.098
1535.627,sglang:subprocess,0.0,0.0,85.189,15.098
1536.128,sglang:subprocess,0.0,0.0,85.192,15.098
1536.628,sglang:subprocess,0.0,0.0,85.192,15.098
1537.13,sglang:subprocess,0.0,0.0,85.197,15.098
1537.63,sglang:subprocess,0.0,0.0,85.197,15.098
1538.131,sglang:subprocess,0.0,0.0,85.197,15.098
1538.632,sglang:subprocess,0.0,0.0,85.198,15.098
1539.132,sglang:subprocess,0.0,0.0,85.19,15.098
1539.633,sglang:subprocess,0.0,0.0,85.19,15.098
1540.134,sglang:subprocess,0.0,0.0,85.193,15.098
1540.634,sglang:subprocess,0.0,0.0,85.193,15.098
1541.135,sglang:subprocess,0.0,0.0,85.193,15.098
1541.636,sglang:subprocess,0.0,0.0,85.194,15.098
1542.137,sglang:subprocess,0.0,0.0,85.201,15.098
1542.638,sglang:subprocess,0.0,0.0,85.201,15.098
1543.138,sglang:subprocess,0.0,0.0,85.201,15.098
1543.639,sglang:subprocess,0.0,0.0,85.203,15.098
1544.14,sglang:subprocess,0.0,0.0,85.2,15.098
1544.64,sglang:subprocess,0.0,0.0,85.199,15.098
1545.141,sglang:subprocess,0.0,0.0,85.199,15.098
1545.642,sglang:subprocess,0.0,0.0,85.199,15.098
1546.142,sglang:subprocess,0.0,0.0,85.199,15.098
1546.643,sglang:subprocess,0.0,0.0,85.2,15.098
1547.144,sglang:subprocess,0.0,0.0,85.2,15.098
1547.645,sglang:subprocess,0.0,0.0,85.201,15.098
1548.146,sglang:subprocess,0.0,0.0,85.201,15.098
1548.646,sglang:subprocess,0.0,0.0,85.202,15.098
1549.147,sglang:subprocess,0.0,0.0,85.192,15.098
1549.648,sglang:subprocess,0.0,0.0,85.192,15.098
1550.148,sglang:subprocess,0.0,0.0,85.196,15.098
1550.649,sglang:subprocess,0.0,0.0,85.198,15.098
1551.15,sglang:subprocess,0.0,0.0,85.193,15.098
1551.65,sglang:subprocess,0.0,0.0,85.194,15.098
1552.151,sglang:subprocess,0.0,0.0,85.196,15.098
1552.652,sglang:subprocess,0.0,0.0,85.195,15.098
1553.154,sglang:subprocess,0.0,0.0,85.192,15.098
1553.655,sglang:subprocess,0.0,0.0,85.195,15.098
1554.155,sglang:subprocess,0.0,0.0,85.198,15.098
1554.656,sglang:subprocess,0.0,0.0,85.198,15.098
1555.157,sglang:subprocess,0.0,0.0,85.198,15.098
1555.657,sglang:subprocess,0.0,0.0,85.198,15.098
1556.158,sglang:subprocess,0.0,0.0,85.199,15.098
1556.659,sglang:subprocess,0.0,0.0,85.201,15.098
1557.159,sglang:subprocess,0.0,0.0,85.201,15.098
1557.66,sglang:subprocess,0.0,0.0,85.202,15.098
1558.161,sglang:subprocess,0.0,0.0,85.205,15.098
1558.662,sglang:subprocess,0.0,0.0,85.205,15.098
1559.163,sglang:subprocess,0.0,0.0,85.195,15.098
1559.663,sglang:subprocess,0.0,0.0,85.196,15.098
1560.164,sglang:subprocess,0.0,0.0,85.197,15.098
1560.665,sglang:subprocess,0.0,0.0,85.199,15.098
1561.165,sglang:subprocess,0.0,0.0,85.202,15.098
1561.666,sglang:subprocess,0.0,0.0,85.202,15.098
1562.167,sglang:subprocess,0.0,0.0,85.202,15.098
1562.667,sglang:subprocess,0.0,0.0,85.203,15.098
1563.168,sglang:subprocess,0.0,0.0,85.199,15.098
1563.669,sglang:subprocess,0.0,0.0,85.203,15.098
1564.17,sglang:subprocess,0.0,0.0,85.203,15.098
1564.671,sglang:subprocess,0.0,0.0,85.205,15.098
1565.171,sglang:subprocess,0.0,0.0,85.206,15.098
1565.672,sglang:subprocess,0.0,0.0,85.206,15.098
1566.173,sglang:subprocess,0.0,0.0,85.206,15.098
1566.673,sglang:subprocess,0.0,0.0,85.206,15.098
1567.174,sglang:subprocess,0.0,0.0,85.208,15.098
1567.675,sglang:subprocess,0.0,0.0,85.208,15.098
1568.175,sglang:subprocess,0.0,0.0,85.208,15.098
1568.676,sglang:subprocess,0.0,0.0,85.208,15.098
1569.177,sglang:subprocess,0.0,0.0,85.199,15.098
1569.678,sglang:subprocess,0.0,0.0,85.199,15.098
1570.178,sglang:subprocess,0.0,0.0,85.199,15.098
1570.679,sglang:subprocess,0.0,0.0,85.203,15.098
1571.18,sglang:subprocess,0.0,0.0,85.204,15.098
1571.681,sglang:subprocess,0.0,0.0,85.205,15.098
1572.181,sglang:subprocess,0.0,0.0,85.206,15.098
1572.682,sglang:subprocess,0.0,0.0,85.21,15.098
1573.183,sglang:subprocess,0.0,0.0,85.21,15.098
1573.684,sglang:subprocess,0.0,0.0,85.224,15.098
1574.184,sglang:subprocess,0.0,0.0,85.226,15.098
1574.685,sglang:subprocess,0.0,0.0,85.226,15.098
1575.186,sglang:subprocess,0.0,0.0,85.214,15.098
1575.686,sglang:subprocess,0.0,0.0,85.214,15.098
1576.187,sglang:subprocess,0.0,0.0,85.214,15.098
1576.688,sglang:subprocess,0.0,0.0,85.217,15.098
1577.188,sglang:subprocess,0.0,0.0,85.214,15.098
1577.689,sglang:subprocess,0.0,0.0,85.216,15.098
1578.19,sglang:subprocess,0.0,0.0,85.217,15.098
1578.69,sglang:subprocess,0.0,0.0,85.222,15.098
1579.192,sglang:subprocess,0.0,0.0,85.216,15.098
1579.692,sglang:subprocess,0.0,0.0,85.217,15.098
1580.193,sglang:subprocess,0.0,0.0,85.218,15.098
1580.694,sglang:subprocess,0.0,0.0,85.221,15.098
1581.194,sglang:subprocess,0.0,0.0,85.221,15.098
1581.695,sglang:subprocess,0.0,0.0,85.222,15.098
1582.196,sglang:subprocess,0.0,0.0,85.222,15.098
1582.696,sglang:subprocess,0.0,0.0,85.222,15.098
1583.197,sglang:subprocess,0.0,0.0,85.223,15.098
1583.698,sglang:subprocess,0.0,0.0,85.224,15.098
1584.199,sglang:subprocess,0.0,0.0,85.225,15.098
1584.699,sglang:subprocess,0.0,0.0,85.224,15.098
1585.2,sglang:subprocess,0.0,0.0,85.225,15.098
1585.701,sglang:subprocess,0.0,0.0,85.223,15.098
1586.202,sglang:subprocess,0.0,0.0,85.223,15.098
1586.702,sglang:subprocess,0.0,0.0,85.226,15.098
1587.203,sglang:subprocess,0.0,0.0,85.225,15.098
1587.704,sglang:subprocess,0.0,0.0,85.224,15.098
1588.204,sglang:subprocess,0.0,0.0,85.224,15.098
1588.705,sglang:subprocess,0.0,0.0,85.227,15.098
1589.206,sglang:subprocess,0.0,0.0,85.227,15.098
1589.707,sglang:subprocess,0.0,0.0,85.229,15.098
1590.207,sglang:subprocess,0.0,0.0,85.239,15.098
1590.708,sglang:subprocess,0.0,0.0,85.24,15.098
1591.209,sglang:subprocess,0.0,0.0,85.241,15.098
1591.709,sglang:subprocess,0.0,0.0,85.242,15.098
1592.21,sglang:subprocess,0.0,0.0,85.242,15.098
1592.711,sglang:subprocess,0.0,0.0,85.242,15.098
1593.212,sglang:subprocess,0.0,0.0,85.246,15.098
1593.712,sglang:subprocess,0.0,0.0,85.247,15.098
1594.213,sglang:subprocess,0.0,0.0,85.247,15.098
1594.714,sglang:subprocess,0.0,0.0,85.247,15.098
1595.215,sglang:subprocess,0.0,0.0,85.24,15.098
1595.715,sglang:subprocess,0.0,0.0,85.241,15.098
1596.216,sglang:subprocess,0.0,0.0,85.241,15.098
1596.717,sglang:subprocess,0.0,0.0,85.241,15.098
1597.217,sglang:subprocess,0.0,0.0,85.24,15.098
1597.718,sglang:subprocess,0.0,0.0,85.241,15.098
1598.219,sglang:subprocess,0.0,0.0,85.241,15.098
1598.72,sglang:subprocess,0.0,0.0,85.244,15.098
1599.22,sglang:subprocess,0.0,0.0,85.24,15.098
1599.721,sglang:subprocess,0.0,0.0,85.232,15.098
1600.222,sglang:subprocess,0.0,0.0,85.234,15.098
1600.723,sglang:subprocess,0.0,0.0,85.235,15.098
1601.223,sglang:subprocess,0.0,0.0,85.238,15.098
1601.724,sglang:subprocess,0.0,0.0,85.238,15.098
1602.225,sglang:subprocess,0.0,0.0,85.238,15.098
1602.725,sglang:subprocess,0.0,0.0,85.239,15.098
1603.226,sglang:subprocess,0.0,0.0,85.239,15.098
1603.727,sglang:subprocess,0.0,0.0,85.24,15.098
1604.227,sglang:subprocess,0.0,0.0,85.242,15.098
1604.728,sglang:subprocess,0.0,0.0,85.243,15.098
1605.229,sglang:subprocess,0.0,0.0,85.243,15.098
1605.73,sglang:subprocess,0.0,0.0,85.242,15.098
1606.23,sglang:subprocess,0.0,0.0,85.241,15.098
1606.731,sglang:subprocess,0.0,0.0,85.242,15.098
1607.232,sglang:subprocess,0.0,0.0,85.247,15.098
1607.732,sglang:subprocess,0.0,0.0,85.248,15.098
1608.233,sglang:subprocess,0.0,0.0,85.249,15.098
1608.734,sglang:subprocess,0.0,0.0,85.249,15.098
1609.235,sglang:subprocess,0.0,0.0,85.251,15.098
1609.735,sglang:subprocess,0.0,0.0,85.25,15.098
1610.236,sglang:subprocess,0.0,0.0,85.251,15.098
1610.737,sglang:subprocess,0.0,0.0,85.25,15.098
1611.238,sglang:subprocess,0.0,0.0,85.249,15.098
1611.738,sglang:subprocess,0.0,0.0,85.243,15.098
1612.239,sglang:subprocess,0.0,0.0,85.243,15.098
1612.74,sglang:subprocess,0.0,0.0,85.244,15.098
1613.24,sglang:subprocess,0.0,0.0,85.236,15.098
1613.741,sglang:subprocess,0.0,0.0,85.237,15.098
1614.242,sglang:subprocess,0.0,0.0,85.239,15.098
1614.742,sglang:subprocess,0.0,0.0,85.239,15.098
1615.243,sglang:subprocess,0.0,0.0,85.239,15.098
1615.745,sglang:subprocess,0.0,0.0,85.239,15.098
1616.245,sglang:subprocess,0.0,0.0,85.239,15.098
1616.754,sglang:subprocess,0.0,0.0,85.24,15.098
1617.255,sglang:subprocess,0.0,0.0,85.248,15.098
1617.756,sglang:subprocess,0.0,0.0,85.25,15.098
1618.256,sglang:subprocess,0.0,0.0,85.25,15.098
1618.757,sglang:subprocess,0.0,0.0,85.25,15.098
1619.258,sglang:subprocess,0.0,0.0,85.249,15.098
1619.758,sglang:subprocess,0.0,0.0,85.25,15.098
1620.259,sglang:subprocess,0.0,0.0,85.25,15.098
1620.76,sglang:subprocess,0.0,0.0,85.249,15.098
1621.261,sglang:subprocess,0.0,0.0,85.248,15.098
1621.761,sglang:subprocess,0.0,0.0,85.249,15.098
1622.262,sglang:subprocess,0.0,0.0,85.249,15.098
1622.763,sglang:subprocess,0.0,0.0,85.244,15.098
1623.263,sglang:subprocess,0.0,0.0,85.238,15.098
1623.764,sglang:subprocess,0.0,0.0,85.238,15.098
1624.265,sglang:subprocess,0.0,0.0,85.241,15.098
1624.766,sglang:subprocess,0.0,0.0,85.241,15.098
1625.266,sglang:subprocess,0.0,0.0,85.24,15.098
1625.767,sglang:subprocess,0.0,0.0,85.241,15.098
1626.268,sglang:subprocess,0.0,0.0,85.242,15.098
1626.769,sglang:subprocess,0.0,0.0,85.242,15.098
1627.269,sglang:subprocess,0.0,0.0,85.245,15.098
1627.77,sglang:subprocess,0.0,0.0,85.246,15.098
1628.271,sglang:subprocess,0.0,0.0,85.246,15.098
1628.771,sglang:subprocess,0.0,0.0,85.246,15.098
1629.272,sglang:subprocess,0.0,0.0,85.247,15.098
1629.773,sglang:subprocess,0.0,0.0,85.247,15.098
1630.274,sglang:subprocess,0.0,0.0,85.246,15.098
1630.774,sglang:subprocess,0.0,0.0,85.246,15.098
1631.275,sglang:subprocess,0.0,0.0,85.239,15.098
1631.776,sglang:subprocess,0.0,0.0,85.242,15.098
1632.277,sglang:subprocess,0.0,0.0,85.235,15.098
1632.778,sglang:subprocess,0.0,0.0,85.236,15.098
1633.278,sglang:subprocess,0.0,0.0,85.237,15.098
1633.779,sglang:subprocess,0.0,0.0,85.239,15.098
1634.28,sglang:subprocess,0.0,0.0,85.24,15.098
1634.78,sglang:subprocess,0.0,0.0,85.241,15.098
1635.281,sglang:subprocess,0.0,0.0,85.24,15.098
1635.782,sglang:subprocess,0.0,0.0,85.239,15.098
1636.282,sglang:subprocess,0.0,0.0,85.239,15.098
1636.784,sglang:subprocess,0.0,0.0,85.235,15.098
1637.284,sglang:subprocess,0.0,0.0,85.236,15.098
1637.785,sglang:subprocess,0.0,0.0,85.241,15.098
1638.286,sglang:subprocess,0.0,0.0,85.241,15.098
1638.786,sglang:subprocess,0.0,0.0,85.247,15.098
1639.287,sglang:subprocess,0.0,0.0,85.244,15.098
1639.788,sglang:subprocess,0.0,0.0,85.245,15.098
1640.288,sglang:subprocess,0.0,0.0,85.245,15.098
1640.789,sglang:subprocess,0.0,0.0,85.25,15.098
1641.29,sglang:subprocess,0.0,0.0,85.246,15.098
1641.79,sglang:subprocess,0.0,0.0,85.248,15.098
1642.292,sglang:subprocess,0.0,0.0,85.248,15.098
1642.792,sglang:subprocess,0.0,0.0,85.241,15.098
1643.293,sglang:subprocess,0.0,0.0,85.241,15.098
1643.794,sglang:subprocess,0.0,0.0,85.241,15.098
1644.294,sglang:subprocess,0.0,0.0,85.243,15.098
1644.795,sglang:subprocess,0.0,0.0,85.235,15.098
1645.296,sglang:subprocess,0.0,0.0,85.232,15.098
1645.796,sglang:subprocess,0.0,0.0,85.238,15.098
1646.297,sglang:subprocess,0.0,0.0,85.239,15.098
1646.798,sglang:subprocess,0.0,0.0,85.235,15.098
1647.299,sglang:subprocess,0.0,0.0,85.236,15.098
1647.8,sglang:subprocess,0.0,0.0,85.241,15.098
1648.3,sglang:subprocess,0.0,0.0,85.242,15.098
1648.801,sglang:subprocess,0.0,0.0,85.246,15.098
1649.302,sglang:subprocess,0.0,0.0,85.247,15.098
1649.802,sglang:subprocess,0.0,0.0,85.247,15.098
1650.303,sglang:subprocess,0.0,0.0,85.246,15.098
1650.804,sglang:subprocess,0.0,0.0,85.248,15.098
1651.304,sglang:subprocess,0.0,0.0,85.248,15.098
1651.805,sglang:subprocess,0.0,0.0,85.247,15.098
1652.306,sglang:subprocess,0.0,0.0,85.248,15.098
1652.807,sglang:subprocess,0.0,0.0,85.239,15.098
1653.308,sglang:subprocess,0.0,0.0,85.237,15.098
1653.808,sglang:subprocess,0.0,0.0,85.242,15.098
1654.309,sglang:subprocess,0.0,0.0,85.243,15.098
1654.81,sglang:subprocess,0.0,0.0,85.244,15.098
1655.31,sglang:subprocess,0.0,0.0,85.244,15.098
1655.811,sglang:subprocess,0.0,0.0,85.244,15.098
1656.312,sglang:subprocess,0.0,0.0,85.244,15.098
1656.812,sglang:subprocess,0.0,0.0,85.244,15.098
1657.313,sglang:subprocess,0.0,0.0,85.246,15.098
1657.814,sglang:subprocess,0.0,0.0,85.246,15.098
1658.315,sglang:subprocess,0.0,0.0,85.247,15.098
1658.816,sglang:subprocess,0.0,0.0,85.242,15.098
1659.316,sglang:subprocess,0.0,0.0,85.246,15.098
1659.817,sglang:subprocess,0.0,0.0,85.246,15.098
1660.318,sglang:subprocess,0.0,0.0,85.248,15.098
1660.818,sglang:subprocess,0.0,0.0,85.248,15.098
1661.319,sglang:subprocess,0.0,0.0,85.249,15.098
1661.82,sglang:subprocess,0.0,0.0,85.249,15.098
1662.321,sglang:subprocess,0.0,0.0,85.249,15.098
1662.821,sglang:subprocess,0.0,0.0,85.25,15.098
1663.322,sglang:subprocess,0.0,0.0,85.236,15.098
1663.823,sglang:subprocess,0.0,0.0,85.238,15.098
1664.324,sglang:subprocess,0.0,0.0,85.243,15.098
1664.824,sglang:subprocess,0.0,0.0,85.237,15.098
1665.325,sglang:subprocess,0.0,0.0,85.238,15.098
1665.826,sglang:subprocess,0.0,0.0,85.238,15.098
1666.326,sglang:subprocess,0.0,0.0,85.242,15.098
1666.827,sglang:subprocess,0.0,0.0,85.239,15.098
1667.328,sglang:subprocess,0.0,0.0,85.24,15.098
1667.829,sglang:subprocess,0.0,0.0,85.243,15.098
1668.33,sglang:subprocess,0.0,0.0,85.247,15.098
1668.83,sglang:subprocess,0.0,0.0,85.25,15.098
1669.331,sglang:subprocess,0.0,0.0,85.25,15.098
1669.832,sglang:subprocess,0.0,0.0,85.251,15.098
1670.332,sglang:subprocess,0.0,0.0,85.254,15.098
1670.833,sglang:subprocess,0.0,0.0,85.255,15.098
1671.334,sglang:subprocess,0.0,0.0,85.255,15.098
1671.835,sglang:subprocess,0.0,0.0,85.256,15.098
1672.335,sglang:subprocess,0.0,0.0,85.256,15.098
1672.836,sglang:subprocess,0.0,0.0,85.255,15.098
1673.337,sglang:subprocess,0.0,0.0,85.256,15.098
1673.838,sglang:subprocess,0.0,0.0,85.243,15.098
1674.339,sglang:subprocess,0.0,0.0,85.249,15.098
1674.839,sglang:subprocess,0.0,0.0,85.247,15.098
1675.34,sglang:subprocess,0.0,0.0,85.247,15.098
1675.841,sglang:subprocess,0.0,0.0,85.247,15.098
1676.341,sglang:subprocess,0.0,0.0,85.249,15.098
1676.842,sglang:subprocess,0.0,0.0,85.238,15.098
1677.343,sglang:subprocess,0.0,0.0,85.239,15.098
1677.844,sglang:subprocess,0.0,0.0,85.24,15.098
1678.344,sglang:subprocess,0.0,0.0,85.242,15.098
1678.845,sglang:subprocess,0.0,0.0,85.245,15.098
1679.346,sglang:subprocess,0.0,0.0,85.247,15.098
1679.847,sglang:subprocess,0.0,0.0,85.248,15.098
1680.348,sglang:subprocess,0.0,0.0,85.247,15.098
1680.848,sglang:subprocess,0.0,0.0,85.238,15.098
1681.349,sglang:subprocess,0.0,0.0,85.24,15.098
1681.85,sglang:subprocess,0.0,0.0,85.241,15.098
1682.35,sglang:subprocess,0.0,0.0,85.243,15.098
1682.851,sglang:subprocess,0.0,0.0,85.245,15.098
1683.352,sglang:subprocess,0.0,0.0,85.243,15.098
1683.852,sglang:subprocess,0.0,0.0,85.244,15.098
1684.354,sglang:subprocess,0.0,0.0,85.246,15.098
1684.854,sglang:subprocess,0.0,0.0,85.237,15.098
1685.355,sglang:subprocess,0.0,0.0,85.237,15.098
1685.856,sglang:subprocess,0.0,0.0,85.239,15.098
1686.356,sglang:subprocess,0.0,0.0,85.241,15.098
1686.857,sglang:subprocess,0.0,0.0,85.241,15.098
1687.358,sglang:subprocess,0.0,0.0,85.245,15.098
1687.858,sglang:subprocess,0.0,0.0,85.245,15.098
1688.359,sglang:subprocess,0.0,0.0,85.246,15.098
1688.86,sglang:subprocess,0.0,0.0,85.244,15.098
1689.361,sglang:subprocess,0.0,0.0,85.248,15.098
1689.861,sglang:subprocess,0.0,0.0,85.25,15.098
1690.362,sglang:subprocess,0.0,0.0,85.249,15.098
1690.865,sglang:subprocess,0.0,0.0,85.25,15.098
1691.365,sglang:subprocess,0.0,0.0,85.251,15.098
1691.866,sglang:subprocess,0.0,0.0,85.251,15.098
1692.367,sglang:subprocess,0.0,0.0,85.251,15.098
1692.867,sglang:subprocess,0.0,0.0,85.243,15.098
1693.368,sglang:subprocess,0.0,0.0,85.244,15.098
1693.869,sglang:subprocess,0.0,0.0,85.244,15.098
1694.369,sglang:subprocess,0.0,0.0,85.248,15.098
1694.87,sglang:subprocess,0.0,0.0,85.235,15.098
1695.371,sglang:subprocess,0.0,0.0,85.236,15.098
1695.872,sglang:subprocess,0.0,0.0,85.238,15.098
1696.372,sglang:subprocess,0.0,0.0,85.239,15.098
1696.873,sglang:subprocess,0.0,0.0,85.243,15.098
1697.374,sglang:subprocess,0.0,0.0,85.247,15.098
1697.875,sglang:subprocess,0.0,0.0,85.248,15.098
1698.375,sglang:subprocess,0.0,0.0,85.246,15.098
1698.876,sglang:subprocess,0.0,0.0,85.248,15.098
1699.377,sglang:subprocess,0.0,0.0,85.249,15.098
1699.878,sglang:subprocess,0.0,0.0,85.25,15.098
1700.378,sglang:subprocess,0.0,0.0,85.25,15.098
1700.879,sglang:subprocess,0.0,0.0,85.25,15.098
1701.38,sglang:subprocess,0.0,0.0,85.25,15.098
1701.881,sglang:subprocess,0.0,0.0,85.249,15.098
1702.381,sglang:subprocess,0.0,0.0,85.25,15.098
1702.882,sglang:subprocess,0.0,0.0,85.249,15.098
1703.383,sglang:subprocess,0.0,0.0,85.249,15.098
1703.883,sglang:subprocess,0.0,0.0,85.246,15.098
1704.384,sglang:subprocess,0.0,0.0,85.247,15.098
1704.885,sglang:subprocess,0.0,0.0,85.244,15.098
1705.386,sglang:subprocess,0.0,0.0,85.245,15.098
1705.886,sglang:subprocess,0.0,0.0,85.244,15.098
1706.387,sglang:subprocess,0.0,0.0,85.244,15.098
1706.888,sglang:subprocess,0.0,0.0,85.247,15.098
1707.388,sglang:subprocess,0.0,0.0,85.251,15.098
1707.889,sglang:subprocess,0.0,0.0,85.25,15.098
1708.39,sglang:subprocess,0.0,0.0,85.251,15.098
1708.89,sglang:subprocess,0.0,0.0,85.24,15.098
1709.391,sglang:subprocess,0.0,0.0,85.244,15.098
1709.892,sglang:subprocess,0.0,0.0,85.244,15.098
1710.393,sglang:subprocess,0.0,0.0,85.245,15.098
1710.894,sglang:subprocess,0.0,0.0,85.247,15.098
1711.394,sglang:subprocess,0.0,0.0,85.247,15.098
1711.895,sglang:subprocess,0.0,0.0,85.247,15.098
1712.396,sglang:subprocess,0.0,0.0,85.248,15.098
1712.896,sglang:subprocess,0.0,0.0,85.25,15.098
1713.397,sglang:subprocess,0.0,0.0,85.25,15.098
1713.898,sglang:subprocess,0.0,0.0,85.248,15.098
1714.399,sglang:subprocess,0.0,0.0,85.248,15.098
1714.899,sglang:subprocess,0.0,0.0,85.248,15.098
1715.4,sglang:subprocess,0.0,0.0,85.249,15.098
1715.901,sglang:subprocess,0.0,0.0,85.248,15.098
1716.402,sglang:subprocess,0.0,0.0,85.249,15.098
1716.903,sglang:subprocess,0.0,0.0,85.248,15.098
1717.403,sglang:subprocess,0.0,0.0,85.248,15.098
1717.904,sglang:subprocess,0.0,0.0,85.25,15.098
1718.405,sglang:subprocess,0.0,0.0,85.25,15.098
1718.905,sglang:subprocess,0.0,0.0,85.244,15.098
1719.406,sglang:subprocess,0.0,0.0,85.246,15.098
1719.907,sglang:subprocess,0.0,0.0,85.246,15.098
1720.407,sglang:subprocess,0.0,0.0,85.246,15.098
1720.908,sglang:subprocess,0.0,0.0,85.248,15.098
1721.409,sglang:subprocess,0.0,0.0,85.247,15.098
1721.91,sglang:subprocess,0.0,0.0,85.248,15.098
1722.41,sglang:subprocess,0.0,0.0,85.248,15.098
1722.911,sglang:subprocess,0.0,0.0,85.25,15.098
1723.412,sglang:subprocess,0.0,0.0,85.252,15.098
1723.912,sglang:subprocess,0.0,0.0,85.249,15.098
1724.413,sglang:subprocess,0.0,0.0,85.249,15.098
1724.914,sglang:subprocess,0.0,0.0,85.249,15.098
1725.414,sglang:subprocess,0.0,0.0,85.248,15.098
1725.915,sglang:subprocess,0.0,0.0,85.249,15.098
1726.416,sglang:subprocess,0.0,0.0,85.248,15.098
1726.917,sglang:subprocess,0.0,0.0,85.249,15.098
1727.418,sglang:subprocess,0.0,0.0,85.252,15.098
1727.918,sglang:subprocess,0.0,0.0,85.253,15.098
1728.419,sglang:subprocess,0.0,0.0,85.252,15.098
1728.92,sglang:subprocess,0.0,0.0,85.257,15.098
1729.421,sglang:subprocess,0.0,0.0,85.256,15.098
1729.921,sglang:subprocess,0.0,0.0,85.255,15.098
1730.422,sglang:subprocess,0.0,0.0,85.255,15.098
1730.923,sglang:subprocess,0.0,0.0,85.244,15.098
1731.424,sglang:subprocess,0.0,0.0,85.248,15.098
1731.925,sglang:subprocess,0.0,0.0,85.249,15.098
1732.425,sglang:subprocess,0.0,0.0,85.25,15.098
1732.926,sglang:subprocess,0.0,0.0,84.946,15.098
1733.427,sglang:subprocess,0.0,0.0,84.702,15.098
1733.927,sglang:subprocess,0.0,0.0,84.708,15.098
1734.428,sglang:subprocess,0.0,0.0,84.709,15.098
1734.929,sglang:subprocess,0.0,0.0,84.71,15.098
1735.429,sglang:subprocess,0.0,0.0,84.709,15.098
1735.93,sglang:subprocess,0.0,0.0,84.709,15.098
1736.431,sglang:subprocess,0.0,0.0,84.709,15.098
1736.932,sglang:subprocess,0.0,0.0,84.697,15.098
1737.432,sglang:subprocess,0.0,0.0,84.705,15.098
1737.933,sglang:subprocess,0.0,0.0,84.716,15.098
1738.434,sglang:subprocess,0.0,0.0,84.717,15.098
1738.935,sglang:subprocess,0.0,0.0,84.714,15.098
1739.435,sglang:subprocess,0.0,0.0,84.768,15.098
1739.936,sglang:subprocess,0.0,0.0,84.77,15.098
1740.437,sglang:subprocess,0.0,0.0,84.77,15.098
1740.937,sglang:subprocess,0.0,0.0,84.771,15.098
1741.438,sglang:subprocess,0.0,0.0,84.772,15.098
1741.944,sglang:subprocess,0.0,0.0,84.772,15.098
1742.445,sglang:subprocess,0.0,0.0,84.772,15.098
1742.945,sglang:subprocess,0.0,0.0,84.776,15.098
1743.446,sglang:subprocess,0.0,0.0,84.774,15.098
1743.947,sglang:subprocess,0.0,0.0,84.775,15.098
1744.447,sglang:subprocess,0.0,0.0,84.87,15.098
1744.948,sglang:subprocess,0.0,0.0,84.884,15.098
1745.449,sglang:subprocess,0.0,0.0,84.885,15.098
1745.95,sglang:subprocess,0.0,0.0,84.886,15.098
1746.45,sglang:subprocess,0.0,0.0,84.886,15.098
1746.951,sglang:subprocess,0.0,0.0,84.888,15.098
1747.452,sglang:subprocess,0.0,0.0,84.88,15.098
1747.953,sglang:subprocess,0.0,0.0,84.881,15.098
1748.454,sglang:subprocess,0.0,0.0,84.881,15.098
1748.954,sglang:subprocess,0.0,0.0,84.884,15.098
1749.455,sglang:subprocess,0.0,0.0,84.887,15.098
1749.956,sglang:subprocess,0.0,0.0,84.961,15.098
1750.456,sglang:subprocess,0.0,0.0,84.975,15.098
1750.957,sglang:subprocess,0.0,0.0,84.978,15.098
1751.458,sglang:subprocess,0.0,0.0,84.988,15.098
1751.959,sglang:subprocess,0.0,0.0,84.986,15.098
1752.46,sglang:subprocess,0.0,0.0,84.987,15.098
1752.961,sglang:subprocess,0.0,0.0,84.99,15.098
1753.461,sglang:subprocess,0.0,0.0,84.987,15.098
1753.962,sglang:subprocess,0.0,0.0,84.987,15.098
1754.463,sglang:subprocess,0.0,0.0,84.988,15.098
1754.963,sglang:subprocess,0.0,0.0,84.987,15.098
1755.464,sglang:subprocess,0.0,0.0,85.062,15.098
1755.965,sglang:subprocess,0.0,0.0,85.063,15.098
1756.466,sglang:subprocess,0.0,0.0,85.062,15.098
1756.966,sglang:subprocess,0.0,0.0,85.051,15.098
1757.467,sglang:subprocess,0.0,0.0,85.054,15.098
1757.968,sglang:subprocess,0.0,0.0,85.057,15.098
1758.469,sglang:subprocess,0.0,0.0,85.057,15.098
1758.97,sglang:subprocess,0.0,0.0,85.057,15.098
1759.47,sglang:subprocess,0.0,0.0,85.055,15.098
1759.971,sglang:subprocess,0.0,0.0,85.056,15.098
1760.472,sglang:subprocess,0.0,0.0,85.056,15.098
1760.972,sglang:subprocess,0.0,0.0,85.133,15.098
1761.473,sglang:subprocess,0.0,0.0,85.134,15.098
1761.974,sglang:subprocess,0.0,0.0,85.135,15.098
1762.474,sglang:subprocess,0.0,0.0,85.134,15.098
1762.975,sglang:subprocess,0.0,0.0,85.135,15.098
1763.476,sglang:subprocess,0.0,0.0,85.135,15.098
1763.977,sglang:subprocess,0.0,0.0,85.133,15.098
1764.485,sglang:subprocess,0.0,0.0,85.134,15.098
1764.986,sglang:subprocess,0.0,0.0,85.134,15.098
1765.487,sglang:subprocess,0.0,0.0,85.134,15.098
1765.987,sglang:subprocess,0.0,0.0,85.134,15.098
1766.488,sglang:subprocess,0.0,0.0,85.138,15.098
1766.989,sglang:subprocess,0.0,0.0,85.138,15.098
1767.489,sglang:subprocess,0.0,0.0,85.138,15.098
1767.99,sglang:subprocess,0.0,0.0,85.136,15.098
1768.491,sglang:subprocess,0.0,0.0,85.137,15.098
1768.992,sglang:subprocess,0.0,0.0,85.14,15.098
1769.493,sglang:subprocess,0.0,0.0,85.141,15.098
1769.993,sglang:subprocess,0.0,0.0,85.143,15.098
1770.494,sglang:subprocess,0.0,0.0,85.144,15.098
1770.995,sglang:subprocess,0.0,0.0,85.143,15.098
1771.495,sglang:subprocess,0.0,0.0,85.145,15.098
1771.996,sglang:subprocess,0.0,0.0,85.145,15.098
1772.497,sglang:subprocess,0.0,0.0,85.146,15.098
1772.997,sglang:subprocess,0.0,0.0,85.146,15.098
1773.498,sglang:subprocess,0.0,0.0,85.146,15.098
1773.999,sglang:subprocess,0.0,0.0,85.145,15.098
1774.5,sglang:subprocess,0.0,0.0,85.145,15.098
1775.0,sglang:subprocess,0.0,0.0,85.144,15.098
1775.501,sglang:subprocess,0.0,0.0,85.144,15.098
1776.002,sglang:subprocess,0.0,0.0,85.141,15.098
1776.503,sglang:subprocess,0.0,0.0,85.141,15.098
1777.003,sglang:subprocess,0.0,0.0,85.147,15.098
1777.504,sglang:subprocess,0.0,0.0,85.147,15.098
1778.005,sglang:subprocess,0.0,0.0,85.147,15.098
1778.505,sglang:subprocess,0.0,0.0,85.147,15.098
1779.006,sglang:subprocess,0.0,0.0,85.147,15.098
1779.507,sglang:subprocess,0.0,0.0,85.148,15.098
1780.008,sglang:subprocess,0.0,0.0,85.15,15.098
1780.508,sglang:subprocess,0.0,0.0,85.148,15.098
1781.009,sglang:subprocess,0.0,0.0,85.149,15.098
1781.51,sglang:subprocess,0.0,0.0,85.149,15.098
1782.01,sglang:subprocess,0.0,0.0,85.149,15.098
1782.511,sglang:subprocess,0.0,0.0,85.15,15.098
1783.012,sglang:subprocess,0.0,0.0,85.162,15.098
1783.513,sglang:subprocess,0.0,0.0,85.177,15.098
1784.014,sglang:subprocess,0.0,0.0,85.193,15.098
1784.514,sglang:subprocess,0.0,0.0,85.211,15.098
1785.015,sglang:subprocess,0.0,0.0,85.239,15.098
1785.516,sglang:subprocess,0.0,0.0,85.239,15.098
1786.017,sglang:subprocess,0.0,0.0,85.241,15.098
1786.517,sglang:subprocess,0.0,0.0,85.239,15.098
1787.018,sglang:subprocess,0.0,0.0,85.243,15.098
1787.519,sglang:subprocess,0.0,0.0,85.243,15.098
1788.019,sglang:subprocess,0.0,0.0,85.244,15.098
1788.52,sglang:subprocess,0.0,0.0,85.246,15.098
1789.021,sglang:subprocess,0.0,0.0,85.244,15.098
1789.522,sglang:subprocess,0.0,0.0,85.244,15.098
1790.022,sglang:subprocess,0.0,0.0,85.244,15.098
1790.523,sglang:subprocess,0.0,0.0,85.245,15.098
1791.024,sglang:subprocess,0.0,0.0,85.244,15.098
1791.525,sglang:subprocess,0.0,0.0,85.244,15.098
1792.025,sglang:subprocess,0.0,0.0,85.245,15.098
1792.526,sglang:subprocess,0.0,0.0,85.246,15.098
1793.027,sglang:subprocess,0.0,0.0,85.244,15.098
1793.527,sglang:subprocess,0.0,0.0,85.245,15.098
1794.028,sglang:subprocess,0.0,0.0,85.242,15.098
1794.529,sglang:subprocess,0.0,0.0,85.241,15.098
1795.03,sglang:subprocess,0.0,0.0,85.241,15.098
1795.53,sglang:subprocess,0.0,0.0,85.241,15.098
1796.031,sglang:subprocess,0.0,0.0,85.241,15.098
1796.532,sglang:subprocess,0.0,0.0,85.241,15.098
1797.032,sglang:subprocess,0.0,0.0,85.244,15.098
1797.533,sglang:subprocess,0.0,0.0,85.245,15.098
1798.034,sglang:subprocess,0.0,0.0,85.245,15.098
1798.534,sglang:subprocess,0.0,0.0,85.245,15.098
1799.035,sglang:subprocess,0.0,0.0,85.243,15.098
1799.536,sglang:subprocess,0.0,0.0,85.25,15.098
1800.037,sglang:subprocess,0.0,0.0,85.25,15.098
1800.538,sglang:subprocess,0.0,0.0,85.251,15.098
1801.039,sglang:subprocess,0.0,0.0,85.251,15.098
1801.539,sglang:subprocess,0.0,0.0,85.251,15.098
1802.04,sglang:subprocess,0.0,0.0,85.251,15.098
1802.543,sglang:subprocess,0.0,0.0,85.25,15.098
1803.043,sglang:subprocess,0.0,0.0,85.246,15.098
1803.544,sglang:subprocess,0.0,0.0,85.246,15.098
1804.045,sglang:subprocess,0.0,0.0,85.246,15.098
1804.545,sglang:subprocess,0.0,0.0,85.246,15.098
1805.046,sglang:subprocess,0.0,0.0,85.246,15.098
1805.547,sglang:subprocess,0.0,0.0,85.246,15.098
1806.048,sglang:subprocess,0.0,0.0,85.246,15.098
1806.549,sglang:subprocess,0.0,0.0,85.247,15.098
1807.049,sglang:subprocess,0.0,0.0,85.251,15.098
1807.55,sglang:subprocess,0.0,0.0,85.25,15.098
1808.051,sglang:subprocess,0.0,0.0,85.251,15.098
1808.551,sglang:subprocess,0.0,0.0,85.251,15.098
1809.052,sglang:subprocess,0.0,0.0,85.251,15.098
1809.553,sglang:subprocess,0.0,0.0,85.251,15.098
1810.053,sglang:subprocess,0.0,0.0,85.256,15.098
1810.554,sglang:subprocess,0.0,0.0,85.256,15.098
1811.055,sglang:subprocess,0.0,0.0,85.256,15.098
1811.556,sglang:subprocess,0.0,0.0,85.256,15.098
1812.056,sglang:subprocess,0.0,0.0,85.252,15.098
1812.557,sglang:subprocess,0.0,0.0,85.251,15.098
1813.058,sglang:subprocess,0.0,0.0,85.252,15.098
1813.558,sglang:subprocess,0.0,0.0,85.252,15.098
1814.059,sglang:subprocess,0.0,0.0,85.252,15.098
1814.56,sglang:subprocess,0.0,0.0,85.254,15.098
1815.06,sglang:subprocess,0.0,0.0,85.254,15.098
1815.562,sglang:subprocess,0.0,0.0,85.255,15.098
1816.062,sglang:subprocess,0.0,0.0,85.256,15.098
1816.563,sglang:subprocess,0.0,0.0,85.254,15.098
1817.064,sglang:subprocess,0.0,0.0,85.257,15.098
1817.564,sglang:subprocess,0.0,0.0,85.256,15.098
1818.065,sglang:subprocess,0.0,0.0,85.256,15.098
1818.566,sglang:subprocess,0.0,0.0,85.257,15.098
1819.066,sglang:subprocess,0.0,0.0,85.259,15.098
1819.567,sglang:subprocess,0.0,0.0,85.259,15.098
1820.068,sglang:subprocess,0.0,0.0,85.259,15.098
1820.568,sglang:subprocess,0.0,0.0,85.26,15.098
1821.07,sglang:subprocess,0.0,0.0,85.258,15.098
1821.57,sglang:subprocess,0.0,0.0,85.258,15.098
1822.071,sglang:subprocess,0.0,0.0,85.258,15.098
1822.572,sglang:subprocess,0.0,0.0,85.258,15.098
1823.072,sglang:subprocess,0.0,0.0,85.261,15.098
1823.573,sglang:subprocess,0.0,0.0,85.261,15.098
1824.074,sglang:subprocess,0.0,0.0,85.261,15.098
1824.574,sglang:subprocess,0.0,0.0,85.26,15.098
1825.075,sglang:subprocess,0.0,0.0,85.261,15.098
1825.576,sglang:subprocess,0.0,0.0,85.261,15.098
1826.077,sglang:subprocess,0.0,0.0,85.261,15.098
1826.578,sglang:subprocess,0.0,0.0,85.26,15.098
1827.079,sglang:subprocess,0.0,0.0,85.26,15.098
1827.579,sglang:subprocess,0.0,0.0,85.26,15.098
1828.08,sglang:subprocess,0.0,0.0,85.261,15.098
1828.581,sglang:subprocess,0.0,0.0,85.26,15.098
1829.081,sglang:subprocess,0.0,0.0,85.262,15.098
1829.582,sglang:subprocess,0.0,0.0,85.262,15.098
1830.083,sglang:subprocess,0.0,0.0,85.262,15.098
1830.583,sglang:subprocess,0.0,0.0,85.263,15.098
1831.084,sglang:subprocess,0.0,0.0,85.261,15.098
1831.585,sglang:subprocess,0.0,0.0,85.262,15.098
1832.086,sglang:subprocess,0.0,0.0,85.261,15.098
1832.586,sglang:subprocess,0.0,0.0,85.262,15.098
1833.087,sglang:subprocess,0.0,0.0,85.26,15.098
1833.588,sglang:subprocess,0.0,0.0,85.26,15.098
1834.088,sglang:subprocess,0.0,0.0,85.261,15.098
1834.589,sglang:subprocess,0.0,0.0,85.26,15.098
1835.09,sglang:subprocess,0.0,0.0,85.26,15.098
1835.59,sglang:subprocess,0.0,0.0,85.259,15.098
1836.091,sglang:subprocess,0.0,0.0,85.259,15.098
1836.592,sglang:subprocess,0.0,0.0,85.259,15.098
1837.093,sglang:subprocess,0.0,0.0,85.257,15.098
1837.594,sglang:subprocess,0.0,0.0,85.257,15.098
1838.095,sglang:subprocess,0.0,0.0,85.257,15.098
1838.595,sglang:subprocess,0.0,0.0,85.258,15.098
1839.096,sglang:subprocess,0.0,0.0,85.261,15.098
1839.597,sglang:subprocess,0.0,0.0,85.262,15.098
1840.097,sglang:subprocess,0.0,0.0,85.261,15.098
1840.598,sglang:subprocess,0.0,0.0,85.26,15.098
1841.099,sglang:subprocess,0.0,0.0,85.26,15.098
1841.599,sglang:subprocess,0.0,0.0,85.263,15.098
1842.1,sglang:subprocess,0.0,0.0,85.259,15.098
1842.601,sglang:subprocess,0.0,0.0,85.258,15.098
1843.102,sglang:subprocess,0.0,0.0,85.26,15.098
1843.603,sglang:subprocess,0.0,0.0,85.259,15.098
1844.103,sglang:subprocess,0.0,0.0,85.26,15.098
1844.604,sglang:subprocess,0.0,0.0,85.259,15.098
1845.105,sglang:subprocess,0.0,0.0,85.26,15.098
1845.605,sglang:subprocess,0.0,0.0,85.26,15.098
1846.106,sglang:subprocess,0.0,0.0,85.26,15.098
1846.607,sglang:subprocess,0.0,0.0,85.26,15.098
1847.108,sglang:subprocess,0.0,0.0,85.26,15.098
1847.608,sglang:subprocess,0.0,0.0,85.26,15.098
1848.109,sglang:subprocess,0.0,0.0,85.264,15.098
1848.61,sglang:subprocess,0.0,0.0,85.264,15.098
1849.11,sglang:subprocess,0.0,0.0,85.267,15.098
1849.611,sglang:subprocess,0.0,0.0,85.268,15.098
1850.112,sglang:subprocess,0.0,0.0,85.267,15.098
1850.612,sglang:subprocess,0.0,0.0,85.268,15.098
1851.113,sglang:subprocess,0.0,0.0,85.268,15.098
1851.614,sglang:subprocess,0.0,0.0,85.267,15.098
1852.114,sglang:subprocess,0.0,0.0,85.267,15.098
1852.616,sglang:subprocess,0.0,0.0,85.267,15.098
1853.116,sglang:subprocess,0.0,0.0,85.266,15.098
1853.617,sglang:subprocess,0.0,0.0,85.265,15.098
1854.118,sglang:subprocess,0.0,0.0,85.265,15.098
1854.618,sglang:subprocess,0.0,0.0,85.266,15.098
1855.119,sglang:subprocess,0.0,0.0,85.265,15.098
1855.62,sglang:subprocess,0.0,0.0,85.264,15.098
1856.12,sglang:subprocess,0.0,0.0,85.264,15.098
1856.621,sglang:subprocess,0.0,0.0,85.264,15.098
1857.122,sglang:subprocess,0.0,0.0,85.263,15.098
1857.623,sglang:subprocess,0.0,0.0,85.265,15.098
1858.124,sglang:subprocess,0.0,0.0,85.264,15.098
1858.624,sglang:subprocess,0.0,0.0,85.264,15.098
1859.125,sglang:subprocess,0.0,0.0,85.263,15.098
1859.626,sglang:subprocess,0.0,0.0,85.266,15.098
1860.126,sglang:subprocess,0.0,0.0,85.266,15.098
1860.627,sglang:subprocess,0.0,0.0,85.265,15.098
1861.128,sglang:subprocess,0.0,0.0,85.269,15.098
1861.628,sglang:subprocess,0.0,0.0,85.269,15.098
1862.129,sglang:subprocess,0.0,0.0,85.268,15.098
1862.63,sglang:subprocess,0.0,0.0,85.268,15.098
1863.131,sglang:subprocess,0.0,0.0,85.268,15.098
1863.632,sglang:subprocess,0.0,0.0,85.269,15.098
1864.132,sglang:subprocess,0.0,0.0,85.268,15.098
1864.634,sglang:subprocess,0.0,0.0,85.269,15.098
1865.134,sglang:subprocess,0.0,0.0,85.27,15.098
1865.635,sglang:subprocess,0.0,0.0,85.27,15.098
1866.136,sglang:subprocess,0.0,0.0,85.27,15.098
1866.636,sglang:subprocess,0.0,0.0,85.271,15.098
1867.137,sglang:subprocess,0.0,0.0,85.269,15.098
1867.638,sglang:subprocess,0.0,0.0,85.266,15.098
1868.139,sglang:subprocess,0.0,0.0,85.266,15.098
1868.64,sglang:subprocess,0.0,0.0,85.267,15.098
1869.14,sglang:subprocess,0.0,0.0,85.268,15.098
1869.641,sglang:subprocess,0.0,0.0,85.268,15.098
1870.142,sglang:subprocess,0.0,0.0,85.268,15.098
1870.642,sglang:subprocess,0.0,0.0,85.267,15.098
1871.143,sglang:subprocess,0.0,0.0,85.267,15.098
1871.644,sglang:subprocess,0.0,0.0,85.267,15.098
1872.144,sglang:subprocess,0.0,0.0,85.267,15.098
1872.645,sglang:subprocess,0.0,0.0,85.267,15.098
1873.146,sglang:subprocess,0.0,0.0,85.267,15.098
1873.647,sglang:subprocess,0.0,0.0,85.269,15.098
1874.148,sglang:subprocess,0.0,0.0,85.267,15.098
1874.648,sglang:subprocess,0.0,0.0,85.268,15.098
1875.149,sglang:subprocess,0.0,0.0,85.268,15.098
1875.65,sglang:subprocess,0.0,0.0,85.266,15.098
1876.15,sglang:subprocess,0.0,0.0,85.265,15.098
1876.651,sglang:subprocess,0.0,0.0,85.263,15.098
1877.152,sglang:subprocess,0.0,0.0,85.264,15.098
1877.652,sglang:subprocess,0.0,0.0,85.264,15.098
1878.153,sglang:subprocess,0.0,0.0,85.264,15.098
1878.659,sglang:subprocess,0.0,0.0,85.265,15.098
1879.159,sglang:subprocess,0.0,0.0,85.265,15.098
1879.66,sglang:subprocess,0.0,0.0,85.265,15.098
1880.161,sglang:subprocess,0.0,0.0,85.271,15.098
1880.662,sglang:subprocess,0.0,0.0,85.275,15.098
1881.162,sglang:subprocess,0.0,0.0,85.275,15.098
1881.663,sglang:subprocess,0.0,0.0,85.275,15.098
1882.164,sglang:subprocess,0.0,0.0,85.275,15.098
1882.664,sglang:subprocess,0.0,0.0,85.275,15.098
1883.165,sglang:subprocess,0.0,0.0,85.272,15.098
1883.666,sglang:subprocess,0.0,0.0,85.27,15.098
1884.167,sglang:subprocess,0.0,0.0,85.272,15.098
1884.667,sglang:subprocess,0.0,0.0,85.273,15.098
1885.168,sglang:subprocess,0.0,0.0,85.272,15.098
1885.669,sglang:subprocess,0.0,0.0,85.275,15.098
1886.169,sglang:subprocess,0.0,0.0,85.275,15.098
1886.67,sglang:subprocess,0.0,0.0,85.275,15.098
1887.171,sglang:subprocess,0.0,0.0,85.281,15.098
1887.672,sglang:subprocess,0.0,0.0,85.282,15.098
1888.172,sglang:subprocess,0.0,0.0,85.283,15.098
1888.673,sglang:subprocess,0.0,0.0,85.283,15.098
1889.174,sglang:subprocess,0.0,0.0,85.283,15.098
1889.675,sglang:subprocess,0.0,0.0,85.283,15.098
1890.175,sglang:subprocess,0.0,0.0,85.282,15.098
1890.676,sglang:subprocess,0.0,0.0,85.283,15.098
1891.177,sglang:subprocess,0.0,0.0,85.282,15.098
1891.678,sglang:subprocess,0.0,0.0,85.282,15.098
1892.178,sglang:subprocess,0.0,0.0,85.283,15.098
1892.679,sglang:subprocess,0.0,0.0,85.283,15.098
1893.18,sglang:subprocess,0.0,0.0,85.278,15.098
1893.68,sglang:subprocess,0.0,0.0,85.278,15.098
1894.181,sglang:subprocess,0.0,0.0,85.28,15.098
1894.682,sglang:subprocess,0.0,0.0,85.28,15.098
1895.183,sglang:subprocess,0.0,0.0,85.281,15.098
1895.683,sglang:subprocess,0.0,0.0,85.281,15.098
1896.184,sglang:subprocess,0.0,0.0,85.28,15.098
1896.685,sglang:subprocess,0.0,0.0,85.28,15.098
1897.185,sglang:subprocess,0.0,0.0,85.281,15.098
1897.686,sglang:subprocess,0.0,0.0,85.281,15.098
1898.187,sglang:subprocess,0.0,0.0,85.281,15.098
1898.687,sglang:subprocess,0.0,0.0,85.28,15.098
1899.188,sglang:subprocess,0.0,0.0,85.278,15.098
1899.689,sglang:subprocess,0.0,0.0,85.279,15.098
1900.19,sglang:subprocess,0.0,0.0,85.279,15.098
1900.691,sglang:subprocess,0.0,0.0,85.278,15.098
1901.191,sglang:subprocess,0.0,0.0,85.278,15.098
1901.692,sglang:subprocess,0.0,0.0,85.278,15.098
1902.193,sglang:subprocess,0.0,0.0,85.281,15.098
1902.693,sglang:subprocess,0.0,0.0,85.28,15.098
1903.194,sglang:subprocess,0.0,0.0,85.278,15.098
1903.695,sglang:subprocess,0.0,0.0,85.278,15.098
1904.195,sglang:subprocess,0.0,0.0,85.277,15.098
1904.696,sglang:subprocess,0.0,0.0,85.277,15.098
1905.197,sglang:subprocess,0.0,0.0,85.277,15.098
1905.698,sglang:subprocess,0.0,0.0,85.277,15.098
1906.199,sglang:subprocess,0.0,0.0,85.277,15.098
1906.7,sglang:subprocess,0.0,0.0,85.276,15.098
1907.2,sglang:subprocess,0.0,0.0,85.278,15.098
1907.701,sglang:subprocess,0.0,0.0,85.279,15.098
1908.202,sglang:subprocess,0.0,0.0,85.278,15.098
1908.703,sglang:subprocess,0.0,0.0,85.28,15.098
1909.203,sglang:subprocess,0.0,0.0,85.279,15.098
1909.704,sglang:subprocess,0.0,0.0,85.28,15.098
1910.206,sglang:subprocess,0.0,0.0,85.278,15.098
1910.707,sglang:subprocess,0.0,0.0,85.279,15.098
1911.207,sglang:subprocess,0.0,0.0,85.279,15.098
1911.708,sglang:subprocess,0.0,0.0,85.28,15.098
1912.209,sglang:subprocess,0.0,0.0,85.28,15.098
1912.709,sglang:subprocess,0.0,0.0,85.281,15.098
1913.21,sglang:subprocess,0.0,0.0,85.276,15.098
1913.711,sglang:subprocess,0.0,0.0,85.277,15.098
1914.211,sglang:subprocess,0.0,0.0,85.276,15.098
1914.712,sglang:subprocess,0.0,0.0,85.277,15.098
1915.213,sglang:subprocess,0.0,0.0,85.276,15.098
1915.714,sglang:subprocess,0.0,0.0,85.275,15.098
1916.214,sglang:subprocess,0.0,0.0,85.276,15.098
1916.715,sglang:subprocess,0.0,0.0,85.276,15.098
1917.216,sglang:subprocess,0.0,0.0,85.283,15.098
1917.716,sglang:subprocess,0.0,0.0,85.283,15.098
1918.217,sglang:subprocess,0.0,0.0,85.283,15.098
1918.718,sglang:subprocess,0.0,0.0,85.281,15.098
1919.218,sglang:subprocess,0.0,0.0,85.281,15.098
1919.719,sglang:subprocess,0.0,0.0,85.282,15.098
1920.22,sglang:subprocess,0.0,0.0,85.282,15.098
1920.721,sglang:subprocess,0.0,0.0,85.284,15.098
1921.222,sglang:subprocess,0.0,0.0,85.284,15.098
1921.722,sglang:subprocess,0.0,0.0,85.284,15.098
1922.223,sglang:subprocess,0.0,0.0,85.284,15.098
1922.724,sglang:subprocess,0.0,0.0,85.284,15.098
1923.224,sglang:subprocess,0.0,0.0,85.282,15.098
1923.725,sglang:subprocess,0.0,0.0,85.275,15.098
1924.226,sglang:subprocess,0.0,0.0,85.275,15.098
1924.726,sglang:subprocess,0.0,0.0,85.277,15.098
1925.227,sglang:subprocess,0.0,0.0,85.277,15.098
1925.728,sglang:subprocess,0.0,0.0,85.277,15.098
1926.229,sglang:subprocess,0.0,0.0,85.277,15.098
1926.729,sglang:subprocess,0.0,0.0,85.277,15.098
1927.232,sglang:subprocess,0.0,0.0,85.279,15.098
1927.732,sglang:subprocess,0.0,0.0,85.279,15.098
1928.233,sglang:subprocess,0.0,0.0,85.28,15.098
1928.734,sglang:subprocess,0.0,0.0,85.28,15.098
1929.234,sglang:subprocess,0.0,0.0,85.283,15.098
1929.735,sglang:subprocess,0.0,0.0,85.283,15.098
1930.236,sglang:subprocess,0.0,0.0,85.283,15.098
1930.736,sglang:subprocess,0.0,0.0,85.284,15.098
1931.238,sglang:subprocess,0.0,0.0,85.285,15.098
1931.738,sglang:subprocess,0.0,0.0,85.284,15.098
1932.239,sglang:subprocess,0.0,0.0,85.285,15.098
1932.74,sglang:subprocess,0.0,0.0,85.285,15.098
1933.242,sglang:subprocess,0.0,0.0,85.285,15.098
1933.743,sglang:subprocess,0.0,0.0,85.284,15.098
1934.244,sglang:subprocess,0.0,0.0,85.281,15.098
1934.744,sglang:subprocess,0.0,0.0,85.282,15.098
1935.245,sglang:subprocess,0.0,0.0,85.282,15.098
1935.746,sglang:subprocess,0.0,0.0,85.282,15.098
1936.246,sglang:subprocess,0.0,0.0,85.282,15.098
1936.747,sglang:subprocess,0.0,0.0,85.282,15.098
1937.248,sglang:subprocess,0.0,0.0,85.283,15.098
1937.749,sglang:subprocess,0.0,0.0,85.284,15.098
1938.25,sglang:subprocess,0.0,0.0,85.284,15.098
1938.75,sglang:subprocess,0.0,0.0,85.284,15.098
1939.251,sglang:subprocess,0.0,0.0,85.284,15.098
1939.752,sglang:subprocess,0.0,0.0,85.284,15.098
1940.252,sglang:subprocess,0.0,0.0,85.283,15.098
1940.753,sglang:subprocess,0.0,0.0,85.282,15.098
1941.254,sglang:subprocess,0.0,0.0,85.283,15.098
1941.755,sglang:subprocess,0.0,0.0,85.283,15.098
1942.255,sglang:subprocess,0.0,0.0,85.283,15.098
1942.756,sglang:subprocess,0.0,0.0,85.284,15.098
1943.257,sglang:subprocess,0.0,0.0,85.283,15.098
1943.757,sglang:subprocess,0.0,0.0,85.283,15.098
1944.258,sglang:subprocess,0.0,0.0,85.284,15.098
1944.759,sglang:subprocess,0.0,0.0,85.285,15.098
1945.259,sglang:subprocess,0.0,0.0,85.285,15.098
1945.76,sglang:subprocess,0.0,0.0,85.285,15.098
1946.261,sglang:subprocess,0.0,0.0,85.285,15.098
1946.762,sglang:subprocess,0.0,0.0,85.286,15.098
1947.263,sglang:subprocess,0.0,0.0,85.287,15.098
1947.763,sglang:subprocess,0.0,0.0,85.287,15.098
1948.264,sglang:subprocess,0.0,0.0,85.287,15.098
1948.765,sglang:subprocess,0.0,0.0,85.289,15.098
1949.265,sglang:subprocess,0.0,0.0,85.289,15.098
1949.766,sglang:subprocess,0.0,0.0,85.289,15.098
1950.267,sglang:subprocess,0.0,0.0,85.29,15.098
1950.768,sglang:subprocess,0.0,0.0,85.289,15.098
1951.268,sglang:subprocess,0.0,0.0,85.289,15.098
1951.769,sglang:subprocess,0.0,0.0,85.289,15.098
1952.27,sglang:subprocess,0.0,0.0,85.289,15.098
1952.771,sglang:subprocess,0.0,0.0,85.29,15.098
1953.272,sglang:subprocess,0.0,0.0,85.289,15.098
1953.772,sglang:subprocess,0.0,0.0,85.289,15.098
1954.273,sglang:subprocess,0.0,0.0,85.287,15.098
1954.774,sglang:subprocess,0.0,0.0,85.288,15.098
1955.274,sglang:subprocess,0.0,0.0,85.288,15.098
1955.775,sglang:subprocess,0.0,0.0,85.287,15.098
1956.276,sglang:subprocess,0.0,0.0,85.287,15.098
1956.776,sglang:subprocess,0.0,0.0,85.289,15.098
1957.278,sglang:subprocess,0.0,0.0,85.287,15.098
1957.778,sglang:subprocess,0.0,0.0,85.287,15.098
1958.279,sglang:subprocess,0.0,0.0,85.287,15.098
1958.78,sglang:subprocess,0.0,0.0,85.289,15.098
1959.28,sglang:subprocess,0.0,0.0,85.289,15.098
1959.781,sglang:subprocess,0.0,0.0,85.289,15.098
1960.282,sglang:subprocess,0.0,0.0,85.288,15.098
1960.782,sglang:subprocess,0.0,0.0,85.289,15.098
1961.283,sglang:subprocess,0.0,0.0,85.287,15.098
1961.784,sglang:subprocess,0.0,0.0,85.288,15.098
1962.284,sglang:subprocess,0.0,0.0,85.288,15.098
1962.786,sglang:subprocess,0.0,0.0,85.294,15.098
1963.286,sglang:subprocess,0.0,0.0,85.288,15.098
1963.787,sglang:subprocess,0.0,0.0,85.289,15.098
1964.288,sglang:subprocess,0.0,0.0,85.288,15.098
1964.788,sglang:subprocess,0.0,0.0,85.293,15.098
1965.289,sglang:subprocess,0.0,0.0,85.287,15.098
1965.79,sglang:subprocess,0.0,0.0,85.286,15.098
1966.29,sglang:subprocess,0.0,0.0,85.286,15.098
1966.791,sglang:subprocess,0.0,0.0,85.289,15.098
1967.292,sglang:subprocess,0.0,0.0,85.29,15.098
1967.793,sglang:subprocess,0.0,0.0,85.29,15.098
1968.293,sglang:subprocess,0.0,0.0,85.291,15.098
1968.794,sglang:subprocess,0.0,0.0,85.295,15.098
1969.295,sglang:subprocess,0.0,0.0,85.291,15.098
1969.795,sglang:subprocess,0.0,0.0,85.291,15.098
1970.302,sglang:subprocess,0.0,0.0,85.291,15.098
1970.803,sglang:subprocess,0.0,0.0,85.291,15.098
1971.304,sglang:subprocess,0.0,0.0,85.292,15.098
1971.804,sglang:subprocess,0.0,0.0,85.292,15.098
1972.312,sglang:subprocess,0.0,0.0,85.292,15.098
1972.813,sglang:subprocess,0.0,0.0,85.291,15.098
1973.314,sglang:subprocess,0.0,0.0,85.291,15.098
1973.815,sglang:subprocess,0.0,0.0,85.286,15.098
1974.315,sglang:subprocess,0.0,0.0,85.286,15.098
1974.816,sglang:subprocess,0.0,0.0,85.285,15.098
1975.317,sglang:subprocess,0.0,0.0,85.287,15.098
1975.817,sglang:subprocess,0.0,0.0,85.287,15.098
1976.318,sglang:subprocess,0.0,0.0,85.286,15.098
1976.819,sglang:subprocess,0.0,0.0,85.288,15.098
1977.319,sglang:subprocess,0.0,0.0,85.291,15.098
1977.82,sglang:subprocess,0.0,0.0,85.291,15.098
1978.321,sglang:subprocess,0.0,0.0,85.29,15.098
1978.822,sglang:subprocess,0.0,0.0,85.289,15.098
1979.323,sglang:subprocess,0.0,0.0,85.288,15.098
1979.823,sglang:subprocess,0.0,0.0,85.29,15.098
1980.324,sglang:subprocess,0.0,0.0,85.29,15.098
1980.825,sglang:subprocess,0.0,0.0,85.291,15.098
1981.326,sglang:subprocess,0.0,0.0,85.292,15.098
1981.827,sglang:subprocess,0.0,0.0,85.292,15.098
1982.327,sglang:subprocess,0.0,0.0,85.291,15.098
1982.828,sglang:subprocess,0.0,0.0,85.291,15.098
1983.329,sglang:subprocess,0.0,0.0,85.289,15.098
1983.83,sglang:subprocess,0.0,0.0,85.287,15.098
1984.331,sglang:subprocess,0.0,0.0,85.287,15.098
1984.831,sglang:subprocess,0.0,0.0,85.286,15.098
1985.332,sglang:subprocess,0.0,0.0,85.287,15.098
1985.833,sglang:subprocess,0.0,0.0,85.288,15.098
1986.333,sglang:subprocess,0.0,0.0,85.288,15.098
1986.834,sglang:subprocess,0.0,0.0,85.289,15.098
1987.335,sglang:subprocess,0.0,0.0,85.296,15.098
1987.835,sglang:subprocess,0.0,0.0,85.296,15.098
1988.336,sglang:subprocess,0.0,0.0,85.296,15.098
1988.903,sglang:subprocess,0.0,0.0,85.31,15.098
1989.403,sglang:subprocess,0.0,0.0,85.297,15.098
1989.904,sglang:subprocess,0.0,0.0,85.295,15.098
1990.405,sglang:subprocess,0.0,0.0,85.296,15.098
1990.906,sglang:subprocess,0.0,0.0,85.291,15.098
1991.406,sglang:subprocess,0.0,0.0,85.291,15.098
1991.907,sglang:subprocess,0.0,0.0,85.29,15.098
1992.408,sglang:subprocess,0.0,0.0,85.29,15.098
1992.908,sglang:subprocess,0.0,0.0,85.289,15.098
1993.409,sglang:subprocess,0.0,0.0,85.289,15.098
1993.91,sglang:subprocess,0.0,0.0,85.29,15.098
1994.411,sglang:subprocess,0.0,0.0,85.291,15.098
1994.912,sglang:subprocess,0.0,0.0,85.293,15.098
1995.412,sglang:subprocess,0.0,0.0,85.293,15.098
1995.913,sglang:subprocess,0.0,0.0,85.29,15.098
1996.414,sglang:subprocess,0.0,0.0,85.291,15.098
1996.914,sglang:subprocess,0.0,0.0,85.295,15.098
1997.415,sglang:subprocess,0.0,0.0,85.295,15.098
1997.916,sglang:subprocess,0.0,0.0,85.295,15.098
1998.416,sglang:subprocess,0.0,0.0,85.296,15.098
1998.917,sglang:subprocess,0.0,0.0,85.296,15.098
1999.418,sglang:subprocess,0.0,0.0,85.296,15.098
1999.919,sglang:subprocess,0.0,0.0,85.298,15.098
2000.42,sglang:subprocess,0.0,0.0,85.298,15.098
2000.92,sglang:subprocess,0.0,0.0,85.296,15.098
2001.421,sglang:subprocess,0.0,0.0,85.296,15.098
2001.922,sglang:subprocess,0.0,0.0,85.299,15.098
2002.422,sglang:subprocess,0.0,0.0,85.299,15.098
2002.923,sglang:subprocess,0.0,0.0,85.292,15.098
2003.424,sglang:subprocess,0.0,0.0,85.292,15.098
2003.924,sglang:subprocess,0.0,0.0,85.292,15.098
2004.425,sglang:subprocess,0.0,0.0,85.292,15.098
2004.926,sglang:subprocess,0.0,0.0,85.29,15.098
2005.427,sglang:subprocess,0.0,0.0,85.288,15.098
2005.928,sglang:subprocess,0.0,0.0,85.289,15.098
2006.428,sglang:subprocess,0.0,0.0,85.289,15.098
2006.929,sglang:subprocess,0.0,0.0,85.296,15.098
2007.43,sglang:subprocess,0.0,0.0,85.296,15.098
2007.93,sglang:subprocess,0.0,0.0,85.298,15.098
2008.431,sglang:subprocess,0.0,0.0,85.298,15.098
2008.932,sglang:subprocess,0.0,0.0,85.297,15.098
2009.433,sglang:subprocess,0.0,0.0,85.297,15.098
2009.934,sglang:subprocess,0.0,0.0,85.298,15.098
2010.434,sglang:subprocess,0.0,0.0,85.298,15.098
2010.935,sglang:subprocess,0.0,0.0,85.297,15.098
2011.436,sglang:subprocess,0.0,0.0,85.297,15.098
2011.936,sglang:subprocess,0.0,0.0,85.298,15.098
2012.437,sglang:subprocess,0.0,0.0,85.298,15.098
2012.938,sglang:subprocess,0.0,0.0,85.298,15.098
2013.438,sglang:subprocess,0.0,0.0,85.292,15.098
2013.941,sglang:subprocess,0.0,0.0,85.292,15.098
2014.442,sglang:subprocess,0.0,0.0,85.299,15.098
2014.943,sglang:subprocess,0.0,0.0,85.298,15.098
2015.444,sglang:subprocess,0.0,0.0,85.298,15.098
2015.945,sglang:subprocess,0.0,0.0,85.3,15.098
2016.445,sglang:subprocess,0.0,0.0,85.299,15.098
2016.946,sglang:subprocess,0.0,0.0,85.301,15.098
2017.447,sglang:subprocess,0.0,0.0,85.302,15.098
2017.947,sglang:subprocess,0.0,0.0,85.303,15.098
2018.448,sglang:subprocess,0.0,0.0,85.303,15.098
2018.949,sglang:subprocess,0.0,0.0,85.304,15.098
2019.45,sglang:subprocess,0.0,0.0,85.304,15.098
2019.95,sglang:subprocess,0.0,0.0,85.304,15.098
2020.451,sglang:subprocess,0.0,0.0,85.304,15.098
2020.952,sglang:subprocess,0.0,0.0,85.305,15.098
2021.465,sglang:subprocess,0.0,0.0,85.305,15.098
2021.966,sglang:subprocess,0.0,0.0,85.305,15.098
2022.466,sglang:subprocess,0.0,0.0,85.306,15.098
2022.967,sglang:subprocess,0.0,0.0,85.306,15.098
2023.468,sglang:subprocess,0.0,0.0,85.305,15.098
2023.968,sglang:subprocess,0.0,0.0,85.303,15.098
2024.469,sglang:subprocess,0.0,0.0,85.301,15.098
2024.97,sglang:subprocess,0.0,0.0,85.302,15.098
2025.47,sglang:subprocess,0.0,0.0,85.302,15.098
2025.971,sglang:subprocess,0.0,0.0,85.302,15.098
2026.472,sglang:subprocess,0.0,0.0,85.304,15.098
2026.973,sglang:subprocess,0.0,0.0,85.302,15.098
2027.473,sglang:subprocess,0.0,0.0,85.303,15.098
2027.974,sglang:subprocess,0.0,0.0,85.303,15.098
2028.475,sglang:subprocess,0.0,0.0,85.304,15.098
2028.975,sglang:subprocess,0.0,0.0,85.305,15.098
2029.476,sglang:subprocess,0.0,0.0,85.305,15.098
2029.977,sglang:subprocess,0.0,0.0,85.305,15.098
2030.478,sglang:subprocess,0.0,0.0,85.305,15.098
2030.979,sglang:subprocess,0.0,0.0,85.305,15.098
2031.48,sglang:subprocess,0.0,0.0,85.305,15.098
2031.98,sglang:subprocess,0.0,0.0,85.305,15.098
2032.481,sglang:subprocess,0.0,0.0,85.306,15.098
2032.982,sglang:subprocess,0.0,0.0,85.305,15.098
2033.482,sglang:subprocess,0.0,0.0,85.306,15.098
2033.983,sglang:subprocess,0.0,0.0,85.305,15.098
2034.484,sglang:subprocess,0.0,0.0,85.304,15.098
2034.985,sglang:subprocess,0.0,0.0,85.301,15.098
2035.485,sglang:subprocess,0.0,0.0,85.301,15.098
2035.986,sglang:subprocess,0.0,0.0,85.301,15.098
2036.487,sglang:subprocess,0.0,0.0,85.302,15.098
2036.988,sglang:subprocess,0.0,0.0,85.305,15.098
2037.488,sglang:subprocess,0.0,0.0,85.305,15.098
2037.989,sglang:subprocess,0.0,0.0,85.306,15.098
2038.49,sglang:subprocess,0.0,0.0,85.304,15.098
2038.99,sglang:subprocess,0.0,0.0,85.305,15.098
2039.491,sglang:subprocess,0.0,0.0,85.305,15.098
2039.992,sglang:subprocess,0.0,0.0,85.306,15.098
2040.492,sglang:subprocess,0.0,0.0,85.303,15.098
2040.993,sglang:subprocess,0.0,0.0,85.304,15.098
2041.494,sglang:subprocess,0.0,0.0,85.309,15.098
2041.995,sglang:subprocess,0.0,0.0,85.309,15.098
2042.496,sglang:subprocess,0.0,0.0,85.31,15.098
2042.996,sglang:subprocess,0.0,0.0,85.31,15.098
2043.497,sglang:subprocess,0.0,0.0,85.31,15.098
2043.998,sglang:subprocess,0.0,0.0,85.306,15.098
2044.498,sglang:subprocess,0.0,0.0,85.306,15.098
2044.999,sglang:subprocess,0.0,0.0,85.305,15.098
2045.5,sglang:subprocess,0.0,0.0,85.306,15.098
2046.0,sglang:subprocess,0.0,0.0,85.305,15.098
2046.501,sglang:subprocess,0.0,0.0,85.306,15.098
2047.002,sglang:subprocess,0.0,0.0,85.307,15.098
2047.503,sglang:subprocess,0.0,0.0,85.307,15.098
2048.004,sglang:subprocess,0.0,0.0,85.309,15.098
2048.504,sglang:subprocess,0.0,0.0,85.309,15.098
2049.005,sglang:subprocess,0.0,0.0,85.311,15.098
2049.506,sglang:subprocess,0.0,0.0,85.312,15.098
2050.006,sglang:subprocess,0.0,0.0,85.312,15.098
2050.507,sglang:subprocess,0.0,0.0,85.311,15.098
2051.008,sglang:subprocess,0.0,0.0,85.31,15.098
2051.508,sglang:subprocess,0.0,0.0,85.311,15.098
2052.01,sglang:subprocess,0.0,0.0,85.312,15.098
2052.51,sglang:subprocess,0.0,0.0,85.313,15.098
2053.011,sglang:subprocess,0.0,0.0,85.311,15.098
2053.512,sglang:subprocess,0.0,0.0,85.307,15.098
2054.012,sglang:subprocess,0.0,0.0,85.307,15.098
2054.513,sglang:subprocess,0.0,0.0,85.306,15.098
2055.014,sglang:subprocess,0.0,0.0,85.306,15.098
2055.514,sglang:subprocess,0.0,0.0,85.306,15.098
2056.015,sglang:subprocess,0.0,0.0,85.306,15.098
2056.516,sglang:subprocess,0.0,0.0,85.306,15.098
2057.016,sglang:subprocess,0.0,0.0,85.308,15.098
2057.517,sglang:subprocess,0.0,0.0,85.308,15.098
2058.018,sglang:subprocess,0.0,0.0,85.31,15.098
2058.519,sglang:subprocess,0.0,0.0,85.31,15.098
2059.019,sglang:subprocess,0.0,0.0,85.31,15.098
2059.52,sglang:subprocess,0.0,0.0,85.31,15.098
2060.021,sglang:subprocess,0.0,0.0,85.311,15.098
2060.521,sglang:subprocess,0.0,0.0,85.311,15.098
2061.022,sglang:subprocess,0.0,0.0,85.311,15.098
2061.523,sglang:subprocess,0.0,0.0,85.311,15.098
2062.023,sglang:subprocess,0.0,0.0,85.311,15.098
2062.525,sglang:subprocess,0.0,0.0,85.31,15.098
2063.025,sglang:subprocess,0.0,0.0,85.114,15.098
2063.526,sglang:subprocess,0.0,0.0,85.061,15.098
2064.027,sglang:subprocess,0.0,0.0,85.059,15.098
2064.527,sglang:subprocess,0.0,0.0,85.059,15.098
2065.028,sglang:subprocess,0.0,0.0,85.062,15.098
2065.529,sglang:subprocess,0.0,0.0,85.063,15.098
2066.029,sglang:subprocess,0.0,0.0,85.064,15.098
2066.537,sglang:subprocess,0.0,0.0,85.066,15.098
2067.037,sglang:subprocess,0.0,0.0,85.066,15.098
2067.538,sglang:subprocess,0.0,0.0,85.067,15.098
2068.039,sglang:subprocess,0.0,0.0,85.07,15.098
2068.54,sglang:subprocess,0.0,0.0,85.07,15.098
2069.041,sglang:subprocess,0.0,0.0,85.072,15.098
2069.541,sglang:subprocess,0.0,0.0,85.072,15.098
2070.042,sglang:subprocess,0.0,0.0,85.072,15.098
2070.543,sglang:subprocess,0.0,0.0,85.072,15.098
2071.043,sglang:subprocess,0.0,0.0,85.071,15.098
2071.544,sglang:subprocess,0.0,0.0,85.071,15.098
2072.045,sglang:subprocess,0.0,0.0,85.071,15.098
2072.546,sglang:subprocess,0.0,0.0,85.07,15.098
2073.047,sglang:subprocess,0.0,0.0,85.07,15.098
2073.547,sglang:subprocess,0.0,0.0,85.07,15.098
2074.048,sglang:subprocess,0.0,0.0,85.07,15.098
2074.549,sglang:subprocess,0.0,0.0,85.071,15.098
2075.049,sglang:subprocess,0.0,0.0,85.072,15.098
2075.55,sglang:subprocess,0.0,0.0,85.072,15.098
2076.051,sglang:subprocess,0.0,0.0,85.073,15.098
2076.552,sglang:subprocess,0.0,0.0,85.073,15.098
2077.052,sglang:subprocess,0.0,0.0,85.075,15.098
2077.553,sglang:subprocess,0.0,0.0,85.076,15.098
2078.054,sglang:subprocess,0.0,0.0,85.076,15.098
2078.555,sglang:subprocess,0.0,0.0,85.082,15.098
2079.056,sglang:subprocess,0.0,0.0,85.083,15.098
2079.556,sglang:subprocess,0.0,0.0,85.083,15.098
2080.057,sglang:subprocess,0.0,0.0,85.084,15.098
2080.558,sglang:subprocess,0.0,0.0,85.084,15.098
2081.058,sglang:subprocess,0.0,0.0,85.084,15.098
2081.559,sglang:subprocess,0.0,0.0,85.084,15.098
2082.06,sglang:subprocess,0.0,0.0,85.084,15.098
2082.56,sglang:subprocess,0.0,0.0,85.084,15.098
2083.061,sglang:subprocess,0.0,0.0,85.083,15.098
2083.562,sglang:subprocess,0.0,0.0,85.083,15.098
2084.063,sglang:subprocess,0.0,0.0,85.105,15.098
2084.564,sglang:subprocess,0.0,0.0,85.105,15.098
2085.064,sglang:subprocess,0.0,0.0,85.11,15.098
2085.565,sglang:subprocess,0.0,0.0,85.111,15.098
2086.066,sglang:subprocess,0.0,0.0,85.11,15.098
2086.566,sglang:subprocess,0.0,0.0,85.111,15.098
2087.067,sglang:subprocess,0.0,0.0,85.113,15.098
2087.568,sglang:subprocess,0.0,0.0,85.113,15.098
2088.068,sglang:subprocess,0.0,0.0,85.113,15.098
2088.569,sglang:subprocess,0.0,0.0,85.113,15.098
2089.07,sglang:subprocess,0.0,0.0,85.116,15.098
2089.571,sglang:subprocess,0.0,0.0,85.188,15.098
2090.072,sglang:subprocess,0.0,0.0,85.191,15.098
2090.572,sglang:subprocess,0.0,0.0,85.191,15.098
2091.073,sglang:subprocess,0.0,0.0,85.191,15.098
2091.574,sglang:subprocess,0.0,0.0,85.191,15.098
2092.074,sglang:subprocess,0.0,0.0,85.191,15.098
2092.575,sglang:subprocess,0.0,0.0,85.191,15.098
2093.076,sglang:subprocess,0.0,0.0,85.19,15.098
2093.576,sglang:subprocess,0.0,0.0,85.193,15.098
2094.077,sglang:subprocess,0.0,0.0,85.192,15.098
2094.578,sglang:subprocess,0.0,0.0,85.198,15.098
2095.079,sglang:subprocess,0.0,0.0,85.2,15.098
2095.579,sglang:subprocess,0.0,0.0,85.199,15.098
2096.08,sglang:subprocess,0.0,0.0,85.199,15.098
2096.581,sglang:subprocess,0.0,0.0,85.199,15.098
2097.081,sglang:subprocess,0.0,0.0,85.2,15.098
2097.582,sglang:subprocess,0.0,0.0,85.2,15.098
2098.083,sglang:subprocess,0.0,0.0,85.2,15.098
2098.583,sglang:subprocess,0.0,0.0,85.2,15.098
2099.084,sglang:subprocess,0.0,0.0,85.201,15.098
2099.585,sglang:subprocess,0.0,0.0,85.2,15.098
2100.086,sglang:subprocess,0.0,0.0,85.201,15.098
2100.587,sglang:subprocess,0.0,0.0,85.201,15.098
2101.087,sglang:subprocess,0.0,0.0,85.201,15.098
2101.588,sglang:subprocess,0.0,0.0,85.202,15.098
2102.089,sglang:subprocess,0.0,0.0,85.202,15.098
2102.589,sglang:subprocess,0.0,0.0,85.201,15.098
2103.09,sglang:subprocess,0.0,0.0,85.2,15.098
2103.591,sglang:subprocess,0.0,0.0,85.2,15.098
2104.091,sglang:subprocess,0.0,0.0,85.199,15.098
2104.592,sglang:subprocess,0.0,0.0,85.2,15.098
2105.093,sglang:subprocess,0.0,0.0,85.2,15.098
2105.594,sglang:subprocess,0.0,0.0,85.2,15.098
2106.094,sglang:subprocess,0.0,0.0,85.2,15.098
2106.595,sglang:subprocess,0.0,0.0,85.2,15.098
2107.096,sglang:subprocess,0.0,0.0,85.201,15.098
2107.596,sglang:subprocess,0.0,0.0,85.203,15.098
2108.097,sglang:subprocess,0.0,0.0,85.203,15.098
2108.6,sglang:subprocess,0.0,0.0,85.203,15.098
2109.101,sglang:subprocess,0.0,0.0,85.201,15.098
2109.603,sglang:subprocess,0.0,0.0,85.201,15.098
2110.104,sglang:subprocess,0.0,0.0,85.202,15.098
2110.605,sglang:subprocess,0.0,0.0,85.205,15.098
2111.105,sglang:subprocess,0.0,0.0,85.205,15.098
2111.606,sglang:subprocess,0.0,0.0,85.206,15.098
2112.107,sglang:subprocess,0.0,0.0,85.207,15.098
2112.607,sglang:subprocess,0.0,0.0,85.208,15.098
2113.108,sglang:subprocess,0.0,0.0,85.204,15.098
2113.609,sglang:subprocess,0.0,0.0,85.205,15.098
2114.11,sglang:subprocess,0.0,0.0,85.205,15.098
2114.61,sglang:subprocess,0.0,0.0,85.205,15.098
2115.112,sglang:subprocess,0.0,0.0,85.206,15.098
2115.612,sglang:subprocess,0.0,0.0,85.206,15.098
2116.113,sglang:subprocess,0.0,0.0,85.211,15.098
2116.614,sglang:subprocess,0.0,0.0,85.21,15.098
2117.114,sglang:subprocess,0.0,0.0,85.211,15.098
2117.615,sglang:subprocess,0.0,0.0,85.213,15.098
2118.12,sglang:subprocess,0.0,0.0,85.213,15.098
2118.621,sglang:subprocess,0.0,0.0,85.213,15.098
2119.121,sglang:subprocess,0.0,0.0,85.214,15.098
2119.622,sglang:subprocess,0.0,0.0,85.214,15.098
2120.123,sglang:subprocess,0.0,0.0,85.214,15.098
2120.624,sglang:subprocess,0.0,0.0,85.214,15.098
2121.125,sglang:subprocess,0.0,0.0,85.214,15.098
2121.625,sglang:subprocess,0.0,0.0,85.217,15.098
2122.126,sglang:subprocess,0.0,0.0,85.218,15.098
2122.627,sglang:subprocess,0.0,0.0,85.218,15.098
2123.127,sglang:subprocess,0.0,0.0,85.216,15.098
2123.628,sglang:subprocess,0.0,0.0,85.215,15.098
2124.129,sglang:subprocess,0.0,0.0,85.214,15.098
2124.629,sglang:subprocess,0.0,0.0,85.214,15.098
2125.13,sglang:subprocess,0.0,0.0,85.215,15.098
2125.631,sglang:subprocess,0.0,0.0,85.215,15.098
2126.132,sglang:subprocess,0.0,0.0,85.216,15.098
2126.639,sglang:subprocess,0.0,0.0,85.225,15.098
2127.14,sglang:subprocess,0.0,0.0,85.228,15.098
2127.641,sglang:subprocess,0.0,0.0,85.228,15.098
2128.142,sglang:subprocess,0.0,0.0,85.229,15.098
2128.642,sglang:subprocess,0.0,0.0,85.229,15.098
2129.143,sglang:subprocess,0.0,0.0,85.229,15.098
2129.644,sglang:subprocess,0.0,0.0,85.23,15.098
2130.144,sglang:subprocess,0.0,0.0,85.231,15.098
2130.645,sglang:subprocess,0.0,0.0,85.231,15.098
2131.146,sglang:subprocess,0.0,0.0,85.231,15.098
2131.647,sglang:subprocess,0.0,0.0,85.232,15.098
2132.148,sglang:subprocess,0.0,0.0,85.231,15.098
2132.648,sglang:subprocess,0.0,0.0,85.231,15.098
2133.149,sglang:subprocess,0.0,0.0,85.23,15.098
2133.65,sglang:subprocess,0.0,0.0,85.23,15.098
2134.15,sglang:subprocess,0.0,0.0,85.233,15.098
2134.651,sglang:subprocess,0.0,0.0,85.226,15.098
2135.152,sglang:subprocess,0.0,0.0,85.226,15.098
2135.653,sglang:subprocess,0.0,0.0,85.225,15.098
2136.154,sglang:subprocess,0.0,0.0,85.225,15.098
2136.654,sglang:subprocess,0.0,0.0,85.225,15.098
2137.155,sglang:subprocess,0.0,0.0,85.228,15.098
2137.656,sglang:subprocess,0.0,0.0,85.229,15.098
2138.156,sglang:subprocess,0.0,0.0,85.23,15.098
2138.657,sglang:subprocess,0.0,0.0,85.231,15.098
2139.158,sglang:subprocess,0.0,0.0,85.229,15.098
2139.659,sglang:subprocess,0.0,0.0,85.23,15.098
2140.159,sglang:subprocess,0.0,0.0,85.23,15.098
2140.66,sglang:subprocess,0.0,0.0,85.23,15.098
2141.161,sglang:subprocess,0.0,0.0,85.229,15.098
2141.662,sglang:subprocess,0.0,0.0,85.229,15.098
2142.163,sglang:subprocess,0.0,0.0,85.232,15.098
2142.663,sglang:subprocess,0.0,0.0,85.231,15.098
2143.164,sglang:subprocess,0.0,0.0,85.231,15.098
2143.665,sglang:subprocess,0.0,0.0,85.23,15.098
2144.165,sglang:subprocess,0.0,0.0,85.226,15.098
2144.666,sglang:subprocess,0.0,0.0,85.226,15.098
2145.167,sglang:subprocess,0.0,0.0,85.225,15.098
2145.667,sglang:subprocess,0.0,0.0,85.226,15.098
2146.168,sglang:subprocess,0.0,0.0,85.228,15.098
2146.669,sglang:subprocess,0.0,0.0,85.227,15.098
2147.17,sglang:subprocess,0.0,0.0,85.229,15.098
2147.67,sglang:subprocess,0.0,0.0,85.229,15.098
2148.171,sglang:subprocess,0.0,0.0,85.23,15.098
2148.672,sglang:subprocess,0.0,0.0,85.23,15.098
2149.172,sglang:subprocess,0.0,0.0,85.23,15.098
2149.673,sglang:subprocess,0.0,0.0,85.23,15.098
2150.174,sglang:subprocess,0.0,0.0,85.232,15.098
2150.674,sglang:subprocess,0.0,0.0,85.231,15.098
2151.175,sglang:subprocess,0.0,0.0,85.231,15.098
2151.676,sglang:subprocess,0.0,0.0,85.231,15.098
2152.177,sglang:subprocess,0.0,0.0,85.23,15.098
2152.678,sglang:subprocess,0.0,0.0,85.23,15.098
2153.178,sglang:subprocess,0.0,0.0,85.23,15.098
2153.679,sglang:subprocess,0.0,0.0,85.228,15.098
2154.18,sglang:subprocess,0.0,0.0,85.229,15.098
2154.68,sglang:subprocess,0.0,0.0,85.23,15.098
2155.181,sglang:subprocess,0.0,0.0,85.23,15.098
2155.682,sglang:subprocess,0.0,0.0,85.231,15.098
2156.182,sglang:subprocess,0.0,0.0,85.231,15.098
2156.683,sglang:subprocess,0.0,0.0,85.23,15.098
2157.184,sglang:subprocess,0.0,0.0,85.232,15.098
2157.685,sglang:subprocess,0.0,0.0,85.232,15.098
2158.186,sglang:subprocess,0.0,0.0,85.232,15.098
2158.686,sglang:subprocess,0.0,0.0,85.232,15.098
2159.187,sglang:subprocess,0.0,0.0,85.231,15.098
2159.688,sglang:subprocess,0.0,0.0,85.231,15.098
2160.188,sglang:subprocess,0.0,0.0,85.234,15.098
2160.689,sglang:subprocess,0.0,0.0,85.233,15.098
2161.19,sglang:subprocess,0.0,0.0,85.233,15.098
2161.69,sglang:subprocess,0.0,0.0,85.232,15.098
2162.191,sglang:subprocess,0.0,0.0,85.232,15.098
2162.692,sglang:subprocess,0.0,0.0,85.231,15.098
2163.193,sglang:subprocess,0.0,0.0,85.228,15.098
2163.693,sglang:subprocess,0.0,0.0,85.229,15.098
2164.194,sglang:subprocess,0.0,0.0,85.23,15.098
2164.695,sglang:subprocess,0.0,0.0,85.232,15.098
2165.196,sglang:subprocess,0.0,0.0,85.233,15.098
2165.696,sglang:subprocess,0.0,0.0,85.233,15.098
2166.197,sglang:subprocess,0.0,0.0,85.232,15.098
2166.698,sglang:subprocess,0.0,0.0,85.233,15.098
2167.198,sglang:subprocess,0.0,0.0,85.236,15.098
2167.699,sglang:subprocess,0.0,0.0,85.237,15.098
2168.2,sglang:subprocess,0.0,0.0,85.237,15.098
2168.701,sglang:subprocess,0.0,0.0,85.238,15.098
2169.201,sglang:subprocess,0.0,0.0,85.237,15.098
2169.702,sglang:subprocess,0.0,0.0,85.237,15.098
2170.203,sglang:subprocess,0.0,0.0,85.236,15.098
2170.704,sglang:subprocess,0.0,0.0,85.235,15.098
2171.204,sglang:subprocess,0.0,0.0,85.236,15.098
2171.705,sglang:subprocess,0.0,0.0,85.236,15.098
2172.206,sglang:subprocess,0.0,0.0,85.236,15.098
2172.706,sglang:subprocess,0.0,0.0,85.235,15.098
2173.207,sglang:subprocess,0.0,0.0,85.23,15.098
2173.709,sglang:subprocess,0.0,0.0,85.23,15.098
2174.21,sglang:subprocess,0.0,0.0,85.229,15.098
2174.711,sglang:subprocess,0.0,0.0,85.231,15.098
2175.211,sglang:subprocess,0.0,0.0,85.23,15.098
2175.712,sglang:subprocess,0.0,0.0,85.23,15.098
2176.213,sglang:subprocess,0.0,0.0,85.23,15.098
2176.713,sglang:subprocess,0.0,0.0,85.229,15.098
2177.214,sglang:subprocess,0.0,0.0,85.235,15.098
2177.715,sglang:subprocess,0.0,0.0,85.235,15.098
2178.216,sglang:subprocess,0.0,0.0,85.235,15.098
2178.716,sglang:subprocess,0.0,0.0,85.237,15.098
2179.217,sglang:subprocess,0.0,0.0,85.237,15.098
2179.718,sglang:subprocess,0.0,0.0,85.235,15.098
2180.218,sglang:subprocess,0.0,0.0,85.236,15.098
2180.719,sglang:subprocess,0.0,0.0,85.236,15.098
2181.22,sglang:subprocess,0.0,0.0,85.237,15.098
2181.72,sglang:subprocess,0.0,0.0,85.236,15.098
2182.221,sglang:subprocess,0.0,0.0,85.237,15.098
2182.722,sglang:subprocess,0.0,0.0,85.236,15.098
2183.222,sglang:subprocess,0.0,0.0,85.236,15.098
2183.724,sglang:subprocess,0.0,0.0,85.23,15.098
2184.224,sglang:subprocess,0.0,0.0,85.23,15.098
2184.725,sglang:subprocess,0.0,0.0,85.231,15.098
2185.226,sglang:subprocess,0.0,0.0,85.232,15.098
2185.726,sglang:subprocess,0.0,0.0,85.231,15.098
2186.227,sglang:subprocess,0.0,0.0,85.231,15.098
2186.728,sglang:subprocess,0.0,0.0,85.232,15.098
2187.228,sglang:subprocess,0.0,0.0,85.239,15.098
2187.729,sglang:subprocess,0.0,0.0,85.239,15.098
2188.23,sglang:subprocess,0.0,0.0,85.239,15.098
2188.731,sglang:subprocess,0.0,0.0,85.239,15.098
2189.232,sglang:subprocess,0.0,0.0,85.237,15.098
2189.732,sglang:subprocess,0.0,0.0,85.238,15.098
2190.233,sglang:subprocess,0.0,0.0,85.237,15.098
2190.734,sglang:subprocess,0.0,0.0,85.238,15.098
2191.234,sglang:subprocess,0.0,0.0,85.238,15.098
2191.735,sglang:subprocess,0.0,0.0,85.238,15.098
2192.236,sglang:subprocess,0.0,0.0,85.238,15.098
2192.736,sglang:subprocess,0.0,0.0,85.233,15.098
2193.237,sglang:subprocess,0.0,0.0,85.234,15.098
2193.738,sglang:subprocess,0.0,0.0,85.233,15.098
2194.239,sglang:subprocess,0.0,0.0,85.233,15.098
2194.74,sglang:subprocess,0.0,0.0,85.233,15.098
2195.24,sglang:subprocess,0.0,0.0,85.234,15.098
2195.741,sglang:subprocess,0.0,0.0,85.234,15.098
2196.242,sglang:subprocess,0.0,0.0,85.235,15.098
2196.742,sglang:subprocess,0.0,0.0,85.234,15.098
2197.243,sglang:subprocess,0.0,0.0,85.239,15.098
2197.744,sglang:subprocess,0.0,0.0,85.239,15.098
2198.244,sglang:subprocess,0.0,0.0,85.239,15.098
2198.745,sglang:subprocess,0.0,0.0,85.239,15.098
2199.246,sglang:subprocess,0.0,0.0,85.239,15.098
2199.747,sglang:subprocess,0.0,0.0,85.239,15.098
2200.248,sglang:subprocess,0.0,0.0,85.24,15.098
2200.748,sglang:subprocess,0.0,0.0,85.24,15.098
2201.249,sglang:subprocess,0.0,0.0,85.239,15.098
2201.75,sglang:subprocess,0.0,0.0,85.24,15.098
2202.25,sglang:subprocess,0.0,0.0,85.24,15.098
2202.751,sglang:subprocess,0.0,0.0,85.24,15.098
2203.252,sglang:subprocess,0.0,0.0,85.239,15.098
2203.752,sglang:subprocess,0.0,0.0,85.239,15.098
2204.253,sglang:subprocess,0.0,0.0,85.235,15.098
2204.754,sglang:subprocess,0.0,0.0,85.235,15.098
2205.255,sglang:subprocess,0.0,0.0,85.236,15.098
2205.756,sglang:subprocess,0.0,0.0,85.236,15.098
2206.256,sglang:subprocess,0.0,0.0,85.235,15.098
2206.757,sglang:subprocess,0.0,0.0,85.232,15.098
2207.258,sglang:subprocess,0.0,0.0,85.233,15.098
2207.758,sglang:subprocess,0.0,0.0,85.234,15.098
2208.259,sglang:subprocess,0.0,0.0,85.235,15.098
2208.76,sglang:subprocess,0.0,0.0,85.235,15.098
2209.26,sglang:subprocess,0.0,0.0,85.235,15.098
2209.762,sglang:subprocess,0.0,0.0,85.235,15.098
2210.262,sglang:subprocess,0.0,0.0,85.235,15.098
2210.763,sglang:subprocess,0.0,0.0,85.235,15.098
2211.264,sglang:subprocess,0.0,0.0,85.237,15.098
2211.764,sglang:subprocess,0.0,0.0,85.237,15.098
2212.265,sglang:subprocess,0.0,0.0,85.237,15.098
2212.766,sglang:subprocess,0.0,0.0,85.239,15.098
2213.267,sglang:subprocess,0.0,0.0,85.236,15.098
2213.767,sglang:subprocess,0.0,0.0,85.236,15.098
2214.268,sglang:subprocess,0.0,0.0,85.237,15.098
2214.769,sglang:subprocess,0.0,0.0,85.237,15.098
2215.27,sglang:subprocess,0.0,0.0,85.235,15.098
2215.77,sglang:subprocess,0.0,0.0,85.235,15.098
2216.271,sglang:subprocess,0.0,0.0,85.235,15.098
2216.772,sglang:subprocess,0.0,0.0,85.235,15.098
2217.272,sglang:subprocess,0.0,0.0,85.236,15.098
2217.773,sglang:subprocess,0.0,0.0,85.237,15.098
2218.274,sglang:subprocess,0.0,0.0,85.237,15.098
2218.774,sglang:subprocess,0.0,0.0,85.236,15.098
2219.275,sglang:subprocess,0.0,0.0,85.237,15.098
2219.776,sglang:subprocess,0.0,0.0,85.233,15.098
2220.277,sglang:subprocess,0.0,0.0,85.233,15.098
2220.777,sglang:subprocess,0.0,0.0,85.232,15.098
2221.278,sglang:subprocess,0.0,0.0,85.232,15.098
2221.779,sglang:subprocess,0.0,0.0,85.232,15.098
2222.28,sglang:subprocess,0.0,0.0,85.232,15.098
2222.78,sglang:subprocess,0.0,0.0,85.232,15.098
2223.281,sglang:subprocess,0.0,0.0,85.232,15.098
2223.782,sglang:subprocess,0.0,0.0,85.234,15.098
2224.282,sglang:subprocess,0.0,0.0,85.234,15.098
2224.783,sglang:subprocess,0.0,0.0,85.237,15.098
2225.284,sglang:subprocess,0.0,0.0,85.234,15.098
2225.785,sglang:subprocess,0.0,0.0,85.233,15.098
2226.285,sglang:subprocess,0.0,0.0,85.234,15.098
2226.786,sglang:subprocess,0.0,0.0,85.237,15.098
2227.287,sglang:subprocess,0.0,0.0,85.233,15.098
2227.787,sglang:subprocess,0.0,0.0,85.232,15.098
2228.288,sglang:subprocess,0.0,0.0,85.231,15.098
2228.789,sglang:subprocess,0.0,0.0,85.239,15.098
2229.29,sglang:subprocess,0.0,0.0,85.232,15.098
2229.79,sglang:subprocess,0.0,0.0,85.233,15.098
2230.291,sglang:subprocess,0.0,0.0,85.232,15.098
2230.792,sglang:subprocess,0.0,0.0,85.238,15.098
2231.293,sglang:subprocess,0.0,0.0,85.231,15.098
2231.793,sglang:subprocess,0.0,0.0,85.234,15.098
2232.294,sglang:subprocess,0.0,0.0,85.234,15.098
2232.795,sglang:subprocess,0.0,0.0,85.24,15.098
2233.296,sglang:subprocess,0.0,0.0,85.235,15.098
2233.797,sglang:subprocess,0.0,0.0,85.233,15.098
2234.297,sglang:subprocess,0.0,0.0,85.233,15.098
2234.798,sglang:subprocess,0.0,0.0,85.238,15.098
2235.299,sglang:subprocess,0.0,0.0,85.23,15.098
2235.8,sglang:subprocess,0.0,0.0,85.231,15.098
2236.301,sglang:subprocess,0.0,0.0,85.231,15.098
2236.801,sglang:subprocess,0.0,0.0,85.23,15.098
2237.302,sglang:subprocess,0.0,0.0,85.231,15.098
2237.803,sglang:subprocess,0.0,0.0,85.231,15.098
2238.303,sglang:subprocess,0.0,0.0,85.232,15.098
2238.804,sglang:subprocess,0.0,0.0,85.233,15.098
2239.305,sglang:subprocess,0.0,0.0,85.233,15.098
2239.806,sglang:subprocess,0.0,0.0,85.233,15.098
2240.307,sglang:subprocess,0.0,0.0,85.233,15.098
2240.808,sglang:subprocess,0.0,0.0,85.233,15.098
2241.309,sglang:subprocess,0.0,0.0,85.233,15.098
2241.81,sglang:subprocess,0.0,0.0,85.234,15.098
2242.311,sglang:subprocess,0.0,0.0,85.234,15.098
2242.811,sglang:subprocess,0.0,0.0,85.233,15.098
2243.312,sglang:subprocess,0.0,0.0,85.233,15.098
2243.813,sglang:subprocess,0.0,0.0,85.234,15.098
2244.313,sglang:subprocess,0.0,0.0,85.233,15.098
2244.814,sglang:subprocess,0.0,0.0,85.23,15.098
2245.315,sglang:subprocess,0.0,0.0,85.23,15.098
2245.815,sglang:subprocess,0.0,0.0,85.23,15.098
2246.316,sglang:subprocess,0.0,0.0,85.23,15.098
2246.817,sglang:subprocess,0.0,0.0,85.23,15.098
2247.318,sglang:subprocess,0.0,0.0,84.865,15.098
2247.819,sglang:subprocess,0.0,0.0,84.503,15.098
2248.319,sglang:subprocess,0.0,0.0,84.473,15.098
2248.82,sglang:subprocess,0.0,0.0,84.472,15.098
2249.321,sglang:subprocess,0.0,0.0,84.472,15.098
2249.821,sglang:subprocess,0.0,0.0,84.473,15.098
2250.322,sglang:subprocess,0.0,0.0,84.473,15.098
2250.823,sglang:subprocess,0.0,0.0,84.472,15.098
2251.323,sglang:subprocess,0.0,0.0,84.472,15.098
2251.825,sglang:subprocess,0.0,0.0,84.472,15.098
2252.325,sglang:subprocess,0.0,0.0,84.473,15.098
2252.826,sglang:subprocess,0.0,0.0,84.471,15.098
2253.327,sglang:subprocess,0.0,0.0,84.471,15.098
2253.827,sglang:subprocess,0.0,0.0,84.472,15.098
2254.328,sglang:subprocess,0.0,0.0,84.473,15.098
2254.829,sglang:subprocess,0.0,0.0,84.473,15.098
2255.33,sglang:subprocess,0.0,0.0,84.473,15.098
2255.83,sglang:subprocess,0.0,0.0,84.473,15.098
2256.331,sglang:subprocess,0.0,0.0,84.472,15.098
2256.832,sglang:subprocess,0.0,0.0,84.47,15.098
2257.333,sglang:subprocess,0.0,0.0,84.471,15.098
2257.833,sglang:subprocess,0.0,0.0,84.471,15.098
2258.334,sglang:subprocess,0.0,0.0,84.473,15.098
2258.835,sglang:subprocess,0.0,0.0,84.472,15.098
2259.335,sglang:subprocess,0.0,0.0,84.473,15.098
2259.836,sglang:subprocess,0.0,0.0,84.472,15.098
2260.337,sglang:subprocess,0.0,0.0,84.473,15.098
2260.838,sglang:subprocess,0.0,0.0,84.472,15.098
2261.338,sglang:subprocess,0.0,0.0,84.47,15.098
2261.839,sglang:subprocess,0.0,0.0,84.47,15.098
2262.34,sglang:subprocess,0.0,0.0,84.471,15.098
2262.841,sglang:subprocess,0.0,0.0,84.471,15.098
2263.341,sglang:subprocess,0.0,0.0,84.471,15.098
2263.842,sglang:subprocess,0.0,0.0,84.471,15.098
2264.343,sglang:subprocess,0.0,0.0,84.471,15.098
2264.843,sglang:subprocess,0.0,0.0,84.471,15.098
2265.344,sglang:subprocess,0.0,0.0,84.471,15.098
2265.845,sglang:subprocess,0.0,0.0,84.472,15.098
2266.345,sglang:subprocess,0.0,0.0,84.472,15.098
2266.846,sglang:subprocess,0.0,0.0,84.473,15.098
2267.347,sglang:subprocess,0.0,0.0,84.476,15.098
2267.848,sglang:subprocess,0.0,0.0,84.476,15.098
2268.349,sglang:subprocess,0.0,0.0,84.477,15.098
2268.849,sglang:subprocess,0.0,0.0,84.477,15.098
2269.35,sglang:subprocess,0.0,0.0,84.477,15.098
2269.851,sglang:subprocess,0.0,0.0,84.476,15.098
2270.352,sglang:subprocess,0.0,0.0,84.475,15.098
2270.852,sglang:subprocess,0.0,0.0,84.475,15.098
2271.353,sglang:subprocess,0.0,0.0,84.476,15.098
2271.854,sglang:subprocess,0.0,0.0,84.47,15.098
2272.354,sglang:subprocess,0.0,0.0,84.471,15.098
2272.855,sglang:subprocess,0.0,0.0,84.47,15.098
2273.356,sglang:subprocess,0.0,0.0,84.471,15.098
2273.857,sglang:subprocess,0.0,0.0,84.471,15.098
2274.357,sglang:subprocess,0.0,0.0,84.471,15.098
2274.858,sglang:subprocess,0.0,0.0,84.469,15.098
2275.359,sglang:subprocess,0.0,0.0,84.47,15.098
2275.859,sglang:subprocess,0.0,0.0,84.47,15.098
2276.36,sglang:subprocess,0.0,0.0,84.472,15.098
2276.861,sglang:subprocess,0.0,0.0,84.471,15.098
2277.362,sglang:subprocess,0.0,0.0,84.477,15.098
2277.862,sglang:subprocess,0.0,0.0,84.477,15.098
2278.363,sglang:subprocess,0.0,0.0,84.477,15.098
2278.864,sglang:subprocess,0.0,0.0,84.477,15.098
2279.365,sglang:subprocess,0.0,0.0,84.477,15.098
2279.865,sglang:subprocess,0.0,0.0,84.477,15.098
2280.366,sglang:subprocess,0.0,0.0,84.478,15.098
2280.867,sglang:subprocess,0.0,0.0,84.478,15.098
2281.367,sglang:subprocess,0.0,0.0,84.478,15.098
2281.874,sglang:subprocess,0.0,0.0,84.477,15.098
2282.374,sglang:subprocess,0.0,0.0,84.477,15.098
2282.875,sglang:subprocess,0.0,0.0,84.477,15.098
2283.376,sglang:subprocess,0.0,0.0,84.477,15.098
2283.884,sglang:subprocess,0.0,0.0,84.473,15.098
2284.385,sglang:subprocess,0.0,0.0,84.473,15.098
2284.886,sglang:subprocess,0.0,0.0,84.474,15.098
2285.387,sglang:subprocess,0.0,0.0,84.474,15.098
2285.887,sglang:subprocess,0.0,0.0,84.473,15.098
2286.388,sglang:subprocess,0.0,0.0,84.473,15.098
2286.889,sglang:subprocess,0.0,0.0,84.472,15.098
2287.389,sglang:subprocess,0.0,0.0,84.473,15.098
2287.89,sglang:subprocess,0.0,0.0,84.472,15.098
2288.391,sglang:subprocess,0.0,0.0,84.473,15.098
2288.892,sglang:subprocess,0.0,0.0,84.476,15.098
2289.392,sglang:subprocess,0.0,0.0,84.476,15.098
2289.893,sglang:subprocess,0.0,0.0,84.27,15.098
2290.394,sglang:subprocess,0.0,0.0,84.196,15.098
2290.895,sglang:subprocess,0.0,0.0,84.193,15.098
2291.395,sglang:subprocess,0.0,0.0,84.194,15.098
2291.896,sglang:subprocess,0.0,0.0,84.194,15.098
2292.397,sglang:subprocess,0.0,0.0,84.194,15.098
2292.897,sglang:subprocess,0.0,0.0,84.196,15.098
2293.398,sglang:subprocess,0.0,0.0,84.196,15.098
2293.899,sglang:subprocess,0.0,0.0,84.195,15.098
2294.4,sglang:subprocess,0.0,0.0,84.195,15.098
2294.9,sglang:subprocess,0.0,0.0,84.189,15.098
2295.401,sglang:subprocess,0.0,0.0,84.189,15.098
2295.902,sglang:subprocess,0.0,0.0,84.19,15.098
2296.402,sglang:subprocess,0.0,0.0,84.189,15.098
2296.903,sglang:subprocess,0.0,0.0,84.188,15.098
2297.404,sglang:subprocess,0.0,0.0,84.189,15.098
2297.904,sglang:subprocess,0.0,0.0,84.189,15.098
2298.405,sglang:subprocess,0.0,0.0,84.189,15.098
2298.906,sglang:subprocess,0.0,0.0,84.19,15.098
2299.407,sglang:subprocess,0.0,0.0,84.189,15.098
2299.908,sglang:subprocess,0.0,0.0,84.189,15.098
2300.408,sglang:subprocess,0.0,0.0,84.191,15.098
2300.909,sglang:subprocess,0.0,0.0,84.192,15.098
2301.41,sglang:subprocess,0.0,0.0,84.193,15.098
2301.91,sglang:subprocess,0.0,0.0,84.193,15.098
2302.411,sglang:subprocess,0.0,0.0,84.193,15.098
2302.912,sglang:subprocess,0.0,0.0,84.192,15.098
2303.412,sglang:subprocess,0.0,0.0,84.193,15.098
2303.913,sglang:subprocess,0.0,0.0,84.193,15.098
2304.418,sglang:subprocess,0.0,0.0,84.193,15.098
2304.919,sglang:subprocess,0.0,0.0,84.19,15.098
2305.419,sglang:subprocess,0.0,0.0,84.19,15.098
2305.92,sglang:subprocess,0.0,0.0,84.19,15.098
2306.427,sglang:subprocess,0.0,0.0,84.19,15.098
2306.927,sglang:subprocess,0.0,0.0,84.189,15.098
2307.428,sglang:subprocess,0.0,0.0,84.19,15.098
2307.929,sglang:subprocess,0.0,0.0,84.191,15.098
2308.429,sglang:subprocess,0.0,0.0,84.191,15.098
2308.93,sglang:subprocess,0.0,0.0,84.193,15.098
2309.431,sglang:subprocess,0.0,0.0,84.193,15.098
2309.932,sglang:subprocess,0.0,0.0,84.193,15.098
2310.432,sglang:subprocess,0.0,0.0,84.193,15.098
2310.933,sglang:subprocess,0.0,0.0,84.192,15.098
2311.434,sglang:subprocess,0.0,0.0,84.192,15.098
2311.935,sglang:subprocess,0.0,0.0,84.191,15.098
2312.435,sglang:subprocess,0.0,0.0,84.192,15.098
2312.936,sglang:subprocess,0.0,0.0,84.193,15.098
2313.437,sglang:subprocess,0.0,0.0,84.193,15.098
2313.937,sglang:subprocess,0.0,0.0,84.191,15.098
2314.438,sglang:subprocess,0.0,0.0,84.191,15.098
2314.939,sglang:subprocess,0.0,0.0,84.19,15.098
2315.44,sglang:subprocess,0.0,0.0,84.19,15.098
2315.94,sglang:subprocess,0.0,0.0,84.19,15.098
2316.441,sglang:subprocess,0.0,0.0,84.189,15.098
2316.942,sglang:subprocess,0.0,0.0,84.192,15.098
2317.442,sglang:subprocess,0.0,0.0,84.193,15.098
2317.943,sglang:subprocess,0.0,0.0,84.192,15.098
2318.444,sglang:subprocess,0.0,0.0,84.193,15.098
2318.945,sglang:subprocess,0.0,0.0,84.193,15.098
2319.445,sglang:subprocess,0.0,0.0,84.193,15.098
2319.946,sglang:subprocess,0.0,0.0,84.193,15.098
2320.447,sglang:subprocess,0.0,0.0,84.193,15.098
2320.948,sglang:subprocess,0.0,0.0,84.191,15.098
2321.448,sglang:subprocess,0.0,0.0,84.191,15.098
2321.949,sglang:subprocess,0.0,0.0,84.191,15.098
2322.45,sglang:subprocess,0.0,0.0,84.191,15.098
2322.95,sglang:subprocess,0.0,0.0,84.192,15.098
2323.451,sglang:subprocess,0.0,0.0,84.189,15.098
2323.952,sglang:subprocess,0.0,0.0,84.189,15.098
2324.452,sglang:subprocess,0.0,0.0,84.19,15.098
2324.953,sglang:subprocess,0.0,0.0,84.188,15.098
2325.454,sglang:subprocess,0.0,0.0,84.19,15.098
2325.955,sglang:subprocess,0.0,0.0,84.19,15.098
2326.456,sglang:subprocess,0.0,0.0,84.19,15.098
2326.956,sglang:subprocess,0.0,0.0,84.191,15.098
2327.457,sglang:subprocess,0.0,0.0,84.19,15.098
2327.958,sglang:subprocess,0.0,0.0,84.191,15.098
2328.458,sglang:subprocess,0.0,0.0,84.191,15.098
2328.959,sglang:subprocess,0.0,0.0,84.191,15.098
2329.46,sglang:subprocess,0.0,0.0,84.19,15.098
2329.96,sglang:subprocess,0.0,0.0,84.191,15.098
2330.461,sglang:subprocess,0.0,0.0,84.191,15.098
2330.962,sglang:subprocess,0.0,0.0,84.192,15.098
2331.463,sglang:subprocess,0.0,0.0,84.191,15.098
2331.964,sglang:subprocess,0.0,0.0,84.192,15.098
2332.464,sglang:subprocess,0.0,0.0,84.192,15.098
2332.965,sglang:subprocess,0.0,0.0,84.191,15.098
2333.466,sglang:subprocess,0.0,0.0,84.192,15.098
2333.966,sglang:subprocess,0.0,0.0,84.193,15.098
2334.467,sglang:subprocess,0.0,0.0,84.193,15.098
2334.968,sglang:subprocess,0.0,0.0,84.188,15.098
2335.468,sglang:subprocess,0.0,0.0,84.19,15.098
2335.97,sglang:subprocess,0.0,0.0,84.189,15.098
2336.47,sglang:subprocess,0.0,0.0,84.19,15.098
2336.971,sglang:subprocess,0.0,0.0,84.19,15.098
2337.472,sglang:subprocess,0.0,0.0,84.192,15.098
2337.972,sglang:subprocess,0.0,0.0,84.192,15.098
2338.473,sglang:subprocess,0.0,0.0,84.193,15.098
2338.974,sglang:subprocess,0.0,0.0,84.193,15.098
2339.474,sglang:subprocess,0.0,0.0,84.191,15.098
2339.975,sglang:subprocess,0.0,0.0,84.191,15.098
2340.476,sglang:subprocess,0.0,0.0,84.192,15.098
2340.976,sglang:subprocess,0.0,0.0,84.19,15.098
2341.477,sglang:subprocess,0.0,0.0,84.193,15.098
2341.978,sglang:subprocess,0.0,0.0,84.193,15.098
2342.479,sglang:subprocess,0.0,0.0,84.192,15.098
2342.979,sglang:subprocess,0.0,0.0,84.192,15.098
2343.486,sglang:subprocess,0.0,0.0,84.193,15.098
2343.987,sglang:subprocess,0.0,0.0,84.191,15.098
2344.488,sglang:subprocess,0.0,0.0,84.191,15.098
2344.988,sglang:subprocess,0.0,0.0,84.19,15.098
2345.489,sglang:subprocess,0.0,0.0,84.191,15.098
2345.99,sglang:subprocess,0.0,0.0,84.191,15.098
2346.491,sglang:subprocess,0.0,0.0,84.191,15.098
2346.991,sglang:subprocess,0.0,0.0,84.192,15.098
2347.492,sglang:subprocess,0.0,0.0,84.193,15.098
2347.993,sglang:subprocess,0.0,0.0,84.193,15.098
2348.493,sglang:subprocess,0.0,0.0,84.193,15.098
2348.994,sglang:subprocess,0.0,0.0,84.193,15.098
2349.495,sglang:subprocess,0.0,0.0,84.193,15.098
2349.996,sglang:subprocess,0.0,0.0,84.194,15.098
2350.496,sglang:subprocess,0.0,0.0,84.194,15.098
2350.997,sglang:subprocess,0.0,0.0,84.193,15.098
2351.501,sglang:subprocess,0.0,0.0,84.193,15.098
2352.002,sglang:subprocess,0.0,0.0,84.193,15.098
2352.503,sglang:subprocess,0.0,0.0,84.193,15.098
2353.004,sglang:subprocess,0.0,0.0,84.192,15.098
2353.504,sglang:subprocess,0.0,0.0,84.19,15.098
2354.005,sglang:subprocess,0.0,0.0,84.191,15.098
2354.506,sglang:subprocess,0.0,0.0,84.191,15.098
2355.006,sglang:subprocess,0.0,0.0,84.191,15.098
2355.507,sglang:subprocess,0.0,0.0,84.19,15.098
2356.008,sglang:subprocess,0.0,0.0,84.19,15.098
2356.508,sglang:subprocess,0.0,0.0,84.19,15.098
2357.01,sglang:subprocess,0.0,0.0,84.192,15.098
2357.51,sglang:subprocess,0.0,0.0,84.193,15.098
2358.011,sglang:subprocess,0.0,0.0,84.195,15.098
2358.512,sglang:subprocess,0.0,0.0,84.196,15.098
2359.012,sglang:subprocess,0.0,0.0,84.194,15.098
2359.513,sglang:subprocess,0.0,0.0,84.194,15.098
2360.014,sglang:subprocess,0.0,0.0,84.195,15.098
2360.514,sglang:subprocess,0.0,0.0,84.197,15.098
2361.015,sglang:subprocess,0.0,0.0,84.199,15.098
2361.516,sglang:subprocess,0.0,0.0,84.198,15.098
2362.019,sglang:subprocess,0.0,0.0,84.198,15.098
2362.52,sglang:subprocess,0.0,0.0,84.198,15.098
2363.021,sglang:subprocess,0.0,0.0,84.196,15.098
2363.521,sglang:subprocess,0.0,0.0,84.196,15.098
2364.022,sglang:subprocess,0.0,0.0,84.193,15.098
2364.523,sglang:subprocess,0.0,0.0,84.193,15.098
2365.023,sglang:subprocess,0.0,0.0,84.192,15.098
2365.524,sglang:subprocess,0.0,0.0,84.193,15.098
2366.025,sglang:subprocess,0.0,0.0,84.194,15.098
2366.525,sglang:subprocess,0.0,0.0,84.194,15.098
2367.026,sglang:subprocess,0.0,0.0,84.195,15.098
2367.527,sglang:subprocess,0.0,0.0,84.195,15.098
2368.028,sglang:subprocess,0.0,0.0,84.195,15.098
2368.529,sglang:subprocess,0.0,0.0,84.195,15.098
2369.029,sglang:subprocess,0.0,0.0,84.193,15.098
2369.53,sglang:subprocess,0.0,0.0,84.193,15.098
2370.031,sglang:subprocess,0.0,0.0,84.193,15.098
2370.531,sglang:subprocess,0.0,0.0,84.194,15.098
2371.032,sglang:subprocess,0.0,0.0,84.194,15.098
2371.533,sglang:subprocess,0.0,0.0,84.194,15.098
2372.033,sglang:subprocess,0.0,0.0,84.195,15.098
2372.534,sglang:subprocess,0.0,0.0,84.195,15.098
2373.036,sglang:subprocess,0.0,0.0,84.168,15.098
2373.536,sglang:subprocess,0.0,0.0,84.168,15.098
2374.037,sglang:subprocess,0.0,0.0,84.167,15.098
2374.538,sglang:subprocess,0.0,0.0,84.166,15.098
2375.038,sglang:subprocess,0.0,0.0,84.165,15.098
2375.539,sglang:subprocess,0.0,0.0,84.166,15.098
2376.04,sglang:subprocess,0.0,0.0,84.165,15.098
2376.54,sglang:subprocess,0.0,0.0,84.165,15.098
2377.041,sglang:subprocess,0.0,0.0,84.165,15.098
2377.542,sglang:subprocess,0.0,0.0,84.165,15.098
2378.043,sglang:subprocess,0.0,0.0,84.165,15.098
2378.544,sglang:subprocess,0.0,0.0,84.166,15.098
2379.044,sglang:subprocess,0.0,0.0,84.166,15.098
2379.545,sglang:subprocess,0.0,0.0,84.166,15.098
2380.046,sglang:subprocess,0.0,0.0,84.166,15.098
2380.546,sglang:subprocess,0.0,0.0,84.166,15.098
2381.047,sglang:subprocess,0.0,0.0,84.167,15.098
2381.548,sglang:subprocess,0.0,0.0,84.167,15.098
2382.048,sglang:subprocess,0.0,0.0,84.167,15.098
2382.549,sglang:subprocess,0.0,0.0,84.166,15.098
2383.05,sglang:subprocess,0.0,0.0,84.167,15.098
2383.551,sglang:subprocess,0.0,0.0,84.167,15.098
2384.052,sglang:subprocess,0.0,0.0,84.167,15.098
2384.552,sglang:subprocess,0.0,0.0,84.168,15.098
2385.053,sglang:subprocess,0.0,0.0,84.166,15.098
2385.554,sglang:subprocess,0.0,0.0,84.168,15.098
2386.054,sglang:subprocess,0.0,0.0,84.166,15.098
2386.555,sglang:subprocess,0.0,0.0,84.165,15.098
2387.056,sglang:subprocess,0.0,0.0,84.164,15.098
2387.556,sglang:subprocess,0.0,0.0,84.164,15.098
2388.057,sglang:subprocess,0.0,0.0,84.164,15.098
2388.558,sglang:subprocess,0.0,0.0,84.167,15.098
2389.059,sglang:subprocess,0.0,0.0,84.167,15.098
2389.56,sglang:subprocess,0.0,0.0,84.168,15.098
2390.06,sglang:subprocess,0.0,0.0,84.168,15.098
2390.561,sglang:subprocess,0.0,0.0,84.169,15.098
2391.062,sglang:subprocess,0.0,0.0,84.168,15.098
2391.562,sglang:subprocess,0.0,0.0,84.169,15.098
2392.063,sglang:subprocess,0.0,0.0,84.169,15.098
2392.564,sglang:subprocess,0.0,0.0,84.168,15.098
2393.064,sglang:subprocess,0.0,0.0,84.12,15.098
2393.565,sglang:subprocess,0.0,0.0,84.119,15.098
2394.066,sglang:subprocess,0.0,0.0,84.119,15.098
2394.567,sglang:subprocess,0.0,0.0,84.121,15.098
2395.068,sglang:subprocess,0.0,0.0,84.12,15.098
2395.569,sglang:subprocess,0.0,0.0,84.121,15.098
2396.069,sglang:subprocess,0.0,0.0,84.121,15.098
2396.57,sglang:subprocess,0.0,0.0,84.121,15.098
2397.071,sglang:subprocess,0.0,0.0,84.118,15.098
2397.571,sglang:subprocess,0.0,0.0,84.119,15.098
2398.072,sglang:subprocess,0.0,0.0,84.12,15.098
2398.573,sglang:subprocess,0.0,0.0,84.122,15.098
2399.074,sglang:subprocess,0.0,0.0,84.121,15.098
2399.574,sglang:subprocess,0.0,0.0,84.121,15.098
2400.075,sglang:subprocess,0.0,0.0,84.121,15.098
2400.576,sglang:subprocess,0.0,0.0,84.122,15.098
2401.076,sglang:subprocess,0.0,0.0,84.117,15.098
2401.577,sglang:subprocess,0.0,0.0,84.117,15.098
2402.078,sglang:subprocess,0.0,0.0,84.117,15.098
2402.578,sglang:subprocess,0.0,0.0,84.118,15.098
2403.079,sglang:subprocess,0.0,0.0,84.118,15.098
2403.58,sglang:subprocess,0.0,0.0,84.119,15.098
2404.081,sglang:subprocess,0.0,0.0,84.119,15.098
2404.582,sglang:subprocess,0.0,0.0,84.116,15.098
2405.082,sglang:subprocess,0.0,0.0,84.115,15.098
2405.583,sglang:subprocess,0.0,0.0,84.116,15.098
2406.084,sglang:subprocess,0.0,0.0,84.115,15.098
2406.584,sglang:subprocess,0.0,0.0,84.116,15.098
2407.085,sglang:subprocess,0.0,0.0,84.117,15.098
2407.586,sglang:subprocess,0.0,0.0,84.117,15.098
2408.086,sglang:subprocess,0.0,0.0,84.117,15.098
2408.587,sglang:subprocess,0.0,0.0,84.117,15.098
2409.088,sglang:subprocess,0.0,0.0,84.117,15.098
2409.589,sglang:subprocess,0.0,0.0,84.117,15.098
2410.09,sglang:subprocess,0.0,0.0,84.116,15.098
2410.59,sglang:subprocess,0.0,0.0,84.117,15.098
2411.091,sglang:subprocess,0.0,0.0,84.116,15.098
2411.592,sglang:subprocess,0.0,0.0,84.117,15.098
2412.092,sglang:subprocess,0.0,0.0,84.117,15.098
2412.593,sglang:subprocess,0.0,0.0,84.116,15.098
2413.094,sglang:subprocess,0.0,0.0,84.115,15.098
2413.594,sglang:subprocess,0.0,0.0,84.117,15.098
2414.095,sglang:subprocess,0.0,0.0,84.117,15.098
2414.596,sglang:subprocess,0.0,0.0,84.117,15.098
2415.097,sglang:subprocess,0.0,0.0,84.097,15.098
2415.598,sglang:subprocess,0.0,0.0,84.1,15.098
2416.098,sglang:subprocess,0.0,0.0,84.107,15.098
2416.599,sglang:subprocess,0.0,0.0,84.108,15.098
2417.1,sglang:subprocess,0.0,0.0,84.111,15.098
2417.6,sglang:subprocess,0.0,0.0,84.112,15.098
2418.101,sglang:subprocess,0.0,0.0,84.112,15.098
2418.602,sglang:subprocess,0.0,0.0,84.112,15.098
2419.102,sglang:subprocess,0.0,0.0,84.114,15.098
2419.603,sglang:subprocess,0.0,0.0,84.114,15.098
2420.104,sglang:subprocess,0.0,0.0,84.114,15.098
2420.605,sglang:subprocess,0.0,0.0,84.114,15.098
2421.105,sglang:subprocess,0.0,0.0,84.116,15.098
2421.606,sglang:subprocess,0.0,0.0,84.116,15.098
2422.107,sglang:subprocess,0.0,0.0,84.116,15.098
2422.607,sglang:subprocess,0.0,0.0,84.116,15.098
2423.108,sglang:subprocess,0.0,0.0,84.116,15.098
2423.609,sglang:subprocess,0.0,0.0,84.116,15.098
2424.109,sglang:subprocess,0.0,0.0,84.117,15.098
2424.61,sglang:subprocess,0.0,0.0,84.117,15.098
2425.111,sglang:subprocess,0.0,0.0,84.115,15.098
2425.612,sglang:subprocess,0.0,0.0,84.116,15.098
2426.113,sglang:subprocess,0.0,0.0,84.116,15.098
2426.614,sglang:subprocess,0.0,0.0,84.115,15.098
2427.115,sglang:subprocess,0.0,0.0,84.113,15.098
2427.615,sglang:subprocess,0.0,0.0,84.113,15.098
2428.116,sglang:subprocess,0.0,0.0,84.114,15.098
2428.617,sglang:subprocess,0.0,0.0,84.114,15.098
2429.117,sglang:subprocess,0.0,0.0,84.113,15.098
2429.618,sglang:subprocess,0.0,0.0,84.114,15.098
2430.119,sglang:subprocess,0.0,0.0,84.114,15.098
2430.62,sglang:subprocess,0.0,0.0,84.114,15.098
2431.121,sglang:subprocess,0.0,0.0,84.115,15.098
2431.621,sglang:subprocess,0.0,0.0,84.116,15.098
2432.122,sglang:subprocess,0.0,0.0,84.116,15.098
2432.623,sglang:subprocess,0.0,0.0,84.116,15.098
2433.123,sglang:subprocess,0.0,0.0,84.115,15.098
2433.624,sglang:subprocess,0.0,0.0,84.115,15.098
2434.125,sglang:subprocess,0.0,0.0,84.113,15.098
2434.625,sglang:subprocess,0.0,0.0,84.113,15.098
2435.126,sglang:subprocess,0.0,0.0,84.113,15.098
2435.627,sglang:subprocess,0.0,0.0,84.113,15.098
2436.128,sglang:subprocess,0.0,0.0,84.113,15.098
2436.629,sglang:subprocess,0.0,0.0,84.113,15.098
2437.129,sglang:subprocess,0.0,0.0,84.115,15.098
2437.63,sglang:subprocess,0.0,0.0,84.115,15.098
2438.131,sglang:subprocess,0.0,0.0,84.115,15.098
2438.631,sglang:subprocess,0.0,0.0,84.115,15.098
2439.132,sglang:subprocess,0.0,0.0,84.116,15.098
2439.633,sglang:subprocess,0.0,0.0,84.116,15.098
2440.134,sglang:subprocess,0.0,0.0,84.116,15.098
2440.634,sglang:subprocess,0.0,0.0,84.116,15.098
2441.136,sglang:subprocess,0.0,0.0,84.117,15.098
2441.636,sglang:subprocess,0.0,0.0,84.118,15.098
2442.137,sglang:subprocess,0.0,0.0,84.118,15.098
2442.638,sglang:subprocess,0.0,0.0,84.118,15.098
2443.138,sglang:subprocess,0.0,0.0,84.119,15.098
2443.639,sglang:subprocess,0.0,0.0,84.119,15.098
2444.14,sglang:subprocess,0.0,0.0,84.116,15.098
2444.64,sglang:subprocess,0.0,0.0,84.116,15.098
2445.141,sglang:subprocess,0.0,0.0,84.115,15.098
2445.642,sglang:subprocess,0.0,0.0,84.115,15.098
2446.142,sglang:subprocess,0.0,0.0,84.116,15.098
2446.643,sglang:subprocess,0.0,0.0,84.116,15.098
2447.144,sglang:subprocess,0.0,0.0,84.118,15.098
2447.645,sglang:subprocess,0.0,0.0,84.119,15.098
2448.145,sglang:subprocess,0.0,0.0,84.119,15.098
2448.646,sglang:subprocess,0.0,0.0,84.12,15.098
2449.147,sglang:subprocess,0.0,0.0,84.119,15.098
2449.647,sglang:subprocess,0.0,0.0,84.118,15.098
2450.148,sglang:subprocess,0.0,0.0,84.118,15.098
2450.649,sglang:subprocess,0.0,0.0,84.119,15.098
2451.149,sglang:subprocess,0.0,0.0,84.12,15.098
2451.651,sglang:subprocess,0.0,0.0,84.12,15.098
2452.151,sglang:subprocess,0.0,0.0,84.12,15.098
2452.652,sglang:subprocess,0.0,0.0,84.12,15.098
2453.153,sglang:subprocess,0.0,0.0,84.121,15.098
2453.653,sglang:subprocess,0.0,0.0,84.119,15.098
2454.154,sglang:subprocess,0.0,0.0,84.116,15.098
2454.655,sglang:subprocess,0.0,0.0,84.116,15.098
2455.155,sglang:subprocess,0.0,0.0,84.117,15.098
2455.656,sglang:subprocess,0.0,0.0,84.116,15.098
2456.157,sglang:subprocess,0.0,0.0,84.117,15.098
2456.657,sglang:subprocess,0.0,0.0,84.118,15.098
2457.159,sglang:subprocess,0.0,0.0,84.119,15.098
2457.659,sglang:subprocess,0.0,0.0,84.12,15.098
2458.16,sglang:subprocess,0.0,0.0,84.12,15.098
2458.661,sglang:subprocess,0.0,0.0,84.121,15.098
2459.161,sglang:subprocess,0.0,0.0,84.123,15.098
2459.662,sglang:subprocess,0.0,0.0,84.123,15.098
2460.163,sglang:subprocess,0.0,0.0,84.122,15.098
2460.663,sglang:subprocess,0.0,0.0,84.122,15.098
2461.164,sglang:subprocess,0.0,0.0,84.119,15.098
2461.665,sglang:subprocess,0.0,0.0,84.12,15.098
2462.166,sglang:subprocess,0.0,0.0,84.121,15.098
2462.667,sglang:subprocess,0.0,0.0,84.12,15.098
2463.167,sglang:subprocess,0.0,0.0,84.12,15.098
2463.668,sglang:subprocess,0.0,0.0,84.12,15.098
2464.169,sglang:subprocess,0.0,0.0,84.119,15.098
2464.669,sglang:subprocess,0.0,0.0,84.119,15.098
2465.17,sglang:subprocess,0.0,0.0,84.118,15.098
2465.671,sglang:subprocess,0.0,0.0,84.119,15.098
2466.171,sglang:subprocess,0.0,0.0,84.118,15.098
2466.672,sglang:subprocess,0.0,0.0,84.119,15.098
2467.173,sglang:subprocess,0.0,0.0,84.12,15.098
2467.674,sglang:subprocess,0.0,0.0,84.121,15.098
2468.175,sglang:subprocess,0.0,0.0,84.12,15.098
2468.675,sglang:subprocess,0.0,0.0,84.121,15.098
2469.176,sglang:subprocess,0.0,0.0,84.121,15.098
2469.677,sglang:subprocess,0.0,0.0,84.119,15.098
2470.177,sglang:subprocess,0.0,0.0,84.119,15.098
2470.678,sglang:subprocess,0.0,0.0,84.119,15.098
2471.179,sglang:subprocess,0.0,0.0,84.118,15.098
2471.679,sglang:subprocess,0.0,0.0,84.119,15.098
2472.18,sglang:subprocess,0.0,0.0,84.119,15.098
2472.681,sglang:subprocess,0.0,0.0,84.119,15.098
2473.182,sglang:subprocess,0.0,0.0,84.119,15.098
2473.683,sglang:subprocess,0.0,0.0,84.119,15.098
2474.183,sglang:subprocess,0.0,0.0,84.115,15.098
2474.684,sglang:subprocess,0.0,0.0,84.113,15.098
2475.185,sglang:subprocess,0.0,0.0,84.114,15.098
2475.685,sglang:subprocess,0.0,0.0,84.112,15.098
2476.186,sglang:subprocess,0.0,0.0,84.114,15.098
2476.687,sglang:subprocess,0.0,0.0,84.113,15.098
2477.188,sglang:subprocess,0.0,0.0,84.117,15.098
2477.688,sglang:subprocess,0.0,0.0,84.117,15.098
2478.189,sglang:subprocess,0.0,0.0,84.118,15.098
2478.69,sglang:subprocess,0.0,0.0,84.118,15.098
2479.191,sglang:subprocess,0.0,0.0,84.118,15.098
2479.691,sglang:subprocess,0.0,0.0,84.119,15.098
2480.192,sglang:subprocess,0.0,0.0,84.12,15.098
2480.693,sglang:subprocess,0.0,0.0,84.119,15.098
2481.193,sglang:subprocess,0.0,0.0,84.121,15.098
2481.694,sglang:subprocess,0.0,0.0,84.121,15.098
2482.195,sglang:subprocess,0.0,0.0,84.121,15.098
2482.695,sglang:subprocess,0.0,0.0,84.139,15.098
2483.197,sglang:subprocess,0.0,0.0,84.139,15.098
2483.697,sglang:subprocess,0.0,0.0,84.139,15.098
2484.198,sglang:subprocess,0.0,0.0,84.137,15.098
2484.699,sglang:subprocess,0.0,0.0,84.137,15.098
2485.199,sglang:subprocess,0.0,0.0,84.137,15.098
2485.7,sglang:subprocess,0.0,0.0,84.137,15.098
2486.201,sglang:subprocess,0.0,0.0,84.14,15.098
2486.701,sglang:subprocess,0.0,0.0,84.139,15.098
2487.202,sglang:subprocess,0.0,0.0,84.143,15.098
2487.703,sglang:subprocess,0.0,0.0,84.143,15.098
2488.203,sglang:subprocess,0.0,0.0,84.142,15.098
2488.705,sglang:subprocess,0.0,0.0,84.142,15.098
2489.205,sglang:subprocess,0.0,0.0,84.14,15.098
2489.706,sglang:subprocess,0.0,0.0,84.141,15.098
2490.207,sglang:subprocess,0.0,0.0,84.141,15.098
2490.707,sglang:subprocess,0.0,0.0,84.141,15.098
2491.208,sglang:subprocess,0.0,0.0,84.143,15.098
2491.71,sglang:subprocess,0.0,0.0,84.143,15.098
2492.21,sglang:subprocess,0.0,0.0,84.143,15.098
2492.711,sglang:subprocess,0.0,0.0,84.143,15.098
2493.212,sglang:subprocess,0.0,0.0,84.14,15.098
2493.713,sglang:subprocess,0.0,0.0,84.14,15.098
2494.214,sglang:subprocess,0.0,0.0,84.139,15.098
2494.714,sglang:subprocess,0.0,0.0,84.139,15.098
2495.215,sglang:subprocess,0.0,0.0,84.138,15.098
2495.716,sglang:subprocess,0.0,0.0,84.138,15.098
2496.216,sglang:subprocess,0.0,0.0,84.139,15.098
2496.717,sglang:subprocess,0.0,0.0,84.139,15.098
2497.218,sglang:subprocess,0.0,0.0,84.144,15.098
2497.719,sglang:subprocess,0.0,0.0,84.144,15.098
2498.219,sglang:subprocess,0.0,0.0,84.145,15.098
2498.72,sglang:subprocess,0.0,0.0,84.145,15.098
2499.221,sglang:subprocess,0.0,0.0,84.144,15.098
2499.722,sglang:subprocess,0.0,0.0,84.144,15.098
2500.223,sglang:subprocess,0.0,0.0,84.144,15.098
2500.723,sglang:subprocess,0.0,0.0,84.144,15.098
2501.224,sglang:subprocess,0.0,0.0,84.144,15.098
2501.725,sglang:subprocess,0.0,0.0,84.145,15.098
2502.225,sglang:subprocess,0.0,0.0,84.144,15.098
2502.726,sglang:subprocess,0.0,0.0,84.144,15.098
2503.227,sglang:subprocess,0.0,0.0,84.143,15.098
2503.727,sglang:subprocess,0.0,0.0,84.143,15.098
2504.229,sglang:subprocess,0.0,0.0,84.139,15.098
2504.729,sglang:subprocess,0.0,0.0,84.139,15.098
2505.23,sglang:subprocess,0.0,0.0,84.138,15.098
2505.731,sglang:subprocess,0.0,0.0,84.138,15.098
2506.231,sglang:subprocess,0.0,0.0,84.14,15.098
2506.732,sglang:subprocess,0.0,0.0,84.14,15.098
2507.233,sglang:subprocess,0.0,0.0,84.141,15.098
2507.733,sglang:subprocess,0.0,0.0,84.141,15.098
2508.234,sglang:subprocess,0.0,0.0,84.142,15.098
2508.735,sglang:subprocess,0.0,0.0,84.142,15.098
2509.235,sglang:subprocess,0.0,0.0,84.141,15.098
2509.737,sglang:subprocess,0.0,0.0,84.141,15.098
2510.237,sglang:subprocess,0.0,0.0,84.141,15.098
2510.738,sglang:subprocess,0.0,0.0,84.142,15.098
2511.239,sglang:subprocess,0.0,0.0,84.143,15.098
2511.739,sglang:subprocess,0.0,0.0,84.143,15.098
2512.24,sglang:subprocess,0.0,0.0,84.143,15.098
2512.741,sglang:subprocess,0.0,0.0,84.142,15.098
2513.241,sglang:subprocess,0.0,0.0,84.139,15.098
2513.742,sglang:subprocess,0.0,0.0,84.139,15.098
2514.243,sglang:subprocess,0.0,0.0,84.14,15.098
2514.744,sglang:subprocess,0.0,0.0,84.14,15.098
2515.245,sglang:subprocess,0.0,0.0,84.139,15.098
2515.745,sglang:subprocess,0.0,0.0,84.138,15.098
2516.246,sglang:subprocess,0.0,0.0,84.14,15.098
2516.747,sglang:subprocess,0.0,0.0,84.139,15.098
2517.247,sglang:subprocess,0.0,0.0,84.14,15.098
2517.748,sglang:subprocess,0.0,0.0,84.141,15.098
2518.249,sglang:subprocess,0.0,0.0,84.142,15.098
2518.75,sglang:subprocess,0.0,0.0,84.143,15.098
2519.25,sglang:subprocess,0.0,0.0,84.142,15.098
2519.751,sglang:subprocess,0.0,0.0,84.143,15.098
2520.252,sglang:subprocess,0.0,0.0,84.142,15.098
2520.753,sglang:subprocess,0.0,0.0,84.143,15.098
2521.254,sglang:subprocess,0.0,0.0,84.144,15.098
2521.754,sglang:subprocess,0.0,0.0,84.144,15.098
2522.255,sglang:subprocess,0.0,0.0,84.144,15.098
2522.756,sglang:subprocess,0.0,0.0,84.144,15.098
2523.256,sglang:subprocess,0.0,0.0,84.144,15.098
2523.757,sglang:subprocess,0.0,0.0,84.142,15.098
2524.258,sglang:subprocess,0.0,0.0,84.141,15.098
2524.758,sglang:subprocess,0.0,0.0,84.14,15.098
2525.26,sglang:subprocess,0.0,0.0,84.14,15.098
2525.76,sglang:subprocess,0.0,0.0,84.141,15.098
2526.261,sglang:subprocess,0.0,0.0,84.142,15.098
2526.762,sglang:subprocess,0.0,0.0,84.142,15.098
2527.262,sglang:subprocess,0.0,0.0,84.143,15.098
2527.763,sglang:subprocess,0.0,0.0,84.144,15.098
2528.264,sglang:subprocess,0.0,0.0,84.144,15.098
2528.764,sglang:subprocess,0.0,0.0,84.143,15.098
2529.265,sglang:subprocess,0.0,0.0,84.142,15.098
2529.766,sglang:subprocess,0.0,0.0,84.142,15.098
2530.266,sglang:subprocess,0.0,0.0,84.142,15.098
2530.768,sglang:subprocess,0.0,0.0,84.148,15.098
2531.268,sglang:subprocess,0.0,0.0,84.144,15.098
2531.776,sglang:subprocess,0.0,0.0,84.144,15.098
2532.277,sglang:subprocess,0.0,0.0,84.144,15.098
2532.778,sglang:subprocess,0.0,0.0,84.145,15.098
2533.278,sglang:subprocess,0.0,0.0,84.139,15.098
2533.779,sglang:subprocess,0.0,0.0,84.139,15.098
2534.28,sglang:subprocess,0.0,0.0,84.139,15.098
2534.78,sglang:subprocess,0.0,0.0,84.14,15.098
2535.281,sglang:subprocess,0.0,0.0,84.139,15.098
2535.782,sglang:subprocess,0.0,0.0,84.139,15.098
2536.283,sglang:subprocess,0.0,0.0,84.139,15.098
2536.784,sglang:subprocess,0.0,0.0,84.14,15.098
2537.284,sglang:subprocess,0.0,0.0,84.143,15.098
2537.785,sglang:subprocess,0.0,0.0,84.143,15.098
2538.286,sglang:subprocess,0.0,0.0,84.144,15.098
2538.786,sglang:subprocess,0.0,0.0,84.148,15.098
2539.287,sglang:subprocess,0.0,0.0,84.143,15.098
2539.788,sglang:subprocess,0.0,0.0,84.144,15.098
2540.288,sglang:subprocess,0.0,0.0,84.143,15.098
2540.789,sglang:subprocess,0.0,0.0,84.144,15.098
2541.29,sglang:subprocess,0.0,0.0,84.145,15.098
2541.791,sglang:subprocess,0.0,0.0,84.145,15.098
2542.291,sglang:subprocess,0.0,0.0,84.144,15.098
2542.792,sglang:subprocess,0.0,0.0,84.147,15.098
2543.293,sglang:subprocess,0.0,0.0,84.147,15.098
2543.793,sglang:subprocess,0.0,0.0,84.143,15.098
2544.294,sglang:subprocess,0.0,0.0,84.143,15.098
2544.795,sglang:subprocess,0.0,0.0,84.146,15.098
2545.295,sglang:subprocess,0.0,0.0,84.142,15.098
2545.797,sglang:subprocess,0.0,0.0,84.141,15.098
2546.298,sglang:subprocess,0.0,0.0,84.141,15.098
2546.798,sglang:subprocess,0.0,0.0,84.142,15.098
2547.299,sglang:subprocess,0.0,0.0,84.143,15.098
2547.8,sglang:subprocess,0.0,0.0,84.143,15.098
2548.301,sglang:subprocess,0.0,0.0,84.143,15.098
2548.801,sglang:subprocess,0.0,0.0,84.151,15.098
2549.302,sglang:subprocess,0.0,0.0,84.144,15.098
2549.803,sglang:subprocess,0.0,0.0,84.144,15.098
2550.31,sglang:subprocess,0.0,0.0,84.144,15.098
2550.811,sglang:subprocess,0.0,0.0,84.144,15.098
2551.312,sglang:subprocess,0.0,0.0,84.143,15.098
2551.813,sglang:subprocess,0.0,0.0,84.143,15.098
2552.314,sglang:subprocess,0.0,0.0,84.143,15.098
2552.814,sglang:subprocess,0.0,0.0,84.142,15.098
2553.315,sglang:subprocess,0.0,0.0,84.143,15.098
2553.816,sglang:subprocess,0.0,0.0,84.143,15.098
2554.316,sglang:subprocess,0.0,0.0,84.143,15.098
2554.817,sglang:subprocess,0.0,0.0,84.142,15.098
2555.318,sglang:subprocess,0.0,0.0,84.138,15.098
2555.818,sglang:subprocess,0.0,0.0,84.139,15.098
2556.319,sglang:subprocess,0.0,0.0,84.139,15.098
2556.82,sglang:subprocess,0.0,0.0,84.138,15.098
2557.321,sglang:subprocess,0.0,0.0,84.144,15.098
2557.822,sglang:subprocess,0.0,0.0,84.143,15.098
2558.322,sglang:subprocess,0.0,0.0,84.143,15.098
2558.823,sglang:subprocess,0.0,0.0,84.142,15.098
2559.324,sglang:subprocess,0.0,0.0,84.141,15.098
2559.824,sglang:subprocess,0.0,0.0,84.142,15.098
2560.325,sglang:subprocess,0.0,0.0,84.143,15.098
2560.826,sglang:subprocess,0.0,0.0,84.143,15.098
2561.326,sglang:subprocess,0.0,0.0,84.144,15.098
2561.827,sglang:subprocess,0.0,0.0,84.142,15.098
2562.328,sglang:subprocess,0.0,0.0,84.142,15.098
2562.829,sglang:subprocess,0.0,0.0,84.14,15.098
2563.33,sglang:subprocess,0.0,0.0,84.141,15.098
2563.83,sglang:subprocess,0.0,0.0,84.142,15.098
2564.331,sglang:subprocess,0.0,0.0,84.142,15.098
2564.832,sglang:subprocess,0.0,0.0,84.139,15.098
2565.332,sglang:subprocess,0.0,0.0,84.141,15.098
2565.833,sglang:subprocess,0.0,0.0,84.142,15.098
2566.334,sglang:subprocess,0.0,0.0,84.14,15.098
2566.835,sglang:subprocess,0.0,0.0,84.139,15.098
2567.336,sglang:subprocess,0.0,0.0,84.142,15.098
2567.836,sglang:subprocess,0.0,0.0,84.141,15.098
2568.337,sglang:subprocess,0.0,0.0,84.141,15.098
2568.838,sglang:subprocess,0.0,0.0,84.141,15.098
2569.339,sglang:subprocess,0.0,0.0,84.141,15.098
2569.839,sglang:subprocess,0.0,0.0,84.14,15.098
2570.34,sglang:subprocess,0.0,0.0,84.14,15.098
2570.841,sglang:subprocess,0.0,0.0,84.139,15.098
2571.341,sglang:subprocess,0.0,0.0,84.137,15.098
2571.842,sglang:subprocess,0.0,0.0,84.137,15.098
2572.343,sglang:subprocess,0.0,0.0,84.137,15.098
2572.844,sglang:subprocess,0.0,0.0,84.134,15.098
2573.345,sglang:subprocess,0.0,0.0,84.136,15.098
2573.845,sglang:subprocess,0.0,0.0,84.136,15.098
2574.346,sglang:subprocess,0.0,0.0,84.136,15.098
2574.847,sglang:subprocess,0.0,0.0,84.136,15.098
2575.347,sglang:subprocess,0.0,0.0,84.136,15.098
2575.848,sglang:subprocess,0.0,0.0,84.136,15.098
2576.349,sglang:subprocess,0.0,0.0,84.137,15.098
2576.849,sglang:subprocess,0.0,0.0,84.136,15.098
2577.35,sglang:subprocess,0.0,0.0,84.141,15.098
2577.851,sglang:subprocess,0.0,0.0,84.141,15.098
2578.352,sglang:subprocess,0.0,0.0,84.141,15.098
2578.853,sglang:subprocess,0.0,0.0,84.14,15.098
2579.354,sglang:subprocess,0.0,0.0,84.142,15.098
2579.855,sglang:subprocess,0.0,0.0,84.142,15.098
2580.356,sglang:subprocess,0.0,0.0,84.142,15.098
2580.856,sglang:subprocess,0.0,0.0,84.142,15.098
2581.357,sglang:subprocess,0.0,0.0,84.137,15.098
2581.858,sglang:subprocess,0.0,0.0,84.137,15.098
2582.358,sglang:subprocess,0.0,0.0,84.138,15.098
2582.859,sglang:subprocess,0.0,0.0,84.136,15.098
2583.36,sglang:subprocess,0.0,0.0,84.136,15.098
2583.861,sglang:subprocess,0.0,0.0,84.136,15.098
2584.362,sglang:subprocess,0.0,0.0,84.136,15.098
2584.862,sglang:subprocess,0.0,0.0,84.135,15.098
2585.363,sglang:subprocess,0.0,0.0,84.136,15.098
2585.864,sglang:subprocess,0.0,0.0,84.137,15.098
2586.364,sglang:subprocess,0.0,0.0,84.137,15.098
2586.865,sglang:subprocess,0.0,0.0,84.138,15.098
2587.368,sglang:subprocess,0.0,0.0,84.143,15.098
2587.869,sglang:subprocess,0.0,0.0,84.143,15.098
2588.37,sglang:subprocess,0.0,0.0,84.143,15.098
2588.892,sglang:subprocess,0.0,0.0,84.157,15.098
2589.395,sglang:subprocess,0.0,0.0,84.143,15.098
2589.896,sglang:subprocess,0.0,0.0,84.141,15.098
2590.396,sglang:subprocess,0.0,0.0,84.141,15.098
2590.897,sglang:subprocess,0.0,0.0,84.142,15.098
2591.398,sglang:subprocess,0.0,0.0,84.142,15.098
2591.898,sglang:subprocess,0.0,0.0,84.144,15.098
2592.399,sglang:subprocess,0.0,0.0,84.144,15.098
2592.9,sglang:subprocess,0.0,0.0,84.14,15.098
2593.4,sglang:subprocess,0.0,0.0,84.179,15.098
2593.902,sglang:subprocess,0.0,0.0,84.186,15.098
2594.402,sglang:subprocess,0.0,0.0,84.186,15.098
2594.903,sglang:subprocess,0.0,0.0,84.186,15.098
2595.404,sglang:subprocess,0.0,0.0,84.186,15.098
2595.904,sglang:subprocess,0.0,0.0,84.186,15.098
2596.405,sglang:subprocess,0.0,0.0,84.187,15.098
2596.906,sglang:subprocess,0.0,0.0,84.191,15.098
2597.406,sglang:subprocess,0.0,0.0,84.192,15.098
2597.907,sglang:subprocess,0.0,0.0,84.191,15.098
2598.408,sglang:subprocess,0.0,0.0,84.192,15.098
2598.909,sglang:subprocess,0.0,0.0,84.193,15.098
2599.409,sglang:subprocess,0.0,0.0,84.193,15.098
2599.91,sglang:subprocess,0.0,0.0,84.194,15.098
2600.411,sglang:subprocess,0.0,0.0,84.194,15.098
2600.911,sglang:subprocess,0.0,0.0,84.194,15.098
2601.412,sglang:subprocess,0.0,0.0,84.195,15.098
2601.913,sglang:subprocess,0.0,0.0,84.195,15.098
2602.413,sglang:subprocess,0.0,0.0,84.195,15.098
2602.914,sglang:subprocess,0.0,0.0,84.194,15.098
2603.415,sglang:subprocess,0.0,0.0,84.194,15.098
2603.915,sglang:subprocess,0.0,0.0,84.195,15.098
2604.417,sglang:subprocess,0.0,0.0,84.188,15.098
2604.917,sglang:subprocess,0.0,0.0,84.187,15.098
2605.418,sglang:subprocess,0.0,0.0,84.187,15.098
2605.919,sglang:subprocess,0.0,0.0,84.186,15.098
2606.419,sglang:subprocess,0.0,0.0,84.187,15.098
2606.92,sglang:subprocess,0.0,0.0,84.189,15.098
2607.421,sglang:subprocess,0.0,0.0,84.189,15.098
2607.922,sglang:subprocess,0.0,0.0,84.188,15.098
2608.422,sglang:subprocess,0.0,0.0,84.188,15.098
2608.923,sglang:subprocess,0.0,0.0,84.189,15.098
2609.424,sglang:subprocess,0.0,0.0,84.189,15.098
2609.925,sglang:subprocess,0.0,0.0,84.188,15.098
2610.425,sglang:subprocess,0.0,0.0,84.189,15.098
2610.926,sglang:subprocess,0.0,0.0,84.189,15.098
2611.427,sglang:subprocess,0.0,0.0,84.189,15.098
2611.927,sglang:subprocess,0.0,0.0,84.189,15.098
2612.428,sglang:subprocess,0.0,0.0,84.19,15.098
2612.929,sglang:subprocess,0.0,0.0,84.189,15.098
2613.429,sglang:subprocess,0.0,0.0,84.19,15.098
2613.93,sglang:subprocess,0.0,0.0,84.191,15.098
2614.431,sglang:subprocess,0.0,0.0,84.191,15.098
2614.932,sglang:subprocess,0.0,0.0,84.189,15.098
2615.433,sglang:subprocess,0.0,0.0,84.189,15.098
2615.933,sglang:subprocess,0.0,0.0,84.189,15.098
2616.434,sglang:subprocess,0.0,0.0,84.191,15.098
2616.935,sglang:subprocess,0.0,0.0,84.189,15.098
2617.436,sglang:subprocess,0.0,0.0,84.19,15.098
2617.936,sglang:subprocess,0.0,0.0,84.189,15.098
2618.437,sglang:subprocess,0.0,0.0,84.189,15.098
2618.938,sglang:subprocess,0.0,0.0,84.189,15.098
2619.438,sglang:subprocess,0.0,0.0,84.189,15.098
2619.939,sglang:subprocess,0.0,0.0,84.189,15.098
2620.44,sglang:subprocess,0.0,0.0,84.189,15.098
2620.941,sglang:subprocess,0.0,0.0,84.189,15.098
2621.442,sglang:subprocess,0.0,0.0,84.189,15.098
2621.942,sglang:subprocess,0.0,0.0,84.189,15.098
2622.443,sglang:subprocess,0.0,0.0,84.19,15.098
2622.944,sglang:subprocess,0.0,0.0,84.19,15.098
2623.444,sglang:subprocess,0.0,0.0,84.19,15.098
2623.945,sglang:subprocess,0.0,0.0,84.189,15.098
2624.446,sglang:subprocess,0.0,0.0,84.191,15.098
2624.946,sglang:subprocess,0.0,0.0,84.191,15.098
2625.448,sglang:subprocess,0.0,0.0,84.19,15.098
2625.948,sglang:subprocess,0.0,0.0,84.191,15.098
2626.449,sglang:subprocess,0.0,0.0,84.191,15.098
2626.95,sglang:subprocess,0.0,0.0,84.189,15.098
2627.45,sglang:subprocess,0.0,0.0,84.19,15.098
2627.951,sglang:subprocess,0.0,0.0,84.189,15.098
2628.452,sglang:subprocess,0.0,0.0,84.19,15.098
2628.952,sglang:subprocess,0.0,0.0,84.19,15.098
2629.453,sglang:subprocess,0.0,0.0,84.19,15.098
2629.954,sglang:subprocess,0.0,0.0,84.189,15.098
2630.455,sglang:subprocess,0.0,0.0,84.189,15.098
2630.956,sglang:subprocess,0.0,0.0,84.187,15.098
2631.456,sglang:subprocess,0.0,0.0,84.189,15.098
2631.957,sglang:subprocess,0.0,0.0,84.189,15.098
2632.458,sglang:subprocess,0.0,0.0,84.188,15.098
2632.958,sglang:subprocess,0.0,0.0,84.188,15.098
2633.459,sglang:subprocess,0.0,0.0,84.188,15.098
2633.96,sglang:subprocess,0.0,0.0,84.188,15.098
2634.46,sglang:subprocess,0.0,0.0,84.188,15.098
2634.961,sglang:subprocess,0.0,0.0,84.188,15.098
2635.462,sglang:subprocess,0.0,0.0,84.188,15.098
2635.963,sglang:subprocess,0.0,0.0,84.187,15.098
2636.463,sglang:subprocess,0.0,0.0,84.189,15.098
2636.964,sglang:subprocess,0.0,0.0,84.191,15.098
2637.465,sglang:subprocess,0.0,0.0,84.19,15.098
2637.965,sglang:subprocess,0.0,0.0,84.191,15.098
2638.466,sglang:subprocess,0.0,0.0,84.19,15.098
2638.967,sglang:subprocess,0.0,0.0,84.19,15.098
2639.467,sglang:subprocess,0.0,0.0,84.19,15.098
2639.968,sglang:subprocess,0.0,0.0,84.19,15.098
2640.469,sglang:subprocess,0.0,0.0,84.188,15.098
2640.97,sglang:subprocess,0.0,0.0,84.187,15.098
2641.471,sglang:subprocess,0.0,0.0,84.187,15.098
2641.971,sglang:subprocess,0.0,0.0,84.187,15.098
2642.472,sglang:subprocess,0.0,0.0,84.187,15.098
2642.973,sglang:subprocess,0.0,0.0,84.187,15.098
2643.473,sglang:subprocess,0.0,0.0,84.188,15.098
2643.974,sglang:subprocess,0.0,0.0,84.189,15.098
2644.475,sglang:subprocess,0.0,0.0,84.19,15.098
2644.976,sglang:subprocess,0.0,0.0,84.189,15.098
2645.476,sglang:subprocess,0.0,0.0,84.189,15.098
2645.977,sglang:subprocess,0.0,0.0,84.189,15.098
2646.478,sglang:subprocess,0.0,0.0,84.188,15.098
2646.979,sglang:subprocess,0.0,0.0,84.187,15.098
2647.48,sglang:subprocess,0.0,0.0,84.188,15.098
2647.98,sglang:subprocess,0.0,0.0,84.187,15.098
2648.481,sglang:subprocess,0.0,0.0,84.188,15.098
2648.981,sglang:subprocess,0.0,0.0,84.189,15.098
2649.482,sglang:subprocess,0.0,0.0,84.189,15.098
2649.983,sglang:subprocess,0.0,0.0,84.19,15.098
2650.483,sglang:subprocess,0.0,0.0,84.19,15.098
2650.984,sglang:subprocess,0.0,0.0,84.19,15.098
2651.485,sglang:subprocess,0.0,0.0,84.191,15.098
2651.986,sglang:subprocess,0.0,0.0,84.191,15.098
2652.487,sglang:subprocess,0.0,0.0,84.191,15.098
2652.987,sglang:subprocess,0.0,0.0,84.19,15.098
2653.488,sglang:subprocess,0.0,0.0,84.19,15.098
2653.989,sglang:subprocess,0.0,0.0,84.19,15.098
2654.489,sglang:subprocess,0.0,0.0,84.189,15.098
2654.99,sglang:subprocess,0.0,0.0,84.187,15.098
2655.491,sglang:subprocess,0.0,0.0,84.189,15.098
2655.991,sglang:subprocess,0.0,0.0,84.189,15.098
2656.492,sglang:subprocess,0.0,0.0,84.189,15.098
2656.993,sglang:subprocess,0.0,0.0,84.189,15.098
2657.494,sglang:subprocess,0.0,0.0,84.19,15.098
2657.995,sglang:subprocess,0.0,0.0,84.189,15.098
2658.495,sglang:subprocess,0.0,0.0,84.189,15.098
2658.996,sglang:subprocess,0.0,0.0,84.192,15.098
2659.497,sglang:subprocess,0.0,0.0,84.192,15.098
2659.997,sglang:subprocess,0.0,0.0,84.192,15.098
2660.498,sglang:subprocess,0.0,0.0,84.192,15.098
2660.999,sglang:subprocess,0.0,0.0,84.192,15.098
2661.499,sglang:subprocess,0.0,0.0,84.192,15.098
2662.001,sglang:subprocess,0.0,0.0,84.192,15.098
2662.501,sglang:subprocess,0.0,0.0,84.192,15.098
2663.002,sglang:subprocess,0.0,0.0,84.19,15.098
2663.503,sglang:subprocess,0.0,0.0,84.19,15.098
2664.003,sglang:subprocess,0.0,0.0,84.19,15.098
2664.504,sglang:subprocess,0.0,0.0,84.19,15.098
2665.005,sglang:subprocess,0.0,0.0,84.187,15.098
2665.505,sglang:subprocess,0.0,0.0,84.187,15.098
2666.006,sglang:subprocess,0.0,0.0,84.187,15.098
2666.507,sglang:subprocess,0.0,0.0,84.188,15.098
2667.007,sglang:subprocess,0.0,0.0,84.19,15.098
2667.509,sglang:subprocess,0.0,0.0,84.19,15.098
2668.009,sglang:subprocess,0.0,0.0,84.19,15.098
2668.51,sglang:subprocess,0.0,0.0,84.19,15.098
2669.011,sglang:subprocess,0.0,0.0,84.19,15.098
2669.511,sglang:subprocess,0.0,0.0,84.19,15.098
2670.012,sglang:subprocess,0.0,0.0,84.19,15.098
2670.513,sglang:subprocess,0.0,0.0,84.19,15.098
2671.013,sglang:subprocess,0.0,0.0,84.19,15.098
2671.514,sglang:subprocess,0.0,0.0,84.191,15.098
2672.015,sglang:subprocess,0.0,0.0,84.191,15.098
2672.516,sglang:subprocess,0.0,0.0,84.191,15.098
2673.016,sglang:subprocess,0.0,0.0,84.191,15.098
2673.517,sglang:subprocess,0.0,0.0,84.191,15.098
2674.018,sglang:subprocess,0.0,0.0,84.191,15.098
2674.519,sglang:subprocess,0.0,0.0,84.191,15.098
2675.019,sglang:subprocess,0.0,0.0,84.188,15.098
2675.52,sglang:subprocess,0.0,0.0,84.187,15.098
2676.021,sglang:subprocess,0.0,0.0,84.159,15.098
2676.521,sglang:subprocess,0.0,0.0,84.152,15.098
2677.022,sglang:subprocess,0.0,0.0,84.152,15.098
2677.523,sglang:subprocess,0.0,0.0,84.152,15.098
2678.024,sglang:subprocess,0.0,0.0,84.153,15.098
2678.524,sglang:subprocess,0.0,0.0,84.153,15.098
2679.025,sglang:subprocess,0.0,0.0,84.154,15.098
2679.526,sglang:subprocess,0.0,0.0,84.153,15.098
2680.026,sglang:subprocess,0.0,0.0,84.153,15.098
2680.527,sglang:subprocess,0.0,0.0,84.153,15.098
2681.028,sglang:subprocess,0.0,0.0,84.153,15.098
2681.528,sglang:subprocess,0.0,0.0,84.154,15.098
2682.029,sglang:subprocess,0.0,0.0,84.154,15.098
2682.53,sglang:subprocess,0.0,0.0,84.154,15.098
2683.031,sglang:subprocess,0.0,0.0,84.153,15.098
2683.532,sglang:subprocess,0.0,0.0,84.155,15.098
2684.032,sglang:subprocess,0.0,0.0,84.155,15.098
2684.533,sglang:subprocess,0.0,0.0,84.155,15.098
2685.034,sglang:subprocess,0.0,0.0,84.151,15.098
2685.534,sglang:subprocess,0.0,0.0,84.152,15.098
2686.035,sglang:subprocess,0.0,0.0,84.153,15.098
2686.536,sglang:subprocess,0.0,0.0,84.153,15.098
2687.036,sglang:subprocess,0.0,0.0,84.153,15.098
2687.537,sglang:subprocess,0.0,0.0,84.153,15.098
2688.038,sglang:subprocess,0.0,0.0,84.152,15.098
2688.539,sglang:subprocess,0.0,0.0,84.153,15.098
2689.04,sglang:subprocess,0.0,0.0,84.154,15.098
2689.54,sglang:subprocess,0.0,0.0,84.154,15.098
2690.041,sglang:subprocess,0.0,0.0,84.155,15.098
2690.542,sglang:subprocess,0.0,0.0,84.155,15.098
2691.042,sglang:subprocess,0.0,0.0,84.156,15.098
2691.543,sglang:subprocess,0.0,0.0,84.156,15.098
2692.044,sglang:subprocess,0.0,0.0,84.156,15.098
2692.544,sglang:subprocess,0.0,0.0,84.155,15.098
2693.045,sglang:subprocess,0.0,0.0,84.156,15.098
2693.546,sglang:subprocess,0.0,0.0,84.157,15.098
2694.047,sglang:subprocess,0.0,0.0,84.156,15.098
2694.548,sglang:subprocess,0.0,0.0,84.156,15.098
2695.048,sglang:subprocess,0.0,0.0,84.155,15.098
2695.549,sglang:subprocess,0.0,0.0,84.154,15.098
2696.05,sglang:subprocess,0.0,0.0,84.153,15.098
2696.55,sglang:subprocess,0.0,0.0,84.154,15.098
2697.051,sglang:subprocess,0.0,0.0,84.155,15.098
2697.552,sglang:subprocess,0.0,0.0,84.155,15.098
2698.052,sglang:subprocess,0.0,0.0,84.155,15.098
2698.553,sglang:subprocess,0.0,0.0,84.155,15.098
2699.054,sglang:subprocess,0.0,0.0,84.154,15.098
2699.556,sglang:subprocess,0.0,0.0,84.156,15.098
2700.056,sglang:subprocess,0.0,0.0,84.156,15.098
2700.557,sglang:subprocess,0.0,0.0,84.157,15.098
2701.058,sglang:subprocess,0.0,0.0,84.157,15.098
2701.558,sglang:subprocess,0.0,0.0,84.156,15.098
2702.059,sglang:subprocess,0.0,0.0,84.156,15.098
2702.56,sglang:subprocess,0.0,0.0,84.156,15.098
2703.06,sglang:subprocess,0.0,0.0,84.156,15.098
2703.561,sglang:subprocess,0.0,0.0,84.156,15.098
2704.062,sglang:subprocess,0.0,0.0,84.156,15.098
2704.563,sglang:subprocess,0.0,0.0,84.156,15.098
2705.064,sglang:subprocess,0.0,0.0,84.157,15.098
2705.564,sglang:subprocess,0.0,0.0,84.158,15.098
2706.065,sglang:subprocess,0.0,0.0,84.156,15.098
2706.566,sglang:subprocess,0.0,0.0,84.155,15.098
2707.066,sglang:subprocess,0.0,0.0,84.156,15.098
2707.567,sglang:subprocess,0.0,0.0,84.157,15.098
2708.068,sglang:subprocess,0.0,0.0,84.157,15.098
2708.568,sglang:subprocess,0.0,0.0,84.157,15.098
2709.069,sglang:subprocess,0.0,0.0,84.156,15.098
2709.57,sglang:subprocess,0.0,0.0,84.157,15.098
2710.071,sglang:subprocess,0.0,0.0,84.157,15.098
2710.572,sglang:subprocess,0.0,0.0,84.154,15.098
2711.072,sglang:subprocess,0.0,0.0,84.155,15.098
2711.573,sglang:subprocess,0.0,0.0,84.155,15.098
2712.074,sglang:subprocess,0.0,0.0,84.154,15.098
2712.574,sglang:subprocess,0.0,0.0,84.154,15.098
2713.075,sglang:subprocess,0.0,0.0,84.156,15.098
2713.576,sglang:subprocess,0.0,0.0,84.154,15.098
2714.077,sglang:subprocess,0.0,0.0,84.157,15.098
2714.578,sglang:subprocess,0.0,0.0,84.157,15.098
2715.078,sglang:subprocess,0.0,0.0,84.155,15.098
2715.579,sglang:subprocess,0.0,0.0,84.154,15.098
2716.08,sglang:subprocess,0.0,0.0,84.154,15.098
2716.58,sglang:subprocess,0.0,0.0,84.156,15.098
2717.081,sglang:subprocess,0.0,0.0,84.156,15.098
2717.582,sglang:subprocess,0.0,0.0,84.157,15.098
2718.082,sglang:subprocess,0.0,0.0,84.157,15.098
2718.583,sglang:subprocess,0.0,0.0,84.158,15.098
2719.084,sglang:subprocess,0.0,0.0,84.158,15.098
2719.585,sglang:subprocess,0.0,0.0,84.158,15.098
2720.086,sglang:subprocess,0.0,0.0,84.159,15.098
2720.586,sglang:subprocess,0.0,0.0,84.159,15.098
2721.087,sglang:subprocess,0.0,0.0,84.159,15.098
2721.588,sglang:subprocess,0.0,0.0,84.159,15.098
2722.088,sglang:subprocess,0.0,0.0,84.159,15.098
2722.589,sglang:subprocess,0.0,0.0,84.159,15.098
2723.09,sglang:subprocess,0.0,0.0,84.133,15.098
2723.59,sglang:subprocess,0.0,0.0,84.135,15.098
2724.091,sglang:subprocess,0.0,0.0,84.134,15.098
2724.592,sglang:subprocess,0.0,0.0,84.135,15.098
2725.093,sglang:subprocess,0.0,0.0,84.133,15.098
2725.594,sglang:subprocess,0.0,0.0,84.134,15.098
2726.095,sglang:subprocess,0.0,0.0,84.135,15.098
2726.595,sglang:subprocess,0.0,0.0,84.134,15.098
2727.096,sglang:subprocess,0.0,0.0,84.136,15.098
2727.597,sglang:subprocess,0.0,0.0,84.136,15.098
2728.097,sglang:subprocess,0.0,0.0,84.134,15.098
2728.598,sglang:subprocess,0.0,0.0,84.134,15.098
2729.099,sglang:subprocess,0.0,0.0,84.133,15.098
2729.6,sglang:subprocess,0.0,0.0,84.134,15.098
2730.1,sglang:subprocess,0.0,0.0,84.135,15.098
2730.601,sglang:subprocess,0.0,0.0,84.135,15.098
2731.102,sglang:subprocess,0.0,0.0,84.135,15.098
2731.603,sglang:subprocess,0.0,0.0,84.137,15.098
2732.103,sglang:subprocess,0.0,0.0,84.137,15.098
2732.604,sglang:subprocess,0.0,0.0,84.137,15.098
2733.105,sglang:subprocess,0.0,0.0,84.136,15.098
2733.605,sglang:subprocess,0.0,0.0,84.136,15.098
2734.106,sglang:subprocess,0.0,0.0,84.135,15.098
2734.607,sglang:subprocess,0.0,0.0,84.135,15.098
2735.107,sglang:subprocess,0.0,0.0,84.133,15.098
2735.609,sglang:subprocess,0.0,0.0,84.13,15.098
2736.109,sglang:subprocess,0.0,0.0,84.13,15.098
2736.61,sglang:subprocess,0.0,0.0,84.131,15.098
2737.111,sglang:subprocess,0.0,0.0,84.131,15.098
2737.611,sglang:subprocess,0.0,0.0,84.131,15.098
2738.112,sglang:subprocess,0.0,0.0,84.129,15.098
2738.613,sglang:subprocess,0.0,0.0,84.13,15.098
2739.114,sglang:subprocess,0.0,0.0,84.13,15.098
2739.614,sglang:subprocess,0.0,0.0,84.131,15.098
2740.115,sglang:subprocess,0.0,0.0,84.132,15.098
2740.616,sglang:subprocess,0.0,0.0,84.131,15.098
2741.117,sglang:subprocess,0.0,0.0,84.131,15.098
2741.617,sglang:subprocess,0.0,0.0,84.132,15.098
2742.118,sglang:subprocess,0.0,0.0,84.13,15.098
2742.619,sglang:subprocess,0.0,0.0,84.131,15.098
2743.119,sglang:subprocess,0.0,0.0,84.131,15.098
2743.62,sglang:subprocess,0.0,0.0,84.132,15.098
2744.121,sglang:subprocess,0.0,0.0,84.131,15.098
2744.622,sglang:subprocess,0.0,0.0,84.132,15.098
2745.122,sglang:subprocess,0.0,0.0,84.132,15.098
2745.623,sglang:subprocess,0.0,0.0,84.132,15.098
2746.124,sglang:subprocess,0.0,0.0,84.131,15.098
2746.625,sglang:subprocess,0.0,0.0,84.131,15.098
2747.125,sglang:subprocess,0.0,0.0,84.13,15.098
2747.626,sglang:subprocess,0.0,0.0,84.131,15.098
2748.127,sglang:subprocess,0.0,0.0,84.131,15.098
2748.628,sglang:subprocess,0.0,0.0,84.132,15.098
2749.128,sglang:subprocess,0.0,0.0,84.132,15.098
2749.629,sglang:subprocess,0.0,0.0,84.133,15.098
2750.13,sglang:subprocess,0.0,0.0,84.133,15.098
2750.63,sglang:subprocess,0.0,0.0,84.134,15.098
2751.131,sglang:subprocess,0.0,0.0,84.134,15.098
2751.632,sglang:subprocess,0.0,0.0,84.134,15.098
2752.133,sglang:subprocess,0.0,0.0,84.135,15.098
2752.634,sglang:subprocess,0.0,0.0,84.133,15.098
2753.134,sglang:subprocess,0.0,0.0,84.132,15.098
2753.635,sglang:subprocess,0.0,0.0,84.132,15.098
2754.136,sglang:subprocess,0.0,0.0,84.133,15.098
2754.636,sglang:subprocess,0.0,0.0,84.135,15.098
2755.137,sglang:subprocess,0.0,0.0,84.135,15.098
2755.638,sglang:subprocess,0.0,0.0,84.135,15.098
2756.138,sglang:subprocess,0.0,0.0,84.135,15.098
2756.64,sglang:subprocess,0.0,0.0,84.136,15.098
2757.14,sglang:subprocess,0.0,0.0,84.137,15.098
2757.641,sglang:subprocess,0.0,0.0,84.137,15.098
2758.142,sglang:subprocess,0.0,0.0,84.139,15.098
2758.642,sglang:subprocess,0.0,0.0,84.139,15.098
2759.143,sglang:subprocess,0.0,0.0,84.139,15.098
2759.644,sglang:subprocess,0.0,0.0,84.138,15.098
2760.144,sglang:subprocess,0.0,0.0,84.138,15.098
2760.645,sglang:subprocess,0.0,0.0,84.137,15.098
2761.146,sglang:subprocess,0.0,0.0,84.138,15.098
2761.646,sglang:subprocess,0.0,0.0,84.138,15.098
2762.148,sglang:subprocess,0.0,0.0,84.137,15.098
2762.648,sglang:subprocess,0.0,0.0,84.137,15.098
2763.149,sglang:subprocess,0.0,0.0,84.131,15.098
2763.65,sglang:subprocess,0.0,0.0,84.131,15.098
2764.15,sglang:subprocess,0.0,0.0,84.131,15.098
2764.651,sglang:subprocess,0.0,0.0,84.132,15.098
2765.152,sglang:subprocess,0.0,0.0,84.132,15.098
2765.652,sglang:subprocess,0.0,0.0,84.132,15.098
2766.153,sglang:subprocess,0.0,0.0,84.132,15.098
2766.654,sglang:subprocess,0.0,0.0,84.132,15.098
2767.155,sglang:subprocess,0.0,0.0,84.134,15.098
2767.656,sglang:subprocess,0.0,0.0,84.134,15.098
2768.156,sglang:subprocess,0.0,0.0,84.133,15.098
2768.657,sglang:subprocess,0.0,0.0,84.133,15.098
2769.158,sglang:subprocess,0.0,0.0,84.133,15.098
2769.658,sglang:subprocess,0.0,0.0,84.133,15.098
2770.159,sglang:subprocess,0.0,0.0,84.133,15.098
2770.66,sglang:subprocess,0.0,0.0,84.133,15.098
2771.16,sglang:subprocess,0.0,0.0,84.133,15.098
2771.765,sglang:subprocess,0.0,0.0,84.134,15.098
2772.266,sglang:subprocess,0.0,0.0,84.134,15.098
2772.767,sglang:subprocess,0.0,0.0,84.135,15.098
2773.268,sglang:subprocess,0.0,0.0,84.13,15.098
2773.768,sglang:subprocess,0.0,0.0,84.13,15.098
2774.269,sglang:subprocess,0.0,0.0,84.131,15.098
2774.77,sglang:subprocess,0.0,0.0,84.13,15.098
2775.27,sglang:subprocess,0.0,0.0,84.13,15.098
2775.771,sglang:subprocess,0.0,0.0,84.13,15.098
2776.272,sglang:subprocess,0.0,0.0,84.13,15.098
2776.772,sglang:subprocess,0.0,0.0,84.131,15.098
2777.273,sglang:subprocess,0.0,0.0,84.133,15.098
2777.774,sglang:subprocess,0.0,0.0,84.133,15.098
2778.275,sglang:subprocess,0.0,0.0,84.133,15.098
2778.776,sglang:subprocess,0.0,0.0,84.134,15.098
2779.276,sglang:subprocess,0.0,0.0,84.134,15.098
2779.777,sglang:subprocess,0.0,0.0,84.135,15.098
2780.278,sglang:subprocess,0.0,0.0,84.135,15.098
2780.778,sglang:subprocess,0.0,0.0,84.136,15.098
2781.279,sglang:subprocess,0.0,0.0,84.135,15.098
2781.78,sglang:subprocess,0.0,0.0,84.135,15.098
2782.28,sglang:subprocess,0.0,0.0,84.135,15.098
2782.781,sglang:subprocess,0.0,0.0,84.14,15.098
2783.282,sglang:subprocess,0.0,0.0,84.129,15.098
2783.783,sglang:subprocess,0.0,0.0,84.129,15.098
2784.284,sglang:subprocess,0.0,0.0,84.13,15.098
2784.784,sglang:subprocess,0.0,0.0,84.131,15.098
2785.285,sglang:subprocess,0.0,0.0,84.129,15.098
2785.786,sglang:subprocess,0.0,0.0,84.129,15.098
2786.287,sglang:subprocess,0.0,0.0,84.129,15.098
2786.787,sglang:subprocess,0.0,0.0,84.133,15.098
2787.288,sglang:subprocess,0.0,0.0,84.136,15.098
2787.789,sglang:subprocess,0.0,0.0,84.136,15.098
2788.29,sglang:subprocess,0.0,0.0,84.136,15.098
2788.79,sglang:subprocess,0.0,0.0,84.141,15.098
2789.291,sglang:subprocess,0.0,0.0,84.136,15.098
2789.794,sglang:subprocess,0.0,0.0,84.135,15.098
2790.295,sglang:subprocess,0.0,0.0,84.135,15.098
2790.795,sglang:subprocess,0.0,0.0,84.142,15.098
2791.296,sglang:subprocess,0.0,0.0,84.134,15.098
2791.797,sglang:subprocess,0.0,0.0,84.135,15.098
2792.297,sglang:subprocess,0.0,0.0,84.136,15.098
2792.798,sglang:subprocess,0.0,0.0,84.143,15.098
2793.299,sglang:subprocess,0.0,0.0,84.137,15.098
2793.8,sglang:subprocess,0.0,0.0,84.132,15.098
2794.3,sglang:subprocess,0.0,0.0,84.132,15.098
2794.801,sglang:subprocess,0.0,0.0,84.133,15.098
2795.302,sglang:subprocess,0.0,0.0,84.134,15.098
2795.803,sglang:subprocess,0.0,0.0,84.133,15.098
2796.303,sglang:subprocess,0.0,0.0,84.133,15.098
2796.804,sglang:subprocess,0.0,0.0,84.134,15.098
2797.305,sglang:subprocess,0.0,0.0,84.135,15.098
2797.805,sglang:subprocess,0.0,0.0,84.134,15.098
2798.306,sglang:subprocess,0.0,0.0,84.135,15.098
2798.807,sglang:subprocess,0.0,0.0,84.134,15.098
2799.308,sglang:subprocess,0.0,0.0,84.135,15.098
2799.808,sglang:subprocess,0.0,0.0,84.136,15.098
2800.309,sglang:subprocess,0.0,0.0,84.136,15.098
2800.81,sglang:subprocess,0.0,0.0,84.136,15.098
2801.31,sglang:subprocess,0.0,0.0,84.137,15.098
2801.811,sglang:subprocess,0.0,0.0,84.139,15.098
2802.312,sglang:subprocess,0.0,0.0,84.138,15.098
2802.812,sglang:subprocess,0.0,0.0,84.138,15.098
2803.313,sglang:subprocess,0.0,0.0,84.132,15.098
2803.814,sglang:subprocess,0.0,0.0,84.13,15.098
2804.315,sglang:subprocess,0.0,0.0,84.13,15.098
2804.816,sglang:subprocess,0.0,0.0,84.131,15.098
2805.317,sglang:subprocess,0.0,0.0,84.13,15.098
2805.818,sglang:subprocess,0.0,0.0,84.129,15.098
2806.318,sglang:subprocess,0.0,0.0,84.13,15.098
2806.819,sglang:subprocess,0.0,0.0,84.129,15.098
2807.32,sglang:subprocess,0.0,0.0,84.134,15.098
2807.82,sglang:subprocess,0.0,0.0,84.133,15.098
2808.321,sglang:subprocess,0.0,0.0,84.134,15.098
2808.822,sglang:subprocess,0.0,0.0,84.133,15.098
2809.323,sglang:subprocess,0.0,0.0,84.136,15.098
2809.823,sglang:subprocess,0.0,0.0,84.135,15.098
2810.324,sglang:subprocess,0.0,0.0,84.135,15.098
2810.825,sglang:subprocess,0.0,0.0,84.135,15.098
2811.325,sglang:subprocess,0.0,0.0,84.133,15.098
2811.826,sglang:subprocess,0.0,0.0,84.133,15.098
2812.327,sglang:subprocess,0.0,0.0,84.133,15.098
2812.828,sglang:subprocess,0.0,0.0,84.132,15.098
2813.328,sglang:subprocess,0.0,0.0,84.133,15.098
2813.829,sglang:subprocess,0.0,0.0,84.132,15.098
2814.33,sglang:subprocess,0.0,0.0,84.132,15.098
2814.831,sglang:subprocess,0.0,0.0,84.131,15.098
2815.333,sglang:subprocess,0.0,0.0,84.133,15.098
2815.834,sglang:subprocess,0.0,0.0,84.132,15.098
2816.334,sglang:subprocess,0.0,0.0,84.131,15.098
2816.835,sglang:subprocess,0.0,0.0,84.13,15.098
2817.336,sglang:subprocess,0.0,0.0,84.133,15.098
2817.836,sglang:subprocess,0.0,0.0,84.133,15.098
2818.337,sglang:subprocess,0.0,0.0,84.133,15.098
2818.838,sglang:subprocess,0.0,0.0,84.134,15.098
2819.338,sglang:subprocess,0.0,0.0,84.134,15.098
2819.839,sglang:subprocess,0.0,0.0,84.133,15.098
2820.34,sglang:subprocess,0.0,0.0,84.133,15.098
2820.841,sglang:subprocess,0.0,0.0,84.133,15.098
2821.341,sglang:subprocess,0.0,0.0,84.134,15.098
2821.842,sglang:subprocess,0.0,0.0,84.132,15.098
2822.343,sglang:subprocess,0.0,0.0,84.132,15.098
2822.843,sglang:subprocess,0.0,0.0,84.132,15.098
2823.344,sglang:subprocess,0.0,0.0,84.133,15.098
2823.845,sglang:subprocess,0.0,0.0,84.128,15.098
2824.345,sglang:subprocess,0.0,0.0,84.128,15.098
2824.847,sglang:subprocess,0.0,0.0,84.128,15.098
2825.347,sglang:subprocess,0.0,0.0,84.128,15.098
2825.848,sglang:subprocess,0.0,0.0,84.13,15.098
2826.349,sglang:subprocess,0.0,0.0,84.13,15.098
2826.852,sglang:subprocess,0.0,0.0,84.128,15.098
2827.352,sglang:subprocess,0.0,0.0,84.129,15.098
2827.853,sglang:subprocess,0.0,0.0,84.128,15.098
2828.354,sglang:subprocess,0.0,0.0,84.128,15.098
2828.854,sglang:subprocess,0.0,0.0,84.129,15.098
2829.355,sglang:subprocess,0.0,0.0,84.129,15.098
2829.856,sglang:subprocess,0.0,0.0,84.129,15.098
2830.357,sglang:subprocess,0.0,0.0,84.128,15.098
2830.858,sglang:subprocess,0.0,0.0,84.127,15.098
2831.358,sglang:subprocess,0.0,0.0,84.127,15.098
2831.859,sglang:subprocess,0.0,0.0,84.129,15.098
2832.36,sglang:subprocess,0.0,0.0,84.129,15.098
2832.86,sglang:subprocess,0.0,0.0,84.13,15.098
2833.361,sglang:subprocess,0.0,0.0,84.13,15.098
2833.862,sglang:subprocess,0.0,0.0,84.131,15.098
2834.362,sglang:subprocess,0.0,0.0,84.131,15.098
2834.863,sglang:subprocess,0.0,0.0,84.13,15.098
2835.364,sglang:subprocess,0.0,0.0,84.13,15.098
2835.865,sglang:subprocess,0.0,0.0,84.13,15.098
2836.366,sglang:subprocess,0.0,0.0,84.128,15.098
2836.866,sglang:subprocess,0.0,0.0,84.127,15.098
2837.367,sglang:subprocess,0.0,0.0,84.127,15.098
2837.868,sglang:subprocess,0.0,0.0,84.127,15.098
2838.368,sglang:subprocess,0.0,0.0,84.127,15.098
2838.869,sglang:subprocess,0.0,0.0,84.125,15.098
2839.37,sglang:subprocess,0.0,0.0,84.125,15.098
2839.87,sglang:subprocess,0.0,0.0,84.126,15.098
2840.371,sglang:subprocess,0.0,0.0,84.126,15.098
2840.872,sglang:subprocess,0.0,0.0,84.128,15.098
2841.373,sglang:subprocess,0.0,0.0,84.128,15.098
2841.873,sglang:subprocess,0.0,0.0,84.129,15.098
2842.374,sglang:subprocess,0.0,0.0,84.129,15.098
2842.875,sglang:subprocess,0.0,0.0,84.128,15.098
2843.376,sglang:subprocess,0.0,0.0,84.127,15.098
2843.876,sglang:subprocess,0.0,0.0,84.127,15.098
2844.377,sglang:subprocess,0.0,0.0,84.127,15.098
2844.878,sglang:subprocess,0.0,0.0,84.123,15.098
2845.378,sglang:subprocess,0.0,0.0,84.123,15.098
2845.879,sglang:subprocess,0.0,0.0,84.125,15.098
2846.38,sglang:subprocess,0.0,0.0,84.125,15.098
2846.881,sglang:subprocess,0.0,0.0,84.125,15.098
2847.384,sglang:subprocess,0.0,0.0,84.129,15.098
2847.885,sglang:subprocess,0.0,0.0,84.13,15.098
2848.386,sglang:subprocess,0.0,0.0,84.129,15.098
2848.886,sglang:subprocess,0.0,0.0,84.129,15.098
2849.387,sglang:subprocess,0.0,0.0,84.13,15.098
2849.888,sglang:subprocess,0.0,0.0,84.131,15.098
2850.388,sglang:subprocess,0.0,0.0,84.131,15.098
2850.889,sglang:subprocess,0.0,0.0,84.13,15.098
2851.39,sglang:subprocess,0.0,0.0,84.13,15.098
2851.891,sglang:subprocess,0.0,0.0,84.131,15.098
2852.391,sglang:subprocess,0.0,0.0,84.131,15.098
2852.892,sglang:subprocess,0.0,0.0,84.131,15.098
2853.393,sglang:subprocess,0.0,0.0,84.131,15.098
2853.893,sglang:subprocess,0.0,0.0,84.128,15.098
2854.394,sglang:subprocess,0.0,0.0,84.127,15.098
2854.895,sglang:subprocess,0.0,0.0,84.127,15.098
2855.395,sglang:subprocess,0.0,0.0,84.127,15.098
2855.896,sglang:subprocess,0.0,0.0,84.127,15.098
2856.397,sglang:subprocess,0.0,0.0,84.128,15.098
2856.898,sglang:subprocess,0.0,0.0,84.129,15.098
2857.399,sglang:subprocess,0.0,0.0,84.13,15.098
2857.899,sglang:subprocess,0.0,0.0,84.13,15.098
2858.4,sglang:subprocess,0.0,0.0,84.129,15.098
2858.901,sglang:subprocess,0.0,0.0,84.129,15.098
2859.401,sglang:subprocess,0.0,0.0,84.13,15.098
2859.902,sglang:subprocess,0.0,0.0,84.13,15.098
2860.403,sglang:subprocess,0.0,0.0,84.129,15.098
2860.903,sglang:subprocess,0.0,0.0,84.129,15.098
2861.404,sglang:subprocess,0.0,0.0,84.13,15.098
2861.905,sglang:subprocess,0.0,0.0,84.13,15.098
2862.406,sglang:subprocess,0.0,0.0,84.13,15.098
2862.907,sglang:subprocess,0.0,0.0,84.129,15.098
2863.407,sglang:subprocess,0.0,0.0,84.129,15.098
2863.908,sglang:subprocess,0.0,0.0,84.126,15.098
2864.409,sglang:subprocess,0.0,0.0,84.125,15.098
2864.909,sglang:subprocess,0.0,0.0,84.124,15.098
2865.41,sglang:subprocess,0.0,0.0,84.123,15.098
2865.911,sglang:subprocess,0.0,0.0,84.124,15.098
2866.411,sglang:subprocess,0.0,0.0,84.124,15.098
2866.912,sglang:subprocess,0.0,0.0,84.124,15.098
2867.413,sglang:subprocess,0.0,0.0,84.124,15.098
2867.914,sglang:subprocess,0.0,0.0,84.124,15.098
2868.414,sglang:subprocess,0.0,0.0,84.126,15.098
2868.915,sglang:subprocess,0.0,0.0,84.128,15.098
2869.416,sglang:subprocess,0.0,0.0,84.128,15.098
2869.916,sglang:subprocess,0.0,0.0,84.128,15.098
2870.417,sglang:subprocess,0.0,0.0,84.13,15.098
2870.918,sglang:subprocess,0.0,0.0,84.13,15.098
2871.418,sglang:subprocess,0.0,0.0,84.13,15.098
2871.919,sglang:subprocess,0.0,0.0,84.131,15.098
2872.42,sglang:subprocess,0.0,0.0,84.13,15.098
2872.921,sglang:subprocess,0.0,0.0,84.128,15.098
2873.422,sglang:subprocess,0.0,0.0,84.129,15.098
2873.922,sglang:subprocess,0.0,0.0,84.129,15.098
2874.423,sglang:subprocess,0.0,0.0,84.129,15.098
2874.924,sglang:subprocess,0.0,0.0,84.125,15.098
2875.425,sglang:subprocess,0.0,0.0,84.125,15.098
2875.925,sglang:subprocess,0.0,0.0,84.125,15.098
2876.426,sglang:subprocess,0.0,0.0,84.128,15.098
2876.927,sglang:subprocess,0.0,0.0,84.127,15.098
2877.428,sglang:subprocess,0.0,0.0,84.127,15.098
2877.928,sglang:subprocess,0.0,0.0,84.128,15.098
2878.429,sglang:subprocess,0.0,0.0,84.128,15.098
2878.93,sglang:subprocess,0.0,0.0,84.128,15.098
2879.43,sglang:subprocess,0.0,0.0,84.128,15.098
2879.931,sglang:subprocess,0.0,0.0,84.127,15.098
2880.432,sglang:subprocess,0.0,0.0,84.128,15.098
2880.932,sglang:subprocess,0.0,0.0,84.128,15.098
2881.433,sglang:subprocess,0.0,0.0,84.128,15.098
2881.934,sglang:subprocess,0.0,0.0,84.13,15.098
2882.435,sglang:subprocess,0.0,0.0,84.131,15.098
2882.936,sglang:subprocess,0.0,0.0,84.13,15.098
2883.436,sglang:subprocess,0.0,0.0,84.129,15.098
2883.937,sglang:subprocess,0.0,0.0,84.13,15.098
2884.438,sglang:subprocess,0.0,0.0,84.128,15.098
2884.938,sglang:subprocess,0.0,0.0,84.127,15.098
2885.439,sglang:subprocess,0.0,0.0,84.127,15.098
2885.94,sglang:subprocess,0.0,0.0,84.127,15.098
2886.441,sglang:subprocess,0.0,0.0,84.126,15.098
2886.941,sglang:subprocess,0.0,0.0,84.127,15.098
2887.442,sglang:subprocess,0.0,0.0,84.127,15.098
2887.943,sglang:subprocess,0.0,0.0,84.127,15.098
2888.444,sglang:subprocess,0.0,0.0,84.127,15.098
2888.944,sglang:subprocess,0.0,0.0,84.13,15.098
2889.445,sglang:subprocess,0.0,0.0,84.131,15.098
2889.946,sglang:subprocess,0.0,0.0,84.131,15.098
2890.446,sglang:subprocess,0.0,0.0,84.13,15.098
2890.947,sglang:subprocess,0.0,0.0,84.131,15.098
2891.448,sglang:subprocess,0.0,0.0,84.131,15.098
2891.948,sglang:subprocess,0.0,0.0,84.132,15.098
2892.449,sglang:subprocess,0.0,0.0,84.132,15.098
2892.95,sglang:subprocess,0.0,0.0,84.133,15.098
2893.451,sglang:subprocess,0.0,0.0,84.133,15.098
2893.952,sglang:subprocess,0.0,0.0,84.133,15.098
2894.452,sglang:subprocess,0.0,0.0,84.128,15.098
2894.953,sglang:subprocess,0.0,0.0,84.128,15.098
2895.454,sglang:subprocess,0.0,0.0,84.127,15.098
2895.954,sglang:subprocess,0.0,0.0,84.127,15.098
2896.455,sglang:subprocess,0.0,0.0,84.127,15.098
2896.956,sglang:subprocess,0.0,0.0,84.138,15.098
2897.456,sglang:subprocess,0.0,0.0,84.188,15.098
2897.957,sglang:subprocess,0.0,0.0,84.189,15.098
2898.458,sglang:subprocess,0.0,0.0,84.19,15.098
2898.959,sglang:subprocess,0.0,0.0,84.19,15.098
2899.46,sglang:subprocess,0.0,0.0,84.19,15.098
2899.96,sglang:subprocess,0.0,0.0,84.19,15.098
2900.461,sglang:subprocess,0.0,0.0,84.19,15.098
2900.962,sglang:subprocess,0.0,0.0,84.191,15.098
2901.463,sglang:subprocess,0.0,0.0,84.19,15.098
2901.963,sglang:subprocess,0.0,0.0,84.192,15.098
2902.464,sglang:subprocess,0.0,0.0,84.191,15.098
2902.965,sglang:subprocess,0.0,0.0,84.191,15.098
2903.465,sglang:subprocess,0.0,0.0,84.188,15.098
2903.966,sglang:subprocess,0.0,0.0,84.188,15.098
2904.467,sglang:subprocess,0.0,0.0,84.188,15.098
2904.968,sglang:subprocess,0.0,0.0,84.187,15.098
2905.468,sglang:subprocess,0.0,0.0,84.187,15.098
2905.969,sglang:subprocess,0.0,0.0,84.187,15.098
2906.47,sglang:subprocess,0.0,0.0,84.187,15.098
2906.97,sglang:subprocess,0.0,0.0,84.19,15.098
2907.471,sglang:subprocess,0.0,0.0,84.191,15.098
2907.972,sglang:subprocess,0.0,0.0,84.189,15.098
2908.472,sglang:subprocess,0.0,0.0,84.19,15.098
2908.973,sglang:subprocess,0.0,0.0,84.189,15.098
2909.474,sglang:subprocess,0.0,0.0,84.189,15.098
2909.975,sglang:subprocess,0.0,0.0,84.19,15.098
2910.476,sglang:subprocess,0.0,0.0,84.19,15.098
2910.976,sglang:subprocess,0.0,0.0,84.188,15.098
2911.477,sglang:subprocess,0.0,0.0,84.189,15.098
2911.977,sglang:subprocess,0.0,0.0,84.19,15.098
2912.478,sglang:subprocess,0.0,0.0,84.19,15.098
2912.979,sglang:subprocess,0.0,0.0,84.19,15.098
2913.479,sglang:subprocess,0.0,0.0,84.188,15.098
2913.98,sglang:subprocess,0.0,0.0,84.188,15.098
2914.481,sglang:subprocess,0.0,0.0,84.188,15.098
2914.982,sglang:subprocess,0.0,0.0,84.188,15.098
2915.483,sglang:subprocess,0.0,0.0,84.188,15.098
2915.983,sglang:subprocess,0.0,0.0,84.188,15.098
2916.484,sglang:subprocess,0.0,0.0,84.189,15.098
2916.985,sglang:subprocess,0.0,0.0,84.191,15.098
2917.486,sglang:subprocess,0.0,0.0,84.193,15.098
2917.986,sglang:subprocess,0.0,0.0,84.192,15.098
2918.487,sglang:subprocess,0.0,0.0,84.192,15.098
2918.988,sglang:subprocess,0.0,0.0,84.193,15.098
2919.489,sglang:subprocess,0.0,0.0,84.193,15.098
2919.989,sglang:subprocess,0.0,0.0,84.194,15.098
2920.49,sglang:subprocess,0.0,0.0,84.193,15.098
2920.991,sglang:subprocess,0.0,0.0,84.193,15.098
2921.492,sglang:subprocess,0.0,0.0,84.194,15.098
2921.992,sglang:subprocess,0.0,0.0,84.195,15.098
2922.493,sglang:subprocess,0.0,0.0,84.195,15.098
2922.994,sglang:subprocess,0.0,0.0,84.196,15.098
2923.494,sglang:subprocess,0.0,0.0,84.197,15.098
2923.995,sglang:subprocess,0.0,0.0,84.192,15.098
2924.496,sglang:subprocess,0.0,0.0,84.192,15.098
2924.997,sglang:subprocess,0.0,0.0,84.193,15.098
2925.497,sglang:subprocess,0.0,0.0,84.192,15.098
2925.998,sglang:subprocess,0.0,0.0,84.192,15.098
2926.499,sglang:subprocess,0.0,0.0,84.191,15.098
2926.999,sglang:subprocess,0.0,0.0,84.19,15.098
2927.5,sglang:subprocess,0.0,0.0,84.192,15.098
2928.001,sglang:subprocess,0.0,0.0,84.192,15.098
2928.501,sglang:subprocess,0.0,0.0,84.193,15.098
2929.002,sglang:subprocess,0.0,0.0,84.193,15.098
2929.503,sglang:subprocess,0.0,0.0,84.194,15.098
2930.004,sglang:subprocess,0.0,0.0,84.194,15.098
2930.505,sglang:subprocess,0.0,0.0,84.194,15.098
2931.005,sglang:subprocess,0.0,0.0,84.193,15.098
2931.506,sglang:subprocess,0.0,0.0,84.195,15.098
2932.007,sglang:subprocess,0.0,0.0,84.196,15.098
2932.507,sglang:subprocess,0.0,0.0,84.195,15.098
2933.008,sglang:subprocess,0.0,0.0,84.194,15.098
2933.509,sglang:subprocess,0.0,0.0,84.193,15.098
2934.009,sglang:subprocess,0.0,0.0,84.191,15.098
2934.51,sglang:subprocess,0.0,0.0,84.192,15.098
2935.011,sglang:subprocess,0.0,0.0,84.19,15.098
2935.512,sglang:subprocess,0.0,0.0,84.19,15.098
2936.013,sglang:subprocess,0.0,0.0,84.19,15.098
2936.513,sglang:subprocess,0.0,0.0,84.19,15.098
2937.014,sglang:subprocess,0.0,0.0,84.191,15.098
2937.515,sglang:subprocess,0.0,0.0,84.192,15.098
2938.015,sglang:subprocess,0.0,0.0,84.193,15.098
2938.516,sglang:subprocess,0.0,0.0,84.193,15.098
2939.017,sglang:subprocess,0.0,0.0,84.19,15.098
2939.517,sglang:subprocess,0.0,0.0,84.189,15.098
2940.018,sglang:subprocess,0.0,0.0,84.189,15.098
2940.519,sglang:subprocess,0.0,0.0,84.189,15.098
2941.02,sglang:subprocess,0.0,0.0,84.188,15.098
2941.52,sglang:subprocess,0.0,0.0,84.189,15.098
2942.021,sglang:subprocess,0.0,0.0,84.188,15.098
2942.522,sglang:subprocess,0.0,0.0,84.188,15.098
2943.022,sglang:subprocess,0.0,0.0,84.188,15.098
2943.523,sglang:subprocess,0.0,0.0,84.189,15.098
2944.024,sglang:subprocess,0.0,0.0,84.19,15.098
2944.524,sglang:subprocess,0.0,0.0,84.19,15.098
2945.025,sglang:subprocess,0.0,0.0,84.189,15.098
2945.526,sglang:subprocess,0.0,0.0,84.188,15.098
2946.027,sglang:subprocess,0.0,0.0,84.189,15.098
2946.528,sglang:subprocess,0.0,0.0,84.189,15.098
2947.028,sglang:subprocess,0.0,0.0,84.189,15.098
2947.529,sglang:subprocess,0.0,0.0,84.189,15.098
2948.03,sglang:subprocess,0.0,0.0,84.19,15.098
2948.53,sglang:subprocess,0.0,0.0,84.19,15.098
2949.031,sglang:subprocess,0.0,0.0,84.192,15.098
2949.532,sglang:subprocess,0.0,0.0,84.192,15.098
2950.032,sglang:subprocess,0.0,0.0,84.192,15.098
2950.533,sglang:subprocess,0.0,0.0,84.193,15.098
2951.034,sglang:subprocess,0.0,0.0,84.193,15.098
2951.535,sglang:subprocess,0.0,0.0,84.194,15.098
2952.036,sglang:subprocess,0.0,0.0,84.194,15.098
2952.536,sglang:subprocess,0.0,0.0,84.195,15.098
2953.037,sglang:subprocess,0.0,0.0,84.194,15.098
2953.538,sglang:subprocess,0.0,0.0,84.195,15.098
2954.038,sglang:subprocess,0.0,0.0,84.195,15.098
2954.539,sglang:subprocess,0.0,0.0,84.195,15.098
2955.04,sglang:subprocess,0.0,0.0,84.191,15.098
2955.544,sglang:subprocess,0.0,0.0,84.191,15.098
2956.045,sglang:subprocess,0.0,0.0,84.189,15.098
2956.546,sglang:subprocess,0.0,0.0,84.155,15.098
2957.047,sglang:subprocess,0.0,0.0,84.154,15.098
2957.555,sglang:subprocess,0.0,0.0,84.155,15.098
2958.055,sglang:subprocess,0.0,0.0,84.154,15.098
2958.556,sglang:subprocess,0.0,0.0,84.155,15.098
2959.057,sglang:subprocess,0.0,0.0,84.155,15.098
2959.557,sglang:subprocess,0.0,0.0,84.156,15.098
2960.058,sglang:subprocess,0.0,0.0,84.155,15.098
2960.559,sglang:subprocess,0.0,0.0,84.155,15.098
2961.059,sglang:subprocess,0.0,0.0,84.155,15.098
2961.561,sglang:subprocess,0.0,0.0,84.156,15.098
2962.061,sglang:subprocess,0.0,0.0,84.156,15.098
2962.562,sglang:subprocess,0.0,0.0,84.157,15.098
2963.063,sglang:subprocess,0.0,0.0,84.156,15.098
2963.563,sglang:subprocess,0.0,0.0,84.156,15.098
2964.064,sglang:subprocess,0.0,0.0,84.155,15.098
2964.565,sglang:subprocess,0.0,0.0,84.155,15.098
2965.065,sglang:subprocess,0.0,0.0,84.155,15.098
2965.566,sglang:subprocess,0.0,0.0,84.155,15.098
2966.067,sglang:subprocess,0.0,0.0,84.154,15.098
2966.568,sglang:subprocess,0.0,0.0,84.154,15.098
2967.069,sglang:subprocess,0.0,0.0,84.154,15.098
2967.57,sglang:subprocess,0.0,0.0,84.155,15.098
2968.07,sglang:subprocess,0.0,0.0,84.157,15.098
2968.571,sglang:subprocess,0.0,0.0,84.157,15.098
2969.072,sglang:subprocess,0.0,0.0,84.156,15.098
2969.572,sglang:subprocess,0.0,0.0,84.156,15.098
2970.073,sglang:subprocess,0.0,0.0,84.156,15.098
2970.574,sglang:subprocess,0.0,0.0,84.156,15.098
2971.074,sglang:subprocess,0.0,0.0,84.155,15.098
2971.575,sglang:subprocess,0.0,0.0,84.156,15.098
2972.076,sglang:subprocess,0.0,0.0,84.157,15.098
2972.577,sglang:subprocess,0.0,0.0,84.157,15.098
2973.078,sglang:subprocess,0.0,0.0,84.157,15.098
2973.578,sglang:subprocess,0.0,0.0,84.157,15.098
2974.079,sglang:subprocess,0.0,0.0,84.157,15.098
2974.58,sglang:subprocess,0.0,0.0,84.157,15.098
2975.08,sglang:subprocess,0.0,0.0,84.157,15.098
2975.581,sglang:subprocess,0.0,0.0,84.157,15.098
2976.082,sglang:subprocess,0.0,0.0,84.157,15.098
2976.582,sglang:subprocess,0.0,0.0,84.158,15.098
2977.083,sglang:subprocess,0.0,0.0,84.157,15.098
2977.584,sglang:subprocess,0.0,0.0,84.157,15.098
2978.085,sglang:subprocess,0.0,0.0,84.158,15.098
2978.586,sglang:subprocess,0.0,0.0,84.157,15.098
2979.086,sglang:subprocess,0.0,0.0,84.157,15.098
2979.587,sglang:subprocess,0.0,0.0,84.157,15.098
2980.092,sglang:subprocess,0.0,0.0,84.158,15.098
2980.593,sglang:subprocess,0.0,0.0,84.157,15.098
2981.094,sglang:subprocess,0.0,0.0,84.156,15.098
2981.594,sglang:subprocess,0.0,0.0,84.155,15.098
2982.095,sglang:subprocess,0.0,0.0,84.157,15.098
2982.596,sglang:subprocess,0.0,0.0,84.157,15.098
2983.097,sglang:subprocess,0.0,0.0,84.155,15.098
2983.598,sglang:subprocess,0.0,0.0,84.155,15.098
2984.098,sglang:subprocess,0.0,0.0,84.155,15.098
2984.599,sglang:subprocess,0.0,0.0,84.156,15.098
2985.1,sglang:subprocess,0.0,0.0,84.157,15.098
2985.6,sglang:subprocess,0.0,0.0,84.156,15.098
2986.101,sglang:subprocess,0.0,0.0,84.156,15.098
2986.602,sglang:subprocess,0.0,0.0,84.157,15.098
2987.102,sglang:subprocess,0.0,0.0,84.159,15.098
2987.603,sglang:subprocess,0.0,0.0,84.159,15.098
2988.104,sglang:subprocess,0.0,0.0,84.159,15.098
2988.605,sglang:subprocess,0.0,0.0,84.159,15.098
2989.106,sglang:subprocess,0.0,0.0,84.16,15.098
2989.606,sglang:subprocess,0.0,0.0,84.16,15.098
2990.107,sglang:subprocess,0.0,0.0,84.16,15.098
2990.608,sglang:subprocess,0.0,0.0,84.16,15.098
2991.108,sglang:subprocess,0.0,0.0,84.159,15.098
2991.609,sglang:subprocess,0.0,0.0,84.159,15.098
2992.11,sglang:subprocess,0.0,0.0,84.159,15.098
2992.61,sglang:subprocess,0.0,0.0,84.16,15.098
2993.112,sglang:subprocess,0.0,0.0,84.153,15.098
2993.612,sglang:subprocess,0.0,0.0,84.153,15.098
2994.113,sglang:subprocess,0.0,0.0,84.154,15.098
2994.614,sglang:subprocess,0.0,0.0,84.153,15.098
2995.114,sglang:subprocess,0.0,0.0,84.153,15.098
2995.615,sglang:subprocess,0.0,0.0,84.153,15.098
2996.116,sglang:subprocess,0.0,0.0,84.153,15.098
2996.617,sglang:subprocess,0.0,0.0,84.155,15.098
2997.118,sglang:subprocess,0.0,0.0,84.159,15.098
2997.619,sglang:subprocess,0.0,0.0,84.16,15.098
2998.119,sglang:subprocess,0.0,0.0,84.16,15.098
2998.629,sglang:subprocess,0.0,0.0,84.159,15.098
2999.13,sglang:subprocess,0.0,0.0,84.159,15.098
2999.63,sglang:subprocess,0.0,0.0,84.159,15.098
3000.131,sglang:subprocess,0.0,0.0,84.159,15.098
3000.632,sglang:subprocess,0.0,0.0,84.159,15.098
3001.132,sglang:subprocess,0.0,0.0,84.159,15.098
3001.633,sglang:subprocess,0.0,0.0,84.16,15.098
3002.134,sglang:subprocess,0.0,0.0,84.16,15.098
3002.634,sglang:subprocess,0.0,0.0,84.16,15.098
3003.135,sglang:subprocess,0.0,0.0,84.154,15.098
3003.636,sglang:subprocess,0.0,0.0,84.155,15.098
3004.137,sglang:subprocess,0.0,0.0,84.155,15.098
3004.638,sglang:subprocess,0.0,0.0,84.153,15.098
3005.138,sglang:subprocess,0.0,0.0,84.152,15.098
3005.639,sglang:subprocess,0.0,0.0,84.152,15.098
3006.14,sglang:subprocess,0.0,0.0,84.152,15.098
3006.64,sglang:subprocess,0.0,0.0,84.153,15.098
3007.141,sglang:subprocess,0.0,0.0,84.159,15.098
3007.642,sglang:subprocess,0.0,0.0,84.158,15.098
3008.142,sglang:subprocess,0.0,0.0,84.158,15.098
3008.643,sglang:subprocess,0.0,0.0,84.159,15.098
3009.144,sglang:subprocess,0.0,0.0,84.158,15.098
3009.645,sglang:subprocess,0.0,0.0,84.158,15.098
3010.146,sglang:subprocess,0.0,0.0,84.159,15.098
3010.646,sglang:subprocess,0.0,0.0,84.159,15.098
3011.147,sglang:subprocess,0.0,0.0,84.159,15.098
3011.648,sglang:subprocess,0.0,0.0,84.159,15.098
3012.148,sglang:subprocess,0.0,0.0,84.126,15.098
3012.649,sglang:subprocess,0.0,0.0,84.123,15.098
3013.15,sglang:subprocess,0.0,0.0,84.118,15.098
3013.65,sglang:subprocess,0.0,0.0,84.119,15.098
3014.151,sglang:subprocess,0.0,0.0,84.119,15.098
3014.652,sglang:subprocess,0.0,0.0,84.119,15.098
3015.153,sglang:subprocess,0.0,0.0,84.119,15.098
3015.653,sglang:subprocess,0.0,0.0,84.121,15.098
3016.154,sglang:subprocess,0.0,0.0,84.12,15.098
3016.655,sglang:subprocess,0.0,0.0,84.12,15.098
3017.155,sglang:subprocess,0.0,0.0,84.126,15.098
3017.656,sglang:subprocess,0.0,0.0,84.126,15.098
3018.157,sglang:subprocess,0.0,0.0,84.127,15.098
3018.658,sglang:subprocess,0.0,0.0,84.126,15.098
3019.158,sglang:subprocess,0.0,0.0,84.126,15.098
3019.659,sglang:subprocess,0.0,0.0,84.126,15.098
3020.16,sglang:subprocess,0.0,0.0,84.126,15.098
3020.661,sglang:subprocess,0.0,0.0,84.126,15.098
3021.161,sglang:subprocess,0.0,0.0,84.127,15.098
3021.662,sglang:subprocess,0.0,0.0,84.127,15.098
3022.163,sglang:subprocess,0.0,0.0,84.127,15.098
3022.663,sglang:subprocess,0.0,0.0,84.127,15.098
3023.164,sglang:subprocess,0.0,0.0,84.12,15.098
3023.665,sglang:subprocess,0.0,0.0,84.119,15.098
3024.165,sglang:subprocess,0.0,0.0,84.119,15.098
3024.667,sglang:subprocess,0.0,0.0,84.119,15.098
3025.167,sglang:subprocess,0.0,0.0,84.119,15.098
3025.668,sglang:subprocess,0.0,0.0,84.12,15.098
3026.169,sglang:subprocess,0.0,0.0,84.12,15.098
3026.669,sglang:subprocess,0.0,0.0,84.121,15.098
3027.17,sglang:subprocess,0.0,0.0,84.126,15.098
3027.671,sglang:subprocess,0.0,0.0,84.126,15.098
3028.173,sglang:subprocess,0.0,0.0,84.127,15.098
3028.674,sglang:subprocess,0.0,0.0,84.127,15.098
3029.175,sglang:subprocess,0.0,0.0,84.127,15.098
3029.675,sglang:subprocess,0.0,0.0,84.126,15.098
3030.177,sglang:subprocess,0.0,0.0,84.126,15.098
3030.677,sglang:subprocess,0.0,0.0,84.126,15.098
3031.178,sglang:subprocess,0.0,0.0,84.126,15.098
3031.678,sglang:subprocess,0.0,0.0,84.127,15.098
3032.179,sglang:subprocess,0.0,0.0,84.127,15.098
3032.68,sglang:subprocess,0.0,0.0,84.126,15.098
3033.18,sglang:subprocess,0.0,0.0,84.122,15.098
3033.681,sglang:subprocess,0.0,0.0,84.122,15.098
3034.182,sglang:subprocess,0.0,0.0,84.122,15.098
3034.682,sglang:subprocess,0.0,0.0,84.122,15.098
3035.184,sglang:subprocess,0.0,0.0,84.121,15.098
3035.684,sglang:subprocess,0.0,0.0,84.121,15.098
3036.185,sglang:subprocess,0.0,0.0,84.12,15.098
3036.686,sglang:subprocess,0.0,0.0,84.12,15.098
3037.186,sglang:subprocess,0.0,0.0,84.126,15.098
3037.693,sglang:subprocess,0.0,0.0,84.126,15.098
3038.194,sglang:subprocess,0.0,0.0,84.126,15.098
3038.695,sglang:subprocess,0.0,0.0,84.127,15.098
3039.195,sglang:subprocess,0.0,0.0,84.126,15.098
3039.696,sglang:subprocess,0.0,0.0,84.126,15.098
3040.197,sglang:subprocess,0.0,0.0,84.127,15.098
3040.698,sglang:subprocess,0.0,0.0,84.126,15.098
3041.199,sglang:subprocess,0.0,0.0,84.128,15.098
3041.699,sglang:subprocess,0.0,0.0,84.127,15.098
3042.2,sglang:subprocess,0.0,0.0,84.128,15.098
3042.701,sglang:subprocess,0.0,0.0,84.128,15.098
3043.201,sglang:subprocess,0.0,0.0,84.128,15.098
3043.702,sglang:subprocess,0.0,0.0,84.12,15.098
3044.203,sglang:subprocess,0.0,0.0,84.12,15.098
3044.703,sglang:subprocess,0.0,0.0,84.12,15.098
3045.204,sglang:subprocess,0.0,0.0,84.122,15.098
3045.705,sglang:subprocess,0.0,0.0,84.121,15.098
3046.206,sglang:subprocess,0.0,0.0,84.122,15.098
3046.707,sglang:subprocess,0.0,0.0,84.122,15.098
3047.207,sglang:subprocess,0.0,0.0,84.124,15.098
3047.708,sglang:subprocess,0.0,0.0,84.124,15.098
3048.209,sglang:subprocess,0.0,0.0,84.124,15.098
3048.709,sglang:subprocess,0.0,0.0,84.126,15.098
3049.21,sglang:subprocess,0.0,0.0,84.127,15.098
3049.711,sglang:subprocess,0.0,0.0,84.127,15.098
3050.211,sglang:subprocess,0.0,0.0,84.127,15.098
3050.712,sglang:subprocess,0.0,0.0,84.128,15.098
3051.213,sglang:subprocess,0.0,0.0,84.127,15.098
3051.714,sglang:subprocess,0.0,0.0,84.128,15.098
3052.215,sglang:subprocess,0.0,0.0,84.128,15.098
3052.715,sglang:subprocess,0.0,0.0,84.129,15.098
3053.216,sglang:subprocess,0.0,0.0,84.106,15.098
3053.716,sglang:subprocess,0.0,0.0,84.105,15.098
3054.217,sglang:subprocess,0.0,0.0,84.1,15.098
3054.718,sglang:subprocess,0.0,0.0,84.1,15.098
3055.219,sglang:subprocess,0.0,0.0,84.1,15.098
3055.719,sglang:subprocess,0.0,0.0,84.1,15.098
3056.222,sglang:subprocess,0.0,0.0,84.1,15.098
3056.723,sglang:subprocess,0.0,0.0,84.101,15.098
3057.223,sglang:subprocess,0.0,0.0,84.102,15.098
3057.724,sglang:subprocess,0.0,0.0,84.102,15.098
3058.225,sglang:subprocess,0.0,0.0,84.103,15.098
3058.725,sglang:subprocess,0.0,0.0,84.104,15.098
3059.226,sglang:subprocess,0.0,0.0,84.102,15.098
3059.727,sglang:subprocess,0.0,0.0,84.103,15.098
3060.228,sglang:subprocess,0.0,0.0,84.103,15.098
3060.728,sglang:subprocess,0.0,0.0,84.103,15.098
3061.229,sglang:subprocess,0.0,0.0,84.102,15.098
3061.73,sglang:subprocess,0.0,0.0,84.103,15.098
3062.231,sglang:subprocess,0.0,0.0,84.104,15.098
3062.732,sglang:subprocess,0.0,0.0,84.103,15.098
3063.232,sglang:subprocess,0.0,0.0,84.103,15.098
3063.733,sglang:subprocess,0.0,0.0,84.104,15.098
3064.234,sglang:subprocess,0.0,0.0,84.101,15.098
3064.734,sglang:subprocess,0.0,0.0,84.101,15.098
3065.235,sglang:subprocess,0.0,0.0,84.102,15.098
3065.736,sglang:subprocess,0.0,0.0,84.102,15.098
3066.236,sglang:subprocess,0.0,0.0,84.103,15.098
3066.738,sglang:subprocess,0.0,0.0,84.104,15.098
3067.238,sglang:subprocess,0.0,0.0,84.105,15.098
3067.739,sglang:subprocess,0.0,0.0,84.101,15.098
3068.24,sglang:subprocess,0.0,0.0,84.101,15.098
3068.74,sglang:subprocess,0.0,0.0,84.102,15.098
3069.241,sglang:subprocess,0.0,0.0,84.102,15.098
3069.742,sglang:subprocess,0.0,0.0,84.102,15.098
3070.242,sglang:subprocess,0.0,0.0,84.101,15.098
3070.743,sglang:subprocess,0.0,0.0,84.102,15.098
3071.244,sglang:subprocess,0.0,0.0,84.102,15.098
3071.744,sglang:subprocess,0.0,0.0,84.103,15.098
3072.246,sglang:subprocess,0.0,0.0,84.105,15.098
3072.746,sglang:subprocess,0.0,0.0,84.104,15.098
3073.247,sglang:subprocess,0.0,0.0,84.104,15.098
3073.748,sglang:subprocess,0.0,0.0,84.098,15.098
3074.248,sglang:subprocess,0.0,0.0,84.097,15.098
3074.751,sglang:subprocess,0.0,0.0,84.097,15.098
3075.252,sglang:subprocess,0.0,0.0,84.096,15.098
3075.753,sglang:subprocess,0.0,0.0,84.097,15.098
3076.253,sglang:subprocess,0.0,0.0,84.097,15.098
3076.754,sglang:subprocess,0.0,0.0,84.097,15.098
3077.255,sglang:subprocess,0.0,0.0,84.099,15.098
3077.756,sglang:subprocess,0.0,0.0,84.101,15.098
3078.257,sglang:subprocess,0.0,0.0,84.101,15.098
3078.757,sglang:subprocess,0.0,0.0,84.101,15.098
3079.258,sglang:subprocess,0.0,0.0,84.103,15.098
3079.759,sglang:subprocess,0.0,0.0,84.103,15.098
3080.259,sglang:subprocess,0.0,0.0,84.103,15.098
3080.76,sglang:subprocess,0.0,0.0,84.103,15.098
3081.261,sglang:subprocess,0.0,0.0,84.103,15.098
3081.761,sglang:subprocess,0.0,0.0,84.104,15.098
3082.262,sglang:subprocess,0.0,0.0,84.104,15.098
3082.763,sglang:subprocess,0.0,0.0,84.106,15.098
3083.264,sglang:subprocess,0.0,0.0,84.102,15.098
3083.765,sglang:subprocess,0.0,0.0,84.102,15.098
3084.265,sglang:subprocess,0.0,0.0,84.104,15.098
3084.766,sglang:subprocess,0.0,0.0,84.106,15.098
3085.267,sglang:subprocess,0.0,0.0,84.105,15.098
3085.767,sglang:subprocess,0.0,0.0,84.105,15.098
3086.268,sglang:subprocess,0.0,0.0,84.106,15.098
3086.769,sglang:subprocess,0.0,0.0,84.107,15.098
3087.269,sglang:subprocess,0.0,0.0,84.111,15.098
3087.771,sglang:subprocess,0.0,0.0,84.111,15.098
3088.271,sglang:subprocess,0.0,0.0,84.111,15.098
3088.772,sglang:subprocess,0.0,0.0,84.111,15.098
3089.273,sglang:subprocess,0.0,0.0,84.111,15.098
3089.773,sglang:subprocess,0.0,0.0,84.111,15.098
3090.274,sglang:subprocess,0.0,0.0,84.109,15.098
3090.775,sglang:subprocess,0.0,0.0,84.109,15.098
3091.275,sglang:subprocess,0.0,0.0,84.109,15.098
3091.776,sglang:subprocess,0.0,0.0,84.109,15.098
3092.277,sglang:subprocess,0.0,0.0,84.11,15.098
3092.777,sglang:subprocess,0.0,0.0,84.11,15.098
3093.279,sglang:subprocess,0.0,0.0,84.105,15.098
3093.779,sglang:subprocess,0.0,0.0,84.106,15.098
3094.28,sglang:subprocess,0.0,0.0,84.107,15.098
3094.781,sglang:subprocess,0.0,0.0,84.107,15.098
3095.281,sglang:subprocess,0.0,0.0,84.105,15.098
3095.782,sglang:subprocess,0.0,0.0,84.104,15.098
3096.283,sglang:subprocess,0.0,0.0,84.105,15.098
3096.783,sglang:subprocess,0.0,0.0,84.106,15.098
3097.284,sglang:subprocess,0.0,0.0,84.112,15.098
3097.785,sglang:subprocess,0.0,0.0,84.111,15.098
3098.286,sglang:subprocess,0.0,0.0,84.11,15.098
3098.787,sglang:subprocess,0.0,0.0,84.113,15.098
3099.287,sglang:subprocess,0.0,0.0,84.11,15.098
3099.788,sglang:subprocess,0.0,0.0,84.11,15.098
3100.289,sglang:subprocess,0.0,0.0,84.111,15.098
3100.789,sglang:subprocess,0.0,0.0,84.115,15.098
3101.29,sglang:subprocess,0.0,0.0,84.111,15.098
3101.791,sglang:subprocess,0.0,0.0,84.111,15.098
3102.291,sglang:subprocess,0.0,0.0,84.11,15.098
3102.792,sglang:subprocess,0.0,0.0,84.118,15.098
3103.293,sglang:subprocess,0.0,0.0,84.106,15.098
3103.794,sglang:subprocess,0.0,0.0,84.107,15.098
3104.294,sglang:subprocess,0.0,0.0,84.106,15.098
3104.795,sglang:subprocess,0.0,0.0,84.114,15.098
3105.296,sglang:subprocess,0.0,0.0,84.106,15.098
3105.796,sglang:subprocess,0.0,0.0,84.107,15.098
3106.297,sglang:subprocess,0.0,0.0,84.107,15.098
3106.798,sglang:subprocess,0.0,0.0,84.112,15.098
3107.299,sglang:subprocess,0.0,0.0,84.112,15.098
3107.799,sglang:subprocess,0.0,0.0,84.112,15.098
3108.3,sglang:subprocess,0.0,0.0,84.111,15.098
3108.801,sglang:subprocess,0.0,0.0,84.111,15.098
3109.302,sglang:subprocess,0.0,0.0,84.112,15.098
3109.802,sglang:subprocess,0.0,0.0,84.112,15.098
3110.303,sglang:subprocess,0.0,0.0,84.111,15.098
3110.804,sglang:subprocess,0.0,0.0,84.112,15.098
3111.304,sglang:subprocess,0.0,0.0,84.111,15.098
3111.805,sglang:subprocess,0.0,0.0,84.112,15.098
3112.306,sglang:subprocess,0.0,0.0,84.111,15.098
3112.806,sglang:subprocess,0.0,0.0,84.11,15.098
3113.307,sglang:subprocess,0.0,0.0,84.111,15.098
3113.808,sglang:subprocess,0.0,0.0,84.104,15.098
3114.309,sglang:subprocess,0.0,0.0,84.104,15.098
3114.81,sglang:subprocess,0.0,0.0,84.103,15.098
3115.31,sglang:subprocess,0.0,0.0,84.103,15.098
3115.811,sglang:subprocess,0.0,0.0,84.103,15.098
3116.312,sglang:subprocess,0.0,0.0,84.103,15.098
3116.812,sglang:subprocess,0.0,0.0,84.105,15.098
3117.313,sglang:subprocess,0.0,0.0,84.111,15.098
3117.814,sglang:subprocess,0.0,0.0,84.111,15.098
3118.314,sglang:subprocess,0.0,0.0,84.111,15.098
3118.815,sglang:subprocess,0.0,0.0,84.111,15.098
3119.316,sglang:subprocess,0.0,0.0,84.111,15.098
3119.817,sglang:subprocess,0.0,0.0,84.111,15.098
3120.318,sglang:subprocess,0.0,0.0,84.111,15.098
3120.818,sglang:subprocess,0.0,0.0,84.113,15.098
3121.319,sglang:subprocess,0.0,0.0,84.112,15.098
3121.82,sglang:subprocess,0.0,0.0,84.112,15.098
3122.32,sglang:subprocess,0.0,0.0,84.113,15.098
3122.821,sglang:subprocess,0.0,0.0,84.109,15.098
3123.322,sglang:subprocess,0.0,0.0,84.109,15.098
3123.822,sglang:subprocess,0.0,0.0,84.11,15.098
3124.323,sglang:subprocess,0.0,0.0,84.109,15.098
3124.824,sglang:subprocess,0.0,0.0,84.109,15.098
3125.325,sglang:subprocess,0.0,0.0,84.109,15.098
3125.826,sglang:subprocess,0.0,0.0,84.108,15.098
3126.326,sglang:subprocess,0.0,0.0,84.108,15.098
3126.827,sglang:subprocess,0.0,0.0,84.108,15.098
3127.328,sglang:subprocess,0.0,0.0,84.111,15.098
3127.828,sglang:subprocess,0.0,0.0,84.111,15.098
3128.329,sglang:subprocess,0.0,0.0,84.111,15.098
3128.83,sglang:subprocess,0.0,0.0,84.11,15.098
3129.33,sglang:subprocess,0.0,0.0,84.11,15.098
3129.831,sglang:subprocess,0.0,0.0,84.111,15.098
3130.332,sglang:subprocess,0.0,0.0,84.11,15.098
3130.833,sglang:subprocess,0.0,0.0,84.111,15.098
3131.334,sglang:subprocess,0.0,0.0,84.111,15.098
3131.834,sglang:subprocess,0.0,0.0,84.11,15.098
3132.335,sglang:subprocess,0.0,0.0,84.113,15.098
3132.835,sglang:subprocess,0.0,0.0,84.11,15.098
3133.336,sglang:subprocess,0.0,0.0,84.109,15.098
3133.837,sglang:subprocess,0.0,0.0,84.11,15.098
3134.34,sglang:subprocess,0.0,0.0,84.109,15.098
3134.842,sglang:subprocess,0.0,0.0,84.11,15.098
3135.343,sglang:subprocess,0.0,0.0,84.11,15.098
3135.843,sglang:subprocess,0.0,0.0,84.11,15.098
3136.344,sglang:subprocess,0.0,0.0,84.11,15.098
3136.845,sglang:subprocess,0.0,0.0,84.111,15.098
3137.346,sglang:subprocess,0.0,0.0,84.115,15.098
3137.846,sglang:subprocess,0.0,0.0,84.115,15.098
3138.347,sglang:subprocess,0.0,0.0,84.114,15.098
3138.848,sglang:subprocess,0.0,0.0,84.114,15.098
3139.348,sglang:subprocess,0.0,0.0,84.115,15.098
3139.849,sglang:subprocess,0.0,0.0,84.114,15.098
3140.35,sglang:subprocess,0.0,0.0,84.114,15.098
3140.851,sglang:subprocess,0.0,0.0,84.114,15.098
3141.351,sglang:subprocess,0.0,0.0,84.114,15.098
3141.852,sglang:subprocess,0.0,0.0,84.115,15.098
3142.353,sglang:subprocess,0.0,0.0,84.116,15.098
3142.854,sglang:subprocess,0.0,0.0,84.114,15.098
3143.354,sglang:subprocess,0.0,0.0,84.111,15.098
3143.855,sglang:subprocess,0.0,0.0,84.111,15.098
3144.356,sglang:subprocess,0.0,0.0,84.111,15.098
3144.856,sglang:subprocess,0.0,0.0,84.111,15.098
3145.357,sglang:subprocess,0.0,0.0,84.111,15.098
3145.858,sglang:subprocess,0.0,0.0,84.111,15.098
3146.359,sglang:subprocess,0.0,0.0,84.111,15.098
3146.859,sglang:subprocess,0.0,0.0,84.111,15.098
3147.36,sglang:subprocess,0.0,0.0,84.115,15.098
3147.861,sglang:subprocess,0.0,0.0,84.115,15.098
3148.361,sglang:subprocess,0.0,0.0,84.115,15.098
3148.862,sglang:subprocess,0.0,0.0,84.113,15.098
3149.363,sglang:subprocess,0.0,0.0,84.114,15.098
3149.863,sglang:subprocess,0.0,0.0,84.113,15.098
3150.364,sglang:subprocess,0.0,0.0,84.113,15.098
3150.865,sglang:subprocess,0.0,0.0,84.115,15.098
3151.366,sglang:subprocess,0.0,0.0,84.116,15.098
3151.867,sglang:subprocess,0.0,0.0,84.115,15.098
3152.367,sglang:subprocess,0.0,0.0,84.116,15.098
3152.868,sglang:subprocess,0.0,0.0,84.117,15.098
3153.369,sglang:subprocess,0.0,0.0,84.114,15.098
3153.87,sglang:subprocess,0.0,0.0,84.114,15.098
3154.37,sglang:subprocess,0.0,0.0,84.114,15.098
3154.871,sglang:subprocess,0.0,0.0,84.113,15.098
3155.372,sglang:subprocess,0.0,0.0,84.113,15.098
3155.872,sglang:subprocess,0.0,0.0,84.113,15.098
3156.373,sglang:subprocess,0.0,0.0,84.113,15.098
3156.874,sglang:subprocess,0.0,0.0,84.113,15.098
3157.375,sglang:subprocess,0.0,0.0,84.115,15.098
3157.875,sglang:subprocess,0.0,0.0,84.115,15.098
3158.376,sglang:subprocess,0.0,0.0,84.115,15.098
3158.877,sglang:subprocess,0.0,0.0,84.113,15.098
3159.377,sglang:subprocess,0.0,0.0,84.114,15.098
3159.878,sglang:subprocess,0.0,0.0,84.115,15.098
3160.379,sglang:subprocess,0.0,0.0,84.115,15.098
3160.879,sglang:subprocess,0.0,0.0,84.115,15.098
3161.381,sglang:subprocess,0.0,0.0,84.114,15.098
3161.881,sglang:subprocess,0.0,0.0,84.114,15.098
3162.382,sglang:subprocess,0.0,0.0,84.115,15.098
3162.883,sglang:subprocess,0.0,0.0,84.115,15.098
3163.383,sglang:subprocess,0.0,0.0,84.114,15.098
3163.884,sglang:subprocess,0.0,0.0,84.114,15.098
3164.385,sglang:subprocess,0.0,0.0,84.114,15.098
3164.885,sglang:subprocess,0.0,0.0,84.113,15.098
3165.386,sglang:subprocess,0.0,0.0,84.114,15.098
3165.887,sglang:subprocess,0.0,0.0,84.115,15.098
3166.387,sglang:subprocess,0.0,0.0,84.115,15.098
3166.888,sglang:subprocess,0.0,0.0,84.114,15.098
3167.389,sglang:subprocess,0.0,0.0,84.113,15.098
3167.89,sglang:subprocess,0.0,0.0,84.113,15.098
3168.39,sglang:subprocess,0.0,0.0,84.113,15.098
3168.891,sglang:subprocess,0.0,0.0,84.115,15.098
3169.392,sglang:subprocess,0.0,0.0,84.115,15.098
3169.892,sglang:subprocess,0.0,0.0,84.115,15.098
3170.393,sglang:subprocess,0.0,0.0,84.115,15.098
3170.894,sglang:subprocess,0.0,0.0,84.114,15.098
3171.394,sglang:subprocess,0.0,0.0,84.115,15.098
3171.896,sglang:subprocess,0.0,0.0,84.116,15.098
3172.396,sglang:subprocess,0.0,0.0,84.115,15.098
3172.897,sglang:subprocess,0.0,0.0,84.114,15.098
3173.398,sglang:subprocess,0.0,0.0,84.114,15.098
3173.898,sglang:subprocess,0.0,0.0,84.114,15.098
3174.399,sglang:subprocess,0.0,0.0,84.114,15.098
3174.9,sglang:subprocess,0.0,0.0,84.113,15.098
3175.4,sglang:subprocess,0.0,0.0,84.114,15.098
3175.901,sglang:subprocess,0.0,0.0,84.114,15.098
3176.402,sglang:subprocess,0.0,0.0,84.114,15.098
3176.902,sglang:subprocess,0.0,0.0,84.118,15.098
3177.404,sglang:subprocess,0.0,0.0,84.12,15.098
3177.904,sglang:subprocess,0.0,0.0,84.12,15.098
3178.405,sglang:subprocess,0.0,0.0,84.12,15.098
3178.906,sglang:subprocess,0.0,0.0,84.119,15.098
3179.406,sglang:subprocess,0.0,0.0,84.12,15.098
3179.907,sglang:subprocess,0.0,0.0,84.121,15.098
3180.408,sglang:subprocess,0.0,0.0,84.12,15.098
3180.908,sglang:subprocess,0.0,0.0,84.12,15.098
3181.409,sglang:subprocess,0.0,0.0,84.12,15.098
3181.91,sglang:subprocess,0.0,0.0,84.122,15.098
3182.411,sglang:subprocess,0.0,0.0,84.121,15.098
3182.912,sglang:subprocess,0.0,0.0,84.12,15.098
3183.412,sglang:subprocess,0.0,0.0,84.12,15.098
3183.913,sglang:subprocess,0.0,0.0,84.115,15.098
3184.414,sglang:subprocess,0.0,0.0,84.116,15.098
3184.914,sglang:subprocess,0.0,0.0,84.115,15.098
3185.415,sglang:subprocess,0.0,0.0,84.115,15.098
3185.916,sglang:subprocess,0.0,0.0,84.115,15.098
3186.416,sglang:subprocess,0.0,0.0,84.115,15.098
3186.917,sglang:subprocess,0.0,0.0,84.119,15.098
3187.418,sglang:subprocess,0.0,0.0,84.119,15.098
3187.919,sglang:subprocess,0.0,0.0,84.119,15.098
3188.42,sglang:subprocess,0.0,0.0,84.118,15.098
3188.92,sglang:subprocess,0.0,0.0,84.12,15.098
3189.421,sglang:subprocess,0.0,0.0,84.121,15.098
3189.922,sglang:subprocess,0.0,0.0,84.12,15.098
3190.422,sglang:subprocess,0.0,0.0,84.12,15.098
3190.923,sglang:subprocess,0.0,0.0,84.118,15.098
3191.424,sglang:subprocess,0.0,0.0,84.118,15.098
3191.925,sglang:subprocess,0.0,0.0,84.118,15.098
3192.425,sglang:subprocess,0.0,0.0,84.116,15.098
3192.926,sglang:subprocess,0.0,0.0,84.115,15.098
3193.427,sglang:subprocess,0.0,0.0,84.115,15.098
3193.928,sglang:subprocess,0.0,0.0,84.116,15.098
3194.428,sglang:subprocess,0.0,0.0,84.116,15.098
3194.929,sglang:subprocess,0.0,0.0,84.115,15.098
3195.43,sglang:subprocess,0.0,0.0,84.115,15.098
3195.93,sglang:subprocess,0.0,0.0,84.115,15.098
3196.431,sglang:subprocess,0.0,0.0,84.115,15.098
3196.932,sglang:subprocess,0.0,0.0,84.116,15.098
3197.433,sglang:subprocess,0.0,0.0,84.117,15.098
3197.933,sglang:subprocess,0.0,0.0,84.119,15.098
3198.434,sglang:subprocess,0.0,0.0,84.118,15.098
3198.935,sglang:subprocess,0.0,0.0,84.119,15.098
3199.436,sglang:subprocess,0.0,0.0,84.119,15.098
3199.936,sglang:subprocess,0.0,0.0,84.119,15.098
3200.437,sglang:subprocess,0.0,0.0,84.12,15.098
3200.938,sglang:subprocess,0.0,0.0,84.12,15.098
3201.438,sglang:subprocess,0.0,0.0,84.169,15.098
3201.939,sglang:subprocess,0.0,0.0,84.186,15.098
3202.44,sglang:subprocess,0.0,0.0,84.187,15.098
3202.941,sglang:subprocess,0.0,0.0,84.186,15.098
3203.442,sglang:subprocess,0.0,0.0,84.186,15.098
3203.942,sglang:subprocess,0.0,0.0,84.185,15.098
3204.443,sglang:subprocess,0.0,0.0,84.186,15.098
3204.944,sglang:subprocess,0.0,0.0,84.186,15.098
3205.444,sglang:subprocess,0.0,0.0,84.186,15.098
3205.945,sglang:subprocess,0.0,0.0,84.186,15.098
3206.446,sglang:subprocess,0.0,0.0,84.187,15.098
3206.946,sglang:subprocess,0.0,0.0,84.191,15.098
3207.447,sglang:subprocess,0.0,0.0,84.193,15.098
3207.948,sglang:subprocess,0.0,0.0,84.191,15.098
3208.449,sglang:subprocess,0.0,0.0,84.191,15.098
3208.95,sglang:subprocess,0.0,0.0,84.192,15.098
3209.45,sglang:subprocess,0.0,0.0,84.191,15.098
3209.951,sglang:subprocess,0.0,0.0,84.193,15.098
3210.452,sglang:subprocess,0.0,0.0,84.16,15.098
3210.952,sglang:subprocess,0.0,0.0,84.159,15.098
3211.453,sglang:subprocess,0.0,0.0,84.159,15.098
3211.954,sglang:subprocess,0.0,0.0,84.161,15.098
3212.454,sglang:subprocess,0.0,0.0,84.163,15.098
3212.955,sglang:subprocess,0.0,0.0,84.161,15.098
3213.456,sglang:subprocess,0.0,0.0,84.161,15.098
3213.957,sglang:subprocess,0.0,0.0,84.157,15.098
3214.458,sglang:subprocess,0.0,0.0,84.157,15.098
3214.959,sglang:subprocess,0.0,0.0,84.156,15.098
3215.459,sglang:subprocess,0.0,0.0,84.156,15.098
3215.96,sglang:subprocess,0.0,0.0,84.156,15.098
3216.461,sglang:subprocess,0.0,0.0,84.156,15.098
3216.961,sglang:subprocess,0.0,0.0,84.157,15.098
3217.462,sglang:subprocess,0.0,0.0,84.161,15.098
3217.963,sglang:subprocess,0.0,0.0,84.158,15.098
3218.463,sglang:subprocess,0.0,0.0,84.159,15.098
3218.964,sglang:subprocess,0.0,0.0,84.159,15.098
3219.465,sglang:subprocess,0.0,0.0,84.159,15.098
3219.966,sglang:subprocess,0.0,0.0,84.159,15.098
3220.467,sglang:subprocess,0.0,0.0,84.159,15.098
3220.967,sglang:subprocess,0.0,0.0,84.159,15.098
3221.468,sglang:subprocess,0.0,0.0,84.159,15.098
3221.969,sglang:subprocess,0.0,0.0,84.158,15.098
3222.469,sglang:subprocess,0.0,0.0,84.158,15.098
3222.97,sglang:subprocess,0.0,0.0,84.157,15.098
3223.471,sglang:subprocess,0.0,0.0,84.154,15.098
3223.971,sglang:subprocess,0.0,0.0,84.155,15.098
3224.472,sglang:subprocess,0.0,0.0,84.156,15.098
3224.973,sglang:subprocess,0.0,0.0,84.156,15.098
3225.474,sglang:subprocess,0.0,0.0,84.157,15.098
3225.975,sglang:subprocess,0.0,0.0,84.155,15.098
3226.475,sglang:subprocess,0.0,0.0,84.157,15.098
3226.976,sglang:subprocess,0.0,0.0,84.157,15.098
3227.477,sglang:subprocess,0.0,0.0,84.158,15.098
3227.979,sglang:subprocess,0.0,0.0,84.158,15.098
3228.479,sglang:subprocess,0.0,0.0,84.16,15.098
3228.98,sglang:subprocess,0.0,0.0,84.159,15.098
3229.481,sglang:subprocess,0.0,0.0,84.159,15.098
3229.99,sglang:subprocess,0.0,0.0,84.159,15.098
3230.49,sglang:subprocess,0.0,0.0,84.159,15.098
3230.991,sglang:subprocess,0.0,0.0,84.159,15.098
3231.492,sglang:subprocess,0.0,0.0,84.159,15.098
3231.992,sglang:subprocess,0.0,0.0,84.159,15.098
3232.493,sglang:subprocess,0.0,0.0,84.159,15.098
3232.994,sglang:subprocess,0.0,0.0,84.154,15.098
3233.494,sglang:subprocess,0.0,0.0,84.151,15.098
3233.995,sglang:subprocess,0.0,0.0,84.151,15.098
3234.496,sglang:subprocess,0.0,0.0,84.151,15.098
3234.997,sglang:subprocess,0.0,0.0,84.152,15.098
3235.498,sglang:subprocess,0.0,0.0,84.152,15.098
3235.998,sglang:subprocess,0.0,0.0,84.152,15.098
3236.499,sglang:subprocess,0.0,0.0,84.153,15.098
3237.0,sglang:subprocess,0.0,0.0,84.155,15.098
3237.5,sglang:subprocess,0.0,0.0,84.157,15.098
3238.001,sglang:subprocess,0.0,0.0,84.159,15.098
3238.502,sglang:subprocess,0.0,0.0,84.159,15.098
3239.003,sglang:subprocess,0.0,0.0,84.158,15.098
3239.503,sglang:subprocess,0.0,0.0,84.158,15.098
3240.004,sglang:subprocess,0.0,0.0,84.159,15.098
3240.505,sglang:subprocess,0.0,0.0,84.159,15.098
3241.006,sglang:subprocess,0.0,0.0,84.158,15.098
3241.506,sglang:subprocess,0.0,0.0,84.158,15.098
3242.007,sglang:subprocess,0.0,0.0,84.164,15.098
3242.508,sglang:subprocess,0.0,0.0,84.163,15.098
3243.008,sglang:subprocess,0.0,0.0,84.156,15.098
3243.509,sglang:subprocess,0.0,0.0,84.156,15.098
3244.01,sglang:subprocess,0.0,0.0,84.15,15.098
3244.51,sglang:subprocess,0.0,0.0,84.151,15.098
3245.012,sglang:subprocess,0.0,0.0,84.151,15.098
3245.513,sglang:subprocess,0.0,0.0,84.152,15.098
3246.014,sglang:subprocess,0.0,0.0,84.152,15.098
3246.515,sglang:subprocess,0.0,0.0,84.152,15.098
3247.015,sglang:subprocess,0.0,0.0,84.154,15.098
3247.516,sglang:subprocess,0.0,0.0,84.155,15.098
3248.017,sglang:subprocess,0.0,0.0,84.154,15.098
3248.517,sglang:subprocess,0.0,0.0,84.154,15.098
3249.018,sglang:subprocess,0.0,0.0,84.155,15.098
3249.519,sglang:subprocess,0.0,0.0,84.158,15.098
3250.019,sglang:subprocess,0.0,0.0,84.158,15.098
3250.52,sglang:subprocess,0.0,0.0,84.157,15.098
3251.021,sglang:subprocess,0.0,0.0,84.156,15.098
3251.522,sglang:subprocess,0.0,0.0,84.154,15.098
3252.023,sglang:subprocess,0.0,0.0,84.157,15.098
3252.523,sglang:subprocess,0.0,0.0,84.156,15.098
3253.024,sglang:subprocess,0.0,0.0,84.156,15.098
3253.525,sglang:subprocess,0.0,0.0,84.156,15.098
3254.025,sglang:subprocess,0.0,0.0,84.156,15.098
3254.526,sglang:subprocess,0.0,0.0,84.155,15.098
3255.027,sglang:subprocess,0.0,0.0,84.154,15.098
3255.527,sglang:subprocess,0.0,0.0,84.154,15.098
3256.029,sglang:subprocess,0.0,0.0,84.155,15.098
3256.529,sglang:subprocess,0.0,0.0,84.155,15.098
3257.03,sglang:subprocess,0.0,0.0,84.153,15.098
3257.531,sglang:subprocess,0.0,0.0,84.154,15.098
3258.031,sglang:subprocess,0.0,0.0,84.155,15.098
3258.532,sglang:subprocess,0.0,0.0,84.156,15.098
3259.033,sglang:subprocess,0.0,0.0,84.157,15.098
3259.533,sglang:subprocess,0.0,0.0,84.156,15.098
3260.034,sglang:subprocess,0.0,0.0,84.156,15.098
3260.535,sglang:subprocess,0.0,0.0,84.157,15.098
3261.035,sglang:subprocess,0.0,0.0,84.158,15.098
3261.537,sglang:subprocess,0.0,0.0,84.158,15.098
3262.037,sglang:subprocess,0.0,0.0,84.158,15.098
3262.538,sglang:subprocess,0.0,0.0,84.158,15.098
3263.039,sglang:subprocess,0.0,0.0,84.158,15.098
3263.539,sglang:subprocess,0.0,0.0,84.157,15.098
3264.04,sglang:subprocess,0.0,0.0,84.158,15.098
3264.541,sglang:subprocess,0.0,0.0,84.158,15.098
3265.041,sglang:subprocess,0.0,0.0,84.157,15.098
3265.542,sglang:subprocess,0.0,0.0,84.156,15.098
3266.043,sglang:subprocess,0.0,0.0,84.156,15.098
3266.544,sglang:subprocess,0.0,0.0,84.156,15.098
3267.045,sglang:subprocess,0.0,0.0,84.158,15.098
3267.545,sglang:subprocess,0.0,0.0,84.159,15.098
3268.046,sglang:subprocess,0.0,0.0,84.161,15.098
3268.547,sglang:subprocess,0.0,0.0,84.161,15.098
3269.047,sglang:subprocess,0.0,0.0,84.159,15.098
3269.548,sglang:subprocess,0.0,0.0,84.159,15.098
3270.049,sglang:subprocess,0.0,0.0,84.159,15.098
3270.549,sglang:subprocess,0.0,0.0,84.158,15.098
3271.05,sglang:subprocess,0.0,0.0,84.159,15.098
3271.551,sglang:subprocess,0.0,0.0,84.158,15.098
3272.052,sglang:subprocess,0.0,0.0,84.159,15.098
3272.553,sglang:subprocess,0.0,0.0,84.159,15.098
3273.053,sglang:subprocess,0.0,0.0,84.158,15.098
3273.554,sglang:subprocess,0.0,0.0,84.158,15.098
3274.055,sglang:subprocess,0.0,0.0,84.158,15.098
3274.555,sglang:subprocess,0.0,0.0,84.158,15.098
3275.056,sglang:subprocess,0.0,0.0,84.158,15.098
3275.557,sglang:subprocess,0.0,0.0,84.157,15.098
3276.058,sglang:subprocess,0.0,0.0,84.157,15.098
3276.558,sglang:subprocess,0.0,0.0,84.157,15.098
3277.06,sglang:subprocess,0.0,0.0,84.159,15.098
3277.56,sglang:subprocess,0.0,0.0,84.159,15.098
3278.061,sglang:subprocess,0.0,0.0,84.16,15.098
3278.562,sglang:subprocess,0.0,0.0,84.161,15.098
3279.062,sglang:subprocess,0.0,0.0,84.159,15.098
3279.563,sglang:subprocess,0.0,0.0,84.16,15.098
3280.064,sglang:subprocess,0.0,0.0,84.161,15.098
3280.564,sglang:subprocess,0.0,0.0,84.16,15.098
3281.065,sglang:subprocess,0.0,0.0,84.159,15.098
3281.566,sglang:subprocess,0.0,0.0,84.161,15.098
3282.066,sglang:subprocess,0.0,0.0,84.161,15.098
3282.567,sglang:subprocess,0.0,0.0,84.161,15.098
3283.068,sglang:subprocess,0.0,0.0,84.161,15.098
3283.569,sglang:subprocess,0.0,0.0,84.155,15.098
3284.069,sglang:subprocess,0.0,0.0,84.155,15.098
3284.57,sglang:subprocess,0.0,0.0,84.155,15.098
3285.071,sglang:subprocess,0.0,0.0,84.154,15.098
3285.571,sglang:subprocess,0.0,0.0,84.154,15.098
3286.072,sglang:subprocess,0.0,0.0,84.155,15.098
3286.573,sglang:subprocess,0.0,0.0,84.155,15.098
3287.073,sglang:subprocess,0.0,0.0,84.16,15.098
3287.575,sglang:subprocess,0.0,0.0,84.161,15.098
3288.075,sglang:subprocess,0.0,0.0,84.161,15.098
3288.576,sglang:subprocess,0.0,0.0,84.161,15.098
3289.077,sglang:subprocess,0.0,0.0,84.159,15.098
3289.577,sglang:subprocess,0.0,0.0,84.16,15.098
3290.078,sglang:subprocess,0.0,0.0,84.16,15.098
3290.579,sglang:subprocess,0.0,0.0,84.16,15.098
3291.079,sglang:subprocess,0.0,0.0,84.161,15.098
3291.58,sglang:subprocess,0.0,0.0,84.161,15.098
3292.081,sglang:subprocess,0.0,0.0,84.161,15.098
3292.581,sglang:subprocess,0.0,0.0,84.162,15.098
3293.083,sglang:subprocess,0.0,0.0,84.162,15.098
3293.583,sglang:subprocess,0.0,0.0,84.156,15.098
3294.084,sglang:subprocess,0.0,0.0,84.156,15.098
3294.585,sglang:subprocess,0.0,0.0,84.156,15.098
3295.085,sglang:subprocess,0.0,0.0,84.156,15.098
3295.586,sglang:subprocess,0.0,0.0,84.16,15.098
3296.087,sglang:subprocess,0.0,0.0,84.16,15.098
3296.587,sglang:subprocess,0.0,0.0,84.159,15.098
3297.088,sglang:subprocess,0.0,0.0,84.16,15.098
3297.589,sglang:subprocess,0.0,0.0,84.157,15.098
3298.09,sglang:subprocess,0.0,0.0,84.159,15.098
3298.591,sglang:subprocess,0.0,0.0,84.159,15.098
3299.091,sglang:subprocess,0.0,0.0,84.159,15.098
3299.592,sglang:subprocess,0.0,0.0,84.16,15.098
3300.093,sglang:subprocess,0.0,0.0,84.16,15.098
3300.593,sglang:subprocess,0.0,0.0,84.161,15.098
3301.094,sglang:subprocess,0.0,0.0,84.161,15.098
3301.595,sglang:subprocess,0.0,0.0,84.16,15.098
3302.095,sglang:subprocess,0.0,0.0,84.16,15.098
3302.596,sglang:subprocess,0.0,0.0,84.16,15.098
3303.097,sglang:subprocess,0.0,0.0,84.157,15.098
3303.598,sglang:subprocess,0.0,0.0,84.156,15.098
3304.099,sglang:subprocess,0.0,0.0,84.158,15.098
3304.599,sglang:subprocess,0.0,0.0,84.158,15.098
3305.1,sglang:subprocess,0.0,0.0,84.156,15.098
3305.601,sglang:subprocess,0.0,0.0,84.158,15.098
3306.101,sglang:subprocess,0.0,0.0,84.158,15.098
3306.602,sglang:subprocess,0.0,0.0,84.158,15.098
3307.103,sglang:subprocess,0.0,0.0,84.16,15.098
3307.603,sglang:subprocess,0.0,0.0,84.16,15.098
3308.104,sglang:subprocess,0.0,0.0,84.16,15.098
3308.605,sglang:subprocess,0.0,0.0,84.16,15.098
3309.106,sglang:subprocess,0.0,0.0,84.16,15.098
3309.607,sglang:subprocess,0.0,0.0,84.16,15.098
3310.107,sglang:subprocess,0.0,0.0,84.161,15.098
3310.608,sglang:subprocess,0.0,0.0,84.16,15.098
3311.109,sglang:subprocess,0.0,0.0,84.16,15.098
3311.609,sglang:subprocess,0.0,0.0,84.154,15.098
3312.11,sglang:subprocess,0.0,0.0,84.155,15.098
3312.611,sglang:subprocess,0.0,0.0,84.154,15.098
3313.111,sglang:subprocess,0.0,0.0,84.151,15.098
3313.612,sglang:subprocess,0.0,0.0,84.152,15.098
3314.113,sglang:subprocess,0.0,0.0,84.152,15.098
3314.614,sglang:subprocess,0.0,0.0,84.152,15.098
3315.115,sglang:subprocess,0.0,0.0,84.151,15.098
3315.615,sglang:subprocess,0.0,0.0,84.151,15.098
3316.116,sglang:subprocess,0.0,0.0,84.153,15.098
3316.617,sglang:subprocess,0.0,0.0,84.153,15.098
3317.117,sglang:subprocess,0.0,0.0,84.159,15.098
3317.618,sglang:subprocess,0.0,0.0,84.159,15.098
3318.119,sglang:subprocess,0.0,0.0,84.159,15.098
3318.62,sglang:subprocess,0.0,0.0,84.159,15.098
3319.121,sglang:subprocess,0.0,0.0,84.159,15.098
3319.621,sglang:subprocess,0.0,0.0,84.159,15.098
3320.122,sglang:subprocess,0.0,0.0,84.16,15.098
3320.623,sglang:subprocess,0.0,0.0,84.16,15.098
3321.123,sglang:subprocess,0.0,0.0,84.159,15.098
3321.624,sglang:subprocess,0.0,0.0,84.159,15.098
3322.125,sglang:subprocess,0.0,0.0,84.159,15.098
3322.625,sglang:subprocess,0.0,0.0,84.159,15.098
3323.126,sglang:subprocess,0.0,0.0,84.16,15.098
3323.627,sglang:subprocess,0.0,0.0,84.156,15.098
3324.127,sglang:subprocess,0.0,0.0,84.154,15.098
3324.629,sglang:subprocess,0.0,0.0,84.154,15.098
3325.129,sglang:subprocess,0.0,0.0,84.153,15.098
3325.63,sglang:subprocess,0.0,0.0,84.153,15.098
3326.131,sglang:subprocess,0.0,0.0,84.154,15.098
3326.631,sglang:subprocess,0.0,0.0,84.154,15.098
3327.132,sglang:subprocess,0.0,0.0,84.155,15.098
3327.633,sglang:subprocess,0.0,0.0,84.155,15.098
3328.133,sglang:subprocess,0.0,0.0,84.154,15.098
3328.634,sglang:subprocess,0.0,0.0,84.154,15.098
3329.135,sglang:subprocess,0.0,0.0,84.156,15.098
3329.636,sglang:subprocess,0.0,0.0,84.157,15.098
3330.137,sglang:subprocess,0.0,0.0,84.157,15.098
3330.638,sglang:subprocess,0.0,0.0,84.138,15.098
3331.138,sglang:subprocess,0.0,0.0,84.137,15.098
3331.639,sglang:subprocess,0.0,0.0,84.137,15.098
3332.14,sglang:subprocess,0.0,0.0,84.138,15.098
3332.64,sglang:subprocess,0.0,0.0,84.137,15.098
3333.141,sglang:subprocess,0.0,0.0,84.137,15.098
3333.642,sglang:subprocess,0.0,0.0,84.136,15.098
3334.142,sglang:subprocess,0.0,0.0,84.135,15.098
3334.643,sglang:subprocess,0.0,0.0,84.135,15.098
3335.144,sglang:subprocess,0.0,0.0,84.136,15.098
3335.645,sglang:subprocess,0.0,0.0,84.137,15.098
3336.146,sglang:subprocess,0.0,0.0,84.137,15.098
3336.646,sglang:subprocess,0.0,0.0,84.137,15.098
3337.147,sglang:subprocess,0.0,0.0,84.137,15.098
3337.648,sglang:subprocess,0.0,0.0,84.139,15.098
3338.148,sglang:subprocess,0.0,0.0,84.14,15.098
3338.649,sglang:subprocess,0.0,0.0,84.14,15.098
3339.15,sglang:subprocess,0.0,0.0,84.137,15.098
3339.651,sglang:subprocess,0.0,0.0,84.138,15.098
3340.152,sglang:subprocess,0.0,0.0,84.139,15.098
3340.653,sglang:subprocess,0.0,0.0,84.138,15.098
3341.153,sglang:subprocess,0.0,0.0,84.139,15.098
3341.654,sglang:subprocess,0.0,0.0,84.139,15.098
3342.156,sglang:subprocess,0.0,0.0,84.139,15.098
3342.656,sglang:subprocess,0.0,0.0,84.138,15.098
3343.157,sglang:subprocess,0.0,0.0,84.135,15.098
3343.658,sglang:subprocess,0.0,0.0,84.136,15.098
3344.158,sglang:subprocess,0.0,0.0,84.136,15.098
3344.659,sglang:subprocess,0.0,0.0,84.136,15.098
3345.16,sglang:subprocess,0.0,0.0,84.135,15.098
3345.661,sglang:subprocess,0.0,0.0,84.136,15.098
3346.162,sglang:subprocess,0.0,0.0,84.136,15.098
3346.662,sglang:subprocess,0.0,0.0,84.135,15.098
3347.163,sglang:subprocess,0.0,0.0,84.138,15.098
3347.664,sglang:subprocess,0.0,0.0,84.139,15.098
3348.164,sglang:subprocess,0.0,0.0,84.14,15.098
3348.665,sglang:subprocess,0.0,0.0,84.141,15.098
3349.166,sglang:subprocess,0.0,0.0,84.139,15.098
3349.666,sglang:subprocess,0.0,0.0,84.139,15.098
3350.167,sglang:subprocess,0.0,0.0,84.14,15.098
3350.668,sglang:subprocess,0.0,0.0,84.138,15.098
3351.169,sglang:subprocess,0.0,0.0,84.137,15.098
3351.67,sglang:subprocess,0.0,0.0,84.137,15.098
3352.17,sglang:subprocess,0.0,0.0,84.137,15.098
3352.671,sglang:subprocess,0.0,0.0,84.137,15.098
3353.172,sglang:subprocess,0.0,0.0,84.135,15.098
3353.672,sglang:subprocess,0.0,0.0,84.135,15.098
3354.173,sglang:subprocess,0.0,0.0,84.135,15.098
3354.674,sglang:subprocess,0.0,0.0,84.136,15.098
3355.174,sglang:subprocess,0.0,0.0,84.136,15.098
3355.675,sglang:subprocess,0.0,0.0,84.136,15.098
3356.176,sglang:subprocess,0.0,0.0,84.136,15.098
3356.677,sglang:subprocess,0.0,0.0,84.136,15.098
3357.178,sglang:subprocess,0.0,0.0,84.139,15.098
3357.678,sglang:subprocess,0.0,0.0,84.139,15.098
3358.179,sglang:subprocess,0.0,0.0,84.139,15.098
3358.68,sglang:subprocess,0.0,0.0,84.138,15.098
3359.18,sglang:subprocess,0.0,0.0,84.138,15.098
3359.681,sglang:subprocess,0.0,0.0,84.139,15.098
3360.182,sglang:subprocess,0.0,0.0,84.139,15.098
3360.682,sglang:subprocess,0.0,0.0,84.138,15.098
3361.184,sglang:subprocess,0.0,0.0,84.14,15.098
3361.684,sglang:subprocess,0.0,0.0,84.139,15.098
3362.185,sglang:subprocess,0.0,0.0,84.139,15.098
3362.686,sglang:subprocess,0.0,0.0,84.14,15.098
3363.186,sglang:subprocess,0.0,0.0,84.14,15.098
3363.687,sglang:subprocess,0.0,0.0,84.136,15.098
3364.188,sglang:subprocess,0.0,0.0,84.136,15.098
3364.688,sglang:subprocess,0.0,0.0,84.136,15.098
3365.189,sglang:subprocess,0.0,0.0,84.136,15.098
3365.69,sglang:subprocess,0.0,0.0,84.136,15.098
3366.19,sglang:subprocess,0.0,0.0,84.136,15.098
3366.692,sglang:subprocess,0.0,0.0,84.135,15.098
3367.192,sglang:subprocess,0.0,0.0,84.136,15.098
3367.693,sglang:subprocess,0.0,0.0,84.136,15.098
3368.194,sglang:subprocess,0.0,0.0,84.138,15.098
3368.694,sglang:subprocess,0.0,0.0,84.138,15.098
3369.195,sglang:subprocess,0.0,0.0,84.139,15.098
3369.696,sglang:subprocess,0.0,0.0,84.139,15.098
3370.196,sglang:subprocess,0.0,0.0,84.139,15.098
3370.697,sglang:subprocess,0.0,0.0,84.138,15.098
3371.198,sglang:subprocess,0.0,0.0,84.137,15.098
3371.699,sglang:subprocess,0.0,0.0,84.137,15.098
3372.2,sglang:subprocess,0.0,0.0,84.137,15.098
3372.7,sglang:subprocess,0.0,0.0,84.139,15.098
3373.201,sglang:subprocess,0.0,0.0,84.139,15.098
3373.702,sglang:subprocess,0.0,0.0,84.139,15.098
3374.202,sglang:subprocess,0.0,0.0,84.135,15.098
3374.703,sglang:subprocess,0.0,0.0,84.134,15.098
3375.204,sglang:subprocess,0.0,0.0,84.134,15.098
3375.704,sglang:subprocess,0.0,0.0,84.135,15.098
3376.205,sglang:subprocess,0.0,0.0,84.135,15.098
3376.706,sglang:subprocess,0.0,0.0,84.135,15.098
3377.207,sglang:subprocess,0.0,0.0,84.136,15.098
3377.708,sglang:subprocess,0.0,0.0,84.135,15.098
3378.209,sglang:subprocess,0.0,0.0,84.138,15.098
3378.709,sglang:subprocess,0.0,0.0,84.138,15.098
3379.21,sglang:subprocess,0.0,0.0,84.137,15.098
3379.711,sglang:subprocess,0.0,0.0,84.137,15.098
3380.212,sglang:subprocess,0.0,0.0,84.137,15.098
3380.712,sglang:subprocess,0.0,0.0,84.137,15.098
3381.213,sglang:subprocess,0.0,0.0,84.137,15.098
3381.714,sglang:subprocess,0.0,0.0,84.137,15.098
3382.215,sglang:subprocess,0.0,0.0,84.138,15.098
3382.716,sglang:subprocess,0.0,0.0,84.075,15.098
3383.216,sglang:subprocess,0.0,0.0,84.111,15.098
3383.717,sglang:subprocess,0.0,0.0,84.112,15.098
3384.218,sglang:subprocess,0.0,0.0,84.112,15.098
3384.719,sglang:subprocess,0.0,0.0,84.112,15.098
3385.219,sglang:subprocess,0.0,0.0,84.112,15.098
3385.72,sglang:subprocess,0.0,0.0,84.112,15.098
3386.221,sglang:subprocess,0.0,0.0,84.112,15.098
3386.721,sglang:subprocess,0.0,0.0,84.112,15.098
3387.222,sglang:subprocess,0.0,0.0,84.111,15.098
3387.723,sglang:subprocess,0.0,0.0,84.11,15.098
3388.224,sglang:subprocess,0.0,0.0,84.111,15.098
3388.725,sglang:subprocess,0.0,0.0,84.111,15.098
3389.225,sglang:subprocess,0.0,0.0,84.111,15.098
3389.726,sglang:subprocess,0.0,0.0,84.111,15.098
3390.227,sglang:subprocess,0.0,0.0,84.111,15.098
3390.727,sglang:subprocess,0.0,0.0,84.111,15.098
3391.228,sglang:subprocess,0.0,0.0,84.112,15.098
3391.729,sglang:subprocess,0.0,0.0,84.112,15.098
3392.229,sglang:subprocess,0.0,0.0,84.112,15.098
3392.73,sglang:subprocess,0.0,0.0,84.112,15.098
3393.231,sglang:subprocess,0.0,0.0,84.111,15.098
3393.732,sglang:subprocess,0.0,0.0,84.11,15.098
3394.233,sglang:subprocess,0.0,0.0,84.108,15.098
3394.733,sglang:subprocess,0.0,0.0,84.108,15.098
3395.234,sglang:subprocess,0.0,0.0,84.109,15.098
3395.735,sglang:subprocess,0.0,0.0,84.109,15.098
3396.235,sglang:subprocess,0.0,0.0,84.108,15.098
3396.736,sglang:subprocess,0.0,0.0,84.108,15.098
3397.237,sglang:subprocess,0.0,0.0,84.109,15.098
3397.737,sglang:subprocess,0.0,0.0,84.109,15.098
3398.238,sglang:subprocess,0.0,0.0,84.108,15.098
3398.739,sglang:subprocess,0.0,0.0,84.109,15.098
3399.24,sglang:subprocess,0.0,0.0,84.111,15.098
3399.74,sglang:subprocess,0.0,0.0,84.112,15.098
3400.241,sglang:subprocess,0.0,0.0,84.111,15.098
3400.742,sglang:subprocess,0.0,0.0,84.111,15.098
3401.242,sglang:subprocess,0.0,0.0,84.111,15.098
3401.743,sglang:subprocess,0.0,0.0,84.111,15.098
3402.244,sglang:subprocess,0.0,0.0,84.111,15.098
3402.745,sglang:subprocess,0.0,0.0,84.111,15.098
3403.246,sglang:subprocess,0.0,0.0,84.11,15.098
3403.747,sglang:subprocess,0.0,0.0,84.109,15.098
3404.247,sglang:subprocess,0.0,0.0,84.109,15.098
3404.748,sglang:subprocess,0.0,0.0,84.109,15.098
3405.249,sglang:subprocess,0.0,0.0,84.109,15.098
3405.749,sglang:subprocess,0.0,0.0,84.109,15.098
3406.25,sglang:subprocess,0.0,0.0,84.11,15.098
3406.751,sglang:subprocess,0.0,0.0,84.109,15.098
3407.251,sglang:subprocess,0.0,0.0,84.113,15.098
3407.752,sglang:subprocess,0.0,0.0,84.112,15.098
3408.253,sglang:subprocess,0.0,0.0,84.113,15.098
3408.754,sglang:subprocess,0.0,0.0,84.112,15.098
3409.254,sglang:subprocess,0.0,0.0,84.113,15.098
3409.755,sglang:subprocess,0.0,0.0,84.111,15.098
3410.256,sglang:subprocess,0.0,0.0,84.112,15.098
3410.756,sglang:subprocess,0.0,0.0,84.112,15.098
3411.257,sglang:subprocess,0.0,0.0,84.115,15.098
3411.758,sglang:subprocess,0.0,0.0,84.116,15.098
3412.258,sglang:subprocess,0.0,0.0,84.117,15.098
3412.759,sglang:subprocess,0.0,0.0,84.117,15.098
3413.26,sglang:subprocess,0.0,0.0,84.114,15.098
3413.761,sglang:subprocess,0.0,0.0,84.114,15.098
3414.266,sglang:subprocess,0.0,0.0,84.117,15.098
3414.766,sglang:subprocess,0.0,0.0,84.117,15.098
3415.267,sglang:subprocess,0.0,0.0,84.117,15.098
3415.768,sglang:subprocess,0.0,0.0,84.113,15.098
3416.268,sglang:subprocess,0.0,0.0,84.114,15.098
3416.769,sglang:subprocess,0.0,0.0,84.115,15.098
3417.27,sglang:subprocess,0.0,0.0,84.116,15.098
3417.77,sglang:subprocess,0.0,0.0,84.118,15.098
3418.271,sglang:subprocess,0.0,0.0,84.117,15.098
3418.772,sglang:subprocess,0.0,0.0,84.117,15.098
3419.273,sglang:subprocess,0.0,0.0,84.116,15.098
3419.774,sglang:subprocess,0.0,0.0,84.116,15.098
3420.275,sglang:subprocess,0.0,0.0,84.116,15.098
3420.775,sglang:subprocess,0.0,0.0,84.12,15.098
3421.276,sglang:subprocess,0.0,0.0,84.117,15.098
3421.777,sglang:subprocess,0.0,0.0,84.117,15.098
3422.277,sglang:subprocess,0.0,0.0,84.117,15.098
3422.778,sglang:subprocess,0.0,0.0,84.119,15.098
3423.279,sglang:subprocess,0.0,0.0,84.116,15.098
3423.779,sglang:subprocess,0.0,0.0,84.117,15.098
3424.28,sglang:subprocess,0.0,0.0,84.116,15.098
3424.781,sglang:subprocess,0.0,0.0,84.117,15.098
3425.282,sglang:subprocess,0.0,0.0,84.114,15.098
3425.782,sglang:subprocess,0.0,0.0,84.116,15.098
3426.283,sglang:subprocess,0.0,0.0,84.116,15.098
3426.784,sglang:subprocess,0.0,0.0,84.117,15.098
3427.285,sglang:subprocess,0.0,0.0,84.115,15.098
3427.785,sglang:subprocess,0.0,0.0,84.118,15.098
3428.286,sglang:subprocess,0.0,0.0,84.118,15.098
3428.787,sglang:subprocess,0.0,0.0,84.126,15.098
3429.287,sglang:subprocess,0.0,0.0,84.116,15.098
3429.788,sglang:subprocess,0.0,0.0,84.117,15.098
3430.289,sglang:subprocess,0.0,0.0,84.114,15.098
3430.79,sglang:subprocess,0.0,0.0,84.123,15.098
3431.291,sglang:subprocess,0.0,0.0,84.114,15.098
3431.791,sglang:subprocess,0.0,0.0,84.114,15.098
3432.292,sglang:subprocess,0.0,0.0,84.114,15.098
3432.795,sglang:subprocess,0.0,0.0,84.12,15.098
3433.296,sglang:subprocess,0.0,0.0,84.115,15.098
3433.797,sglang:subprocess,0.0,0.0,84.114,15.098
3434.297,sglang:subprocess,0.0,0.0,84.114,15.098
3434.799,sglang:subprocess,0.0,0.0,84.113,15.098
3435.299,sglang:subprocess,0.0,0.0,84.113,15.098
3435.8,sglang:subprocess,0.0,0.0,84.113,15.098
3436.301,sglang:subprocess,0.0,0.0,84.112,15.098
3436.801,sglang:subprocess,0.0,0.0,84.113,15.098
3437.302,sglang:subprocess,0.0,0.0,84.117,15.098
3437.803,sglang:subprocess,0.0,0.0,84.117,15.098
3438.303,sglang:subprocess,0.0,0.0,84.117,15.098
3438.804,sglang:subprocess,0.0,0.0,84.117,15.098
3439.305,sglang:subprocess,0.0,0.0,84.116,15.098
3439.805,sglang:subprocess,0.0,0.0,84.125,15.098
3440.307,sglang:subprocess,0.0,0.0,84.126,15.098
3440.808,sglang:subprocess,0.0,0.0,84.125,15.098
3441.308,sglang:subprocess,0.0,0.0,84.125,15.098
3441.809,sglang:subprocess,0.0,0.0,84.128,15.098
3442.31,sglang:subprocess,0.0,0.0,84.129,15.098
3442.81,sglang:subprocess,0.0,0.0,84.129,15.098
3443.311,sglang:subprocess,0.0,0.0,84.123,15.098
3443.812,sglang:subprocess,0.0,0.0,84.123,15.098
3444.313,sglang:subprocess,0.0,0.0,84.122,15.098
3444.814,sglang:subprocess,0.0,0.0,84.122,15.098
3445.315,sglang:subprocess,0.0,0.0,84.122,15.098
3445.816,sglang:subprocess,0.0,0.0,84.122,15.098
3446.316,sglang:subprocess,0.0,0.0,84.122,15.098
3446.817,sglang:subprocess,0.0,0.0,84.129,15.098
3447.318,sglang:subprocess,0.0,0.0,84.132,15.098
3447.819,sglang:subprocess,0.0,0.0,84.133,15.098
3448.319,sglang:subprocess,0.0,0.0,84.132,15.098
3448.82,sglang:subprocess,0.0,0.0,84.132,15.098
3449.321,sglang:subprocess,0.0,0.0,84.132,15.098
3449.822,sglang:subprocess,0.0,0.0,84.132,15.098
3450.322,sglang:subprocess,0.0,0.0,84.133,15.098
3450.823,sglang:subprocess,0.0,0.0,84.133,15.098
3451.329,sglang:subprocess,0.0,0.0,84.133,15.098
3451.832,sglang:subprocess,0.0,0.0,84.142,15.098
3452.333,sglang:subprocess,0.0,0.0,84.142,15.098
3452.84,sglang:subprocess,0.0,0.0,84.157,15.098
3453.341,sglang:subprocess,0.0,0.0,84.15,15.098
3453.842,sglang:subprocess,0.0,0.0,84.15,15.098
3454.342,sglang:subprocess,0.0,0.0,84.146,15.098
3454.843,sglang:subprocess,0.0,0.0,84.147,15.098
3455.344,sglang:subprocess,0.0,0.0,84.146,15.098
3455.845,sglang:subprocess,0.0,0.0,84.146,15.098
3456.346,sglang:subprocess,0.0,0.0,84.147,15.098
3456.846,sglang:subprocess,0.0,0.0,84.146,15.098
3457.347,sglang:subprocess,0.0,0.0,84.147,15.098
3457.848,sglang:subprocess,0.0,0.0,84.146,15.098
3458.348,sglang:subprocess,0.0,0.0,84.147,15.098
3458.849,sglang:subprocess,0.0,0.0,84.146,15.098
3459.35,sglang:subprocess,0.0,0.0,84.146,15.098
3459.85,sglang:subprocess,0.0,0.0,84.147,15.098
3460.351,sglang:subprocess,0.0,0.0,84.147,15.098
3460.852,sglang:subprocess,0.0,0.0,84.152,15.098
3461.354,sglang:subprocess,0.0,0.0,84.141,15.098
3461.854,sglang:subprocess,0.0,0.0,84.141,15.098
3462.355,sglang:subprocess,0.0,0.0,84.141,15.098
3462.856,sglang:subprocess,0.0,0.0,84.142,15.098
3463.356,sglang:subprocess,0.0,0.0,84.143,15.098
3463.857,sglang:subprocess,0.0,0.0,84.143,15.098
3464.358,sglang:subprocess,0.0,0.0,84.142,15.098
3464.859,sglang:subprocess,0.0,0.0,84.14,15.098
3465.359,sglang:subprocess,0.0,0.0,84.139,15.098
3465.86,sglang:subprocess,0.0,0.0,84.139,15.098
3466.361,sglang:subprocess,0.0,0.0,84.139,15.098
3466.862,sglang:subprocess,0.0,0.0,84.139,15.098
3467.363,sglang:subprocess,0.0,0.0,84.139,15.098
3467.863,sglang:subprocess,0.0,0.0,84.139,15.098
3468.364,sglang:subprocess,0.0,0.0,84.14,15.098
3468.865,sglang:subprocess,0.0,0.0,84.141,15.098
3469.365,sglang:subprocess,0.0,0.0,84.141,15.098
3469.866,sglang:subprocess,0.0,0.0,84.141,15.098
3470.367,sglang:subprocess,0.0,0.0,84.142,15.098
3470.867,sglang:subprocess,0.0,0.0,84.142,15.098
3471.368,sglang:subprocess,0.0,0.0,84.142,15.098
3471.872,sglang:subprocess,0.0,0.0,84.142,15.098
3472.372,sglang:subprocess,0.0,0.0,84.142,15.098
3472.873,sglang:subprocess,0.0,0.0,84.142,15.098
3473.374,sglang:subprocess,0.0,0.0,84.143,15.098
3473.874,sglang:subprocess,0.0,0.0,84.14,15.098
3474.375,sglang:subprocess,0.0,0.0,84.139,15.098
3474.876,sglang:subprocess,0.0,0.0,84.139,15.098
3475.376,sglang:subprocess,0.0,0.0,84.139,15.098
3475.877,sglang:subprocess,0.0,0.0,84.14,15.098
3476.378,sglang:subprocess,0.0,0.0,84.141,15.098
3476.879,sglang:subprocess,0.0,0.0,84.14,15.098
3477.38,sglang:subprocess,0.0,0.0,84.141,15.098
3477.88,sglang:subprocess,0.0,0.0,84.141,15.098
3478.381,sglang:subprocess,0.0,0.0,84.141,15.098
3478.882,sglang:subprocess,0.0,0.0,84.143,15.098
3479.382,sglang:subprocess,0.0,0.0,84.143,15.098
3479.883,sglang:subprocess,0.0,0.0,84.143,15.098
3480.384,sglang:subprocess,0.0,0.0,84.143,15.098
3480.884,sglang:subprocess,0.0,0.0,84.141,15.098
3481.385,sglang:subprocess,0.0,0.0,84.142,15.098
3481.886,sglang:subprocess,0.0,0.0,84.142,15.098
3482.387,sglang:subprocess,0.0,0.0,84.142,15.098
3482.888,sglang:subprocess,0.0,0.0,84.142,15.098
3483.388,sglang:subprocess,0.0,0.0,84.143,15.098
3483.889,sglang:subprocess,0.0,0.0,84.143,15.098
3484.39,sglang:subprocess,0.0,0.0,84.143,15.098
3484.89,sglang:subprocess,0.0,0.0,84.139,15.098
3485.391,sglang:subprocess,0.0,0.0,84.139,15.098
3485.892,sglang:subprocess,0.0,0.0,84.139,15.098
3486.392,sglang:subprocess,0.0,0.0,84.14,15.098
3486.893,sglang:subprocess,0.0,0.0,84.14,15.098
3487.394,sglang:subprocess,0.0,0.0,84.142,15.098
3487.895,sglang:subprocess,0.0,0.0,84.142,15.098
3488.396,sglang:subprocess,0.0,0.0,84.143,15.098
3488.896,sglang:subprocess,0.0,0.0,84.144,15.098
3489.397,sglang:subprocess,0.0,0.0,84.144,15.098
3489.898,sglang:subprocess,0.0,0.0,84.144,15.098
3490.399,sglang:subprocess,0.0,0.0,84.144,15.098
3490.899,sglang:subprocess,0.0,0.0,84.144,15.098
3491.4,sglang:subprocess,0.0,0.0,84.144,15.098
3491.901,sglang:subprocess,0.0,0.0,84.144,15.098
3492.402,sglang:subprocess,0.0,0.0,84.144,15.098
3492.903,sglang:subprocess,0.0,0.0,84.145,15.098
3493.403,sglang:subprocess,0.0,0.0,84.145,15.098
3493.904,sglang:subprocess,0.0,0.0,84.145,15.098
3494.405,sglang:subprocess,0.0,0.0,84.145,15.098
3494.906,sglang:subprocess,0.0,0.0,84.14,15.098
3495.406,sglang:subprocess,0.0,0.0,84.14,15.098
3495.907,sglang:subprocess,0.0,0.0,84.14,15.098
3496.408,sglang:subprocess,0.0,0.0,84.14,15.098
3496.908,sglang:subprocess,0.0,0.0,84.142,15.098
3497.409,sglang:subprocess,0.0,0.0,84.141,15.098
3497.91,sglang:subprocess,0.0,0.0,84.141,15.098
3498.411,sglang:subprocess,0.0,0.0,84.141,15.098
3498.912,sglang:subprocess,0.0,0.0,84.143,15.098
3499.412,sglang:subprocess,0.0,0.0,84.143,15.098
3499.913,sglang:subprocess,0.0,0.0,84.143,15.098
3500.414,sglang:subprocess,0.0,0.0,84.142,15.098
3500.915,sglang:subprocess,0.0,0.0,84.143,15.098
3501.415,sglang:subprocess,0.0,0.0,84.143,15.098
3501.916,sglang:subprocess,0.0,0.0,84.145,15.098
3502.417,sglang:subprocess,0.0,0.0,84.144,15.098
3502.917,sglang:subprocess,0.0,0.0,84.143,15.098
3503.419,sglang:subprocess,0.0,0.0,84.143,15.098
3503.919,sglang:subprocess,0.0,0.0,84.143,15.098
3504.42,sglang:subprocess,0.0,0.0,84.144,15.098
3504.921,sglang:subprocess,0.0,0.0,84.17,15.098
3505.421,sglang:subprocess,0.0,0.0,84.184,15.098
3505.922,sglang:subprocess,0.0,0.0,84.183,15.098
3506.423,sglang:subprocess,0.0,0.0,84.184,15.098
3506.923,sglang:subprocess,0.0,0.0,84.183,15.098
3507.424,sglang:subprocess,0.0,0.0,84.183,15.098
3507.925,sglang:subprocess,0.0,0.0,84.185,15.098
3508.426,sglang:subprocess,0.0,0.0,84.186,15.098
3508.927,sglang:subprocess,0.0,0.0,84.184,15.098
3509.427,sglang:subprocess,0.0,0.0,84.184,15.098
3509.928,sglang:subprocess,0.0,0.0,84.185,15.098
3510.429,sglang:subprocess,0.0,0.0,84.185,15.098
3510.929,sglang:subprocess,0.0,0.0,84.185,15.098
3511.43,sglang:subprocess,0.0,0.0,84.185,15.098
3511.931,sglang:subprocess,0.0,0.0,84.186,15.098
3512.432,sglang:subprocess,0.0,0.0,84.185,15.098
3512.932,sglang:subprocess,0.0,0.0,84.185,15.098
3513.433,sglang:subprocess,0.0,0.0,84.185,15.098
3513.934,sglang:subprocess,0.0,0.0,84.186,15.098
3514.435,sglang:subprocess,0.0,0.0,84.186,15.098
3514.935,sglang:subprocess,0.0,0.0,84.185,15.098
3515.436,sglang:subprocess,0.0,0.0,84.186,15.098
3515.937,sglang:subprocess,0.0,0.0,84.186,15.098
3516.437,sglang:subprocess,0.0,0.0,84.186,15.098
3516.938,sglang:subprocess,0.0,0.0,84.187,15.098
3517.439,sglang:subprocess,0.0,0.0,84.185,15.098
3517.94,sglang:subprocess,0.0,0.0,84.186,15.098
3518.44,sglang:subprocess,0.0,0.0,84.186,15.098
3518.941,sglang:subprocess,0.0,0.0,84.185,15.098
3519.442,sglang:subprocess,0.0,0.0,84.188,15.098
3519.943,sglang:subprocess,0.0,0.0,84.188,15.098
3520.443,sglang:subprocess,0.0,0.0,84.187,15.098
3520.944,sglang:subprocess,0.0,0.0,84.19,15.098
3521.445,sglang:subprocess,0.0,0.0,84.189,15.098
3521.945,sglang:subprocess,0.0,0.0,84.189,15.098
3522.446,sglang:subprocess,0.0,0.0,84.189,15.098
3522.947,sglang:subprocess,0.0,0.0,84.188,15.098
3523.448,sglang:subprocess,0.0,0.0,84.185,15.098
3523.948,sglang:subprocess,0.0,0.0,84.186,15.098
3524.449,sglang:subprocess,0.0,0.0,84.186,15.098
3524.95,sglang:subprocess,0.0,0.0,84.185,15.098
3525.451,sglang:subprocess,0.0,0.0,84.185,15.098
3525.951,sglang:subprocess,0.0,0.0,84.185,15.098
3526.452,sglang:subprocess,0.0,0.0,84.185,15.098
3526.953,sglang:subprocess,0.0,0.0,84.186,15.098
3527.454,sglang:subprocess,0.0,0.0,84.188,15.098
3527.954,sglang:subprocess,0.0,0.0,84.188,15.098
3528.455,sglang:subprocess,0.0,0.0,84.189,15.098
3528.956,sglang:subprocess,0.0,0.0,84.188,15.098
3529.457,sglang:subprocess,0.0,0.0,84.188,15.098
3529.957,sglang:subprocess,0.0,0.0,84.188,15.098
3530.458,sglang:subprocess,0.0,0.0,84.188,15.098
3530.959,sglang:subprocess,0.0,0.0,84.189,15.098
3531.46,sglang:subprocess,0.0,0.0,84.19,15.098
3531.96,sglang:subprocess,0.0,0.0,84.191,15.098
3532.461,sglang:subprocess,0.0,0.0,84.191,15.098
3532.962,sglang:subprocess,0.0,0.0,84.189,15.098
3533.462,sglang:subprocess,0.0,0.0,84.191,15.098
3533.963,sglang:subprocess,0.0,0.0,84.187,15.098
3534.464,sglang:subprocess,0.0,0.0,84.188,15.098
3534.965,sglang:subprocess,0.0,0.0,84.187,15.098
3535.465,sglang:subprocess,0.0,0.0,84.186,15.098
3535.966,sglang:subprocess,0.0,0.0,84.186,15.098
3536.467,sglang:subprocess,0.0,0.0,84.186,15.098
3536.967,sglang:subprocess,0.0,0.0,84.188,15.098
3537.468,sglang:subprocess,0.0,0.0,84.188,15.098
3537.969,sglang:subprocess,0.0,0.0,84.19,15.098
3538.469,sglang:subprocess,0.0,0.0,84.19,15.098
3538.97,sglang:subprocess,0.0,0.0,84.187,15.098
3539.471,sglang:subprocess,0.0,0.0,84.188,15.098
3539.972,sglang:subprocess,0.0,0.0,84.189,15.098
3540.473,sglang:subprocess,0.0,0.0,84.19,15.098
3540.973,sglang:subprocess,0.0,0.0,84.19,15.098
3541.474,sglang:subprocess,0.0,0.0,84.191,15.098
3541.975,sglang:subprocess,0.0,0.0,84.192,15.098
3542.475,sglang:subprocess,0.0,0.0,84.192,15.098
3542.976,sglang:subprocess,0.0,0.0,84.191,15.098
3543.477,sglang:subprocess,0.0,0.0,84.189,15.098
3543.978,sglang:subprocess,0.0,0.0,84.189,15.098
3544.478,sglang:subprocess,0.0,0.0,84.188,15.098
3544.979,sglang:subprocess,0.0,0.0,84.188,15.098
3545.48,sglang:subprocess,0.0,0.0,84.188,15.098
3545.981,sglang:subprocess,0.0,0.0,84.186,15.098
3546.481,sglang:subprocess,0.0,0.0,84.186,15.098
3546.982,sglang:subprocess,0.0,0.0,84.189,15.098
3547.483,sglang:subprocess,0.0,0.0,84.19,15.098
3547.984,sglang:subprocess,0.0,0.0,84.192,15.098
3548.484,sglang:subprocess,0.0,0.0,84.193,15.098
3548.985,sglang:subprocess,0.0,0.0,84.193,15.098
3549.486,sglang:subprocess,0.0,0.0,84.193,15.098
3549.986,sglang:subprocess,0.0,0.0,84.193,15.098
3550.487,sglang:subprocess,0.0,0.0,84.192,15.098
3550.988,sglang:subprocess,0.0,0.0,84.192,15.098
3551.489,sglang:subprocess,0.0,0.0,84.193,15.098
3551.989,sglang:subprocess,0.0,0.0,84.193,15.098
3552.49,sglang:subprocess,0.0,0.0,84.193,15.098
3552.991,sglang:subprocess,0.0,0.0,84.187,15.098
3553.491,sglang:subprocess,0.0,0.0,84.188,15.098
3553.992,sglang:subprocess,0.0,0.0,84.188,15.098
3554.493,sglang:subprocess,0.0,0.0,84.188,15.098
3554.993,sglang:subprocess,0.0,0.0,84.186,15.098
3555.495,sglang:subprocess,0.0,0.0,84.186,15.098
3555.995,sglang:subprocess,0.0,0.0,84.188,15.098
3556.496,sglang:subprocess,0.0,0.0,84.188,15.098
3556.997,sglang:subprocess,0.0,0.0,84.19,15.098
3557.497,sglang:subprocess,0.0,0.0,84.191,15.098
3557.998,sglang:subprocess,0.0,0.0,84.191,15.098
3558.499,sglang:subprocess,0.0,0.0,84.193,15.098
3558.999,sglang:subprocess,0.0,0.0,84.192,15.098
3559.5,sglang:subprocess,0.0,0.0,84.191,15.098
3560.001,sglang:subprocess,0.0,0.0,84.192,15.098
3560.502,sglang:subprocess,0.0,0.0,84.192,15.098
3561.003,sglang:subprocess,0.0,0.0,84.193,15.098
3561.503,sglang:subprocess,0.0,0.0,84.193,15.098
3562.004,sglang:subprocess,0.0,0.0,84.194,15.098
3562.505,sglang:subprocess,0.0,0.0,84.194,15.098
3563.005,sglang:subprocess,0.0,0.0,84.193,15.098
3563.506,sglang:subprocess,0.0,0.0,84.187,15.098
3564.007,sglang:subprocess,0.0,0.0,84.186,15.098
3564.508,sglang:subprocess,0.0,0.0,84.187,15.098
3565.008,sglang:subprocess,0.0,0.0,84.186,15.098
3565.509,sglang:subprocess,0.0,0.0,84.186,15.098
3566.01,sglang:subprocess,0.0,0.0,84.185,15.098
3566.511,sglang:subprocess,0.0,0.0,84.184,15.098
3567.011,sglang:subprocess,0.0,0.0,84.187,15.098
3567.512,sglang:subprocess,0.0,0.0,84.187,15.098
3568.013,sglang:subprocess,0.0,0.0,84.19,15.098
3568.514,sglang:subprocess,0.0,0.0,84.191,15.098
3569.014,sglang:subprocess,0.0,0.0,84.19,15.098
3569.515,sglang:subprocess,0.0,0.0,84.19,15.098
3570.016,sglang:subprocess,0.0,0.0,84.192,15.098
3570.516,sglang:subprocess,0.0,0.0,84.191,15.098
3571.017,sglang:subprocess,0.0,0.0,84.192,15.098
3571.518,sglang:subprocess,0.0,0.0,84.192,15.098
3572.019,sglang:subprocess,0.0,0.0,84.19,15.098
3572.519,sglang:subprocess,0.0,0.0,84.19,15.098
3573.02,sglang:subprocess,0.0,0.0,84.189,15.098
3573.521,sglang:subprocess,0.0,0.0,84.189,15.098
3574.022,sglang:subprocess,0.0,0.0,84.189,15.098
3574.522,sglang:subprocess,0.0,0.0,84.19,15.098
3575.023,sglang:subprocess,0.0,0.0,84.192,15.098
3575.524,sglang:subprocess,0.0,0.0,84.192,15.098
3576.024,sglang:subprocess,0.0,0.0,84.192,15.098
3576.526,sglang:subprocess,0.0,0.0,84.192,15.098
3577.026,sglang:subprocess,0.0,0.0,84.192,15.098
3577.527,sglang:subprocess,0.0,0.0,84.192,15.098
3578.028,sglang:subprocess,0.0,0.0,84.192,15.098
3578.528,sglang:subprocess,0.0,0.0,84.194,15.098
3579.029,sglang:subprocess,0.0,0.0,84.194,15.098
3579.53,sglang:subprocess,0.0,0.0,84.194,15.098
3580.03,sglang:subprocess,0.0,0.0,84.194,15.098
3580.531,sglang:subprocess,0.0,0.0,84.193,15.098
3581.032,sglang:subprocess,0.0,0.0,84.193,15.098
3581.532,sglang:subprocess,0.0,0.0,84.193,15.098
3582.034,sglang:subprocess,0.0,0.0,84.193,15.098
3582.534,sglang:subprocess,0.0,0.0,84.192,15.098
3583.035,sglang:subprocess,0.0,0.0,84.191,15.098
3583.536,sglang:subprocess,0.0,0.0,84.192,15.098
3584.036,sglang:subprocess,0.0,0.0,84.188,15.098
3584.537,sglang:subprocess,0.0,0.0,84.187,15.098
3585.038,sglang:subprocess,0.0,0.0,84.187,15.098
3585.538,sglang:subprocess,0.0,0.0,84.187,15.098
3586.039,sglang:subprocess,0.0,0.0,84.186,15.098
3586.54,sglang:subprocess,0.0,0.0,84.186,15.098
3587.041,sglang:subprocess,0.0,0.0,84.187,15.098
3587.542,sglang:subprocess,0.0,0.0,84.188,15.098
3588.042,sglang:subprocess,0.0,0.0,84.188,15.098
3588.543,sglang:subprocess,0.0,0.0,84.186,15.098
3589.044,sglang:subprocess,0.0,0.0,84.186,15.098
3589.544,sglang:subprocess,0.0,0.0,84.186,15.098
3590.045,sglang:subprocess,0.0,0.0,84.186,15.098
3590.546,sglang:subprocess,0.0,0.0,84.186,15.098
3591.046,sglang:subprocess,0.0,0.0,84.186,15.098
3591.547,sglang:subprocess,0.0,0.0,84.185,15.098
3592.048,sglang:subprocess,0.0,0.0,84.184,15.098
3592.549,sglang:subprocess,0.0,0.0,84.184,15.098
3593.05,sglang:subprocess,0.0,0.0,84.184,15.098
3593.551,sglang:subprocess,0.0,0.0,84.185,15.098
3594.051,sglang:subprocess,0.0,0.0,84.184,15.098
3594.552,sglang:subprocess,0.0,0.0,84.185,15.098
3595.053,sglang:subprocess,0.0,0.0,84.185,15.098
3595.553,sglang:subprocess,0.0,0.0,84.184,15.098
3596.054,sglang:subprocess,0.0,0.0,84.186,15.098
3596.555,sglang:subprocess,0.0,0.0,84.184,15.098
3597.055,sglang:subprocess,0.0,0.0,84.187,15.098
3597.557,sglang:subprocess,0.0,0.0,84.187,15.098
3598.057,sglang:subprocess,0.0,0.0,84.187,15.098
3598.558,sglang:subprocess,0.0,0.0,84.188,15.098
3599.059,sglang:subprocess,0.0,0.0,84.186,15.098
3599.559,sglang:subprocess,0.0,0.0,84.187,15.098
3600.06,sglang:subprocess,0.0,0.0,84.188,15.098
3600.561,sglang:subprocess,0.0,0.0,84.189,15.098
3601.061,sglang:subprocess,0.0,0.0,84.189,15.098
3601.562,sglang:subprocess,0.0,0.0,84.19,15.098
3602.063,sglang:subprocess,0.0,0.0,84.19,15.098
3602.563,sglang:subprocess,0.0,0.0,84.189,15.098
3603.065,sglang:subprocess,0.0,0.0,84.188,15.098
3603.565,sglang:subprocess,0.0,0.0,84.189,15.098
3604.066,sglang:subprocess,0.0,0.0,84.183,15.098
3604.567,sglang:subprocess,0.0,0.0,84.183,15.098
3605.067,sglang:subprocess,0.0,0.0,84.182,15.098
3605.568,sglang:subprocess,0.0,0.0,84.182,15.098
3606.069,sglang:subprocess,0.0,0.0,84.182,15.098
3606.569,sglang:subprocess,0.0,0.0,84.182,15.098
3607.07,sglang:subprocess,0.0,0.0,84.187,15.098
3607.571,sglang:subprocess,0.0,0.0,84.188,15.098
3608.072,sglang:subprocess,0.0,0.0,84.187,15.098
3608.573,sglang:subprocess,0.0,0.0,84.189,15.098
3609.073,sglang:subprocess,0.0,0.0,84.189,15.098
3609.574,sglang:subprocess,0.0,0.0,84.188,15.098
3610.075,sglang:subprocess,0.0,0.0,84.188,15.098
3610.575,sglang:subprocess,0.0,0.0,84.189,15.098
3611.076,sglang:subprocess,0.0,0.0,84.188,15.098
3611.577,sglang:subprocess,0.0,0.0,84.188,15.098
3612.077,sglang:subprocess,0.0,0.0,84.188,15.098
3612.578,sglang:subprocess,0.0,0.0,84.188,15.098
3613.078,sglang:subprocess,0.0,0.0,84.189,15.098
3613.58,sglang:subprocess,0.0,0.0,84.182,15.098
3614.08,sglang:subprocess,0.0,0.0,84.183,15.098
3614.581,sglang:subprocess,0.0,0.0,84.183,15.098
3615.082,sglang:subprocess,0.0,0.0,84.181,15.098
3615.582,sglang:subprocess,0.0,0.0,84.181,15.098
3616.083,sglang:subprocess,0.0,0.0,84.182,15.098
3616.584,sglang:subprocess,0.0,0.0,84.182,15.098
3617.084,sglang:subprocess,0.0,0.0,84.184,15.098
3617.585,sglang:subprocess,0.0,0.0,84.184,15.098
3618.086,sglang:subprocess,0.0,0.0,84.184,15.098
3618.587,sglang:subprocess,0.0,0.0,84.186,15.098
3619.087,sglang:subprocess,0.0,0.0,84.184,15.098
3619.588,sglang:subprocess,0.0,0.0,84.183,15.098
3620.089,sglang:subprocess,0.0,0.0,84.184,15.098
3620.589,sglang:subprocess,0.0,0.0,84.184,15.098
3621.09,sglang:subprocess,0.0,0.0,84.185,15.098
3621.591,sglang:subprocess,0.0,0.0,84.185,15.098
3622.091,sglang:subprocess,0.0,0.0,84.186,15.098
3622.592,sglang:subprocess,0.0,0.0,84.186,15.098
3623.093,sglang:subprocess,0.0,0.0,84.182,15.098
3623.594,sglang:subprocess,0.0,0.0,84.182,15.098
3624.095,sglang:subprocess,0.0,0.0,84.182,15.098
3624.595,sglang:subprocess,0.0,0.0,84.182,15.098
3625.096,sglang:subprocess,0.0,0.0,84.183,15.098
3625.597,sglang:subprocess,0.0,0.0,84.142,15.098
3626.098,sglang:subprocess,0.0,0.0,84.142,15.098
3626.598,sglang:subprocess,0.0,0.0,84.143,15.098
3627.099,sglang:subprocess,0.0,0.0,84.146,15.098
3627.6,sglang:subprocess,0.0,0.0,84.145,15.098
3628.1,sglang:subprocess,0.0,0.0,84.145,15.098
3628.601,sglang:subprocess,0.0,0.0,84.146,15.098
3629.102,sglang:subprocess,0.0,0.0,84.146,15.098
3629.603,sglang:subprocess,0.0,0.0,84.146,15.098
3630.104,sglang:subprocess,0.0,0.0,84.146,15.098
3630.604,sglang:subprocess,0.0,0.0,84.146,15.098
3631.105,sglang:subprocess,0.0,0.0,84.147,15.098
3631.606,sglang:subprocess,0.0,0.0,84.147,15.098
3632.106,sglang:subprocess,0.0,0.0,84.147,15.098
3632.607,sglang:subprocess,0.0,0.0,84.148,15.098
3633.108,sglang:subprocess,0.0,0.0,84.145,15.098
3633.608,sglang:subprocess,0.0,0.0,84.14,15.098
3634.109,sglang:subprocess,0.0,0.0,84.141,15.098
3634.61,sglang:subprocess,0.0,0.0,84.141,15.098
3635.111,sglang:subprocess,0.0,0.0,84.141,15.098
3635.612,sglang:subprocess,0.0,0.0,84.141,15.098
3636.112,sglang:subprocess,0.0,0.0,84.141,15.098
3636.613,sglang:subprocess,0.0,0.0,84.141,15.098
3637.114,sglang:subprocess,0.0,0.0,84.144,15.098
3637.614,sglang:subprocess,0.0,0.0,84.145,15.098
3638.115,sglang:subprocess,0.0,0.0,84.144,15.098
3638.616,sglang:subprocess,0.0,0.0,84.145,15.098
3639.116,sglang:subprocess,0.0,0.0,84.145,15.098
3639.623,sglang:subprocess,0.0,0.0,84.145,15.098
3640.123,sglang:subprocess,0.0,0.0,84.145,15.098
3640.624,sglang:subprocess,0.0,0.0,84.145,15.098
3641.125,sglang:subprocess,0.0,0.0,84.146,15.098
3641.632,sglang:subprocess,0.0,0.0,84.146,15.098
3642.133,sglang:subprocess,0.0,0.0,84.146,15.098
3642.633,sglang:subprocess,0.0,0.0,84.145,15.098
3643.134,sglang:subprocess,0.0,0.0,84.144,15.098
3643.65,sglang:subprocess,0.0,0.0,84.145,15.098
3644.15,sglang:subprocess,0.0,0.0,84.14,15.098
3644.651,sglang:subprocess,0.0,0.0,84.14,15.098
3645.152,sglang:subprocess,0.0,0.0,84.138,15.098
3645.663,sglang:subprocess,0.0,0.0,84.139,15.098
3646.163,sglang:subprocess,0.0,0.0,84.139,15.098
3646.664,sglang:subprocess,0.0,0.0,84.139,15.098
3647.165,sglang:subprocess,0.0,0.0,84.142,15.098
3647.673,sglang:subprocess,0.0,0.0,84.144,15.098
3648.174,sglang:subprocess,0.0,0.0,84.144,15.098
3648.674,sglang:subprocess,0.0,0.0,84.143,15.098
3649.175,sglang:subprocess,0.0,0.0,84.144,15.098
3649.684,sglang:subprocess,0.0,0.0,84.143,15.098
3650.185,sglang:subprocess,0.0,0.0,84.143,15.098
3650.686,sglang:subprocess,0.0,0.0,84.143,15.098
3651.186,sglang:subprocess,0.0,0.0,84.143,15.098
3651.687,sglang:subprocess,0.0,0.0,84.143,15.098
3652.188,sglang:subprocess,0.0,0.0,84.143,15.098
3652.688,sglang:subprocess,0.0,0.0,84.143,15.098
3653.189,sglang:subprocess,0.0,0.0,84.143,15.098
3653.69,sglang:subprocess,0.0,0.0,84.142,15.098
3654.19,sglang:subprocess,0.0,0.0,84.142,15.098
3654.691,sglang:subprocess,0.0,0.0,84.143,15.098
3655.192,sglang:subprocess,0.0,0.0,84.141,15.098
3655.693,sglang:subprocess,0.0,0.0,84.14,15.098
3656.194,sglang:subprocess,0.0,0.0,84.142,15.098
3656.695,sglang:subprocess,0.0,0.0,84.142,15.098
3657.195,sglang:subprocess,0.0,0.0,84.143,15.098
3657.696,sglang:subprocess,0.0,0.0,84.145,15.098
3658.197,sglang:subprocess,0.0,0.0,84.145,15.098
3658.697,sglang:subprocess,0.0,0.0,84.145,15.098
3659.198,sglang:subprocess,0.0,0.0,84.145,15.098
3659.699,sglang:subprocess,0.0,0.0,84.145,15.098
3660.199,sglang:subprocess,0.0,0.0,84.145,15.098
3660.7,sglang:subprocess,0.0,0.0,84.145,15.098
3661.201,sglang:subprocess,0.0,0.0,84.144,15.098
3661.702,sglang:subprocess,0.0,0.0,84.145,15.098
3662.202,sglang:subprocess,0.0,0.0,84.145,15.098
3662.703,sglang:subprocess,0.0,0.0,84.145,15.098
3663.204,sglang:subprocess,0.0,0.0,84.146,15.098
3663.704,sglang:subprocess,0.0,0.0,84.142,15.098
3664.205,sglang:subprocess,0.0,0.0,84.14,15.098
3664.706,sglang:subprocess,0.0,0.0,84.14,15.098
3665.206,sglang:subprocess,0.0,0.0,84.14,15.098
3665.707,sglang:subprocess,0.0,0.0,84.14,15.098
3666.21,sglang:subprocess,0.0,0.0,84.141,15.098
3666.711,sglang:subprocess,0.0,0.0,84.141,15.098
3667.212,sglang:subprocess,0.0,0.0,84.144,15.098
3667.712,sglang:subprocess,0.0,0.0,84.144,15.098
3668.213,sglang:subprocess,0.0,0.0,84.144,15.098
3668.714,sglang:subprocess,0.0,0.0,84.145,15.098
3669.215,sglang:subprocess,0.0,0.0,84.145,15.098
3669.715,sglang:subprocess,0.0,0.0,84.146,15.098
3670.216,sglang:subprocess,0.0,0.0,84.146,15.098
3670.717,sglang:subprocess,0.0,0.0,84.146,15.098
3671.218,sglang:subprocess,0.0,0.0,84.145,15.098
3671.718,sglang:subprocess,0.0,0.0,84.146,15.098
3672.219,sglang:subprocess,0.0,0.0,84.147,15.098
3672.72,sglang:subprocess,0.0,0.0,84.147,15.098
3673.22,sglang:subprocess,0.0,0.0,84.146,15.098
3673.721,sglang:subprocess,0.0,0.0,84.148,15.098
3674.222,sglang:subprocess,0.0,0.0,84.14,15.098
3674.722,sglang:subprocess,0.0,0.0,84.141,15.098
3675.223,sglang:subprocess,0.0,0.0,84.141,15.098
3675.724,sglang:subprocess,0.0,0.0,84.139,15.098
3676.225,sglang:subprocess,0.0,0.0,84.141,15.098
3676.726,sglang:subprocess,0.0,0.0,84.14,15.098
3677.226,sglang:subprocess,0.0,0.0,84.143,15.098
3677.727,sglang:subprocess,0.0,0.0,84.144,15.098
3678.228,sglang:subprocess,0.0,0.0,84.146,15.098
3678.728,sglang:subprocess,0.0,0.0,84.145,15.098
3679.229,sglang:subprocess,0.0,0.0,84.145,15.098
3679.73,sglang:subprocess,0.0,0.0,84.146,15.098
3680.231,sglang:subprocess,0.0,0.0,84.146,15.098
3680.731,sglang:subprocess,0.0,0.0,84.147,15.098
3681.232,sglang:subprocess,0.0,0.0,84.145,15.098
3681.733,sglang:subprocess,0.0,0.0,84.146,15.098
3682.234,sglang:subprocess,0.0,0.0,84.145,15.098
3682.734,sglang:subprocess,0.0,0.0,84.144,15.098
3683.235,sglang:subprocess,0.0,0.0,84.144,15.098
3683.736,sglang:subprocess,0.0,0.0,84.142,15.098
3684.236,sglang:subprocess,0.0,0.0,84.143,15.098
3684.737,sglang:subprocess,0.0,0.0,84.141,15.098
3685.238,sglang:subprocess,0.0,0.0,84.141,15.098
3685.738,sglang:subprocess,0.0,0.0,84.142,15.098
3686.239,sglang:subprocess,0.0,0.0,84.139,15.098
3686.743,sglang:subprocess,0.0,0.0,84.14,15.098
3687.244,sglang:subprocess,0.0,0.0,84.141,15.098
3687.745,sglang:subprocess,0.0,0.0,84.141,15.098
3688.245,sglang:subprocess,0.0,0.0,84.143,15.098
3688.746,sglang:subprocess,0.0,0.0,84.144,15.098
3689.247,sglang:subprocess,0.0,0.0,84.145,15.098
3689.747,sglang:subprocess,0.0,0.0,84.146,15.098
3690.248,sglang:subprocess,0.0,0.0,84.145,15.098
3690.749,sglang:subprocess,0.0,0.0,84.145,15.098
3691.249,sglang:subprocess,0.0,0.0,84.144,15.098
3691.75,sglang:subprocess,0.0,0.0,84.145,15.098
3692.251,sglang:subprocess,0.0,0.0,84.144,15.098
3692.752,sglang:subprocess,0.0,0.0,84.144,15.098
3693.253,sglang:subprocess,0.0,0.0,84.143,15.098
3693.753,sglang:subprocess,0.0,0.0,84.142,15.098
3694.254,sglang:subprocess,0.0,0.0,84.142,15.098
3694.755,sglang:subprocess,0.0,0.0,84.141,15.098
3695.255,sglang:subprocess,0.0,0.0,84.144,15.098
3695.756,sglang:subprocess,0.0,0.0,84.144,15.098
3696.257,sglang:subprocess,0.0,0.0,84.145,15.098
3696.757,sglang:subprocess,0.0,0.0,84.145,15.098
3697.258,sglang:subprocess,0.0,0.0,84.145,15.098
3697.759,sglang:subprocess,0.0,0.0,84.145,15.098
3698.26,sglang:subprocess,0.0,0.0,84.145,15.098
3698.761,sglang:subprocess,0.0,0.0,84.146,15.098
3699.261,sglang:subprocess,0.0,0.0,84.141,15.098
3699.762,sglang:subprocess,0.0,0.0,84.141,15.098
3700.263,sglang:subprocess,0.0,0.0,84.142,15.098
3700.763,sglang:subprocess,0.0,0.0,84.142,15.098
3701.264,sglang:subprocess,0.0,0.0,84.144,15.098
3701.765,sglang:subprocess,0.0,0.0,84.144,15.098
3702.265,sglang:subprocess,0.0,0.0,84.145,15.098
3702.766,sglang:subprocess,0.0,0.0,84.144,15.098
3703.267,sglang:subprocess,0.0,0.0,84.143,15.098
3703.768,sglang:subprocess,0.0,0.0,84.143,15.098
3704.268,sglang:subprocess,0.0,0.0,84.143,15.098
3704.769,sglang:subprocess,0.0,0.0,84.141,15.098
3705.27,sglang:subprocess,0.0,0.0,84.143,15.098
3705.77,sglang:subprocess,0.0,0.0,84.142,15.098
3706.271,sglang:subprocess,0.0,0.0,84.143,15.098
3706.772,sglang:subprocess,0.0,0.0,84.142,15.098
3707.281,sglang:subprocess,0.0,0.0,84.142,15.098
3707.781,sglang:subprocess,0.0,0.0,84.143,15.098
3708.282,sglang:subprocess,0.0,0.0,84.143,15.098
3708.783,sglang:subprocess,0.0,0.0,84.147,15.098
3709.284,sglang:subprocess,0.0,0.0,84.146,15.098
3709.785,sglang:subprocess,0.0,0.0,84.146,15.098
3710.285,sglang:subprocess,0.0,0.0,84.147,15.098
3710.786,sglang:subprocess,0.0,0.0,84.146,15.098
3711.287,sglang:subprocess,0.0,0.0,84.147,15.098
3711.787,sglang:subprocess,0.0,0.0,84.147,15.098
3712.288,sglang:subprocess,0.0,0.0,84.147,15.098
3712.789,sglang:subprocess,0.0,0.0,84.139,15.098
3713.29,sglang:subprocess,0.0,0.0,84.143,15.098
3713.79,sglang:subprocess,0.0,0.0,84.144,15.098
3714.291,sglang:subprocess,0.0,0.0,84.144,15.098
3714.792,sglang:subprocess,0.0,0.0,84.144,15.098
3715.292,sglang:subprocess,0.0,0.0,84.141,15.098
3715.793,sglang:subprocess,0.0,0.0,84.14,15.098
3716.294,sglang:subprocess,0.0,0.0,84.142,15.098
3716.794,sglang:subprocess,0.0,0.0,84.148,15.098
3717.295,sglang:subprocess,0.0,0.0,84.143,15.098
3717.796,sglang:subprocess,0.0,0.0,84.144,15.098
3718.296,sglang:subprocess,0.0,0.0,84.144,15.098
3718.798,sglang:subprocess,0.0,0.0,84.147,15.098
3719.298,sglang:subprocess,0.0,0.0,84.142,15.098
3719.799,sglang:subprocess,0.0,0.0,84.142,15.098
3720.3,sglang:subprocess,0.0,0.0,84.142,15.098
3720.8,sglang:subprocess,0.0,0.0,84.141,15.098
3721.301,sglang:subprocess,0.0,0.0,84.141,15.098
3721.802,sglang:subprocess,0.0,0.0,84.141,15.098
3722.303,sglang:subprocess,0.0,0.0,84.141,15.098
3722.803,sglang:subprocess,0.0,0.0,84.141,15.098
3723.304,sglang:subprocess,0.0,0.0,84.141,15.098
3723.805,sglang:subprocess,0.0,0.0,84.143,15.098
3724.306,sglang:subprocess,0.0,0.0,84.143,15.098
3724.806,sglang:subprocess,0.0,0.0,84.141,15.098
3725.307,sglang:subprocess,0.0,0.0,84.142,15.098
3725.808,sglang:subprocess,0.0,0.0,84.141,15.098
3726.308,sglang:subprocess,0.0,0.0,84.141,15.098
3726.809,sglang:subprocess,0.0,0.0,84.139,15.098
3727.31,sglang:subprocess,0.0,0.0,84.139,15.098
3727.816,sglang:subprocess,0.0,0.0,84.139,15.098
3728.317,sglang:subprocess,0.0,0.0,84.139,15.098
3728.818,sglang:subprocess,0.0,0.0,84.141,15.098
3729.319,sglang:subprocess,0.0,0.0,84.139,15.098
3729.82,sglang:subprocess,0.0,0.0,84.14,15.098
3730.32,sglang:subprocess,0.0,0.0,84.14,15.098
3730.821,sglang:subprocess,0.0,0.0,84.142,15.098
3731.322,sglang:subprocess,0.0,0.0,84.142,15.098
3731.822,sglang:subprocess,0.0,0.0,84.141,15.098
3732.323,sglang:subprocess,0.0,0.0,84.142,15.098
3732.824,sglang:subprocess,0.0,0.0,84.143,15.098
3733.324,sglang:subprocess,0.0,0.0,84.143,15.098
3733.825,sglang:subprocess,0.0,0.0,84.142,15.098
3734.326,sglang:subprocess,0.0,0.0,84.143,15.098
3734.827,sglang:subprocess,0.0,0.0,84.142,15.098
3735.327,sglang:subprocess,0.0,0.0,84.142,15.098
3735.828,sglang:subprocess,0.0,0.0,84.141,15.098
3736.329,sglang:subprocess,0.0,0.0,84.141,15.098
3736.829,sglang:subprocess,0.0,0.0,84.139,15.098
3737.33,sglang:subprocess,0.0,0.0,84.138,15.098
3737.831,sglang:subprocess,0.0,0.0,84.139,15.098
3738.331,sglang:subprocess,0.0,0.0,84.139,15.098
3738.832,sglang:subprocess,0.0,0.0,84.14,15.098
3739.333,sglang:subprocess,0.0,0.0,84.14,15.098
3739.834,sglang:subprocess,0.0,0.0,84.141,15.098
3740.335,sglang:subprocess,0.0,0.0,84.141,15.098
3740.835,sglang:subprocess,0.0,0.0,84.143,15.098
3741.336,sglang:subprocess,0.0,0.0,84.144,15.098
3741.837,sglang:subprocess,0.0,0.0,84.143,15.098
3742.337,sglang:subprocess,0.0,0.0,84.143,15.098
3742.838,sglang:subprocess,0.0,0.0,84.143,15.098
3743.339,sglang:subprocess,0.0,0.0,84.142,15.098
3743.839,sglang:subprocess,0.0,0.0,84.142,15.098
3744.34,sglang:subprocess,0.0,0.0,84.142,15.098
3744.841,sglang:subprocess,0.0,0.0,84.141,15.098
3745.342,sglang:subprocess,0.0,0.0,84.142,15.098
3745.843,sglang:subprocess,0.0,0.0,84.142,15.098
3746.348,sglang:subprocess,0.0,0.0,84.142,15.098
3746.849,sglang:subprocess,0.0,0.0,84.141,15.098
3747.35,sglang:subprocess,0.0,0.0,84.144,15.098
3747.85,sglang:subprocess,0.0,0.0,84.145,15.098
3748.351,sglang:subprocess,0.0,0.0,84.145,15.098
3748.852,sglang:subprocess,0.0,0.0,84.145,15.098
3749.352,sglang:subprocess,0.0,0.0,84.142,15.098
3749.853,sglang:subprocess,0.0,0.0,84.14,15.098
3750.354,sglang:subprocess,0.0,0.0,84.141,15.098
3750.856,sglang:subprocess,0.0,0.0,84.14,15.098
3751.357,sglang:subprocess,0.0,0.0,84.139,15.098
3751.857,sglang:subprocess,0.0,0.0,84.139,15.098
3752.358,sglang:subprocess,0.0,0.0,84.14,15.098
3752.859,sglang:subprocess,0.0,0.0,84.14,15.098
3753.359,sglang:subprocess,0.0,0.0,84.141,15.098
3753.86,sglang:subprocess,0.0,0.0,84.142,15.098
3754.361,sglang:subprocess,0.0,0.0,84.142,15.098
3754.861,sglang:subprocess,0.0,0.0,84.139,15.098
3755.363,sglang:subprocess,0.0,0.0,84.14,15.098
3755.863,sglang:subprocess,0.0,0.0,84.14,15.098
3756.364,sglang:subprocess,0.0,0.0,84.143,15.098
3756.865,sglang:subprocess,0.0,0.0,84.14,15.098
3757.365,sglang:subprocess,0.0,0.0,84.144,15.098
3757.866,sglang:subprocess,0.0,0.0,84.144,15.098
3758.367,sglang:subprocess,0.0,0.0,84.144,15.098
3758.867,sglang:subprocess,0.0,0.0,84.147,15.098
3759.368,sglang:subprocess,0.0,0.0,84.146,15.098
3759.869,sglang:subprocess,0.0,0.0,84.146,15.098
3760.37,sglang:subprocess,0.0,0.0,84.146,15.098
3760.871,sglang:subprocess,0.0,0.0,84.145,15.098
3761.371,sglang:subprocess,0.0,0.0,84.146,15.098
3761.872,sglang:subprocess,0.0,0.0,84.146,15.098
3762.373,sglang:subprocess,0.0,0.0,84.146,15.098
3762.873,sglang:subprocess,0.0,0.0,84.146,15.098
3763.374,sglang:subprocess,0.0,0.0,84.146,15.098
3763.875,sglang:subprocess,0.0,0.0,84.14,15.098
3764.376,sglang:subprocess,0.0,0.0,84.14,15.098
3764.876,sglang:subprocess,0.0,0.0,84.14,15.098
3765.377,sglang:subprocess,0.0,0.0,84.14,15.098
3765.878,sglang:subprocess,0.0,0.0,84.141,15.098
3766.379,sglang:subprocess,0.0,0.0,84.141,15.098
3766.879,sglang:subprocess,0.0,0.0,84.144,15.098
3767.38,sglang:subprocess,0.0,0.0,84.147,15.098
3767.881,sglang:subprocess,0.0,0.0,84.146,15.098
3768.381,sglang:subprocess,0.0,0.0,84.146,15.098
3768.882,sglang:subprocess,0.0,0.0,84.142,15.098
3769.383,sglang:subprocess,0.0,0.0,84.142,15.098
3769.883,sglang:subprocess,0.0,0.0,84.143,15.098
3770.384,sglang:subprocess,0.0,0.0,84.143,15.098
3770.89,sglang:subprocess,0.0,0.0,84.141,15.098
3771.392,sglang:subprocess,0.0,0.0,84.141,15.098
3771.892,sglang:subprocess,0.0,0.0,84.142,15.098
3772.393,sglang:subprocess,0.0,0.0,84.141,15.098
3772.894,sglang:subprocess,0.0,0.0,84.142,15.098
3773.394,sglang:subprocess,0.0,0.0,84.141,15.098
3773.895,sglang:subprocess,0.0,0.0,84.142,15.098
3774.396,sglang:subprocess,0.0,0.0,84.142,15.098
3774.896,sglang:subprocess,0.0,0.0,84.142,15.098
3775.397,sglang:subprocess,0.0,0.0,84.142,15.098
3775.898,sglang:subprocess,0.0,0.0,84.141,15.098
3776.399,sglang:subprocess,0.0,0.0,84.141,15.098
3776.9,sglang:subprocess,0.0,0.0,84.14,15.098
3777.401,sglang:subprocess,0.0,0.0,84.14,15.098
3777.901,sglang:subprocess,0.0,0.0,84.142,15.098
3778.402,sglang:subprocess,0.0,0.0,84.141,15.098
3778.903,sglang:subprocess,0.0,0.0,84.141,15.098
3779.404,sglang:subprocess,0.0,0.0,84.141,15.098
3779.905,sglang:subprocess,0.0,0.0,84.142,15.098
3780.406,sglang:subprocess,0.0,0.0,84.138,15.098
3780.907,sglang:subprocess,0.0,0.0,84.139,15.098
3781.407,sglang:subprocess,0.0,0.0,84.139,15.098
3781.908,sglang:subprocess,0.0,0.0,84.139,15.098
3782.409,sglang:subprocess,0.0,0.0,84.139,15.098
3782.91,sglang:subprocess,0.0,0.0,84.139,15.098
3783.411,sglang:subprocess,0.0,0.0,84.135,15.098
3783.911,sglang:subprocess,0.0,0.0,84.135,15.098
3784.412,sglang:subprocess,0.0,0.0,84.135,15.098
3784.913,sglang:subprocess,0.0,0.0,84.134,15.098
3785.414,sglang:subprocess,0.0,0.0,84.134,15.098
3785.915,sglang:subprocess,0.0,0.0,84.134,15.098
3786.415,sglang:subprocess,0.0,0.0,84.135,15.098
3786.916,sglang:subprocess,0.0,0.0,84.138,15.098
3787.417,sglang:subprocess,0.0,0.0,84.141,15.098
3787.918,sglang:subprocess,0.0,0.0,84.14,15.098
3788.418,sglang:subprocess,0.0,0.0,84.14,15.098
3788.919,sglang:subprocess,0.0,0.0,84.138,15.098
3789.42,sglang:subprocess,0.0,0.0,84.139,15.098
3789.92,sglang:subprocess,0.0,0.0,84.139,15.098
3790.421,sglang:subprocess,0.0,0.0,84.139,15.098
3790.922,sglang:subprocess,0.0,0.0,84.139,15.098
3791.422,sglang:subprocess,0.0,0.0,84.135,15.098
3791.923,sglang:subprocess,0.0,0.0,84.136,15.098
3792.424,sglang:subprocess,0.0,0.0,84.136,15.098
3792.925,sglang:subprocess,0.0,0.0,84.136,15.098
3793.426,sglang:subprocess,0.0,0.0,84.136,15.098
3793.926,sglang:subprocess,0.0,0.0,84.137,15.098
3794.427,sglang:subprocess,0.0,0.0,84.137,15.098
3794.928,sglang:subprocess,0.0,0.0,84.135,15.098
3795.428,sglang:subprocess,0.0,0.0,84.135,15.098
3795.929,sglang:subprocess,0.0,0.0,84.137,15.098
3796.43,sglang:subprocess,0.0,0.0,84.136,15.098
3796.93,sglang:subprocess,0.0,0.0,84.138,15.098
3797.432,sglang:subprocess,0.0,0.0,84.138,15.098
3797.932,sglang:subprocess,0.0,0.0,84.139,15.098
3798.433,sglang:subprocess,0.0,0.0,84.14,15.098
3798.934,sglang:subprocess,0.0,0.0,84.142,15.098
3799.434,sglang:subprocess,0.0,0.0,84.142,15.098
3799.935,sglang:subprocess,0.0,0.0,84.142,15.098
3800.436,sglang:subprocess,0.0,0.0,84.142,15.098
3800.937,sglang:subprocess,0.0,0.0,84.138,15.098
3801.437,sglang:subprocess,0.0,0.0,84.138,15.098
3801.938,sglang:subprocess,0.0,0.0,84.136,15.098
3802.439,sglang:subprocess,0.0,0.0,84.136,15.098
3802.94,sglang:subprocess,0.0,0.0,84.135,15.098
3803.441,sglang:subprocess,0.0,0.0,84.136,15.098
3803.944,sglang:subprocess,0.0,0.0,84.137,15.098
3804.445,sglang:subprocess,0.0,0.0,84.137,15.098
3804.946,sglang:subprocess,0.0,0.0,84.137,15.098
3805.446,sglang:subprocess,0.0,0.0,84.137,15.098
3805.947,sglang:subprocess,0.0,0.0,84.136,15.098
3806.448,sglang:subprocess,0.0,0.0,84.135,15.098
3806.949,sglang:subprocess,0.0,0.0,84.137,15.098
3807.449,sglang:subprocess,0.0,0.0,84.137,15.098
3807.95,sglang:subprocess,0.0,0.0,84.137,15.098
3808.451,sglang:subprocess,0.0,0.0,84.137,15.098
3808.952,sglang:subprocess,0.0,0.0,84.138,15.098
3809.452,sglang:subprocess,0.0,0.0,84.176,15.098
3809.953,sglang:subprocess,0.0,0.0,84.183,15.098
3810.454,sglang:subprocess,0.0,0.0,84.183,15.098
3810.954,sglang:subprocess,0.0,0.0,84.181,15.098
3811.455,sglang:subprocess,0.0,0.0,84.181,15.098
3811.956,sglang:subprocess,0.0,0.0,84.182,15.098
3812.456,sglang:subprocess,0.0,0.0,84.182,15.098
3812.957,sglang:subprocess,0.0,0.0,84.182,15.098
3813.458,sglang:subprocess,0.0,0.0,84.182,15.098
3813.959,sglang:subprocess,0.0,0.0,84.183,15.098
3814.46,sglang:subprocess,0.0,0.0,84.182,15.098
3814.96,sglang:subprocess,0.0,0.0,84.183,15.098
3815.461,sglang:subprocess,0.0,0.0,84.182,15.098
3815.962,sglang:subprocess,0.0,0.0,84.182,15.098
3816.462,sglang:subprocess,0.0,0.0,84.182,15.098
3816.963,sglang:subprocess,0.0,0.0,84.181,15.098
3817.464,sglang:subprocess,0.0,0.0,84.181,15.098
3817.964,sglang:subprocess,0.0,0.0,84.182,15.098
3818.466,sglang:subprocess,0.0,0.0,84.183,15.098
3818.966,sglang:subprocess,0.0,0.0,84.182,15.098
3819.467,sglang:subprocess,0.0,0.0,84.182,15.098
3819.968,sglang:subprocess,0.0,0.0,84.183,15.098
3820.468,sglang:subprocess,0.0,0.0,84.183,15.098
3820.969,sglang:subprocess,0.0,0.0,84.183,15.098
3821.47,sglang:subprocess,0.0,0.0,84.184,15.098
3821.97,sglang:subprocess,0.0,0.0,84.183,15.098
3822.471,sglang:subprocess,0.0,0.0,84.184,15.098
3822.972,sglang:subprocess,0.0,0.0,84.184,15.098
3823.472,sglang:subprocess,0.0,0.0,84.184,15.098
3823.974,sglang:subprocess,0.0,0.0,84.185,15.098
3824.474,sglang:subprocess,0.0,0.0,84.184,15.098
3824.975,sglang:subprocess,0.0,0.0,84.182,15.098
3825.476,sglang:subprocess,0.0,0.0,84.183,15.098
3825.976,sglang:subprocess,0.0,0.0,84.182,15.098
3826.477,sglang:subprocess,0.0,0.0,84.182,15.098
3826.978,sglang:subprocess,0.0,0.0,84.182,15.098
3827.478,sglang:subprocess,0.0,0.0,84.182,15.098
3827.979,sglang:subprocess,0.0,0.0,84.187,15.098
3828.48,sglang:subprocess,0.0,0.0,84.184,15.098
3828.981,sglang:subprocess,0.0,0.0,84.186,15.098
3829.482,sglang:subprocess,0.0,0.0,84.186,15.098
3829.982,sglang:subprocess,0.0,0.0,84.185,15.098
3830.483,sglang:subprocess,0.0,0.0,84.186,15.098
3830.984,sglang:subprocess,0.0,0.0,84.185,15.098
3831.485,sglang:subprocess,0.0,0.0,84.186,15.098
3831.985,sglang:subprocess,0.0,0.0,84.186,15.098
3832.486,sglang:subprocess,0.0,0.0,84.186,15.098
3832.986,sglang:subprocess,0.0,0.0,84.185,15.098
3833.487,sglang:subprocess,0.0,0.0,84.185,15.098
3833.988,sglang:subprocess,0.0,0.0,84.185,15.098
3834.489,sglang:subprocess,0.0,0.0,84.187,15.098
3834.99,sglang:subprocess,0.0,0.0,84.184,15.098
3835.49,sglang:subprocess,0.0,0.0,84.185,15.098
3835.991,sglang:subprocess,0.0,0.0,84.185,15.098
3836.492,sglang:subprocess,0.0,0.0,84.185,15.098
3836.992,sglang:subprocess,0.0,0.0,84.186,15.098
3837.493,sglang:subprocess,0.0,0.0,84.187,15.098
3837.994,sglang:subprocess,0.0,0.0,84.186,15.098
3838.495,sglang:subprocess,0.0,0.0,84.187,15.098
3838.996,sglang:subprocess,0.0,0.0,84.187,15.098
3839.497,sglang:subprocess,0.0,0.0,84.187,15.098
3839.997,sglang:subprocess,0.0,0.0,84.186,15.098
3840.498,sglang:subprocess,0.0,0.0,84.188,15.098
3840.999,sglang:subprocess,0.0,0.0,84.185,15.098
3841.499,sglang:subprocess,0.0,0.0,84.185,15.098
3842.0,sglang:subprocess,0.0,0.0,84.184,15.098
3842.501,sglang:subprocess,0.0,0.0,84.184,15.098
3843.001,sglang:subprocess,0.0,0.0,84.184,15.098
3843.502,sglang:subprocess,0.0,0.0,84.185,15.098
3844.003,sglang:subprocess,0.0,0.0,84.186,15.098
3844.503,sglang:subprocess,0.0,0.0,84.186,15.098
3845.005,sglang:subprocess,0.0,0.0,84.185,15.098
3845.505,sglang:subprocess,0.0,0.0,84.185,15.098
3846.006,sglang:subprocess,0.0,0.0,84.184,15.098
3846.507,sglang:subprocess,0.0,0.0,84.184,15.098
3847.007,sglang:subprocess,0.0,0.0,84.185,15.098
3847.508,sglang:subprocess,0.0,0.0,84.185,15.098
3848.009,sglang:subprocess,0.0,0.0,84.184,15.098
3848.509,sglang:subprocess,0.0,0.0,84.185,15.098
3849.01,sglang:subprocess,0.0,0.0,84.188,15.098
3849.511,sglang:subprocess,0.0,0.0,84.188,15.098
3850.012,sglang:subprocess,0.0,0.0,84.188,15.098
3850.513,sglang:subprocess,0.0,0.0,84.187,15.098
3851.013,sglang:subprocess,0.0,0.0,84.188,15.098
3851.514,sglang:subprocess,0.0,0.0,84.189,15.098
3852.014,sglang:subprocess,0.0,0.0,84.189,15.098
3852.515,sglang:subprocess,0.0,0.0,84.189,15.098
3853.016,sglang:subprocess,0.0,0.0,84.185,15.098
3853.517,sglang:subprocess,0.0,0.0,84.185,15.098
3854.017,sglang:subprocess,0.0,0.0,84.182,15.098
3854.518,sglang:subprocess,0.0,0.0,84.182,15.098
3855.018,sglang:subprocess,0.0,0.0,84.182,15.098
3855.52,sglang:subprocess,0.0,0.0,84.182,15.098
3856.02,sglang:subprocess,0.0,0.0,84.181,15.098
3856.521,sglang:subprocess,0.0,0.0,84.181,15.098
3857.022,sglang:subprocess,0.0,0.0,84.187,15.098
3857.523,sglang:subprocess,0.0,0.0,84.187,15.098
3858.023,sglang:subprocess,0.0,0.0,84.188,15.098
3858.524,sglang:subprocess,0.0,0.0,84.188,15.098
3859.025,sglang:subprocess,0.0,0.0,84.187,15.098
3859.525,sglang:subprocess,0.0,0.0,84.187,15.098
3860.026,sglang:subprocess,0.0,0.0,84.186,15.098
3860.527,sglang:subprocess,0.0,0.0,84.187,15.098
3861.028,sglang:subprocess,0.0,0.0,84.186,15.098
3861.528,sglang:subprocess,0.0,0.0,84.186,15.098
3862.029,sglang:subprocess,0.0,0.0,84.186,15.098
3862.53,sglang:subprocess,0.0,0.0,84.186,15.098
3863.03,sglang:subprocess,0.0,0.0,84.183,15.098
3863.531,sglang:subprocess,0.0,0.0,84.183,15.098
3864.032,sglang:subprocess,0.0,0.0,84.184,15.098
3864.533,sglang:subprocess,0.0,0.0,84.184,15.098
3865.033,sglang:subprocess,0.0,0.0,84.184,15.098
3865.534,sglang:subprocess,0.0,0.0,84.183,15.098
3866.035,sglang:subprocess,0.0,0.0,84.183,15.098
3866.536,sglang:subprocess,0.0,0.0,84.183,15.098
3867.036,sglang:subprocess,0.0,0.0,84.187,15.098
3867.537,sglang:subprocess,0.0,0.0,84.187,15.098
3868.038,sglang:subprocess,0.0,0.0,84.188,15.098
3868.538,sglang:subprocess,0.0,0.0,84.188,15.098
3869.039,sglang:subprocess,0.0,0.0,84.188,15.098
3869.54,sglang:subprocess,0.0,0.0,84.188,15.098
3870.04,sglang:subprocess,0.0,0.0,84.189,15.098
3870.541,sglang:subprocess,0.0,0.0,84.189,15.098
3871.042,sglang:subprocess,0.0,0.0,84.189,15.098
3871.543,sglang:subprocess,0.0,0.0,84.19,15.098
3872.044,sglang:subprocess,0.0,0.0,84.19,15.098
3872.544,sglang:subprocess,0.0,0.0,84.191,15.098
3873.045,sglang:subprocess,0.0,0.0,84.19,15.098
3873.546,sglang:subprocess,0.0,0.0,84.185,15.098
3874.046,sglang:subprocess,0.0,0.0,84.185,15.098
3874.547,sglang:subprocess,0.0,0.0,84.186,15.098
3875.048,sglang:subprocess,0.0,0.0,84.182,15.098
3875.548,sglang:subprocess,0.0,0.0,84.183,15.098
3876.049,sglang:subprocess,0.0,0.0,84.183,15.098
3876.55,sglang:subprocess,0.0,0.0,84.183,15.098
3877.051,sglang:subprocess,0.0,0.0,84.186,15.098
3877.552,sglang:subprocess,0.0,0.0,84.187,15.098
3878.053,sglang:subprocess,0.0,0.0,84.187,15.098
3878.554,sglang:subprocess,0.0,0.0,84.187,15.098
3879.055,sglang:subprocess,0.0,0.0,84.189,15.098
3879.556,sglang:subprocess,0.0,0.0,84.188,15.098
3880.057,sglang:subprocess,0.0,0.0,84.188,15.098
3880.557,sglang:subprocess,0.0,0.0,84.186,15.098
3881.058,sglang:subprocess,0.0,0.0,84.187,15.098
3881.559,sglang:subprocess,0.0,0.0,84.188,15.098
3882.06,sglang:subprocess,0.0,0.0,84.188,15.098
3882.56,sglang:subprocess,0.0,0.0,84.187,15.098
3883.061,sglang:subprocess,0.0,0.0,84.187,15.098
3883.562,sglang:subprocess,0.0,0.0,84.186,15.098
3884.062,sglang:subprocess,0.0,0.0,84.186,15.098
3884.563,sglang:subprocess,0.0,0.0,84.186,15.098
3885.064,sglang:subprocess,0.0,0.0,84.186,15.098
3885.564,sglang:subprocess,0.0,0.0,84.186,15.098
3886.065,sglang:subprocess,0.0,0.0,84.184,15.098
3886.566,sglang:subprocess,0.0,0.0,84.184,15.098
3887.067,sglang:subprocess,0.0,0.0,84.184,15.098
3887.568,sglang:subprocess,0.0,0.0,84.184,15.098
3888.068,sglang:subprocess,0.0,0.0,84.184,15.098
3888.569,sglang:subprocess,0.0,0.0,84.185,15.098
3889.07,sglang:subprocess,0.0,0.0,84.186,15.098
3889.57,sglang:subprocess,0.0,0.0,84.187,15.098
3890.071,sglang:subprocess,0.0,0.0,84.186,15.098
3890.572,sglang:subprocess,0.0,0.0,84.186,15.098
3891.072,sglang:subprocess,0.0,0.0,84.185,15.098
3891.573,sglang:subprocess,0.0,0.0,84.186,15.098
3892.074,sglang:subprocess,0.0,0.0,84.186,15.098
3892.575,sglang:subprocess,0.0,0.0,84.187,15.098
3893.076,sglang:subprocess,0.0,0.0,84.184,15.098
3893.576,sglang:subprocess,0.0,0.0,84.185,15.098
3894.077,sglang:subprocess,0.0,0.0,84.184,15.098
3894.578,sglang:subprocess,0.0,0.0,84.184,15.098
3895.078,sglang:subprocess,0.0,0.0,84.184,15.098
3895.581,sglang:subprocess,0.0,0.0,84.184,15.098
3896.082,sglang:subprocess,0.0,0.0,84.185,15.098
3896.583,sglang:subprocess,0.0,0.0,84.185,15.098
3897.084,sglang:subprocess,0.0,0.0,84.184,15.098
3897.593,sglang:subprocess,0.0,0.0,84.185,15.098
3898.093,sglang:subprocess,0.0,0.0,84.185,15.098
3898.594,sglang:subprocess,0.0,0.0,84.185,15.098
3899.095,sglang:subprocess,0.0,0.0,84.186,15.098
3899.606,sglang:subprocess,0.0,0.0,84.187,15.098
3900.106,sglang:subprocess,0.0,0.0,84.186,15.098
3900.607,sglang:subprocess,0.0,0.0,84.187,15.098
3901.108,sglang:subprocess,0.0,0.0,84.186,15.098
3901.614,sglang:subprocess,0.0,0.0,84.186,15.098
3902.115,sglang:subprocess,0.0,0.0,84.186,15.098
3902.616,sglang:subprocess,0.0,0.0,84.187,15.098
3903.116,sglang:subprocess,0.0,0.0,84.187,15.098
3903.617,sglang:subprocess,0.0,0.0,84.187,15.098
3904.118,sglang:subprocess,0.0,0.0,84.187,15.098
3904.618,sglang:subprocess,0.0,0.0,84.187,15.098
3905.119,sglang:subprocess,0.0,0.0,84.186,15.098
3905.62,sglang:subprocess,0.0,0.0,84.185,15.098
3906.121,sglang:subprocess,0.0,0.0,84.184,15.098
3906.621,sglang:subprocess,0.0,0.0,84.183,15.098
3907.122,sglang:subprocess,0.0,0.0,84.184,15.098
3907.623,sglang:subprocess,0.0,0.0,84.184,15.098
3908.124,sglang:subprocess,0.0,0.0,84.184,15.098
3908.625,sglang:subprocess,0.0,0.0,84.185,15.098
3909.125,sglang:subprocess,0.0,0.0,84.188,15.098
3909.626,sglang:subprocess,0.0,0.0,84.187,15.098
3910.127,sglang:subprocess,0.0,0.0,84.189,15.098
3910.627,sglang:subprocess,0.0,0.0,84.188,15.098
3911.128,sglang:subprocess,0.0,0.0,84.188,15.098
3911.629,sglang:subprocess,0.0,0.0,84.153,15.098
3912.129,sglang:subprocess,0.0,0.0,84.154,15.098
3912.63,sglang:subprocess,0.0,0.0,84.155,15.098
3913.131,sglang:subprocess,0.0,0.0,84.154,15.098
3913.632,sglang:subprocess,0.0,0.0,84.153,15.098
3914.132,sglang:subprocess,0.0,0.0,84.153,15.098
3914.633,sglang:subprocess,0.0,0.0,84.154,15.098
3915.134,sglang:subprocess,0.0,0.0,84.148,15.098
3915.634,sglang:subprocess,0.0,0.0,84.149,15.098
3916.135,sglang:subprocess,0.0,0.0,84.148,15.098
3916.636,sglang:subprocess,0.0,0.0,84.148,15.098
3917.137,sglang:subprocess,0.0,0.0,84.147,15.098
3917.637,sglang:subprocess,0.0,0.0,84.148,15.098
3918.138,sglang:subprocess,0.0,0.0,84.149,15.098
3918.639,sglang:subprocess,0.0,0.0,84.151,15.098
3919.14,sglang:subprocess,0.0,0.0,84.152,15.098
3919.64,sglang:subprocess,0.0,0.0,84.152,15.098
3920.144,sglang:subprocess,0.0,0.0,84.152,15.098
3920.645,sglang:subprocess,0.0,0.0,84.152,15.098
3921.146,sglang:subprocess,0.0,0.0,84.151,15.098
3921.647,sglang:subprocess,0.0,0.0,84.15,15.098
3922.153,sglang:subprocess,0.0,0.0,84.152,15.098
3922.654,sglang:subprocess,0.0,0.0,84.152,15.098
3923.154,sglang:subprocess,0.0,0.0,84.152,15.098
3923.656,sglang:subprocess,0.0,0.0,84.152,15.098
3924.156,sglang:subprocess,0.0,0.0,84.153,15.098
3924.657,sglang:subprocess,0.0,0.0,84.152,15.098
3925.158,sglang:subprocess,0.0,0.0,84.148,15.098
3925.658,sglang:subprocess,0.0,0.0,84.149,15.098
3926.161,sglang:subprocess,0.0,0.0,84.149,15.098
3926.662,sglang:subprocess,0.0,0.0,84.149,15.098
3927.163,sglang:subprocess,0.0,0.0,84.151,15.098
3927.663,sglang:subprocess,0.0,0.0,84.151,15.098
3928.164,sglang:subprocess,0.0,0.0,84.151,15.098
3928.665,sglang:subprocess,0.0,0.0,84.15,15.098
3929.166,sglang:subprocess,0.0,0.0,84.152,15.098
3929.667,sglang:subprocess,0.0,0.0,84.151,15.098
3930.167,sglang:subprocess,0.0,0.0,84.151,15.098
3930.668,sglang:subprocess,0.0,0.0,84.151,15.098
3931.169,sglang:subprocess,0.0,0.0,84.15,15.098
3931.67,sglang:subprocess,0.0,0.0,84.15,15.098
3932.17,sglang:subprocess,0.0,0.0,84.151,15.098
3932.671,sglang:subprocess,0.0,0.0,84.151,15.098
3933.172,sglang:subprocess,0.0,0.0,84.151,15.098
3933.672,sglang:subprocess,0.0,0.0,84.152,15.098
3934.173,sglang:subprocess,0.0,0.0,84.15,15.098
3934.674,sglang:subprocess,0.0,0.0,84.149,15.098
3935.175,sglang:subprocess,0.0,0.0,84.15,15.098
3935.675,sglang:subprocess,0.0,0.0,84.149,15.098
3936.176,sglang:subprocess,0.0,0.0,84.148,15.098
3936.677,sglang:subprocess,0.0,0.0,84.149,15.098
3937.178,sglang:subprocess,0.0,0.0,84.151,15.098
3937.678,sglang:subprocess,0.0,0.0,84.152,15.098
3938.179,sglang:subprocess,0.0,0.0,84.153,15.098
3938.68,sglang:subprocess,0.0,0.0,84.153,15.098
3939.18,sglang:subprocess,0.0,0.0,84.154,15.098
3939.681,sglang:subprocess,0.0,0.0,84.154,15.098
3940.182,sglang:subprocess,0.0,0.0,84.153,15.098
3940.683,sglang:subprocess,0.0,0.0,84.15,15.098
3941.184,sglang:subprocess,0.0,0.0,84.15,15.098
3941.684,sglang:subprocess,0.0,0.0,84.15,15.098
3942.185,sglang:subprocess,0.0,0.0,84.149,15.098
3942.686,sglang:subprocess,0.0,0.0,84.151,15.098
3943.186,sglang:subprocess,0.0,0.0,84.147,15.098
3943.687,sglang:subprocess,0.0,0.0,84.148,15.098
3944.188,sglang:subprocess,0.0,0.0,84.148,15.098
3944.696,sglang:subprocess,0.0,0.0,84.147,15.098
3945.197,sglang:subprocess,0.0,0.0,84.147,15.098
3945.697,sglang:subprocess,0.0,0.0,84.148,15.098
3946.198,sglang:subprocess,0.0,0.0,84.148,15.098
3946.699,sglang:subprocess,0.0,0.0,84.147,15.098
3947.199,sglang:subprocess,0.0,0.0,84.151,15.098
3947.7,sglang:subprocess,0.0,0.0,84.151,15.098
3948.201,sglang:subprocess,0.0,0.0,84.151,15.098
3948.701,sglang:subprocess,0.0,0.0,84.151,15.098
3949.202,sglang:subprocess,0.0,0.0,84.152,15.098
3949.703,sglang:subprocess,0.0,0.0,84.152,15.098
3950.204,sglang:subprocess,0.0,0.0,84.153,15.098
3950.705,sglang:subprocess,0.0,0.0,84.155,15.098
3951.205,sglang:subprocess,0.0,0.0,84.155,15.098
3951.706,sglang:subprocess,0.0,0.0,84.156,15.098
3952.207,sglang:subprocess,0.0,0.0,84.156,15.098
3952.707,sglang:subprocess,0.0,0.0,84.155,15.098
3953.208,sglang:subprocess,0.0,0.0,84.152,15.098
3953.709,sglang:subprocess,0.0,0.0,84.147,15.098
3954.209,sglang:subprocess,0.0,0.0,84.147,15.098
3954.71,sglang:subprocess,0.0,0.0,84.147,15.098
3955.211,sglang:subprocess,0.0,0.0,84.146,15.098
3955.712,sglang:subprocess,0.0,0.0,84.147,15.098
3956.213,sglang:subprocess,0.0,0.0,84.147,15.098
3956.713,sglang:subprocess,0.0,0.0,84.148,15.098
3957.214,sglang:subprocess,0.0,0.0,84.152,15.098
3957.715,sglang:subprocess,0.0,0.0,84.152,15.098
3958.215,sglang:subprocess,0.0,0.0,84.153,15.098
3958.716,sglang:subprocess,0.0,0.0,84.152,15.098
3959.217,sglang:subprocess,0.0,0.0,84.151,15.098
3959.718,sglang:subprocess,0.0,0.0,84.151,15.098
3960.218,sglang:subprocess,0.0,0.0,84.152,15.098
3960.72,sglang:subprocess,0.0,0.0,84.152,15.098
3961.22,sglang:subprocess,0.0,0.0,84.15,15.098
3961.721,sglang:subprocess,0.0,0.0,84.152,15.098
3962.222,sglang:subprocess,0.0,0.0,84.152,15.098
3962.722,sglang:subprocess,0.0,0.0,84.148,15.098
3963.223,sglang:subprocess,0.0,0.0,84.147,15.098
3963.724,sglang:subprocess,0.0,0.0,84.148,15.098
3964.224,sglang:subprocess,0.0,0.0,84.149,15.098
3964.725,sglang:subprocess,0.0,0.0,84.149,15.098
3965.226,sglang:subprocess,0.0,0.0,84.15,15.098
3965.727,sglang:subprocess,0.0,0.0,84.149,15.098
3966.228,sglang:subprocess,0.0,0.0,84.15,15.098
3966.728,sglang:subprocess,0.0,0.0,84.149,15.098
3967.229,sglang:subprocess,0.0,0.0,84.152,15.098
3967.73,sglang:subprocess,0.0,0.0,84.152,15.098
3968.23,sglang:subprocess,0.0,0.0,84.153,15.098
3968.731,sglang:subprocess,0.0,0.0,84.154,15.098
3969.232,sglang:subprocess,0.0,0.0,84.153,15.098
3969.732,sglang:subprocess,0.0,0.0,84.152,15.098
3970.233,sglang:subprocess,0.0,0.0,84.152,15.098
3970.734,sglang:subprocess,0.0,0.0,84.154,15.098
3971.235,sglang:subprocess,0.0,0.0,84.155,15.098
3971.736,sglang:subprocess,0.0,0.0,84.154,15.098
3972.237,sglang:subprocess,0.0,0.0,84.155,15.098
3972.737,sglang:subprocess,0.0,0.0,84.156,15.098
3973.238,sglang:subprocess,0.0,0.0,84.149,15.098
3973.739,sglang:subprocess,0.0,0.0,84.149,15.098
3974.24,sglang:subprocess,0.0,0.0,84.149,15.098
3974.74,sglang:subprocess,0.0,0.0,84.131,15.098
3975.241,sglang:subprocess,0.0,0.0,84.128,15.098
3975.742,sglang:subprocess,0.0,0.0,84.129,15.098
3976.243,sglang:subprocess,0.0,0.0,84.13,15.098
3976.744,sglang:subprocess,0.0,0.0,84.13,15.098
3977.244,sglang:subprocess,0.0,0.0,84.135,15.098
3977.745,sglang:subprocess,0.0,0.0,84.135,15.098
3978.246,sglang:subprocess,0.0,0.0,84.136,15.098
3978.746,sglang:subprocess,0.0,0.0,84.136,15.098
3979.247,sglang:subprocess,0.0,0.0,84.138,15.098
3979.748,sglang:subprocess,0.0,0.0,84.139,15.098
3980.249,sglang:subprocess,0.0,0.0,84.139,15.098
3980.749,sglang:subprocess,0.0,0.0,84.144,15.098
3981.25,sglang:subprocess,0.0,0.0,84.144,15.098
3981.751,sglang:subprocess,0.0,0.0,84.144,15.098
3982.252,sglang:subprocess,0.0,0.0,84.144,15.098
3982.752,sglang:subprocess,0.0,0.0,84.144,15.098
3983.253,sglang:subprocess,0.0,0.0,84.142,15.098
3983.754,sglang:subprocess,0.0,0.0,84.136,15.098
3984.254,sglang:subprocess,0.0,0.0,84.137,15.098
3984.755,sglang:subprocess,0.0,0.0,84.136,15.098
3985.256,sglang:subprocess,0.0,0.0,84.14,15.098
3985.757,sglang:subprocess,0.0,0.0,84.14,15.098
3986.257,sglang:subprocess,0.0,0.0,84.14,15.098
3986.758,sglang:subprocess,0.0,0.0,84.14,15.098
3987.259,sglang:subprocess,0.0,0.0,84.146,15.098
3987.76,sglang:subprocess,0.0,0.0,84.144,15.098
3988.26,sglang:subprocess,0.0,0.0,84.144,15.098
3988.761,sglang:subprocess,0.0,0.0,84.145,15.098
3989.262,sglang:subprocess,0.0,0.0,84.145,15.098
3989.762,sglang:subprocess,0.0,0.0,84.145,15.098
3990.263,sglang:subprocess,0.0,0.0,84.145,15.098
3990.764,sglang:subprocess,0.0,0.0,84.146,15.098
3991.264,sglang:subprocess,0.0,0.0,84.145,15.098
3991.765,sglang:subprocess,0.0,0.0,84.146,15.098
3992.266,sglang:subprocess,0.0,0.0,84.146,15.098
3992.767,sglang:subprocess,0.0,0.0,84.146,15.098
3993.268,sglang:subprocess,0.0,0.0,84.143,15.098
3993.768,sglang:subprocess,0.0,0.0,84.143,15.098
3994.269,sglang:subprocess,0.0,0.0,84.144,15.098
3994.77,sglang:subprocess,0.0,0.0,84.144,15.098
3995.27,sglang:subprocess,0.0,0.0,84.144,15.098
3995.771,sglang:subprocess,0.0,0.0,84.144,15.098
3996.272,sglang:subprocess,0.0,0.0,84.145,15.098
3996.772,sglang:subprocess,0.0,0.0,84.148,15.098
3997.274,sglang:subprocess,0.0,0.0,84.149,15.098
3997.774,sglang:subprocess,0.0,0.0,84.149,15.098
3998.278,sglang:subprocess,0.0,0.0,84.149,15.098
3998.778,sglang:subprocess,0.0,0.0,84.15,15.098
3999.279,sglang:subprocess,0.0,0.0,84.151,15.098
3999.78,sglang:subprocess,0.0,0.0,84.151,15.098
4000.281,sglang:subprocess,0.0,0.0,84.15,15.098
4000.781,sglang:subprocess,0.0,0.0,84.15,15.098
4001.282,sglang:subprocess,0.0,0.0,84.15,15.098
4001.783,sglang:subprocess,0.0,0.0,84.149,15.098
4002.283,sglang:subprocess,0.0,0.0,84.149,15.098
4002.784,sglang:subprocess,0.0,0.0,84.154,15.098
4003.285,sglang:subprocess,0.0,0.0,84.143,15.098
4003.786,sglang:subprocess,0.0,0.0,84.144,15.098
4004.287,sglang:subprocess,0.0,0.0,84.145,15.098
4004.787,sglang:subprocess,0.0,0.0,84.147,15.098
4005.288,sglang:subprocess,0.0,0.0,84.143,15.098
4005.789,sglang:subprocess,0.0,0.0,84.144,15.098
4006.289,sglang:subprocess,0.0,0.0,84.142,15.098
4006.79,sglang:subprocess,0.0,0.0,84.143,15.098
4007.291,sglang:subprocess,0.0,0.0,84.147,15.098
4007.792,sglang:subprocess,0.0,0.0,84.149,15.098
4008.292,sglang:subprocess,0.0,0.0,84.148,15.098
4008.793,sglang:subprocess,0.0,0.0,84.154,15.098
4009.294,sglang:subprocess,0.0,0.0,84.15,15.098
4009.795,sglang:subprocess,0.0,0.0,84.149,15.098
4010.295,sglang:subprocess,0.0,0.0,84.149,15.098
4010.796,sglang:subprocess,0.0,0.0,84.155,15.098
4011.297,sglang:subprocess,0.0,0.0,84.148,15.098
4011.797,sglang:subprocess,0.0,0.0,84.149,15.098
4012.298,sglang:subprocess,0.0,0.0,84.15,15.098
4012.799,sglang:subprocess,0.0,0.0,84.147,15.098
4013.3,sglang:subprocess,0.0,0.0,84.145,15.098
4013.8,sglang:subprocess,0.0,0.0,84.143,15.098
4014.301,sglang:subprocess,0.0,0.0,84.144,15.098
4014.802,sglang:subprocess,0.0,0.0,84.143,15.098
4015.303,sglang:subprocess,0.0,0.0,84.143,15.098
4015.803,sglang:subprocess,0.0,0.0,84.143,15.098
4016.304,sglang:subprocess,0.0,0.0,84.143,15.098
4016.805,sglang:subprocess,0.0,0.0,84.143,15.098
4017.306,sglang:subprocess,0.0,0.0,84.147,15.098
4017.806,sglang:subprocess,0.0,0.0,84.148,15.098
4018.307,sglang:subprocess,0.0,0.0,84.149,15.098
4018.808,sglang:subprocess,0.0,0.0,84.149,15.098
4019.309,sglang:subprocess,0.0,0.0,84.151,15.098
4019.81,sglang:subprocess,0.0,0.0,84.15,15.098
4020.31,sglang:subprocess,0.0,0.0,84.15,15.098
4020.811,sglang:subprocess,0.0,0.0,84.149,15.098
4021.312,sglang:subprocess,0.0,0.0,84.15,15.098
4021.812,sglang:subprocess,0.0,0.0,84.149,15.098
4022.313,sglang:subprocess,0.0,0.0,84.149,15.098
4022.814,sglang:subprocess,0.0,0.0,84.149,15.098
4023.314,sglang:subprocess,0.0,0.0,84.143,15.098
4023.816,sglang:subprocess,0.0,0.0,84.145,15.098
4024.316,sglang:subprocess,0.0,0.0,84.147,15.098
4024.817,sglang:subprocess,0.0,0.0,84.145,15.098
4025.318,sglang:subprocess,0.0,0.0,84.146,15.098
4025.818,sglang:subprocess,0.0,0.0,84.146,15.098
4026.319,sglang:subprocess,0.0,0.0,84.146,15.098
4026.82,sglang:subprocess,0.0,0.0,84.144,15.098
4027.32,sglang:subprocess,0.0,0.0,84.15,15.098
4027.821,sglang:subprocess,0.0,0.0,84.15,15.098
4028.322,sglang:subprocess,0.0,0.0,84.149,15.098
4028.823,sglang:subprocess,0.0,0.0,84.149,15.098
4029.324,sglang:subprocess,0.0,0.0,84.15,15.098
4029.824,sglang:subprocess,0.0,0.0,84.15,15.098
4030.325,sglang:subprocess,0.0,0.0,84.149,15.098
4030.826,sglang:subprocess,0.0,0.0,84.148,15.098
4031.326,sglang:subprocess,0.0,0.0,84.15,15.098
4031.827,sglang:subprocess,0.0,0.0,84.152,15.098
4032.328,sglang:subprocess,0.0,0.0,84.153,15.098
4032.828,sglang:subprocess,0.0,0.0,84.152,15.098
4033.329,sglang:subprocess,0.0,0.0,84.145,15.098
4033.83,sglang:subprocess,0.0,0.0,84.145,15.098
4034.331,sglang:subprocess,0.0,0.0,84.146,15.098
4034.832,sglang:subprocess,0.0,0.0,84.145,15.098
4035.333,sglang:subprocess,0.0,0.0,84.145,15.098
4035.833,sglang:subprocess,0.0,0.0,84.145,15.098
4036.334,sglang:subprocess,0.0,0.0,84.145,15.098
4036.835,sglang:subprocess,0.0,0.0,84.144,15.098
4037.335,sglang:subprocess,0.0,0.0,84.149,15.098
4037.836,sglang:subprocess,0.0,0.0,84.15,15.098
4038.337,sglang:subprocess,0.0,0.0,84.15,15.098
4038.837,sglang:subprocess,0.0,0.0,84.15,15.098
4039.338,sglang:subprocess,0.0,0.0,84.151,15.098
4039.839,sglang:subprocess,0.0,0.0,84.152,15.098
4040.34,sglang:subprocess,0.0,0.0,84.149,15.098
4040.84,sglang:subprocess,0.0,0.0,84.149,15.098
4041.341,sglang:subprocess,0.0,0.0,84.15,15.098
4041.842,sglang:subprocess,0.0,0.0,84.15,15.098
4042.342,sglang:subprocess,0.0,0.0,84.152,15.098
4042.843,sglang:subprocess,0.0,0.0,84.147,15.098
4043.344,sglang:subprocess,0.0,0.0,84.147,15.098
4043.844,sglang:subprocess,0.0,0.0,84.146,15.098
4044.345,sglang:subprocess,0.0,0.0,84.145,15.098
4044.846,sglang:subprocess,0.0,0.0,84.146,15.098
4045.347,sglang:subprocess,0.0,0.0,84.146,15.098
4045.848,sglang:subprocess,0.0,0.0,84.146,15.098
4046.348,sglang:subprocess,0.0,0.0,84.147,15.098
4046.849,sglang:subprocess,0.0,0.0,84.145,15.098
4047.35,sglang:subprocess,0.0,0.0,84.149,15.098
4047.85,sglang:subprocess,0.0,0.0,84.149,15.098
4048.351,sglang:subprocess,0.0,0.0,84.151,15.098
4048.852,sglang:subprocess,0.0,0.0,84.151,15.098
4049.353,sglang:subprocess,0.0,0.0,84.15,15.098
4049.854,sglang:subprocess,0.0,0.0,84.151,15.098
4050.354,sglang:subprocess,0.0,0.0,84.15,15.098
4050.856,sglang:subprocess,0.0,0.0,84.15,15.098
4051.356,sglang:subprocess,0.0,0.0,84.151,15.098
4051.857,sglang:subprocess,0.0,0.0,84.151,15.098
4052.358,sglang:subprocess,0.0,0.0,84.153,15.098
4052.859,sglang:subprocess,0.0,0.0,84.146,15.098
4053.359,sglang:subprocess,0.0,0.0,84.146,15.098
4053.86,sglang:subprocess,0.0,0.0,84.146,15.098
4054.361,sglang:subprocess,0.0,0.0,84.146,15.098
4054.861,sglang:subprocess,0.0,0.0,84.145,15.098
4055.362,sglang:subprocess,0.0,0.0,84.145,15.098
4055.863,sglang:subprocess,0.0,0.0,84.145,15.098
4056.364,sglang:subprocess,0.0,0.0,84.145,15.098
4056.865,sglang:subprocess,0.0,0.0,84.143,15.098
4057.365,sglang:subprocess,0.0,0.0,84.147,15.098
4057.866,sglang:subprocess,0.0,0.0,84.148,15.098
4058.367,sglang:subprocess,0.0,0.0,84.15,15.098
4058.867,sglang:subprocess,0.0,0.0,84.149,15.098
4059.368,sglang:subprocess,0.0,0.0,84.148,15.098
4059.869,sglang:subprocess,0.0,0.0,84.151,15.098
4060.37,sglang:subprocess,0.0,0.0,84.151,15.098
4060.87,sglang:subprocess,0.0,0.0,84.148,15.098
4061.371,sglang:subprocess,0.0,0.0,84.149,15.098
4061.872,sglang:subprocess,0.0,0.0,84.15,15.098
4062.372,sglang:subprocess,0.0,0.0,84.15,15.098
4062.873,sglang:subprocess,0.0,0.0,84.145,15.098
4063.374,sglang:subprocess,0.0,0.0,84.145,15.098
4063.875,sglang:subprocess,0.0,0.0,84.146,15.098
4064.375,sglang:subprocess,0.0,0.0,84.147,15.098
4064.876,sglang:subprocess,0.0,0.0,84.147,15.098
4065.377,sglang:subprocess,0.0,0.0,84.147,15.098
4065.878,sglang:subprocess,0.0,0.0,84.147,15.098
4066.379,sglang:subprocess,0.0,0.0,84.148,15.098
4066.88,sglang:subprocess,0.0,0.0,84.146,15.098
4067.381,sglang:subprocess,0.0,0.0,84.15,15.098
4067.881,sglang:subprocess,0.0,0.0,84.15,15.098
4068.382,sglang:subprocess,0.0,0.0,84.152,15.098
4068.883,sglang:subprocess,0.0,0.0,84.154,15.098
4069.383,sglang:subprocess,0.0,0.0,84.153,15.098
4069.884,sglang:subprocess,0.0,0.0,84.154,15.098
4070.385,sglang:subprocess,0.0,0.0,84.153,15.098
4070.886,sglang:subprocess,0.0,0.0,84.153,15.098
4071.386,sglang:subprocess,0.0,0.0,84.154,15.098
4071.887,sglang:subprocess,0.0,0.0,84.153,15.098
4072.388,sglang:subprocess,0.0,0.0,84.152,15.098
4072.889,sglang:subprocess,0.0,0.0,84.155,15.098
4073.389,sglang:subprocess,0.0,0.0,84.156,15.098
4073.89,sglang:subprocess,0.0,0.0,84.15,15.098
4074.391,sglang:subprocess,0.0,0.0,84.15,15.098
4074.891,sglang:subprocess,0.0,0.0,84.148,15.098
4075.392,sglang:subprocess,0.0,0.0,84.149,15.098
4075.893,sglang:subprocess,0.0,0.0,84.148,15.098
4076.394,sglang:subprocess,0.0,0.0,84.149,15.098
4076.895,sglang:subprocess,0.0,0.0,84.15,15.098
4077.395,sglang:subprocess,0.0,0.0,84.15,15.098
4077.896,sglang:subprocess,0.0,0.0,84.15,15.098
4078.397,sglang:subprocess,0.0,0.0,84.15,15.098
4078.897,sglang:subprocess,0.0,0.0,84.148,15.098
4079.398,sglang:subprocess,0.0,0.0,84.15,15.098
4079.899,sglang:subprocess,0.0,0.0,84.149,15.098
4080.399,sglang:subprocess,0.0,0.0,84.149,15.098
4080.9,sglang:subprocess,0.0,0.0,84.148,15.098
4081.401,sglang:subprocess,0.0,0.0,84.149,15.098
4081.902,sglang:subprocess,0.0,0.0,84.148,15.098
4082.403,sglang:subprocess,0.0,0.0,84.149,15.098
4082.903,sglang:subprocess,0.0,0.0,84.149,15.098
4083.404,sglang:subprocess,0.0,0.0,84.149,15.098
4083.905,sglang:subprocess,0.0,0.0,84.15,15.098
4084.405,sglang:subprocess,0.0,0.0,84.147,15.098
4084.906,sglang:subprocess,0.0,0.0,84.146,15.098
4085.407,sglang:subprocess,0.0,0.0,84.146,15.098
4085.908,sglang:subprocess,0.0,0.0,84.146,15.098
4086.408,sglang:subprocess,0.0,0.0,84.147,15.098
4086.91,sglang:subprocess,0.0,0.0,84.147,15.098
4087.41,sglang:subprocess,0.0,0.0,84.148,15.098
4087.911,sglang:subprocess,0.0,0.0,84.148,15.098
4088.412,sglang:subprocess,0.0,0.0,84.148,15.098
4088.912,sglang:subprocess,0.0,0.0,84.152,15.098
4089.413,sglang:subprocess,0.0,0.0,84.153,15.098
4089.914,sglang:subprocess,0.0,0.0,84.153,15.098
4090.414,sglang:subprocess,0.0,0.0,84.153,15.098
4090.915,sglang:subprocess,0.0,0.0,84.152,15.098
4091.416,sglang:subprocess,0.0,0.0,84.152,15.098
4091.917,sglang:subprocess,0.0,0.0,84.152,15.098
4092.418,sglang:subprocess,0.0,0.0,84.152,15.098
4092.918,sglang:subprocess,0.0,0.0,84.151,15.098
4093.419,sglang:subprocess,0.0,0.0,84.151,15.098
4093.92,sglang:subprocess,0.0,0.0,84.151,15.098
4094.42,sglang:subprocess,0.0,0.0,84.152,15.098
4094.921,sglang:subprocess,0.0,0.0,84.152,15.098
4095.422,sglang:subprocess,0.0,0.0,84.153,15.098
4095.922,sglang:subprocess,0.0,0.0,84.15,15.098
4096.423,sglang:subprocess,0.0,0.0,84.15,15.098
4096.924,sglang:subprocess,0.0,0.0,84.14,15.098
4097.425,sglang:subprocess,0.0,0.0,84.141,15.098
4097.926,sglang:subprocess,0.0,0.0,84.145,15.098
4098.426,sglang:subprocess,0.0,0.0,84.146,15.098
4098.927,sglang:subprocess,0.0,0.0,84.148,15.098
4099.428,sglang:subprocess,0.0,0.0,84.148,15.098
4099.929,sglang:subprocess,0.0,0.0,84.15,15.098
4100.429,sglang:subprocess,0.0,0.0,84.152,15.098
4100.93,sglang:subprocess,0.0,0.0,84.151,15.098
4101.431,sglang:subprocess,0.0,0.0,84.152,15.098
4101.931,sglang:subprocess,0.0,0.0,84.152,15.098
4102.432,sglang:subprocess,0.0,0.0,84.152,15.098
4102.933,sglang:subprocess,0.0,0.0,84.15,15.098
4103.434,sglang:subprocess,0.0,0.0,84.151,15.098
4103.935,sglang:subprocess,0.0,0.0,84.151,15.098
4104.435,sglang:subprocess,0.0,0.0,84.152,15.098
4104.936,sglang:subprocess,0.0,0.0,84.149,15.098
4105.437,sglang:subprocess,0.0,0.0,84.151,15.098
4105.937,sglang:subprocess,0.0,0.0,84.151,15.098
4106.438,sglang:subprocess,0.0,0.0,84.148,15.098
4106.939,sglang:subprocess,0.0,0.0,84.149,15.098
4107.439,sglang:subprocess,0.0,0.0,84.149,15.098
4107.94,sglang:subprocess,0.0,0.0,84.148,15.098
4108.441,sglang:subprocess,0.0,0.0,84.149,15.098
4108.942,sglang:subprocess,0.0,0.0,84.158,15.098
4109.443,sglang:subprocess,0.0,0.0,84.161,15.098
4109.943,sglang:subprocess,0.0,0.0,84.162,15.098
4110.444,sglang:subprocess,0.0,0.0,84.162,15.098
4110.945,sglang:subprocess,0.0,0.0,84.161,15.098
4111.445,sglang:subprocess,0.0,0.0,84.162,15.098
4111.946,sglang:subprocess,0.0,0.0,84.162,15.098
4112.447,sglang:subprocess,0.0,0.0,84.164,15.098
4112.948,sglang:subprocess,0.0,0.0,84.158,15.098
4113.449,sglang:subprocess,0.0,0.0,84.159,15.098
4113.949,sglang:subprocess,0.0,0.0,84.159,15.098
4114.45,sglang:subprocess,0.0,0.0,84.159,15.098
4114.951,sglang:subprocess,0.0,0.0,84.157,15.098
4115.451,sglang:subprocess,0.0,0.0,84.159,15.098
4115.952,sglang:subprocess,0.0,0.0,84.159,15.098
4116.453,sglang:subprocess,0.0,0.0,84.194,15.098
4116.953,sglang:subprocess,0.0,0.0,84.194,15.098
4117.454,sglang:subprocess,0.0,0.0,84.159,15.098
4117.955,sglang:subprocess,0.0,0.0,84.159,15.098
4118.456,sglang:subprocess,0.0,0.0,84.16,15.098
4118.957,sglang:subprocess,0.0,0.0,84.16,15.098
4119.457,sglang:subprocess,0.0,0.0,84.162,15.098
4119.958,sglang:subprocess,0.0,0.0,84.162,15.098
4120.459,sglang:subprocess,0.0,0.0,84.161,15.098
4120.959,sglang:subprocess,0.0,0.0,84.16,15.098
4121.46,sglang:subprocess,0.0,0.0,84.162,15.098
4121.961,sglang:subprocess,0.0,0.0,84.164,15.098
4122.461,sglang:subprocess,0.0,0.0,84.164,15.098
4122.962,sglang:subprocess,0.0,0.0,84.154,15.098
4123.463,sglang:subprocess,0.0,0.0,84.152,15.098
4123.964,sglang:subprocess,0.0,0.0,84.152,15.098
4124.465,sglang:subprocess,0.0,0.0,84.153,15.098
4124.965,sglang:subprocess,0.0,0.0,84.152,15.098
4125.466,sglang:subprocess,0.0,0.0,84.155,15.098
4125.967,sglang:subprocess,0.0,0.0,84.153,15.098
4126.467,sglang:subprocess,0.0,0.0,84.153,15.098
4126.968,sglang:subprocess,0.0,0.0,84.154,15.098
4127.469,sglang:subprocess,0.0,0.0,84.153,15.098
4127.97,sglang:subprocess,0.0,0.0,84.154,15.098
4128.471,sglang:subprocess,0.0,0.0,84.154,15.098
4128.972,sglang:subprocess,0.0,0.0,84.154,15.098
4129.473,sglang:subprocess,0.0,0.0,84.154,15.098
4129.977,sglang:subprocess,0.0,0.0,84.153,15.098
4130.478,sglang:subprocess,0.0,0.0,84.154,15.098
4130.979,sglang:subprocess,0.0,0.0,84.154,15.098
4131.479,sglang:subprocess,0.0,0.0,84.152,15.098
4131.98,sglang:subprocess,0.0,0.0,84.153,15.098
4132.481,sglang:subprocess,0.0,0.0,84.153,15.098
4132.981,sglang:subprocess,0.0,0.0,84.152,15.098
4133.482,sglang:subprocess,0.0,0.0,84.153,15.098
4133.983,sglang:subprocess,0.0,0.0,84.154,15.098
4134.484,sglang:subprocess,0.0,0.0,84.154,15.098
4134.985,sglang:subprocess,0.0,0.0,84.154,15.098
4135.485,sglang:subprocess,0.0,0.0,84.155,15.098
4135.986,sglang:subprocess,0.0,0.0,84.154,15.098
4136.487,sglang:subprocess,0.0,0.0,84.155,15.098
4136.988,sglang:subprocess,0.0,0.0,84.156,15.098
4137.488,sglang:subprocess,0.0,0.0,84.152,15.098
4137.989,sglang:subprocess,0.0,0.0,84.151,15.098
4138.49,sglang:subprocess,0.0,0.0,84.151,15.098
4138.99,sglang:subprocess,0.0,0.0,84.151,15.098
4139.492,sglang:subprocess,0.0,0.0,84.151,15.098
4139.992,sglang:subprocess,0.0,0.0,84.152,15.098
4140.493,sglang:subprocess,0.0,0.0,84.153,15.098
4140.994,sglang:subprocess,0.0,0.0,84.151,15.098
4141.494,sglang:subprocess,0.0,0.0,84.152,15.098
4141.995,sglang:subprocess,0.0,0.0,84.154,15.098
4142.496,sglang:subprocess,0.0,0.0,84.154,15.098
4142.996,sglang:subprocess,0.0,0.0,84.147,15.098
4143.497,sglang:subprocess,0.0,0.0,84.147,15.098
4143.998,sglang:subprocess,0.0,0.0,84.147,15.098
4144.499,sglang:subprocess,0.0,0.0,84.147,15.098
4145.0,sglang:subprocess,0.0,0.0,84.146,15.098
4145.5,sglang:subprocess,0.0,0.0,84.147,15.098
4146.001,sglang:subprocess,0.0,0.0,84.146,15.098
4146.502,sglang:subprocess,0.0,0.0,84.148,15.098
4147.003,sglang:subprocess,0.0,0.0,84.153,15.098
4147.503,sglang:subprocess,0.0,0.0,84.153,15.098
4148.004,sglang:subprocess,0.0,0.0,84.153,15.098
4148.505,sglang:subprocess,0.0,0.0,84.153,15.098
4149.005,sglang:subprocess,0.0,0.0,84.153,15.098
4149.506,sglang:subprocess,0.0,0.0,84.154,15.098
4150.007,sglang:subprocess,0.0,0.0,84.154,15.098
4150.508,sglang:subprocess,0.0,0.0,84.153,15.098
4151.009,sglang:subprocess,0.0,0.0,84.154,15.098
4151.509,sglang:subprocess,0.0,0.0,84.154,15.098
4152.01,sglang:subprocess,0.0,0.0,84.153,15.098
4152.511,sglang:subprocess,0.0,0.0,84.153,15.098
4153.012,sglang:subprocess,0.0,0.0,84.149,15.098
4153.512,sglang:subprocess,0.0,0.0,84.149,15.098
4154.013,sglang:subprocess,0.0,0.0,84.149,15.098
4154.514,sglang:subprocess,0.0,0.0,84.149,15.098
4155.015,sglang:subprocess,0.0,0.0,84.15,15.098
4155.516,sglang:subprocess,0.0,0.0,84.15,15.098
4156.017,sglang:subprocess,0.0,0.0,84.15,15.098
4156.517,sglang:subprocess,0.0,0.0,84.15,15.098
4157.018,sglang:subprocess,0.0,0.0,84.154,15.098
4157.519,sglang:subprocess,0.0,0.0,84.155,15.098
4158.02,sglang:subprocess,0.0,0.0,84.153,15.098
4158.521,sglang:subprocess,0.0,0.0,84.152,15.098
4159.021,sglang:subprocess,0.0,0.0,84.153,15.098
4159.522,sglang:subprocess,0.0,0.0,84.152,15.098
4160.023,sglang:subprocess,0.0,0.0,84.152,15.098
4160.524,sglang:subprocess,0.0,0.0,84.152,15.098
4161.025,sglang:subprocess,0.0,0.0,84.15,15.098
4161.526,sglang:subprocess,0.0,0.0,84.15,15.098
4162.026,sglang:subprocess,0.0,0.0,84.15,15.098
4162.527,sglang:subprocess,0.0,0.0,84.15,15.098
4163.028,sglang:subprocess,0.0,0.0,84.148,15.098
4163.528,sglang:subprocess,0.0,0.0,84.147,15.098
4164.029,sglang:subprocess,0.0,0.0,84.148,15.098
4164.53,sglang:subprocess,0.0,0.0,84.148,15.098
4165.031,sglang:subprocess,0.0,0.0,84.147,15.098
4165.532,sglang:subprocess,0.0,0.0,84.148,15.098
4166.032,sglang:subprocess,0.0,0.0,84.149,15.098
4166.533,sglang:subprocess,0.0,0.0,84.15,15.098
4167.034,sglang:subprocess,0.0,0.0,84.152,15.098
4167.535,sglang:subprocess,0.0,0.0,84.152,15.098
4168.035,sglang:subprocess,0.0,0.0,84.152,15.098
4168.536,sglang:subprocess,0.0,0.0,84.152,15.098
4169.037,sglang:subprocess,0.0,0.0,84.152,15.098
4169.537,sglang:subprocess,0.0,0.0,84.152,15.098
4170.038,sglang:subprocess,0.0,0.0,84.153,15.098
4170.539,sglang:subprocess,0.0,0.0,84.153,15.098
4171.04,sglang:subprocess,0.0,0.0,84.153,15.098
4171.541,sglang:subprocess,0.0,0.0,84.154,15.098
4172.041,sglang:subprocess,0.0,0.0,84.154,15.098
4172.542,sglang:subprocess,0.0,0.0,84.154,15.098
4173.043,sglang:subprocess,0.0,0.0,84.152,15.098
4173.543,sglang:subprocess,0.0,0.0,84.147,15.098
4174.044,sglang:subprocess,0.0,0.0,84.147,15.098
4174.545,sglang:subprocess,0.0,0.0,84.147,15.098
4175.046,sglang:subprocess,0.0,0.0,84.148,15.098
4175.546,sglang:subprocess,0.0,0.0,84.147,15.098
4176.048,sglang:subprocess,0.0,0.0,84.147,15.098
4176.548,sglang:subprocess,0.0,0.0,84.149,15.098
4177.049,sglang:subprocess,0.0,0.0,84.149,15.098
4177.55,sglang:subprocess,0.0,0.0,84.15,15.098
4178.05,sglang:subprocess,0.0,0.0,84.151,15.098
4178.551,sglang:subprocess,0.0,0.0,84.151,15.098
4179.052,sglang:subprocess,0.0,0.0,84.15,15.098
4179.552,sglang:subprocess,0.0,0.0,84.151,15.098
4180.053,sglang:subprocess,0.0,0.0,84.151,15.098
4180.554,sglang:subprocess,0.0,0.0,84.15,15.098
4181.054,sglang:subprocess,0.0,0.0,84.149,15.098
4181.556,sglang:subprocess,0.0,0.0,84.15,15.098
4182.056,sglang:subprocess,0.0,0.0,84.15,15.098
4182.557,sglang:subprocess,0.0,0.0,84.151,15.098
4183.058,sglang:subprocess,0.0,0.0,84.15,15.098
4183.558,sglang:subprocess,0.0,0.0,84.149,15.098
4184.059,sglang:subprocess,0.0,0.0,84.152,15.098
4184.56,sglang:subprocess,0.0,0.0,84.15,15.098
4185.06,sglang:subprocess,0.0,0.0,84.149,15.098
4185.561,sglang:subprocess,0.0,0.0,84.149,15.098
4186.062,sglang:subprocess,0.0,0.0,84.15,15.098
4186.563,sglang:subprocess,0.0,0.0,84.151,15.098
4187.064,sglang:subprocess,0.0,0.0,84.151,15.098
4187.565,sglang:subprocess,0.0,0.0,84.151,15.098
4188.065,sglang:subprocess,0.0,0.0,84.152,15.098
4188.572,sglang:subprocess,0.0,0.0,84.151,15.098
4189.072,sglang:subprocess,0.0,0.0,84.15,15.098
4189.573,sglang:subprocess,0.0,0.0,84.15,15.098
4190.074,sglang:subprocess,0.0,0.0,84.151,15.098
4190.574,sglang:subprocess,0.0,0.0,84.15,15.098
4191.075,sglang:subprocess,0.0,0.0,84.149,15.098
4191.576,sglang:subprocess,0.0,0.0,84.149,15.098
4192.077,sglang:subprocess,0.0,0.0,84.15,15.098
4192.578,sglang:subprocess,0.0,0.0,84.151,15.098
4193.078,sglang:subprocess,0.0,0.0,84.15,15.098
4193.579,sglang:subprocess,0.0,0.0,84.151,15.098
4194.08,sglang:subprocess,0.0,0.0,84.151,15.098
4194.58,sglang:subprocess,0.0,0.0,84.151,15.098
4195.081,sglang:subprocess,0.0,0.0,84.152,15.098
4195.582,sglang:subprocess,0.0,0.0,84.15,15.098
4196.083,sglang:subprocess,0.0,0.0,84.15,15.098
4196.583,sglang:subprocess,0.0,0.0,84.15,15.098
4197.085,sglang:subprocess,0.0,0.0,84.15,15.098
4197.585,sglang:subprocess,0.0,0.0,84.15,15.098
4198.086,sglang:subprocess,0.0,0.0,84.15,15.098
4198.587,sglang:subprocess,0.0,0.0,84.151,15.098
4199.087,sglang:subprocess,0.0,0.0,84.15,15.098
4199.588,sglang:subprocess,0.0,0.0,84.15,15.098
4200.089,sglang:subprocess,0.0,0.0,84.15,15.098
4200.589,sglang:subprocess,0.0,0.0,84.149,15.098
4201.09,sglang:subprocess,0.0,0.0,84.149,15.098
4201.591,sglang:subprocess,0.0,0.0,84.149,15.098
4202.092,sglang:subprocess,0.0,0.0,84.151,15.098
4202.593,sglang:subprocess,0.0,0.0,84.151,15.098
4203.093,sglang:subprocess,0.0,0.0,84.15,15.098
4203.594,sglang:subprocess,0.0,0.0,84.151,15.098
4204.095,sglang:subprocess,0.0,0.0,84.151,15.098
4204.596,sglang:subprocess,0.0,0.0,84.15,15.098
4205.096,sglang:subprocess,0.0,0.0,84.151,15.098
4205.597,sglang:subprocess,0.0,0.0,84.151,15.098
4206.098,sglang:subprocess,0.0,0.0,84.152,15.098
4206.598,sglang:subprocess,0.0,0.0,84.151,15.098
4207.099,sglang:subprocess,0.0,0.0,84.151,15.098
4207.6,sglang:subprocess,0.0,0.0,84.15,15.098
4208.101,sglang:subprocess,0.0,0.0,84.15,15.098
4208.602,sglang:subprocess,0.0,0.0,84.151,15.098
4209.102,sglang:subprocess,0.0,0.0,84.151,15.098
4209.603,sglang:subprocess,0.0,0.0,84.151,15.098
4210.104,sglang:subprocess,0.0,0.0,84.151,15.098
4210.604,sglang:subprocess,0.0,0.0,84.15,15.098
4211.105,sglang:subprocess,0.0,0.0,84.149,15.098
4211.606,sglang:subprocess,0.0,0.0,84.149,15.098
4212.106,sglang:subprocess,0.0,0.0,84.15,15.098
4212.607,sglang:subprocess,0.0,0.0,84.149,15.098
4213.108,sglang:subprocess,0.0,0.0,84.151,15.098
4213.609,sglang:subprocess,0.0,0.0,84.151,15.098
4214.11,sglang:subprocess,0.0,0.0,84.15,15.098
4214.61,sglang:subprocess,0.0,0.0,84.15,15.098
4215.111,sglang:subprocess,0.0,0.0,84.151,15.098
4215.612,sglang:subprocess,0.0,0.0,84.152,15.098
4216.112,sglang:subprocess,0.0,0.0,84.153,15.098
4216.613,sglang:subprocess,0.0,0.0,84.153,15.098
4217.114,sglang:subprocess,0.0,0.0,84.157,15.098
4217.614,sglang:subprocess,0.0,0.0,84.155,15.098
4218.116,sglang:subprocess,0.0,0.0,84.155,15.098
4218.616,sglang:subprocess,0.0,0.0,84.155,15.098
4219.117,sglang:subprocess,0.0,0.0,84.156,15.098
4219.618,sglang:subprocess,0.0,0.0,84.156,15.098
4220.118,sglang:subprocess,0.0,0.0,84.158,15.098
4220.619,sglang:subprocess,0.0,0.0,84.159,15.098
4221.12,sglang:subprocess,0.0,0.0,84.156,15.098
4221.62,sglang:subprocess,0.0,0.0,84.156,15.098
4222.121,sglang:subprocess,0.0,0.0,84.157,15.098
4222.622,sglang:subprocess,0.0,0.0,84.157,15.098
4223.122,sglang:subprocess,0.0,0.0,84.157,15.098
4223.624,sglang:subprocess,0.0,0.0,84.153,15.098
4224.125,sglang:subprocess,0.0,0.0,84.153,15.098
4224.625,sglang:subprocess,0.0,0.0,84.153,15.098
4225.126,sglang:subprocess,0.0,0.0,84.153,15.098
4225.63,sglang:subprocess,0.0,0.0,84.152,15.098
4226.13,sglang:subprocess,0.0,0.0,84.153,15.098
4226.631,sglang:subprocess,0.0,0.0,84.153,15.098
4227.132,sglang:subprocess,0.0,0.0,84.156,15.098
4227.641,sglang:subprocess,0.0,0.0,84.156,15.098
4228.141,sglang:subprocess,0.0,0.0,84.156,15.098
4228.643,sglang:subprocess,0.0,0.0,84.156,15.098
4229.143,sglang:subprocess,0.0,0.0,84.156,15.098
4229.644,sglang:subprocess,0.0,0.0,84.156,15.098
4230.145,sglang:subprocess,0.0,0.0,84.157,15.098
4230.646,sglang:subprocess,0.0,0.0,84.156,15.098
4231.146,sglang:subprocess,0.0,0.0,84.155,15.098
4231.647,sglang:subprocess,0.0,0.0,84.156,15.098
4232.148,sglang:subprocess,0.0,0.0,84.156,15.098
4232.648,sglang:subprocess,0.0,0.0,84.156,15.098
4233.149,sglang:subprocess,0.0,0.0,84.155,15.098
4233.65,sglang:subprocess,0.0,0.0,84.154,15.098
4234.151,sglang:subprocess,0.0,0.0,84.154,15.098
4234.652,sglang:subprocess,0.0,0.0,84.154,15.098
4235.153,sglang:subprocess,0.0,0.0,84.152,15.098
4235.654,sglang:subprocess,0.0,0.0,84.152,15.098
4236.154,sglang:subprocess,0.0,0.0,84.153,15.098
4236.657,sglang:subprocess,0.0,0.0,84.152,15.098
4237.158,sglang:subprocess,0.0,0.0,84.154,15.098
4237.658,sglang:subprocess,0.0,0.0,84.153,15.098
4238.159,sglang:subprocess,0.0,0.0,84.155,15.098
4238.66,sglang:subprocess,0.0,0.0,84.156,15.098
4239.161,sglang:subprocess,0.0,0.0,84.156,15.098
4239.662,sglang:subprocess,0.0,0.0,84.157,15.098
4240.162,sglang:subprocess,0.0,0.0,84.157,15.098
4240.663,sglang:subprocess,0.0,0.0,84.157,15.098
4241.164,sglang:subprocess,0.0,0.0,84.156,15.098
4241.664,sglang:subprocess,0.0,0.0,84.158,15.098
4242.165,sglang:subprocess,0.0,0.0,84.158,15.098
4242.666,sglang:subprocess,0.0,0.0,84.158,15.098
4243.166,sglang:subprocess,0.0,0.0,84.156,15.098
4243.667,sglang:subprocess,0.0,0.0,84.157,15.098
4244.168,sglang:subprocess,0.0,0.0,84.153,15.098
4244.669,sglang:subprocess,0.0,0.0,84.153,15.098
4245.17,sglang:subprocess,0.0,0.0,84.153,15.098
4245.67,sglang:subprocess,0.0,0.0,84.152,15.098
4246.174,sglang:subprocess,0.0,0.0,84.152,15.098
4246.675,sglang:subprocess,0.0,0.0,84.152,15.098
4247.176,sglang:subprocess,0.0,0.0,84.152,15.098
4247.676,sglang:subprocess,0.0,0.0,84.156,15.098
4248.177,sglang:subprocess,0.0,0.0,84.157,15.098
4248.678,sglang:subprocess,0.0,0.0,84.157,15.098
4249.179,sglang:subprocess,0.0,0.0,84.156,15.098
4249.68,sglang:subprocess,0.0,0.0,84.155,15.098
4250.18,sglang:subprocess,0.0,0.0,84.156,15.098
4250.681,sglang:subprocess,0.0,0.0,84.156,15.098
4251.182,sglang:subprocess,0.0,0.0,84.155,15.098
4251.682,sglang:subprocess,0.0,0.0,84.157,15.098
4252.183,sglang:subprocess,0.0,0.0,84.156,15.098
4252.684,sglang:subprocess,0.0,0.0,84.157,15.098
4253.185,sglang:subprocess,0.0,0.0,84.156,15.098
4253.685,sglang:subprocess,0.0,0.0,84.157,15.098
4254.186,sglang:subprocess,0.0,0.0,84.155,15.098
4254.687,sglang:subprocess,0.0,0.0,84.156,15.098
4255.188,sglang:subprocess,0.0,0.0,84.155,15.098
4255.688,sglang:subprocess,0.0,0.0,84.154,15.098
4256.189,sglang:subprocess,0.0,0.0,84.155,15.098
4256.69,sglang:subprocess,0.0,0.0,84.156,15.098
4257.19,sglang:subprocess,0.0,0.0,84.157,15.098
4257.691,sglang:subprocess,0.0,0.0,84.154,15.098
4258.192,sglang:subprocess,0.0,0.0,84.155,15.098
4258.692,sglang:subprocess,0.0,0.0,84.156,15.098
4259.193,sglang:subprocess,0.0,0.0,84.155,15.098
4259.694,sglang:subprocess,0.0,0.0,84.156,15.098
4260.195,sglang:subprocess,0.0,0.0,84.157,15.098
4260.696,sglang:subprocess,0.0,0.0,84.156,15.098
4261.196,sglang:subprocess,0.0,0.0,84.157,15.098
4261.697,sglang:subprocess,0.0,0.0,84.157,15.098
4262.198,sglang:subprocess,0.0,0.0,84.158,15.098
4262.699,sglang:subprocess,0.0,0.0,84.158,15.098
4263.199,sglang:subprocess,0.0,0.0,84.157,15.098
4263.7,sglang:subprocess,0.0,0.0,84.158,15.098
4264.201,sglang:subprocess,0.0,0.0,84.157,15.098
4264.701,sglang:subprocess,0.0,0.0,84.158,15.098
4265.202,sglang:subprocess,0.0,0.0,84.152,15.098
4265.703,sglang:subprocess,0.0,0.0,84.153,15.098
4266.204,sglang:subprocess,0.0,0.0,84.152,15.098
4266.706,sglang:subprocess,0.0,0.0,84.152,15.098
4267.207,sglang:subprocess,0.0,0.0,84.154,15.098
4267.708,sglang:subprocess,0.0,0.0,84.154,15.098
4268.208,sglang:subprocess,0.0,0.0,84.155,15.098
4268.709,sglang:subprocess,0.0,0.0,84.154,15.098
4269.21,sglang:subprocess,0.0,0.0,84.155,15.098
4269.71,sglang:subprocess,0.0,0.0,84.155,15.098
4270.211,sglang:subprocess,0.0,0.0,84.155,15.098
4270.712,sglang:subprocess,0.0,0.0,84.154,15.098
4271.213,sglang:subprocess,0.0,0.0,84.154,15.098
4271.714,sglang:subprocess,0.0,0.0,84.154,15.098
4272.214,sglang:subprocess,0.0,0.0,84.154,15.098
4272.715,sglang:subprocess,0.0,0.0,84.155,15.098
4273.216,sglang:subprocess,0.0,0.0,84.151,15.098
4273.716,sglang:subprocess,0.0,0.0,84.153,15.098
4274.217,sglang:subprocess,0.0,0.0,84.153,15.098
4274.718,sglang:subprocess,0.0,0.0,84.153,15.098
4275.218,sglang:subprocess,0.0,0.0,84.154,15.098
4275.719,sglang:subprocess,0.0,0.0,84.154,15.098
4276.22,sglang:subprocess,0.0,0.0,84.154,15.098
4276.721,sglang:subprocess,0.0,0.0,84.154,15.098
4277.222,sglang:subprocess,0.0,0.0,84.157,15.098
4277.722,sglang:subprocess,0.0,0.0,84.158,15.098
4278.223,sglang:subprocess,0.0,0.0,84.157,15.098
4278.724,sglang:subprocess,0.0,0.0,84.157,15.098
4279.224,sglang:subprocess,0.0,0.0,84.156,15.098
4279.725,sglang:subprocess,0.0,0.0,84.157,15.098
4280.226,sglang:subprocess,0.0,0.0,84.159,15.098
4280.726,sglang:subprocess,0.0,0.0,84.158,15.098
4281.228,sglang:subprocess,0.0,0.0,84.158,15.098
4281.728,sglang:subprocess,0.0,0.0,84.158,15.098
4282.229,sglang:subprocess,0.0,0.0,84.159,15.098
4282.73,sglang:subprocess,0.0,0.0,84.159,15.098
4283.23,sglang:subprocess,0.0,0.0,84.158,15.098
4283.731,sglang:subprocess,0.0,0.0,84.156,15.098
4284.232,sglang:subprocess,0.0,0.0,84.157,15.098
4284.733,sglang:subprocess,0.0,0.0,84.157,15.098
4285.233,sglang:subprocess,0.0,0.0,84.156,15.098
4285.734,sglang:subprocess,0.0,0.0,84.156,15.098
4286.235,sglang:subprocess,0.0,0.0,84.158,15.098
4286.736,sglang:subprocess,0.0,0.0,84.157,15.098
4287.237,sglang:subprocess,0.0,0.0,84.159,15.098
4287.737,sglang:subprocess,0.0,0.0,84.158,15.098
4288.238,sglang:subprocess,0.0,0.0,84.16,15.098
4288.739,sglang:subprocess,0.0,0.0,84.16,15.098
4289.239,sglang:subprocess,0.0,0.0,84.159,15.098
4289.74,sglang:subprocess,0.0,0.0,84.159,15.098
4290.241,sglang:subprocess,0.0,0.0,84.158,15.098
4290.741,sglang:subprocess,0.0,0.0,84.157,15.098
4291.242,sglang:subprocess,0.0,0.0,84.157,15.098
4291.743,sglang:subprocess,0.0,0.0,84.158,15.098
4292.244,sglang:subprocess,0.0,0.0,84.159,15.098
4292.745,sglang:subprocess,0.0,0.0,84.158,15.098
4293.245,sglang:subprocess,0.0,0.0,84.158,15.098
4293.746,sglang:subprocess,0.0,0.0,84.157,15.098
4294.247,sglang:subprocess,0.0,0.0,84.156,15.098
4294.747,sglang:subprocess,0.0,0.0,84.156,15.098
4295.248,sglang:subprocess,0.0,0.0,84.154,15.098
4295.749,sglang:subprocess,0.0,0.0,84.154,15.098
4296.249,sglang:subprocess,0.0,0.0,84.154,15.098
4296.75,sglang:subprocess,0.0,0.0,84.154,15.098
4297.251,sglang:subprocess,0.0,0.0,84.154,15.098
4297.752,sglang:subprocess,0.0,0.0,84.154,15.098
4298.253,sglang:subprocess,0.0,0.0,84.155,15.098
4298.753,sglang:subprocess,0.0,0.0,84.155,15.098
4299.254,sglang:subprocess,0.0,0.0,84.155,15.098
4299.755,sglang:subprocess,0.0,0.0,84.156,15.098
4300.255,sglang:subprocess,0.0,0.0,84.153,15.098
4300.756,sglang:subprocess,0.0,0.0,84.153,15.098
4301.257,sglang:subprocess,0.0,0.0,84.153,15.098
4301.757,sglang:subprocess,0.0,0.0,84.153,15.098
4302.259,sglang:subprocess,0.0,0.0,84.154,15.098
4302.759,sglang:subprocess,0.0,0.0,84.153,15.098
4303.26,sglang:subprocess,0.0,0.0,84.154,15.098
4303.761,sglang:subprocess,0.0,0.0,84.154,15.098
4304.262,sglang:subprocess,0.0,0.0,84.154,15.098
4304.763,sglang:subprocess,0.0,0.0,84.156,15.098
4305.264,sglang:subprocess,0.0,0.0,84.157,15.098
4305.769,sglang:subprocess,0.0,0.0,84.154,15.098
4306.27,sglang:subprocess,0.0,0.0,84.154,15.098
4306.77,sglang:subprocess,0.0,0.0,84.155,15.098
4307.271,sglang:subprocess,0.0,0.0,84.154,15.098
4307.772,sglang:subprocess,0.0,0.0,84.153,15.098
4308.273,sglang:subprocess,0.0,0.0,84.154,15.098
4308.774,sglang:subprocess,0.0,0.0,84.153,15.098
4309.274,sglang:subprocess,0.0,0.0,84.155,15.098
4309.775,sglang:subprocess,0.0,0.0,84.155,15.098
4310.276,sglang:subprocess,0.0,0.0,84.154,15.098
4310.776,sglang:subprocess,0.0,0.0,84.155,15.098
4311.277,sglang:subprocess,0.0,0.0,84.155,15.098
4311.778,sglang:subprocess,0.0,0.0,84.155,15.098
4312.279,sglang:subprocess,0.0,0.0,84.155,15.098
4312.78,sglang:subprocess,0.0,0.0,84.162,15.098
4313.28,sglang:subprocess,0.0,0.0,84.156,15.098
4313.781,sglang:subprocess,0.0,0.0,84.156,15.098
4314.282,sglang:subprocess,0.0,0.0,84.157,15.098
4314.782,sglang:subprocess,0.0,0.0,84.157,15.098
4315.283,sglang:subprocess,0.0,0.0,84.157,15.098
4315.784,sglang:subprocess,0.0,0.0,84.157,15.098
4316.285,sglang:subprocess,0.0,0.0,84.158,15.098
4316.785,sglang:subprocess,0.0,0.0,84.159,15.098
4317.286,sglang:subprocess,0.0,0.0,84.156,15.098
4317.787,sglang:subprocess,0.0,0.0,84.157,15.098
4318.288,sglang:subprocess,0.0,0.0,84.156,15.098
4318.788,sglang:subprocess,0.0,0.0,84.16,15.098
4319.289,sglang:subprocess,0.0,0.0,84.156,15.098
4319.79,sglang:subprocess,0.0,0.0,84.155,15.098
4320.29,sglang:subprocess,0.0,0.0,84.156,15.098
4320.791,sglang:subprocess,0.0,0.0,84.158,15.098
4321.292,sglang:subprocess,0.0,0.0,84.153,15.098
4321.792,sglang:subprocess,0.0,0.0,84.153,15.098
4322.293,sglang:subprocess,0.0,0.0,84.154,15.098
4322.794,sglang:subprocess,0.0,0.0,84.161,15.098
4323.295,sglang:subprocess,0.0,0.0,84.155,15.098
4323.796,sglang:subprocess,0.0,0.0,84.155,15.098
4324.296,sglang:subprocess,0.0,0.0,84.155,15.098
4324.797,sglang:subprocess,0.0,0.0,84.157,15.098
4325.298,sglang:subprocess,0.0,0.0,84.153,15.098
4325.798,sglang:subprocess,0.0,0.0,84.152,15.098
4326.299,sglang:subprocess,0.0,0.0,84.151,15.098
4326.8,sglang:subprocess,0.0,0.0,84.156,15.098
4327.3,sglang:subprocess,0.0,0.0,84.158,15.098
4327.801,sglang:subprocess,0.0,0.0,84.158,15.098
4328.302,sglang:subprocess,0.0,0.0,84.158,15.098
4328.803,sglang:subprocess,0.0,0.0,84.159,15.098
4329.304,sglang:subprocess,0.0,0.0,84.158,15.098
4329.804,sglang:subprocess,0.0,0.0,84.16,15.098
4330.305,sglang:subprocess,0.0,0.0,84.159,15.098
4330.806,sglang:subprocess,0.0,0.0,84.158,15.098
4331.306,sglang:subprocess,0.0,0.0,84.16,15.098
4331.807,sglang:subprocess,0.0,0.0,84.159,15.098
4332.308,sglang:subprocess,0.0,0.0,84.155,15.098
4332.808,sglang:subprocess,0.0,0.0,84.153,15.098
4333.309,sglang:subprocess,0.0,0.0,84.153,15.098
4333.81,sglang:subprocess,0.0,0.0,84.152,15.098
4334.311,sglang:subprocess,0.0,0.0,84.154,15.098
4334.812,sglang:subprocess,0.0,0.0,84.152,15.098
4335.312,sglang:subprocess,0.0,0.0,84.154,15.098
4335.813,sglang:subprocess,0.0,0.0,84.153,15.098
4336.314,sglang:subprocess,0.0,0.0,84.154,15.098
4336.814,sglang:subprocess,0.0,0.0,84.152,15.098
4337.315,sglang:subprocess,0.0,0.0,84.158,15.098
4337.816,sglang:subprocess,0.0,0.0,84.159,15.098
4338.316,sglang:subprocess,0.0,0.0,84.159,15.098
4338.817,sglang:subprocess,0.0,0.0,84.159,15.098
4339.318,sglang:subprocess,0.0,0.0,84.157,15.098
4339.819,sglang:subprocess,0.0,0.0,84.157,15.098
4340.32,sglang:subprocess,0.0,0.0,84.156,15.098
4340.82,sglang:subprocess,0.0,0.0,84.156,15.098
4341.321,sglang:subprocess,0.0,0.0,84.155,15.098
4341.822,sglang:subprocess,0.0,0.0,84.156,15.098
4342.323,sglang:subprocess,0.0,0.0,84.156,15.098
4342.824,sglang:subprocess,0.0,0.0,84.15,15.098
4343.325,sglang:subprocess,0.0,0.0,84.153,15.098
4343.825,sglang:subprocess,0.0,0.0,84.152,15.098
4344.327,sglang:subprocess,0.0,0.0,84.153,15.098
4344.827,sglang:subprocess,0.0,0.0,84.152,15.098
4345.328,sglang:subprocess,0.0,0.0,84.152,15.098
4345.829,sglang:subprocess,0.0,0.0,84.152,15.098
4346.33,sglang:subprocess,0.0,0.0,84.152,15.098
4346.83,sglang:subprocess,0.0,0.0,84.151,15.098
4347.331,sglang:subprocess,0.0,0.0,84.154,15.098
4347.832,sglang:subprocess,0.0,0.0,84.153,15.098
4348.332,sglang:subprocess,0.0,0.0,84.154,15.098
4348.838,sglang:subprocess,0.0,0.0,84.154,15.098
4349.338,sglang:subprocess,0.0,0.0,84.156,15.098
4349.84,sglang:subprocess,0.0,0.0,84.156,15.098
4350.34,sglang:subprocess,0.0,0.0,84.157,15.098
4350.841,sglang:subprocess,0.0,0.0,84.156,15.098
4351.342,sglang:subprocess,0.0,0.0,84.156,15.098
4351.842,sglang:subprocess,0.0,0.0,84.156,15.098
4352.343,sglang:subprocess,0.0,0.0,84.157,15.098
4352.844,sglang:subprocess,0.0,0.0,84.155,15.098
4353.344,sglang:subprocess,0.0,0.0,84.153,15.098
4353.845,sglang:subprocess,0.0,0.0,84.152,15.098
4354.346,sglang:subprocess,0.0,0.0,84.152,15.098
4354.847,sglang:subprocess,0.0,0.0,84.15,15.098
4355.348,sglang:subprocess,0.0,0.0,84.152,15.098
4355.848,sglang:subprocess,0.0,0.0,84.151,15.098
4356.349,sglang:subprocess,0.0,0.0,84.152,15.098
4356.85,sglang:subprocess,0.0,0.0,84.153,15.098
4357.35,sglang:subprocess,0.0,0.0,84.157,15.098
4357.851,sglang:subprocess,0.0,0.0,84.158,15.098
4358.352,sglang:subprocess,0.0,0.0,84.158,15.098
4358.852,sglang:subprocess,0.0,0.0,84.157,15.098
4359.353,sglang:subprocess,0.0,0.0,84.158,15.098
4359.854,sglang:subprocess,0.0,0.0,84.158,15.098
4360.355,sglang:subprocess,0.0,0.0,84.157,15.098
4360.856,sglang:subprocess,0.0,0.0,84.156,15.098
4361.357,sglang:subprocess,0.0,0.0,84.157,15.098
4361.857,sglang:subprocess,0.0,0.0,84.156,15.098
4362.358,sglang:subprocess,0.0,0.0,84.156,15.098
4362.859,sglang:subprocess,0.0,0.0,84.157,15.098
4363.359,sglang:subprocess,0.0,0.0,84.157,15.098
4363.86,sglang:subprocess,0.0,0.0,84.151,15.098
4364.361,sglang:subprocess,0.0,0.0,84.152,15.098
4364.861,sglang:subprocess,0.0,0.0,84.152,15.098
4365.366,sglang:subprocess,0.0,0.0,84.153,15.098
4365.866,sglang:subprocess,0.0,0.0,84.152,15.098
4366.367,sglang:subprocess,0.0,0.0,84.151,15.098
4366.868,sglang:subprocess,0.0,0.0,84.15,15.098
4367.368,sglang:subprocess,0.0,0.0,84.156,15.098
4367.869,sglang:subprocess,0.0,0.0,84.156,15.098
4368.37,sglang:subprocess,0.0,0.0,84.156,15.098
4368.871,sglang:subprocess,0.0,0.0,84.157,15.098
4369.371,sglang:subprocess,0.0,0.0,84.157,15.098
4369.872,sglang:subprocess,0.0,0.0,84.156,15.098
4370.373,sglang:subprocess,0.0,0.0,84.156,15.098
4370.874,sglang:subprocess,0.0,0.0,84.156,15.098
4371.374,sglang:subprocess,0.0,0.0,84.157,15.098
4371.875,sglang:subprocess,0.0,0.0,84.158,15.098
4372.376,sglang:subprocess,0.0,0.0,84.158,15.098
4372.877,sglang:subprocess,0.0,0.0,84.158,15.098
4373.377,sglang:subprocess,0.0,0.0,84.153,15.098
4373.878,sglang:subprocess,0.0,0.0,84.153,15.098
4374.379,sglang:subprocess,0.0,0.0,84.153,15.098
4374.879,sglang:subprocess,0.0,0.0,84.153,15.098
4375.38,sglang:subprocess,0.0,0.0,84.154,15.098
4375.882,sglang:subprocess,0.0,0.0,84.151,15.098
4376.382,sglang:subprocess,0.0,0.0,84.152,15.098
4376.883,sglang:subprocess,0.0,0.0,84.152,15.098
4377.384,sglang:subprocess,0.0,0.0,84.153,15.098
4377.884,sglang:subprocess,0.0,0.0,84.155,15.098
4378.385,sglang:subprocess,0.0,0.0,84.156,15.098
4378.886,sglang:subprocess,0.0,0.0,84.154,15.098
4379.386,sglang:subprocess,0.0,0.0,84.155,15.098
4379.887,sglang:subprocess,0.0,0.0,84.156,15.098
4380.388,sglang:subprocess,0.0,0.0,84.157,15.098
4380.889,sglang:subprocess,0.0,0.0,84.155,15.098
4381.39,sglang:subprocess,0.0,0.0,84.155,15.098
4381.89,sglang:subprocess,0.0,0.0,84.157,15.098
4382.393,sglang:subprocess,0.0,0.0,84.158,15.098
4382.894,sglang:subprocess,0.0,0.0,84.153,15.098
4383.394,sglang:subprocess,0.0,0.0,84.152,15.098
4383.895,sglang:subprocess,0.0,0.0,84.152,15.098
4384.396,sglang:subprocess,0.0,0.0,84.152,15.098
4384.896,sglang:subprocess,0.0,0.0,84.154,15.098
4385.397,sglang:subprocess,0.0,0.0,84.154,15.098
4385.898,sglang:subprocess,0.0,0.0,84.152,15.098
4386.399,sglang:subprocess,0.0,0.0,84.152,15.098
4386.9,sglang:subprocess,0.0,0.0,84.156,15.098
4387.4,sglang:subprocess,0.0,0.0,84.157,15.098
4387.901,sglang:subprocess,0.0,0.0,84.159,15.098
4388.402,sglang:subprocess,0.0,0.0,84.159,15.098
4388.902,sglang:subprocess,0.0,0.0,84.161,15.098
4389.403,sglang:subprocess,0.0,0.0,84.158,15.098
4389.904,sglang:subprocess,0.0,0.0,84.16,15.098
4390.404,sglang:subprocess,0.0,0.0,84.16,15.098
4390.905,sglang:subprocess,0.0,0.0,84.161,15.098
4391.406,sglang:subprocess,0.0,0.0,84.161,15.098
4391.907,sglang:subprocess,0.0,0.0,84.162,15.098
4392.408,sglang:subprocess,0.0,0.0,84.162,15.098
4392.908,sglang:subprocess,0.0,0.0,84.151,15.098
4393.409,sglang:subprocess,0.0,0.0,84.152,15.098
4393.91,sglang:subprocess,0.0,0.0,84.152,15.098
4394.411,sglang:subprocess,0.0,0.0,84.152,15.098
4394.912,sglang:subprocess,0.0,0.0,84.152,15.098
4395.412,sglang:subprocess,0.0,0.0,84.152,15.098
4395.913,sglang:subprocess,0.0,0.0,84.152,15.098
4396.414,sglang:subprocess,0.0,0.0,84.153,15.098
4396.915,sglang:subprocess,0.0,0.0,84.158,15.098
4397.416,sglang:subprocess,0.0,0.0,84.159,15.098
4397.916,sglang:subprocess,0.0,0.0,84.158,15.098
4398.417,sglang:subprocess,0.0,0.0,84.159,15.098
4398.918,sglang:subprocess,0.0,0.0,84.158,15.098
4399.419,sglang:subprocess,0.0,0.0,84.158,15.098
4399.919,sglang:subprocess,0.0,0.0,84.159,15.098
4400.42,sglang:subprocess,0.0,0.0,84.158,15.098
4400.921,sglang:subprocess,0.0,0.0,84.159,15.098
4401.421,sglang:subprocess,0.0,0.0,84.158,15.098
4401.922,sglang:subprocess,0.0,0.0,84.157,15.098
4402.423,sglang:subprocess,0.0,0.0,84.154,15.098
4402.924,sglang:subprocess,0.0,0.0,84.153,15.098
4403.424,sglang:subprocess,0.0,0.0,84.153,15.098
4403.925,sglang:subprocess,0.0,0.0,84.154,15.098
4404.426,sglang:subprocess,0.0,0.0,84.153,15.098
4404.927,sglang:subprocess,0.0,0.0,84.154,15.098
4405.427,sglang:subprocess,0.0,0.0,84.154,15.098
4405.928,sglang:subprocess,0.0,0.0,84.153,15.098
4406.429,sglang:subprocess,0.0,0.0,84.156,15.098
4406.929,sglang:subprocess,0.0,0.0,84.157,15.098
4407.43,sglang:subprocess,0.0,0.0,84.158,15.098
4407.931,sglang:subprocess,0.0,0.0,84.157,15.098
4408.432,sglang:subprocess,0.0,0.0,84.157,15.098
4408.932,sglang:subprocess,0.0,0.0,84.155,15.098
4409.433,sglang:subprocess,0.0,0.0,84.155,15.098
4409.934,sglang:subprocess,0.0,0.0,84.156,15.098
4410.434,sglang:subprocess,0.0,0.0,84.156,15.098
4410.935,sglang:subprocess,0.0,0.0,84.157,15.098
4411.436,sglang:subprocess,0.0,0.0,84.158,15.098
4411.937,sglang:subprocess,0.0,0.0,84.157,15.098
4412.438,sglang:subprocess,0.0,0.0,84.158,15.098
4412.939,sglang:subprocess,0.0,0.0,84.153,15.098
4413.439,sglang:subprocess,0.0,0.0,84.152,15.098
4413.94,sglang:subprocess,0.0,0.0,84.153,15.098
4414.441,sglang:subprocess,0.0,0.0,84.152,15.098
4414.941,sglang:subprocess,0.0,0.0,84.152,15.098
4415.442,sglang:subprocess,0.0,0.0,84.153,15.098
4415.943,sglang:subprocess,0.0,0.0,84.153,15.098
4416.443,sglang:subprocess,0.0,0.0,84.153,15.098
4416.944,sglang:subprocess,0.0,0.0,84.158,15.098
4417.445,sglang:subprocess,0.0,0.0,84.158,15.098
4417.946,sglang:subprocess,0.0,0.0,84.16,15.098
4418.447,sglang:subprocess,0.0,0.0,84.162,15.098
4418.947,sglang:subprocess,0.0,0.0,84.16,15.098
4419.448,sglang:subprocess,0.0,0.0,84.16,15.098
4419.949,sglang:subprocess,0.0,0.0,84.161,15.098
4420.449,sglang:subprocess,0.0,0.0,84.161,15.098
4420.95,sglang:subprocess,0.0,0.0,84.16,15.098
4421.456,sglang:subprocess,0.0,0.0,84.159,15.098
4421.957,sglang:subprocess,0.0,0.0,84.183,15.098
4422.458,sglang:subprocess,0.0,0.0,84.197,15.098
4422.959,sglang:subprocess,0.0,0.0,84.197,15.098
4423.459,sglang:subprocess,0.0,0.0,84.192,15.098
4423.96,sglang:subprocess,0.0,0.0,84.192,15.098
4424.461,sglang:subprocess,0.0,0.0,84.193,15.098
4424.962,sglang:subprocess,0.0,0.0,84.146,15.098
4425.463,sglang:subprocess,0.0,0.0,84.147,15.098
4425.963,sglang:subprocess,0.0,0.0,84.147,15.098
4426.464,sglang:subprocess,0.0,0.0,84.147,15.098
4426.965,sglang:subprocess,0.0,0.0,84.153,15.098
4427.466,sglang:subprocess,0.0,0.0,84.153,15.098
4427.967,sglang:subprocess,0.0,0.0,84.153,15.098
4428.468,sglang:subprocess,0.0,0.0,84.152,15.098
4428.968,sglang:subprocess,0.0,0.0,84.151,15.098
4429.469,sglang:subprocess,0.0,0.0,84.151,15.098
4429.97,sglang:subprocess,0.0,0.0,84.151,15.098
4430.47,sglang:subprocess,0.0,0.0,84.15,15.098
4430.971,sglang:subprocess,0.0,0.0,84.15,15.098
4431.473,sglang:subprocess,0.0,0.0,84.15,15.098
4431.973,sglang:subprocess,0.0,0.0,84.151,15.098
4432.474,sglang:subprocess,0.0,0.0,84.152,15.098
4432.975,sglang:subprocess,0.0,0.0,84.152,15.098
4433.476,sglang:subprocess,0.0,0.0,84.15,15.098
4433.976,sglang:subprocess,0.0,0.0,84.15,15.098
4434.477,sglang:subprocess,0.0,0.0,84.15,15.098
4434.978,sglang:subprocess,0.0,0.0,84.15,15.098
4435.479,sglang:subprocess,0.0,0.0,84.152,15.098
4435.979,sglang:subprocess,0.0,0.0,84.151,15.098
4436.48,sglang:subprocess,0.0,0.0,84.151,15.098
4436.981,sglang:subprocess,0.0,0.0,84.154,15.098
4437.481,sglang:subprocess,0.0,0.0,84.154,15.098
4437.982,sglang:subprocess,0.0,0.0,84.154,15.098
4438.483,sglang:subprocess,0.0,0.0,84.154,15.098
4438.984,sglang:subprocess,0.0,0.0,84.153,15.098
4439.484,sglang:subprocess,0.0,0.0,84.154,15.098
4439.985,sglang:subprocess,0.0,0.0,84.154,15.098
4440.486,sglang:subprocess,0.0,0.0,84.154,15.098
4440.987,sglang:subprocess,0.0,0.0,84.153,15.098
4441.487,sglang:subprocess,0.0,0.0,84.155,15.098
4441.988,sglang:subprocess,0.0,0.0,84.155,15.098
4442.489,sglang:subprocess,0.0,0.0,84.154,15.098
4442.989,sglang:subprocess,0.0,0.0,84.155,15.098
4443.49,sglang:subprocess,0.0,0.0,84.153,15.098
4443.991,sglang:subprocess,0.0,0.0,84.153,15.098
4444.492,sglang:subprocess,0.0,0.0,84.154,15.098
4444.993,sglang:subprocess,0.0,0.0,84.153,15.098
4445.493,sglang:subprocess,0.0,0.0,84.154,15.098
4445.994,sglang:subprocess,0.0,0.0,84.153,15.098
4446.495,sglang:subprocess,0.0,0.0,84.151,15.098
4446.995,sglang:subprocess,0.0,0.0,84.155,15.098
4447.496,sglang:subprocess,0.0,0.0,84.155,15.098
4447.997,sglang:subprocess,0.0,0.0,84.156,15.098
4448.497,sglang:subprocess,0.0,0.0,84.156,15.098
4448.998,sglang:subprocess,0.0,0.0,84.155,15.098
4449.499,sglang:subprocess,0.0,0.0,84.154,15.098
4450.0,sglang:subprocess,0.0,0.0,84.155,15.098
4450.501,sglang:subprocess,0.0,0.0,84.156,15.098
4451.001,sglang:subprocess,0.0,0.0,84.155,15.098
4451.502,sglang:subprocess,0.0,0.0,84.156,15.098
4452.003,sglang:subprocess,0.0,0.0,84.156,15.098
4452.503,sglang:subprocess,0.0,0.0,84.155,15.098
4453.004,sglang:subprocess,0.0,0.0,84.15,15.098
4453.505,sglang:subprocess,0.0,0.0,84.15,15.098
4454.006,sglang:subprocess,0.0,0.0,84.15,15.098
4454.507,sglang:subprocess,0.0,0.0,84.15,15.098
4455.007,sglang:subprocess,0.0,0.0,84.151,15.098
4455.508,sglang:subprocess,0.0,0.0,84.151,15.098
4456.009,sglang:subprocess,0.0,0.0,84.151,15.098
4456.509,sglang:subprocess,0.0,0.0,84.151,15.098
4457.01,sglang:subprocess,0.0,0.0,84.157,15.098
4457.511,sglang:subprocess,0.0,0.0,84.157,15.098
4458.012,sglang:subprocess,0.0,0.0,84.156,15.098
4458.512,sglang:subprocess,0.0,0.0,84.156,15.098
4459.013,sglang:subprocess,0.0,0.0,84.155,15.098
4459.514,sglang:subprocess,0.0,0.0,84.156,15.098
4460.015,sglang:subprocess,0.0,0.0,84.156,15.098
4460.515,sglang:subprocess,0.0,0.0,84.157,15.098
4461.016,sglang:subprocess,0.0,0.0,84.156,15.098
4461.517,sglang:subprocess,0.0,0.0,84.156,15.098
4462.017,sglang:subprocess,0.0,0.0,84.157,15.098
4462.518,sglang:subprocess,0.0,0.0,84.157,15.098
4463.019,sglang:subprocess,0.0,0.0,84.157,15.098
4463.52,sglang:subprocess,0.0,0.0,84.152,15.098
4464.02,sglang:subprocess,0.0,0.0,84.151,15.098
4464.521,sglang:subprocess,0.0,0.0,84.151,15.098
4465.022,sglang:subprocess,0.0,0.0,84.151,15.098
4465.523,sglang:subprocess,0.0,0.0,84.152,15.098
4466.023,sglang:subprocess,0.0,0.0,84.151,15.098
4466.524,sglang:subprocess,0.0,0.0,84.151,15.098
4467.025,sglang:subprocess,0.0,0.0,84.152,15.098
4467.526,sglang:subprocess,0.0,0.0,84.154,15.098
4468.026,sglang:subprocess,0.0,0.0,84.155,15.098
4468.527,sglang:subprocess,0.0,0.0,84.155,15.098
4469.028,sglang:subprocess,0.0,0.0,84.156,15.098
4469.528,sglang:subprocess,0.0,0.0,84.155,15.098
4470.029,sglang:subprocess,0.0,0.0,84.155,15.098
4470.53,sglang:subprocess,0.0,0.0,84.155,15.098
4471.031,sglang:subprocess,0.0,0.0,84.152,15.098
4471.532,sglang:subprocess,0.0,0.0,84.153,15.098
4472.032,sglang:subprocess,0.0,0.0,84.154,15.098
4472.533,sglang:subprocess,0.0,0.0,84.154,15.098
4473.034,sglang:subprocess,0.0,0.0,84.155,15.098
4473.534,sglang:subprocess,0.0,0.0,84.154,15.098
4474.035,sglang:subprocess,0.0,0.0,84.154,15.098
4474.536,sglang:subprocess,0.0,0.0,84.155,15.098
4475.036,sglang:subprocess,0.0,0.0,84.151,15.098
4475.538,sglang:subprocess,0.0,0.0,84.153,15.098
4476.038,sglang:subprocess,0.0,0.0,84.153,15.098
4476.539,sglang:subprocess,0.0,0.0,84.152,15.098
4477.04,sglang:subprocess,0.0,0.0,84.151,15.098
4477.54,sglang:subprocess,0.0,0.0,84.152,15.098
4478.041,sglang:subprocess,0.0,0.0,84.153,15.098
4478.542,sglang:subprocess,0.0,0.0,84.154,15.098
4479.042,sglang:subprocess,0.0,0.0,84.154,15.098
4479.543,sglang:subprocess,0.0,0.0,84.154,15.098
4480.044,sglang:subprocess,0.0,0.0,84.154,15.098
4480.545,sglang:subprocess,0.0,0.0,84.153,15.098
4481.046,sglang:subprocess,0.0,0.0,84.154,15.098
4481.546,sglang:subprocess,0.0,0.0,84.153,15.098
4482.047,sglang:subprocess,0.0,0.0,84.153,15.098
4482.548,sglang:subprocess,0.0,0.0,84.153,15.098
4483.048,sglang:subprocess,0.0,0.0,84.154,15.098
4483.549,sglang:subprocess,0.0,0.0,84.152,15.098
4484.05,sglang:subprocess,0.0,0.0,84.152,15.098
4484.551,sglang:subprocess,0.0,0.0,84.154,15.098
4485.051,sglang:subprocess,0.0,0.0,84.153,15.098
4485.552,sglang:subprocess,0.0,0.0,84.153,15.098
4486.053,sglang:subprocess,0.0,0.0,84.151,15.098
4486.554,sglang:subprocess,0.0,0.0,84.151,15.098
4487.055,sglang:subprocess,0.0,0.0,84.152,15.098
4487.555,sglang:subprocess,0.0,0.0,84.154,15.098
4488.056,sglang:subprocess,0.0,0.0,84.154,15.098
4488.557,sglang:subprocess,0.0,0.0,84.154,15.098
4489.057,sglang:subprocess,0.0,0.0,84.153,15.098
4489.558,sglang:subprocess,0.0,0.0,84.152,15.098
4490.059,sglang:subprocess,0.0,0.0,84.152,15.098
4490.559,sglang:subprocess,0.0,0.0,84.153,15.098
4491.06,sglang:subprocess,0.0,0.0,84.152,15.098
4491.561,sglang:subprocess,0.0,0.0,84.153,15.098
4492.062,sglang:subprocess,0.0,0.0,84.153,15.098
4492.563,sglang:subprocess,0.0,0.0,84.154,15.098
4493.063,sglang:subprocess,0.0,0.0,84.159,15.098
4493.564,sglang:subprocess,0.0,0.0,84.16,15.098
4494.065,sglang:subprocess,0.0,0.0,84.159,15.098
4494.565,sglang:subprocess,0.0,0.0,84.159,15.098
4495.066,sglang:subprocess,0.0,0.0,84.162,15.098
4495.567,sglang:subprocess,0.0,0.0,84.163,15.098
4496.068,sglang:subprocess,0.0,0.0,84.167,15.098
4496.569,sglang:subprocess,0.0,0.0,84.169,15.098
4497.07,sglang:subprocess,0.0,0.0,84.177,15.098
4497.571,sglang:subprocess,0.0,0.0,84.177,15.098
4498.071,sglang:subprocess,0.0,0.0,84.181,15.098
4498.572,sglang:subprocess,0.0,0.0,84.182,15.098
4499.073,sglang:subprocess,0.0,0.0,84.184,15.098
4499.573,sglang:subprocess,0.0,0.0,84.184,15.098
4500.074,sglang:subprocess,0.0,0.0,84.185,15.098
4500.575,sglang:subprocess,0.0,0.0,84.162,15.098
4501.075,sglang:subprocess,0.0,0.0,84.156,15.098
4501.576,sglang:subprocess,0.0,0.0,84.155,15.098
4502.077,sglang:subprocess,0.0,0.0,84.155,15.098
4502.578,sglang:subprocess,0.0,0.0,84.156,15.098
4503.079,sglang:subprocess,0.0,0.0,84.151,15.098
4503.579,sglang:subprocess,0.0,0.0,84.15,15.098
4504.08,sglang:subprocess,0.0,0.0,84.149,15.098
4504.581,sglang:subprocess,0.0,0.0,84.149,15.098
4505.081,sglang:subprocess,0.0,0.0,84.148,15.098
4505.582,sglang:subprocess,0.0,0.0,84.148,15.098
4506.083,sglang:subprocess,0.0,0.0,84.147,15.098
4506.584,sglang:subprocess,0.0,0.0,84.149,15.098
4507.085,sglang:subprocess,0.0,0.0,84.154,15.098
4507.586,sglang:subprocess,0.0,0.0,84.154,15.098
4508.086,sglang:subprocess,0.0,0.0,84.156,15.098
4508.587,sglang:subprocess,0.0,0.0,84.156,15.098
4509.088,sglang:subprocess,0.0,0.0,84.156,15.098
4509.588,sglang:subprocess,0.0,0.0,84.157,15.098
4510.089,sglang:subprocess,0.0,0.0,84.155,15.098
4510.59,sglang:subprocess,0.0,0.0,84.154,15.098
4511.09,sglang:subprocess,0.0,0.0,84.154,15.098
4511.591,sglang:subprocess,0.0,0.0,84.147,15.098
4512.092,sglang:subprocess,0.0,0.0,84.148,15.098
4512.593,sglang:subprocess,0.0,0.0,84.149,15.098
4513.094,sglang:subprocess,0.0,0.0,84.142,15.098
4513.594,sglang:subprocess,0.0,0.0,84.142,15.098
4514.095,sglang:subprocess,0.0,0.0,84.142,15.098
4514.596,sglang:subprocess,0.0,0.0,84.142,15.098
4515.096,sglang:subprocess,0.0,0.0,84.141,15.098
4515.597,sglang:subprocess,0.0,0.0,84.141,15.098
4516.098,sglang:subprocess,0.0,0.0,84.142,15.098
4516.598,sglang:subprocess,0.0,0.0,84.142,15.098
4517.099,sglang:subprocess,0.0,0.0,84.147,15.098
4517.6,sglang:subprocess,0.0,0.0,84.147,15.098
4518.101,sglang:subprocess,0.0,0.0,84.149,15.098
4518.602,sglang:subprocess,0.0,0.0,84.15,15.098
4519.102,sglang:subprocess,0.0,0.0,84.149,15.098
4519.603,sglang:subprocess,0.0,0.0,84.149,15.098
4520.104,sglang:subprocess,0.0,0.0,84.15,15.098
4520.604,sglang:subprocess,0.0,0.0,84.149,15.098
4521.105,sglang:subprocess,0.0,0.0,84.149,15.098
4521.606,sglang:subprocess,0.0,0.0,84.149,15.098
4522.106,sglang:subprocess,0.0,0.0,84.149,15.098
4522.607,sglang:subprocess,0.0,0.0,84.149,15.098
4523.109,sglang:subprocess,0.0,0.0,84.144,15.098
4523.609,sglang:subprocess,0.0,0.0,84.144,15.098
4524.11,sglang:subprocess,0.0,0.0,84.144,15.098
4524.611,sglang:subprocess,0.0,0.0,84.145,15.098
4525.111,sglang:subprocess,0.0,0.0,84.143,15.098
4525.612,sglang:subprocess,0.0,0.0,84.144,15.098
4526.113,sglang:subprocess,0.0,0.0,84.144,15.098
4526.613,sglang:subprocess,0.0,0.0,84.144,15.098
4527.114,sglang:subprocess,0.0,0.0,84.148,15.098
4527.615,sglang:subprocess,0.0,0.0,84.149,15.098
4528.116,sglang:subprocess,0.0,0.0,84.15,15.098
4528.617,sglang:subprocess,0.0,0.0,84.151,15.098
4529.117,sglang:subprocess,0.0,0.0,84.151,15.098
4529.618,sglang:subprocess,0.0,0.0,84.152,15.098
4530.119,sglang:subprocess,0.0,0.0,84.152,15.098
4530.619,sglang:subprocess,0.0,0.0,84.149,15.098
4531.12,sglang:subprocess,0.0,0.0,84.151,15.098
4531.621,sglang:subprocess,0.0,0.0,84.15,15.098
4532.121,sglang:subprocess,0.0,0.0,84.15,15.098
4532.622,sglang:subprocess,0.0,0.0,84.151,15.098
4533.123,sglang:subprocess,0.0,0.0,84.151,15.098
4533.624,sglang:subprocess,0.0,0.0,84.146,15.098
4534.125,sglang:subprocess,0.0,0.0,84.145,15.098
4534.625,sglang:subprocess,0.0,0.0,84.145,15.098
4535.126,sglang:subprocess,0.0,0.0,84.145,15.098
4535.627,sglang:subprocess,0.0,0.0,84.145,15.098
4536.127,sglang:subprocess,0.0,0.0,84.146,15.098
4536.628,sglang:subprocess,0.0,0.0,84.145,15.098
4537.129,sglang:subprocess,0.0,0.0,84.15,15.098
4537.629,sglang:subprocess,0.0,0.0,84.149,15.098
4538.13,sglang:subprocess,0.0,0.0,84.149,15.098
4538.631,sglang:subprocess,0.0,0.0,84.149,15.098
4539.132,sglang:subprocess,0.0,0.0,84.15,15.098
4539.633,sglang:subprocess,0.0,0.0,84.149,15.098
4540.133,sglang:subprocess,0.0,0.0,84.151,15.098
4540.634,sglang:subprocess,0.0,0.0,84.149,15.098
4541.135,sglang:subprocess,0.0,0.0,84.15,15.098
4541.635,sglang:subprocess,0.0,0.0,84.15,15.098
4542.136,sglang:subprocess,0.0,0.0,84.151,15.098
4542.637,sglang:subprocess,0.0,0.0,84.15,15.098
4543.138,sglang:subprocess,0.0,0.0,84.15,15.098
4543.638,sglang:subprocess,0.0,0.0,84.144,15.098
4544.139,sglang:subprocess,0.0,0.0,84.144,15.098
4544.64,sglang:subprocess,0.0,0.0,84.143,15.098
4545.141,sglang:subprocess,0.0,0.0,84.143,15.098
4545.642,sglang:subprocess,0.0,0.0,84.144,15.098
4546.143,sglang:subprocess,0.0,0.0,84.145,15.098
4546.643,sglang:subprocess,0.0,0.0,84.146,15.098
4547.144,sglang:subprocess,0.0,0.0,84.148,15.098
4547.645,sglang:subprocess,0.0,0.0,84.148,15.098
4548.146,sglang:subprocess,0.0,0.0,84.15,15.098
4548.646,sglang:subprocess,0.0,0.0,84.15,15.098
4549.147,sglang:subprocess,0.0,0.0,84.151,15.098
4549.648,sglang:subprocess,0.0,0.0,84.151,15.098
4550.149,sglang:subprocess,0.0,0.0,84.151,15.098
4550.65,sglang:subprocess,0.0,0.0,84.152,15.098
4551.15,sglang:subprocess,0.0,0.0,84.151,15.098
4551.651,sglang:subprocess,0.0,0.0,84.151,15.098
4552.152,sglang:subprocess,0.0,0.0,84.151,15.098
4552.652,sglang:subprocess,0.0,0.0,84.15,15.098
4553.153,sglang:subprocess,0.0,0.0,84.144,15.098
4553.654,sglang:subprocess,0.0,0.0,84.144,15.098
4554.154,sglang:subprocess,0.0,0.0,84.145,15.098
4554.655,sglang:subprocess,0.0,0.0,84.146,15.098
4555.156,sglang:subprocess,0.0,0.0,84.146,15.098
4555.657,sglang:subprocess,0.0,0.0,84.146,15.098
4556.157,sglang:subprocess,0.0,0.0,84.146,15.098
4556.658,sglang:subprocess,0.0,0.0,84.146,15.098
4557.159,sglang:subprocess,0.0,0.0,84.15,15.098
4557.66,sglang:subprocess,0.0,0.0,84.151,15.098
4558.16,sglang:subprocess,0.0,0.0,84.151,15.098
4558.661,sglang:subprocess,0.0,0.0,84.152,15.098
4559.162,sglang:subprocess,0.0,0.0,84.151,15.098
4559.663,sglang:subprocess,0.0,0.0,84.151,15.098
4560.164,sglang:subprocess,0.0,0.0,84.151,15.098
4560.664,sglang:subprocess,0.0,0.0,84.153,15.098
4561.165,sglang:subprocess,0.0,0.0,84.151,15.098
4561.666,sglang:subprocess,0.0,0.0,84.152,15.098
4562.166,sglang:subprocess,0.0,0.0,84.155,15.098
4562.667,sglang:subprocess,0.0,0.0,84.155,15.098
4563.168,sglang:subprocess,0.0,0.0,84.154,15.098
4563.668,sglang:subprocess,0.0,0.0,84.153,15.098
4564.169,sglang:subprocess,0.0,0.0,84.15,15.098
4564.67,sglang:subprocess,0.0,0.0,84.151,15.098
4565.171,sglang:subprocess,0.0,0.0,84.15,15.098
4565.672,sglang:subprocess,0.0,0.0,84.151,15.098
4566.172,sglang:subprocess,0.0,0.0,84.151,15.098
4566.673,sglang:subprocess,0.0,0.0,84.152,15.098
4567.174,sglang:subprocess,0.0,0.0,84.154,15.098
4567.674,sglang:subprocess,0.0,0.0,84.153,15.098
4568.175,sglang:subprocess,0.0,0.0,84.152,15.098
4568.676,sglang:subprocess,0.0,0.0,84.153,15.098
4569.176,sglang:subprocess,0.0,0.0,84.151,15.098
4569.677,sglang:subprocess,0.0,0.0,84.151,15.098
4570.178,sglang:subprocess,0.0,0.0,84.151,15.098
4570.679,sglang:subprocess,0.0,0.0,84.151,15.098
4571.18,sglang:subprocess,0.0,0.0,84.152,15.098
4571.68,sglang:subprocess,0.0,0.0,84.152,15.098
4572.181,sglang:subprocess,0.0,0.0,84.149,15.098
4572.682,sglang:subprocess,0.0,0.0,84.149,15.098
4573.182,sglang:subprocess,0.0,0.0,84.149,15.098
4573.683,sglang:subprocess,0.0,0.0,84.149,15.098
4574.184,sglang:subprocess,0.0,0.0,84.149,15.098
4574.684,sglang:subprocess,0.0,0.0,84.15,15.098
4575.185,sglang:subprocess,0.0,0.0,84.15,15.098
4575.686,sglang:subprocess,0.0,0.0,84.15,15.098
4576.187,sglang:subprocess,0.0,0.0,84.15,15.098
4576.688,sglang:subprocess,0.0,0.0,84.151,15.098
4577.188,sglang:subprocess,0.0,0.0,84.153,15.098
4577.689,sglang:subprocess,0.0,0.0,84.154,15.098
4578.197,sglang:subprocess,0.0,0.0,84.155,15.098
4578.697,sglang:subprocess,0.0,0.0,84.155,15.098
4579.198,sglang:subprocess,0.0,0.0,84.153,15.098
4579.699,sglang:subprocess,0.0,0.0,84.154,15.098
4580.199,sglang:subprocess,0.0,0.0,84.155,15.098
4580.701,sglang:subprocess,0.0,0.0,84.156,15.098
4581.201,sglang:subprocess,0.0,0.0,84.157,15.098
4581.702,sglang:subprocess,0.0,0.0,84.156,15.098
4582.203,sglang:subprocess,0.0,0.0,84.156,15.098
4582.704,sglang:subprocess,0.0,0.0,84.156,15.098
4583.204,sglang:subprocess,0.0,0.0,84.149,15.098
4583.705,sglang:subprocess,0.0,0.0,84.15,15.098
4584.206,sglang:subprocess,0.0,0.0,84.152,15.098
4584.706,sglang:subprocess,0.0,0.0,84.151,15.098
4585.207,sglang:subprocess,0.0,0.0,84.151,15.098
4585.708,sglang:subprocess,0.0,0.0,84.151,15.098
4586.209,sglang:subprocess,0.0,0.0,84.155,15.098
4586.709,sglang:subprocess,0.0,0.0,84.156,15.098
4587.21,sglang:subprocess,0.0,0.0,84.163,15.098
4587.711,sglang:subprocess,0.0,0.0,84.164,15.098
4588.212,sglang:subprocess,0.0,0.0,84.165,15.098
4588.712,sglang:subprocess,0.0,0.0,84.165,15.098
4589.213,sglang:subprocess,0.0,0.0,84.166,15.098
4589.714,sglang:subprocess,0.0,0.0,84.165,15.098
4590.214,sglang:subprocess,0.0,0.0,84.165,15.098
4590.715,sglang:subprocess,0.0,0.0,84.166,15.098
4591.216,sglang:subprocess,0.0,0.0,84.164,15.098
4591.717,sglang:subprocess,0.0,0.0,84.157,15.098
4592.218,sglang:subprocess,0.0,0.0,84.156,15.098
4592.718,sglang:subprocess,0.0,0.0,84.157,15.098
4593.219,sglang:subprocess,0.0,0.0,84.157,15.098
4593.72,sglang:subprocess,0.0,0.0,84.156,15.098
4594.221,sglang:subprocess,0.0,0.0,84.151,15.098
4594.721,sglang:subprocess,0.0,0.0,84.152,15.098
4595.222,sglang:subprocess,0.0,0.0,84.15,15.098
4595.723,sglang:subprocess,0.0,0.0,84.152,15.098
4596.224,sglang:subprocess,0.0,0.0,84.153,15.098
4596.725,sglang:subprocess,0.0,0.0,84.152,15.098
4597.225,sglang:subprocess,0.0,0.0,84.154,15.098
4597.726,sglang:subprocess,0.0,0.0,84.155,15.098
4598.227,sglang:subprocess,0.0,0.0,84.156,15.098
4598.727,sglang:subprocess,0.0,0.0,84.155,15.098
4599.228,sglang:subprocess,0.0,0.0,84.153,15.098
4599.729,sglang:subprocess,0.0,0.0,84.153,15.098
4600.229,sglang:subprocess,0.0,0.0,84.153,15.098
4600.73,sglang:subprocess,0.0,0.0,84.153,15.098
4601.231,sglang:subprocess,0.0,0.0,84.152,15.098
4601.732,sglang:subprocess,0.0,0.0,84.153,15.098
4602.233,sglang:subprocess,0.0,0.0,84.154,15.098
4602.734,sglang:subprocess,0.0,0.0,84.154,15.098
4603.234,sglang:subprocess,0.0,0.0,84.155,15.098
4603.735,sglang:subprocess,0.0,0.0,84.152,15.098
4604.236,sglang:subprocess,0.0,0.0,84.152,15.098
4604.736,sglang:subprocess,0.0,0.0,84.154,15.098
4605.237,sglang:subprocess,0.0,0.0,84.153,15.098
4605.738,sglang:subprocess,0.0,0.0,84.154,15.098
4606.238,sglang:subprocess,0.0,0.0,84.154,15.098
4606.739,sglang:subprocess,0.0,0.0,84.152,15.098
4607.24,sglang:subprocess,0.0,0.0,84.155,15.098
4607.741,sglang:subprocess,0.0,0.0,84.153,15.098
4608.241,sglang:subprocess,0.0,0.0,84.154,15.098
4608.742,sglang:subprocess,0.0,0.0,84.154,15.098
4609.243,sglang:subprocess,0.0,0.0,84.154,15.098
4609.744,sglang:subprocess,0.0,0.0,84.156,15.098
4610.244,sglang:subprocess,0.0,0.0,84.156,15.098
4610.745,sglang:subprocess,0.0,0.0,84.157,15.098
4611.246,sglang:subprocess,0.0,0.0,84.156,15.098
4611.746,sglang:subprocess,0.0,0.0,84.157,15.098
4612.248,sglang:subprocess,0.0,0.0,84.157,15.098
4612.748,sglang:subprocess,0.0,0.0,84.158,15.098
4613.249,sglang:subprocess,0.0,0.0,84.154,15.098
4613.75,sglang:subprocess,0.0,0.0,84.153,15.098
4614.25,sglang:subprocess,0.0,0.0,84.153,15.098
4614.751,sglang:subprocess,0.0,0.0,84.154,15.098
4615.261,sglang:subprocess,0.0,0.0,84.153,15.098
4615.761,sglang:subprocess,0.0,0.0,84.155,15.098
4616.262,sglang:subprocess,0.0,0.0,84.155,15.098
4616.763,sglang:subprocess,0.0,0.0,84.155,15.098
4617.263,sglang:subprocess,0.0,0.0,84.158,15.098
4617.765,sglang:subprocess,0.0,0.0,84.158,15.098
4618.265,sglang:subprocess,0.0,0.0,84.158,15.098
4618.766,sglang:subprocess,0.0,0.0,84.157,15.098
4619.267,sglang:subprocess,0.0,0.0,84.157,15.098
4619.767,sglang:subprocess,0.0,0.0,84.158,15.098
4620.268,sglang:subprocess,0.0,0.0,84.158,15.098
4620.769,sglang:subprocess,0.0,0.0,84.158,15.098
4621.269,sglang:subprocess,0.0,0.0,84.157,15.098
4621.77,sglang:subprocess,0.0,0.0,84.157,15.098
4622.271,sglang:subprocess,0.0,0.0,84.159,15.098
4622.772,sglang:subprocess,0.0,0.0,84.16,15.098
4623.272,sglang:subprocess,0.0,0.0,84.158,15.098
4623.773,sglang:subprocess,0.0,0.0,84.157,15.098
4624.274,sglang:subprocess,0.0,0.0,84.157,15.098
4624.775,sglang:subprocess,0.0,0.0,84.16,15.098
4625.275,sglang:subprocess,0.0,0.0,84.156,15.098
4625.776,sglang:subprocess,0.0,0.0,84.158,15.098
4626.277,sglang:subprocess,0.0,0.0,84.155,15.098
4626.777,sglang:subprocess,0.0,0.0,84.156,15.098
4627.278,sglang:subprocess,0.0,0.0,84.161,15.098
4627.779,sglang:subprocess,0.0,0.0,84.16,15.098
4628.28,sglang:subprocess,0.0,0.0,84.158,15.098
4628.781,sglang:subprocess,0.0,0.0,84.165,15.098
4629.281,sglang:subprocess,0.0,0.0,84.161,15.098
4629.782,sglang:subprocess,0.0,0.0,84.161,15.098
4630.283,sglang:subprocess,0.0,0.0,84.161,15.098
4630.783,sglang:subprocess,0.0,0.0,84.162,15.098
4631.284,sglang:subprocess,0.0,0.0,84.16,15.098
4631.785,sglang:subprocess,0.0,0.0,84.162,15.098
4632.286,sglang:subprocess,0.0,0.0,84.161,15.098
4632.786,sglang:subprocess,0.0,0.0,84.168,15.098
4633.288,sglang:subprocess,0.0,0.0,84.162,15.098
4633.788,sglang:subprocess,0.0,0.0,84.161,15.098
4634.289,sglang:subprocess,0.0,0.0,84.158,15.098
4634.79,sglang:subprocess,0.0,0.0,84.163,15.098
4635.29,sglang:subprocess,0.0,0.0,84.158,15.098
4635.791,sglang:subprocess,0.0,0.0,84.158,15.098
4636.292,sglang:subprocess,0.0,0.0,84.158,15.098
4636.792,sglang:subprocess,0.0,0.0,84.157,15.098
4637.293,sglang:subprocess,0.0,0.0,84.156,15.098
4637.794,sglang:subprocess,0.0,0.0,84.155,15.098
4638.295,sglang:subprocess,0.0,0.0,84.155,15.098
4638.796,sglang:subprocess,0.0,0.0,84.16,15.098
4639.297,sglang:subprocess,0.0,0.0,84.157,15.098
4639.798,sglang:subprocess,0.0,0.0,84.157,15.098
4640.298,sglang:subprocess,0.0,0.0,84.158,15.098
4640.799,sglang:subprocess,0.0,0.0,84.162,15.098
4641.3,sglang:subprocess,0.0,0.0,84.158,15.098
4641.801,sglang:subprocess,0.0,0.0,84.159,15.098
4642.301,sglang:subprocess,0.0,0.0,84.159,15.098
4642.802,sglang:subprocess,0.0,0.0,84.158,15.098
4643.303,sglang:subprocess,0.0,0.0,84.16,15.098
4643.804,sglang:subprocess,0.0,0.0,84.159,15.098
4644.304,sglang:subprocess,0.0,0.0,84.156,15.098
4644.805,sglang:subprocess,0.0,0.0,84.155,15.098
4645.306,sglang:subprocess,0.0,0.0,84.154,15.098
4645.807,sglang:subprocess,0.0,0.0,84.155,15.098
4646.307,sglang:subprocess,0.0,0.0,84.154,15.098
4646.808,sglang:subprocess,0.0,0.0,84.155,15.098
4647.309,sglang:subprocess,0.0,0.0,84.156,15.098
4647.809,sglang:subprocess,0.0,0.0,84.156,15.098
4648.31,sglang:subprocess,0.0,0.0,84.156,15.098
4648.811,sglang:subprocess,0.0,0.0,84.158,15.098
4649.312,sglang:subprocess,0.0,0.0,84.159,15.098
4649.812,sglang:subprocess,0.0,0.0,84.159,15.098
4650.313,sglang:subprocess,0.0,0.0,84.158,15.098
4650.814,sglang:subprocess,0.0,0.0,84.158,15.098
4651.315,sglang:subprocess,0.0,0.0,84.159,15.098
4651.816,sglang:subprocess,0.0,0.0,84.158,15.098
4652.316,sglang:subprocess,0.0,0.0,84.156,15.098
4652.817,sglang:subprocess,0.0,0.0,84.155,15.098
4653.318,sglang:subprocess,0.0,0.0,84.152,15.098
4653.818,sglang:subprocess,0.0,0.0,84.154,15.098
4654.319,sglang:subprocess,0.0,0.0,84.156,15.098
4654.82,sglang:subprocess,0.0,0.0,84.155,15.098
4655.321,sglang:subprocess,0.0,0.0,84.155,15.098
4655.821,sglang:subprocess,0.0,0.0,84.156,15.098
4656.322,sglang:subprocess,0.0,0.0,84.154,15.098
4656.823,sglang:subprocess,0.0,0.0,84.154,15.098
4657.324,sglang:subprocess,0.0,0.0,84.157,15.098
4657.824,sglang:subprocess,0.0,0.0,84.157,15.098
4658.325,sglang:subprocess,0.0,0.0,84.156,15.098
4658.826,sglang:subprocess,0.0,0.0,84.155,15.098
4659.326,sglang:subprocess,0.0,0.0,84.156,15.098
4659.828,sglang:subprocess,0.0,0.0,84.156,15.098
4660.328,sglang:subprocess,0.0,0.0,84.155,15.098
4660.829,sglang:subprocess,0.0,0.0,84.158,15.098
4661.33,sglang:subprocess,0.0,0.0,84.158,15.098
4661.83,sglang:subprocess,0.0,0.0,84.158,15.098
4662.331,sglang:subprocess,0.0,0.0,84.158,15.098
4662.832,sglang:subprocess,0.0,0.0,84.157,15.098
4663.332,sglang:subprocess,0.0,0.0,84.157,15.098
4663.833,sglang:subprocess,0.0,0.0,84.154,15.098
4664.334,sglang:subprocess,0.0,0.0,84.155,15.098
4664.835,sglang:subprocess,0.0,0.0,84.153,15.098
4665.335,sglang:subprocess,0.0,0.0,84.153,15.098
4665.836,sglang:subprocess,0.0,0.0,84.154,15.098
4666.337,sglang:subprocess,0.0,0.0,84.154,15.098
4666.838,sglang:subprocess,0.0,0.0,84.153,15.098
4667.338,sglang:subprocess,0.0,0.0,84.156,15.098
4667.839,sglang:subprocess,0.0,0.0,84.159,15.098
4668.34,sglang:subprocess,0.0,0.0,84.159,15.098
4668.841,sglang:subprocess,0.0,0.0,84.157,15.098
4669.341,sglang:subprocess,0.0,0.0,84.157,15.098
4669.842,sglang:subprocess,0.0,0.0,84.158,15.098
4670.343,sglang:subprocess,0.0,0.0,84.158,15.098
4670.844,sglang:subprocess,0.0,0.0,84.159,15.098
4671.344,sglang:subprocess,0.0,0.0,84.159,15.098
4671.845,sglang:subprocess,0.0,0.0,84.159,15.098
4672.346,sglang:subprocess,0.0,0.0,84.154,15.098
4672.846,sglang:subprocess,0.0,0.0,84.153,15.098
4673.347,sglang:subprocess,0.0,0.0,84.153,15.098
4673.848,sglang:subprocess,0.0,0.0,84.152,15.098
4674.348,sglang:subprocess,0.0,0.0,84.152,15.098
4674.849,sglang:subprocess,0.0,0.0,84.151,15.098
4675.35,sglang:subprocess,0.0,0.0,84.152,15.098
4675.851,sglang:subprocess,0.0,0.0,84.152,15.098
4676.352,sglang:subprocess,0.0,0.0,84.152,15.098
4676.853,sglang:subprocess,0.0,0.0,84.153,15.098
4677.353,sglang:subprocess,0.0,0.0,84.161,15.098
4677.854,sglang:subprocess,0.0,0.0,84.161,15.098
4678.355,sglang:subprocess,0.0,0.0,84.162,15.098
4678.855,sglang:subprocess,0.0,0.0,84.159,15.098
4679.356,sglang:subprocess,0.0,0.0,84.159,15.098
4679.857,sglang:subprocess,0.0,0.0,84.159,15.098
4680.358,sglang:subprocess,0.0,0.0,84.159,15.098
4680.859,sglang:subprocess,0.0,0.0,84.158,15.098
4681.36,sglang:subprocess,0.0,0.0,84.158,15.098
4681.861,sglang:subprocess,0.0,0.0,84.158,15.098
4682.361,sglang:subprocess,0.0,0.0,84.157,15.098
4682.862,sglang:subprocess,0.0,0.0,84.157,15.098
4683.363,sglang:subprocess,0.0,0.0,84.157,15.098
4683.863,sglang:subprocess,0.0,0.0,84.153,15.098
4684.364,sglang:subprocess,0.0,0.0,84.153,15.098
4684.865,sglang:subprocess,0.0,0.0,84.153,15.098
4685.365,sglang:subprocess,0.0,0.0,84.154,15.098
4685.867,sglang:subprocess,0.0,0.0,84.154,15.098
4686.367,sglang:subprocess,0.0,0.0,84.155,15.098
4686.868,sglang:subprocess,0.0,0.0,84.154,15.098
4687.369,sglang:subprocess,0.0,0.0,84.157,15.098
4687.869,sglang:subprocess,0.0,0.0,84.157,15.098
4688.37,sglang:subprocess,0.0,0.0,84.156,15.098
4688.871,sglang:subprocess,0.0,0.0,84.157,15.098
4689.371,sglang:subprocess,0.0,0.0,84.158,15.098
4689.872,sglang:subprocess,0.0,0.0,84.157,15.098
4690.373,sglang:subprocess,0.0,0.0,84.157,15.098
4690.873,sglang:subprocess,0.0,0.0,84.157,15.098
4691.375,sglang:subprocess,0.0,0.0,84.157,15.098
4691.875,sglang:subprocess,0.0,0.0,84.157,15.098
4692.376,sglang:subprocess,0.0,0.0,84.155,15.098
4692.877,sglang:subprocess,0.0,0.0,84.155,15.098
4693.377,sglang:subprocess,0.0,0.0,84.156,15.098
4693.878,sglang:subprocess,0.0,0.0,84.157,15.098
4694.379,sglang:subprocess,0.0,0.0,84.157,15.098
4694.879,sglang:subprocess,0.0,0.0,84.156,15.098
4695.38,sglang:subprocess,0.0,0.0,84.157,15.098
4695.881,sglang:subprocess,0.0,0.0,84.157,15.098
4696.382,sglang:subprocess,0.0,0.0,84.156,15.098
4696.883,sglang:subprocess,0.0,0.0,84.157,15.098
4697.383,sglang:subprocess,0.0,0.0,84.159,15.098
4697.884,sglang:subprocess,0.0,0.0,84.16,15.098
4698.385,sglang:subprocess,0.0,0.0,84.16,15.098
4698.885,sglang:subprocess,0.0,0.0,84.16,15.098
4699.386,sglang:subprocess,0.0,0.0,84.159,15.098
4699.887,sglang:subprocess,0.0,0.0,84.161,15.098
4700.387,sglang:subprocess,0.0,0.0,84.162,15.098
4700.888,sglang:subprocess,0.0,0.0,84.161,15.098
4701.389,sglang:subprocess,0.0,0.0,84.16,15.098
4701.89,sglang:subprocess,0.0,0.0,84.159,15.098
4702.391,sglang:subprocess,0.0,0.0,84.16,15.098
4702.891,sglang:subprocess,0.0,0.0,84.161,15.098
4703.392,sglang:subprocess,0.0,0.0,84.154,15.098
4703.893,sglang:subprocess,0.0,0.0,84.154,15.098
4704.393,sglang:subprocess,0.0,0.0,84.155,15.098
4704.894,sglang:subprocess,0.0,0.0,84.153,15.098
4705.395,sglang:subprocess,0.0,0.0,84.153,15.098
4705.895,sglang:subprocess,0.0,0.0,84.154,15.098
4706.396,sglang:subprocess,0.0,0.0,84.155,15.098
4706.897,sglang:subprocess,0.0,0.0,84.157,15.098
4707.398,sglang:subprocess,0.0,0.0,84.161,15.098
4707.899,sglang:subprocess,0.0,0.0,84.161,15.098
4708.399,sglang:subprocess,0.0,0.0,84.16,15.098
4708.9,sglang:subprocess,0.0,0.0,84.16,15.098
4709.401,sglang:subprocess,0.0,0.0,84.159,15.098
4709.902,sglang:subprocess,0.0,0.0,84.158,15.098
4710.402,sglang:subprocess,0.0,0.0,84.158,15.098
4710.903,sglang:subprocess,0.0,0.0,84.157,15.098
4711.404,sglang:subprocess,0.0,0.0,84.158,15.098
4711.904,sglang:subprocess,0.0,0.0,84.157,15.098
4712.405,sglang:subprocess,0.0,0.0,84.158,15.098
4712.906,sglang:subprocess,0.0,0.0,84.157,15.098
4713.407,sglang:subprocess,0.0,0.0,84.157,15.098
4713.908,sglang:subprocess,0.0,0.0,84.153,15.098
4714.408,sglang:subprocess,0.0,0.0,84.153,15.098
4714.909,sglang:subprocess,0.0,0.0,84.153,15.098
4715.41,sglang:subprocess,0.0,0.0,84.154,15.098
4715.91,sglang:subprocess,0.0,0.0,84.153,15.098
4716.411,sglang:subprocess,0.0,0.0,84.154,15.098
4716.912,sglang:subprocess,0.0,0.0,84.155,15.098
4717.413,sglang:subprocess,0.0,0.0,84.156,15.098
4717.913,sglang:subprocess,0.0,0.0,84.157,15.098
4718.414,sglang:subprocess,0.0,0.0,84.157,15.098
4718.915,sglang:subprocess,0.0,0.0,84.158,15.098
4719.415,sglang:subprocess,0.0,0.0,84.157,15.098
4719.916,sglang:subprocess,0.0,0.0,84.156,15.098
4720.417,sglang:subprocess,0.0,0.0,84.156,15.098
4720.918,sglang:subprocess,0.0,0.0,84.156,15.098
4721.418,sglang:subprocess,0.0,0.0,84.158,15.098
4721.919,sglang:subprocess,0.0,0.0,84.157,15.098
4722.42,sglang:subprocess,0.0,0.0,84.157,15.098
4722.921,sglang:subprocess,0.0,0.0,84.157,15.098
4723.421,sglang:subprocess,0.0,0.0,84.153,15.098
4723.922,sglang:subprocess,0.0,0.0,84.155,15.098
4724.423,sglang:subprocess,0.0,0.0,84.156,15.098
4724.924,sglang:subprocess,0.0,0.0,84.155,15.098
4725.425,sglang:subprocess,0.0,0.0,84.155,15.098
4725.926,sglang:subprocess,0.0,0.0,84.156,15.098
4726.426,sglang:subprocess,0.0,0.0,84.157,15.098
4726.927,sglang:subprocess,0.0,0.0,84.158,15.098
4727.428,sglang:subprocess,0.0,0.0,84.159,15.098
4727.929,sglang:subprocess,0.0,0.0,84.157,15.098
4728.43,sglang:subprocess,0.0,0.0,84.157,15.098
4728.93,sglang:subprocess,0.0,0.0,84.157,15.098
4729.431,sglang:subprocess,0.0,0.0,84.157,15.098
4729.932,sglang:subprocess,0.0,0.0,84.158,15.098
4730.432,sglang:subprocess,0.0,0.0,84.158,15.098
4730.933,sglang:subprocess,0.0,0.0,84.167,15.098
4731.434,sglang:subprocess,0.0,0.0,84.193,15.098
4731.94,sglang:subprocess,0.0,0.0,84.194,15.098
4732.44,sglang:subprocess,0.0,0.0,84.173,15.098
4732.941,sglang:subprocess,0.0,0.0,84.174,15.098
4733.442,sglang:subprocess,0.0,0.0,84.17,15.098
4733.943,sglang:subprocess,0.0,0.0,84.168,15.098
4734.444,sglang:subprocess,0.0,0.0,84.167,15.098
4734.944,sglang:subprocess,0.0,0.0,84.161,15.098
4735.445,sglang:subprocess,0.0,0.0,84.161,15.098
4735.946,sglang:subprocess,0.0,0.0,84.162,15.098
4736.446,sglang:subprocess,0.0,0.0,84.16,15.098
4736.947,sglang:subprocess,0.0,0.0,84.164,15.098
4737.448,sglang:subprocess,0.0,0.0,84.164,15.098
4737.949,sglang:subprocess,0.0,0.0,84.165,15.098
4738.45,sglang:subprocess,0.0,0.0,84.165,15.098
4738.95,sglang:subprocess,0.0,0.0,84.164,15.098
4739.451,sglang:subprocess,0.0,0.0,84.164,15.098
4739.952,sglang:subprocess,0.0,0.0,84.164,15.098
4740.453,sglang:subprocess,0.0,0.0,84.159,15.098
4740.953,sglang:subprocess,0.0,0.0,84.158,15.098
4741.454,sglang:subprocess,0.0,0.0,84.159,15.098
4741.955,sglang:subprocess,0.0,0.0,84.157,15.098
4742.455,sglang:subprocess,0.0,0.0,84.158,15.098
4742.956,sglang:subprocess,0.0,0.0,84.154,15.098
4743.457,sglang:subprocess,0.0,0.0,84.154,15.098
4743.958,sglang:subprocess,0.0,0.0,84.155,15.098
4744.459,sglang:subprocess,0.0,0.0,84.156,15.098
4744.959,sglang:subprocess,0.0,0.0,84.155,15.098
4745.46,sglang:subprocess,0.0,0.0,84.156,15.098
4745.961,sglang:subprocess,0.0,0.0,84.156,15.098
4746.461,sglang:subprocess,0.0,0.0,84.157,15.098
4746.962,sglang:subprocess,0.0,0.0,84.16,15.098
4747.463,sglang:subprocess,0.0,0.0,84.161,15.098
4747.963,sglang:subprocess,0.0,0.0,84.159,15.098
4748.464,sglang:subprocess,0.0,0.0,84.161,15.098
4748.965,sglang:subprocess,0.0,0.0,84.16,15.098
4749.466,sglang:subprocess,0.0,0.0,84.16,15.098
4749.967,sglang:subprocess,0.0,0.0,84.16,15.098
4750.467,sglang:subprocess,0.0,0.0,84.16,15.098
4750.968,sglang:subprocess,0.0,0.0,84.16,15.098
4751.469,sglang:subprocess,0.0,0.0,84.161,15.098
4751.969,sglang:subprocess,0.0,0.0,84.159,15.098
4752.47,sglang:subprocess,0.0,0.0,84.154,15.098
4752.971,sglang:subprocess,0.0,0.0,84.152,15.098
4753.472,sglang:subprocess,0.0,0.0,84.152,15.098
4753.972,sglang:subprocess,0.0,0.0,84.153,15.098
4754.473,sglang:subprocess,0.0,0.0,84.154,15.098
4754.974,sglang:subprocess,0.0,0.0,84.152,15.098
4755.475,sglang:subprocess,0.0,0.0,84.153,15.098
4755.975,sglang:subprocess,0.0,0.0,84.153,15.098
4756.476,sglang:subprocess,0.0,0.0,84.156,15.098
4756.977,sglang:subprocess,0.0,0.0,84.163,15.098
4757.478,sglang:subprocess,0.0,0.0,84.163,15.098
4757.978,sglang:subprocess,0.0,0.0,84.162,15.098
4758.479,sglang:subprocess,0.0,0.0,84.163,15.098
4758.98,sglang:subprocess,0.0,0.0,84.162,15.098
4759.481,sglang:subprocess,0.0,0.0,84.162,15.098
4759.982,sglang:subprocess,0.0,0.0,84.162,15.098
4760.482,sglang:subprocess,0.0,0.0,84.162,15.098
4760.983,sglang:subprocess,0.0,0.0,84.161,15.098
4761.484,sglang:subprocess,0.0,0.0,84.163,15.098
4761.984,sglang:subprocess,0.0,0.0,84.165,15.098
4762.485,sglang:subprocess,0.0,0.0,84.161,15.098
4762.986,sglang:subprocess,0.0,0.0,84.161,15.098
4763.487,sglang:subprocess,0.0,0.0,84.163,15.098
4763.987,sglang:subprocess,0.0,0.0,84.155,15.098
4764.488,sglang:subprocess,0.0,0.0,84.157,15.098
4764.989,sglang:subprocess,0.0,0.0,84.157,15.098
4765.49,sglang:subprocess,0.0,0.0,84.157,15.098
4765.991,sglang:subprocess,0.0,0.0,84.157,15.098
4766.491,sglang:subprocess,0.0,0.0,84.155,15.098
4766.992,sglang:subprocess,0.0,0.0,84.158,15.098
4767.493,sglang:subprocess,0.0,0.0,84.159,15.098
4767.994,sglang:subprocess,0.0,0.0,84.16,15.098
4768.494,sglang:subprocess,0.0,0.0,84.159,15.098
4768.995,sglang:subprocess,0.0,0.0,84.16,15.098
4769.496,sglang:subprocess,0.0,0.0,84.16,15.098
4769.997,sglang:subprocess,0.0,0.0,84.16,15.098
4770.498,sglang:subprocess,0.0,0.0,84.159,15.098
4770.998,sglang:subprocess,0.0,0.0,84.16,15.098
4771.499,sglang:subprocess,0.0,0.0,84.16,15.098
4772.0,sglang:subprocess,0.0,0.0,84.161,15.098
4772.5,sglang:subprocess,0.0,0.0,84.16,15.098
4773.001,sglang:subprocess,0.0,0.0,84.159,15.098
4773.502,sglang:subprocess,0.0,0.0,84.158,15.098
4774.002,sglang:subprocess,0.0,0.0,84.157,15.098
4774.503,sglang:subprocess,0.0,0.0,84.156,15.098
4775.004,sglang:subprocess,0.0,0.0,84.156,15.098
4775.505,sglang:subprocess,0.0,0.0,84.157,15.098
4776.006,sglang:subprocess,0.0,0.0,84.156,15.098
4776.507,sglang:subprocess,0.0,0.0,84.159,15.098
4777.007,sglang:subprocess,0.0,0.0,84.159,15.098
4777.508,sglang:subprocess,0.0,0.0,84.16,15.098
4778.009,sglang:subprocess,0.0,0.0,84.16,15.098
4778.509,sglang:subprocess,0.0,0.0,84.16,15.098
4779.01,sglang:subprocess,0.0,0.0,84.16,15.098
4779.511,sglang:subprocess,0.0,0.0,84.161,15.098
4780.011,sglang:subprocess,0.0,0.0,84.161,15.098
4780.513,sglang:subprocess,0.0,0.0,84.16,15.098
4781.013,sglang:subprocess,0.0,0.0,84.16,15.098
4781.514,sglang:subprocess,0.0,0.0,84.163,15.098
4782.015,sglang:subprocess,0.0,0.0,84.161,15.098
4782.515,sglang:subprocess,0.0,0.0,84.16,15.098
4783.016,sglang:subprocess,0.0,0.0,84.162,15.098
4783.517,sglang:subprocess,0.0,0.0,84.162,15.098
4784.017,sglang:subprocess,0.0,0.0,84.159,15.098
4784.518,sglang:subprocess,0.0,0.0,84.159,15.098
4785.019,sglang:subprocess,0.0,0.0,84.158,15.098
4785.52,sglang:subprocess,0.0,0.0,84.159,15.098
4786.021,sglang:subprocess,0.0,0.0,84.16,15.098
4786.521,sglang:subprocess,0.0,0.0,84.161,15.098
4787.022,sglang:subprocess,0.0,0.0,84.159,15.098
4787.523,sglang:subprocess,0.0,0.0,84.16,15.098
4788.023,sglang:subprocess,0.0,0.0,84.16,15.098
4788.524,sglang:subprocess,0.0,0.0,84.16,15.098
4789.025,sglang:subprocess,0.0,0.0,84.162,15.098
4789.526,sglang:subprocess,0.0,0.0,84.162,15.098
4790.026,sglang:subprocess,0.0,0.0,84.161,15.098
4790.527,sglang:subprocess,0.0,0.0,84.161,15.098
4791.028,sglang:subprocess,0.0,0.0,84.162,15.098
4791.529,sglang:subprocess,0.0,0.0,84.162,15.098
4792.03,sglang:subprocess,0.0,0.0,84.162,15.098
4792.53,sglang:subprocess,0.0,0.0,84.161,15.098
4793.031,sglang:subprocess,0.0,0.0,84.161,15.098
4793.532,sglang:subprocess,0.0,0.0,84.161,15.098
4794.033,sglang:subprocess,0.0,0.0,84.161,15.098
4794.533,sglang:subprocess,0.0,0.0,84.164,15.098
4795.034,sglang:subprocess,0.0,0.0,84.161,15.098
4795.535,sglang:subprocess,0.0,0.0,84.162,15.098
4796.035,sglang:subprocess,0.0,0.0,84.164,15.098
4796.537,sglang:subprocess,0.0,0.0,84.162,15.098
4797.038,sglang:subprocess,0.0,0.0,84.162,15.098
4797.538,sglang:subprocess,0.0,0.0,84.162,15.098
4798.039,sglang:subprocess,0.0,0.0,84.164,15.098
4798.54,sglang:subprocess,0.0,0.0,84.165,15.098
4799.041,sglang:subprocess,0.0,0.0,84.163,15.098
4799.541,sglang:subprocess,0.0,0.0,84.162,15.098
4800.042,sglang:subprocess,0.0,0.0,84.162,15.098
4800.543,sglang:subprocess,0.0,0.0,84.163,15.098
4801.043,sglang:subprocess,0.0,0.0,84.162,15.098
4801.545,sglang:subprocess,0.0,0.0,84.163,15.098
4802.045,sglang:subprocess,0.0,0.0,84.163,15.098
4802.546,sglang:subprocess,0.0,0.0,84.162,15.098
4803.047,sglang:subprocess,0.0,0.0,84.16,15.098
4803.549,sglang:subprocess,0.0,0.0,84.161,15.098
4804.049,sglang:subprocess,0.0,0.0,84.158,15.098
4804.55,sglang:subprocess,0.0,0.0,84.159,15.098
4805.051,sglang:subprocess,0.0,0.0,84.159,15.098
4805.552,sglang:subprocess,0.0,0.0,84.159,15.098
4806.052,sglang:subprocess,0.0,0.0,84.16,15.098
4806.553,sglang:subprocess,0.0,0.0,84.16,15.098
4807.054,sglang:subprocess,0.0,0.0,84.163,15.098
4807.555,sglang:subprocess,0.0,0.0,84.163,15.098
4808.056,sglang:subprocess,0.0,0.0,84.164,15.098
4808.556,sglang:subprocess,0.0,0.0,84.164,15.098
4809.057,sglang:subprocess,0.0,0.0,84.161,15.098
4809.558,sglang:subprocess,0.0,0.0,84.161,15.098
4810.058,sglang:subprocess,0.0,0.0,84.161,15.098
4810.559,sglang:subprocess,0.0,0.0,84.161,15.098
4811.06,sglang:subprocess,0.0,0.0,84.161,15.098
4811.561,sglang:subprocess,0.0,0.0,84.161,15.098
4812.062,sglang:subprocess,0.0,0.0,84.16,15.098
4812.562,sglang:subprocess,0.0,0.0,84.162,15.098
4813.063,sglang:subprocess,0.0,0.0,84.164,15.098
4813.564,sglang:subprocess,0.0,0.0,84.157,15.098
4814.065,sglang:subprocess,0.0,0.0,84.158,15.098
4814.565,sglang:subprocess,0.0,0.0,84.158,15.098
4815.066,sglang:subprocess,0.0,0.0,84.158,15.098
4815.567,sglang:subprocess,0.0,0.0,84.16,15.098
4816.067,sglang:subprocess,0.0,0.0,84.161,15.098
4816.568,sglang:subprocess,0.0,0.0,84.162,15.098
4817.069,sglang:subprocess,0.0,0.0,84.165,15.098
4817.57,sglang:subprocess,0.0,0.0,84.167,15.098
4818.071,sglang:subprocess,0.0,0.0,84.166,15.098
4818.571,sglang:subprocess,0.0,0.0,84.166,15.098
4819.072,sglang:subprocess,0.0,0.0,84.168,15.098
4819.573,sglang:subprocess,0.0,0.0,84.168,15.098
4820.073,sglang:subprocess,0.0,0.0,84.168,15.098
4820.574,sglang:subprocess,0.0,0.0,84.167,15.098
4821.075,sglang:subprocess,0.0,0.0,84.167,15.098
4821.575,sglang:subprocess,0.0,0.0,84.169,15.098
4822.076,sglang:subprocess,0.0,0.0,84.169,15.098
4822.577,sglang:subprocess,0.0,0.0,84.17,15.098
4823.078,sglang:subprocess,0.0,0.0,84.167,15.098
4823.579,sglang:subprocess,0.0,0.0,84.161,15.098
4824.08,sglang:subprocess,0.0,0.0,84.163,15.098
4824.58,sglang:subprocess,0.0,0.0,84.162,15.098
4825.081,sglang:subprocess,0.0,0.0,84.163,15.098
4825.582,sglang:subprocess,0.0,0.0,84.162,15.098
4826.082,sglang:subprocess,0.0,0.0,84.161,15.098
4826.583,sglang:subprocess,0.0,0.0,84.161,15.098
4827.084,sglang:subprocess,0.0,0.0,84.166,15.098
4827.584,sglang:subprocess,0.0,0.0,84.169,15.098
4828.086,sglang:subprocess,0.0,0.0,84.169,15.098
4828.586,sglang:subprocess,0.0,0.0,84.17,15.098
4829.087,sglang:subprocess,0.0,0.0,84.17,15.098
4829.588,sglang:subprocess,0.0,0.0,84.171,15.098
4830.088,sglang:subprocess,0.0,0.0,84.171,15.098
4830.589,sglang:subprocess,0.0,0.0,84.171,15.098
4831.09,sglang:subprocess,0.0,0.0,84.171,15.098
4831.591,sglang:subprocess,0.0,0.0,84.171,15.098
4832.091,sglang:subprocess,0.0,0.0,84.171,15.098
4832.592,sglang:subprocess,0.0,0.0,84.171,15.098
4833.093,sglang:subprocess,0.0,0.0,84.169,15.098
4833.594,sglang:subprocess,0.0,0.0,84.17,15.098
4834.095,sglang:subprocess,0.0,0.0,84.166,15.098
4834.595,sglang:subprocess,0.0,0.0,84.166,15.098
4835.096,sglang:subprocess,0.0,0.0,84.167,15.098
4835.597,sglang:subprocess,0.0,0.0,84.167,15.098
4836.097,sglang:subprocess,0.0,0.0,84.167,15.098
4836.598,sglang:subprocess,0.0,0.0,84.166,15.098
4837.099,sglang:subprocess,0.0,0.0,84.166,15.098
4837.599,sglang:subprocess,0.0,0.0,84.165,15.098
4838.1,sglang:subprocess,0.0,0.0,84.167,15.098
4838.605,sglang:subprocess,0.0,0.0,84.167,15.098
4839.105,sglang:subprocess,0.0,0.0,84.165,15.098
4839.606,sglang:subprocess,0.0,0.0,84.165,15.098
4840.107,sglang:subprocess,0.0,0.0,84.165,15.098
4840.614,sglang:subprocess,0.0,0.0,84.165,15.098
4841.115,sglang:subprocess,0.0,0.0,84.165,15.098
4841.615,sglang:subprocess,0.0,0.0,84.164,15.098
4842.116,sglang:subprocess,0.0,0.0,84.164,15.098
4842.617,sglang:subprocess,0.0,0.0,84.165,15.098
4843.117,sglang:subprocess,0.0,0.0,84.167,15.098
4843.618,sglang:subprocess,0.0,0.0,84.165,15.098
4844.119,sglang:subprocess,0.0,0.0,84.163,15.098
4844.62,sglang:subprocess,0.0,0.0,84.165,15.098
4845.12,sglang:subprocess,0.0,0.0,84.165,15.098
4845.621,sglang:subprocess,0.0,0.0,84.164,15.098
4846.122,sglang:subprocess,0.0,0.0,84.163,15.098
4846.623,sglang:subprocess,0.0,0.0,84.167,15.098
4847.123,sglang:subprocess,0.0,0.0,84.159,15.098
4847.624,sglang:subprocess,0.0,0.0,84.16,15.098
4848.125,sglang:subprocess,0.0,0.0,84.16,15.098
4848.625,sglang:subprocess,0.0,0.0,84.163,15.098
4849.126,sglang:subprocess,0.0,0.0,84.16,15.098
4849.627,sglang:subprocess,0.0,0.0,84.159,15.098
4850.128,sglang:subprocess,0.0,0.0,84.16,15.098
4850.629,sglang:subprocess,0.0,0.0,84.16,15.098
4851.129,sglang:subprocess,0.0,0.0,84.16,15.098
4851.63,sglang:subprocess,0.0,0.0,84.161,15.098
4852.131,sglang:subprocess,0.0,0.0,84.161,15.098
4852.631,sglang:subprocess,0.0,0.0,84.161,15.098
4853.132,sglang:subprocess,0.0,0.0,84.116,15.098
4853.633,sglang:subprocess,0.0,0.0,84.125,15.098
4854.134,sglang:subprocess,0.0,0.0,84.131,15.098
4854.635,sglang:subprocess,0.0,0.0,84.133,15.098
4855.135,sglang:subprocess,0.0,0.0,84.129,15.098
4855.636,sglang:subprocess,0.0,0.0,84.13,15.098
4856.137,sglang:subprocess,0.0,0.0,84.133,15.098
4856.637,sglang:subprocess,0.0,0.0,84.132,15.098
4857.138,sglang:subprocess,0.0,0.0,84.15,15.098
4857.639,sglang:subprocess,0.0,0.0,84.154,15.098
4858.139,sglang:subprocess,0.0,0.0,84.157,15.098
4858.64,sglang:subprocess,0.0,0.0,84.157,15.098
4859.141,sglang:subprocess,0.0,0.0,84.158,15.098
4859.642,sglang:subprocess,0.0,0.0,84.158,15.098
4860.143,sglang:subprocess,0.0,0.0,84.157,15.098
4860.643,sglang:subprocess,0.0,0.0,84.162,15.098
4861.15,sglang:subprocess,0.0,0.0,84.158,15.098
4861.651,sglang:subprocess,0.0,0.0,84.159,15.098
4862.152,sglang:subprocess,0.0,0.0,84.158,15.098
4862.653,sglang:subprocess,0.0,0.0,84.158,15.098
4863.153,sglang:subprocess,0.0,0.0,84.157,15.098
4863.654,sglang:subprocess,0.0,0.0,84.155,15.098
4864.155,sglang:subprocess,0.0,0.0,84.154,15.098
4864.656,sglang:subprocess,0.0,0.0,84.156,15.098
4865.156,sglang:subprocess,0.0,0.0,84.155,15.098
4865.657,sglang:subprocess,0.0,0.0,84.156,15.098
4866.158,sglang:subprocess,0.0,0.0,84.156,15.098
4866.658,sglang:subprocess,0.0,0.0,84.157,15.098
4867.159,sglang:subprocess,0.0,0.0,84.157,15.098
4867.66,sglang:subprocess,0.0,0.0,84.157,15.098
4868.161,sglang:subprocess,0.0,0.0,84.157,15.098
4868.661,sglang:subprocess,0.0,0.0,84.157,15.098
4869.162,sglang:subprocess,0.0,0.0,84.157,15.098
4869.663,sglang:subprocess,0.0,0.0,84.158,15.098
4870.164,sglang:subprocess,0.0,0.0,84.157,15.098
4870.665,sglang:subprocess,0.0,0.0,84.158,15.098
4871.165,sglang:subprocess,0.0,0.0,84.158,15.098
4871.666,sglang:subprocess,0.0,0.0,84.159,15.098
4872.167,sglang:subprocess,0.0,0.0,84.159,15.098
4872.668,sglang:subprocess,0.0,0.0,84.16,15.098
4873.168,sglang:subprocess,0.0,0.0,84.159,15.098
4873.669,sglang:subprocess,0.0,0.0,84.16,15.098
4874.17,sglang:subprocess,0.0,0.0,84.157,15.098
4874.67,sglang:subprocess,0.0,0.0,84.157,15.098
4875.172,sglang:subprocess,0.0,0.0,84.157,15.098
4875.672,sglang:subprocess,0.0,0.0,84.158,15.098
4876.173,sglang:subprocess,0.0,0.0,84.158,15.098
4876.674,sglang:subprocess,0.0,0.0,84.157,15.098
4877.174,sglang:subprocess,0.0,0.0,84.159,15.098
4877.675,sglang:subprocess,0.0,0.0,84.159,15.098
4878.176,sglang:subprocess,0.0,0.0,84.16,15.098
4878.676,sglang:subprocess,0.0,0.0,84.161,15.098
4879.177,sglang:subprocess,0.0,0.0,84.16,15.098
4879.687,sglang:subprocess,0.0,0.0,84.16,15.098
4880.188,sglang:subprocess,0.0,0.0,84.16,15.098
4880.689,sglang:subprocess,0.0,0.0,84.16,15.098
4881.19,sglang:subprocess,0.0,0.0,84.16,15.098
4881.69,sglang:subprocess,0.0,0.0,84.16,15.098
4882.191,sglang:subprocess,0.0,0.0,84.163,15.098
4882.692,sglang:subprocess,0.0,0.0,84.163,15.098
4883.193,sglang:subprocess,0.0,0.0,84.162,15.098
4883.693,sglang:subprocess,0.0,0.0,84.161,15.098
4884.194,sglang:subprocess,0.0,0.0,84.161,15.098
4884.695,sglang:subprocess,0.0,0.0,84.157,15.098
4885.195,sglang:subprocess,0.0,0.0,84.157,15.098
4885.696,sglang:subprocess,0.0,0.0,84.156,15.098
4886.197,sglang:subprocess,0.0,0.0,84.156,15.098
4886.698,sglang:subprocess,0.0,0.0,84.157,15.098
4887.199,sglang:subprocess,0.0,0.0,84.158,15.098
4887.699,sglang:subprocess,0.0,0.0,84.159,15.098
4888.2,sglang:subprocess,0.0,0.0,84.16,15.098
4888.701,sglang:subprocess,0.0,0.0,84.159,15.098
4889.202,sglang:subprocess,0.0,0.0,84.159,15.098
4889.702,sglang:subprocess,0.0,0.0,84.159,15.098
4890.203,sglang:subprocess,0.0,0.0,84.159,15.098
4890.704,sglang:subprocess,0.0,0.0,84.16,15.098
4891.205,sglang:subprocess,0.0,0.0,84.16,15.098
4891.705,sglang:subprocess,0.0,0.0,84.16,15.098
4892.206,sglang:subprocess,0.0,0.0,84.16,15.098
4892.707,sglang:subprocess,0.0,0.0,84.16,15.098
4893.208,sglang:subprocess,0.0,0.0,84.16,15.098
4893.708,sglang:subprocess,0.0,0.0,84.157,15.098
4894.209,sglang:subprocess,0.0,0.0,84.158,15.098
4894.71,sglang:subprocess,0.0,0.0,84.157,15.098
4895.211,sglang:subprocess,0.0,0.0,84.157,15.098
4895.711,sglang:subprocess,0.0,0.0,84.156,15.098
4896.213,sglang:subprocess,0.0,0.0,84.156,15.098
4896.713,sglang:subprocess,0.0,0.0,84.157,15.098
4897.214,sglang:subprocess,0.0,0.0,84.158,15.098
4897.715,sglang:subprocess,0.0,0.0,84.158,15.098
4898.215,sglang:subprocess,0.0,0.0,84.159,15.098
4898.716,sglang:subprocess,0.0,0.0,84.16,15.098
4899.217,sglang:subprocess,0.0,0.0,84.16,15.098
4899.717,sglang:subprocess,0.0,0.0,84.16,15.098
4900.224,sglang:subprocess,0.0,0.0,84.16,15.098
4900.724,sglang:subprocess,0.0,0.0,84.16,15.098
4901.225,sglang:subprocess,0.0,0.0,84.161,15.098
4901.726,sglang:subprocess,0.0,0.0,84.161,15.098
4902.23,sglang:subprocess,0.0,0.0,84.162,15.098
4902.731,sglang:subprocess,0.0,0.0,84.161,15.098
4903.232,sglang:subprocess,0.0,0.0,84.157,15.098
4903.732,sglang:subprocess,0.0,0.0,84.157,15.098
4904.233,sglang:subprocess,0.0,0.0,84.157,15.098
4904.734,sglang:subprocess,0.0,0.0,84.157,15.098
4905.234,sglang:subprocess,0.0,0.0,84.158,15.098
4905.735,sglang:subprocess,0.0,0.0,84.158,15.098
4906.236,sglang:subprocess,0.0,0.0,84.158,15.098
4906.737,sglang:subprocess,0.0,0.0,84.157,15.098
4907.238,sglang:subprocess,0.0,0.0,84.161,15.098
4907.739,sglang:subprocess,0.0,0.0,84.161,15.098
4908.24,sglang:subprocess,0.0,0.0,84.161,15.098
4908.74,sglang:subprocess,0.0,0.0,84.162,15.098
4909.241,sglang:subprocess,0.0,0.0,84.162,15.098
4909.742,sglang:subprocess,0.0,0.0,84.162,15.098
4910.242,sglang:subprocess,0.0,0.0,84.163,15.098
4910.743,sglang:subprocess,0.0,0.0,84.162,15.098
4911.244,sglang:subprocess,0.0,0.0,84.162,15.098
4911.744,sglang:subprocess,0.0,0.0,84.162,15.098
4912.246,sglang:subprocess,0.0,0.0,84.162,15.098
4912.746,sglang:subprocess,0.0,0.0,84.158,15.098
4913.247,sglang:subprocess,0.0,0.0,84.156,15.098
4913.748,sglang:subprocess,0.0,0.0,84.156,15.098
4914.248,sglang:subprocess,0.0,0.0,84.157,15.098
4914.749,sglang:subprocess,0.0,0.0,84.158,15.098
4915.25,sglang:subprocess,0.0,0.0,84.155,15.098
4915.751,sglang:subprocess,0.0,0.0,84.156,15.098
4916.251,sglang:subprocess,0.0,0.0,84.156,15.098
4916.752,sglang:subprocess,0.0,0.0,84.159,15.098
4917.253,sglang:subprocess,0.0,0.0,84.165,15.098
4917.754,sglang:subprocess,0.0,0.0,84.164,15.098
4918.255,sglang:subprocess,0.0,0.0,84.166,15.098
4918.755,sglang:subprocess,0.0,0.0,84.165,15.098
4919.256,sglang:subprocess,0.0,0.0,84.165,15.098
4919.757,sglang:subprocess,0.0,0.0,84.166,15.098
4920.257,sglang:subprocess,0.0,0.0,84.167,15.098
4920.758,sglang:subprocess,0.0,0.0,84.166,15.098
4921.259,sglang:subprocess,0.0,0.0,84.166,15.098
4921.76,sglang:subprocess,0.0,0.0,84.167,15.098
4922.26,sglang:subprocess,0.0,0.0,84.166,15.098
4922.765,sglang:subprocess,0.0,0.0,84.167,15.098
4923.265,sglang:subprocess,0.0,0.0,84.163,15.098
4923.766,sglang:subprocess,0.0,0.0,84.159,15.098
4924.267,sglang:subprocess,0.0,0.0,84.158,15.098
4924.768,sglang:subprocess,0.0,0.0,84.159,15.098
4925.268,sglang:subprocess,0.0,0.0,84.157,15.098
4925.769,sglang:subprocess,0.0,0.0,84.157,15.098
4926.27,sglang:subprocess,0.0,0.0,84.157,15.098
4926.77,sglang:subprocess,0.0,0.0,84.159,15.098
4927.271,sglang:subprocess,0.0,0.0,84.163,15.098
4927.772,sglang:subprocess,0.0,0.0,84.164,15.098
4928.273,sglang:subprocess,0.0,0.0,84.164,15.098
4928.774,sglang:subprocess,0.0,0.0,84.164,15.098
4929.274,sglang:subprocess,0.0,0.0,84.161,15.098
4929.775,sglang:subprocess,0.0,0.0,84.161,15.098
4930.276,sglang:subprocess,0.0,0.0,84.161,15.098
4930.776,sglang:subprocess,0.0,0.0,84.165,15.098
4931.277,sglang:subprocess,0.0,0.0,84.161,15.098
4931.778,sglang:subprocess,0.0,0.0,84.16,15.098
4932.278,sglang:subprocess,0.0,0.0,84.161,15.098
4932.779,sglang:subprocess,0.0,0.0,84.161,15.098
4933.28,sglang:subprocess,0.0,0.0,84.158,15.098
4933.781,sglang:subprocess,0.0,0.0,84.158,15.098
4934.281,sglang:subprocess,0.0,0.0,84.158,15.098
4934.782,sglang:subprocess,0.0,0.0,84.16,15.098
4935.283,sglang:subprocess,0.0,0.0,84.158,15.098
4935.783,sglang:subprocess,0.0,0.0,84.159,15.098
4936.284,sglang:subprocess,0.0,0.0,84.159,15.098
4936.785,sglang:subprocess,0.0,0.0,84.161,15.098
4937.286,sglang:subprocess,0.0,0.0,84.161,15.098
4937.786,sglang:subprocess,0.0,0.0,84.161,15.098
4938.287,sglang:subprocess,0.0,0.0,84.162,15.098
4938.788,sglang:subprocess,0.0,0.0,84.165,15.098
4939.289,sglang:subprocess,0.0,0.0,84.162,15.098
4939.79,sglang:subprocess,0.0,0.0,84.162,15.098
4940.29,sglang:subprocess,0.0,0.0,84.162,15.098
4940.791,sglang:subprocess,0.0,0.0,84.168,15.098
4941.292,sglang:subprocess,0.0,0.0,84.16,15.098
4941.792,sglang:subprocess,0.0,0.0,84.162,15.098
4942.293,sglang:subprocess,0.0,0.0,84.163,15.098
4942.794,sglang:subprocess,0.0,0.0,84.162,15.098
4943.295,sglang:subprocess,0.0,0.0,84.16,15.098
4943.796,sglang:subprocess,0.0,0.0,84.161,15.098
4944.296,sglang:subprocess,0.0,0.0,84.161,15.098
4944.797,sglang:subprocess,0.0,0.0,84.169,15.098
4945.298,sglang:subprocess,0.0,0.0,84.16,15.098
4945.798,sglang:subprocess,0.0,0.0,84.159,15.098
4946.299,sglang:subprocess,0.0,0.0,84.16,15.098
4946.8,sglang:subprocess,0.0,0.0,84.164,15.098
4947.301,sglang:subprocess,0.0,0.0,84.16,15.098
4947.801,sglang:subprocess,0.0,0.0,84.16,15.098
4948.302,sglang:subprocess,0.0,0.0,84.16,15.098
4948.803,sglang:subprocess,0.0,0.0,84.16,15.098
4949.304,sglang:subprocess,0.0,0.0,84.161,15.098
4949.804,sglang:subprocess,0.0,0.0,84.161,15.098
4950.305,sglang:subprocess,0.0,0.0,84.16,15.098
4950.806,sglang:subprocess,0.0,0.0,84.16,15.098
4951.307,sglang:subprocess,0.0,0.0,84.16,15.098
4951.807,sglang:subprocess,0.0,0.0,84.163,15.098
4952.308,sglang:subprocess,0.0,0.0,84.162,15.098
4952.809,sglang:subprocess,0.0,0.0,84.162,15.098
4953.309,sglang:subprocess,0.0,0.0,84.16,15.098
4953.81,sglang:subprocess,0.0,0.0,84.159,15.098
4954.312,sglang:subprocess,0.0,0.0,84.159,15.098
4954.813,sglang:subprocess,0.0,0.0,84.158,15.098
4955.313,sglang:subprocess,0.0,0.0,84.158,15.098
4955.814,sglang:subprocess,0.0,0.0,84.16,15.098
4956.315,sglang:subprocess,0.0,0.0,84.16,15.098
4956.815,sglang:subprocess,0.0,0.0,84.161,15.098
4957.316,sglang:subprocess,0.0,0.0,84.165,15.098
4957.817,sglang:subprocess,0.0,0.0,84.165,15.098
4958.318,sglang:subprocess,0.0,0.0,84.165,15.098
4958.818,sglang:subprocess,0.0,0.0,84.166,15.098
4959.319,sglang:subprocess,0.0,0.0,84.166,15.098
4959.82,sglang:subprocess,0.0,0.0,84.166,15.098
4960.321,sglang:subprocess,0.0,0.0,84.165,15.098
4960.822,sglang:subprocess,0.0,0.0,84.165,15.098
4961.322,sglang:subprocess,0.0,0.0,84.165,15.098
4961.823,sglang:subprocess,0.0,0.0,84.166,15.098
4962.324,sglang:subprocess,0.0,0.0,84.166,15.098
4962.825,sglang:subprocess,0.0,0.0,84.16,15.098
4963.325,sglang:subprocess,0.0,0.0,84.159,15.098
4963.826,sglang:subprocess,0.0,0.0,84.16,15.098
4964.327,sglang:subprocess,0.0,0.0,84.159,15.098
4964.828,sglang:subprocess,0.0,0.0,84.159,15.098
4965.329,sglang:subprocess,0.0,0.0,84.16,15.098
4965.829,sglang:subprocess,0.0,0.0,84.159,15.098
4966.33,sglang:subprocess,0.0,0.0,84.16,15.098
4966.831,sglang:subprocess,0.0,0.0,84.161,15.098
4967.331,sglang:subprocess,0.0,0.0,84.167,15.098
4967.832,sglang:subprocess,0.0,0.0,84.168,15.098
4968.333,sglang:subprocess,0.0,0.0,84.168,15.098
4968.833,sglang:subprocess,0.0,0.0,84.169,15.098
4969.334,sglang:subprocess,0.0,0.0,84.169,15.098
4969.835,sglang:subprocess,0.0,0.0,84.167,15.098
4970.336,sglang:subprocess,0.0,0.0,84.167,15.098
4970.836,sglang:subprocess,0.0,0.0,84.166,15.098
4971.337,sglang:subprocess,0.0,0.0,84.167,15.098
4971.838,sglang:subprocess,0.0,0.0,84.167,15.098
4972.338,sglang:subprocess,0.0,0.0,84.167,15.098
4972.839,sglang:subprocess,0.0,0.0,84.167,15.098
4973.34,sglang:subprocess,0.0,0.0,84.165,15.098
4973.84,sglang:subprocess,0.0,0.0,84.165,15.098
4974.341,sglang:subprocess,0.0,0.0,84.165,15.098
4974.842,sglang:subprocess,0.0,0.0,84.164,15.098
4975.343,sglang:subprocess,0.0,0.0,84.164,15.098
4975.844,sglang:subprocess,0.0,0.0,84.164,15.098
4976.345,sglang:subprocess,0.0,0.0,84.165,15.098
4976.845,sglang:subprocess,0.0,0.0,84.164,15.098
4977.346,sglang:subprocess,0.0,0.0,84.167,15.098
4977.847,sglang:subprocess,0.0,0.0,84.167,15.098
4978.347,sglang:subprocess,0.0,0.0,84.166,15.098
4978.848,sglang:subprocess,0.0,0.0,84.166,15.098
4979.349,sglang:subprocess,0.0,0.0,84.166,15.098
4979.849,sglang:subprocess,0.0,0.0,84.165,15.098
4980.357,sglang:subprocess,0.0,0.0,84.165,15.098
4980.858,sglang:subprocess,0.0,0.0,84.165,15.098
4981.358,sglang:subprocess,0.0,0.0,84.165,15.098
4981.859,sglang:subprocess,0.0,0.0,84.167,15.098
4982.36,sglang:subprocess,0.0,0.0,84.166,15.098
4982.86,sglang:subprocess,0.0,0.0,84.165,15.098
4983.361,sglang:subprocess,0.0,0.0,84.165,15.098
4983.862,sglang:subprocess,0.0,0.0,84.163,15.098
4984.362,sglang:subprocess,0.0,0.0,84.164,15.098
4984.863,sglang:subprocess,0.0,0.0,84.163,15.098
4985.364,sglang:subprocess,0.0,0.0,84.166,15.098
4985.865,sglang:subprocess,0.0,0.0,84.166,15.098
4986.366,sglang:subprocess,0.0,0.0,84.165,15.098
4986.866,sglang:subprocess,0.0,0.0,84.164,15.098
4987.367,sglang:subprocess,0.0,0.0,84.166,15.098
4987.868,sglang:subprocess,0.0,0.0,84.166,15.098
4988.368,sglang:subprocess,0.0,0.0,84.166,15.098
4988.88,sglang:subprocess,0.0,0.0,84.179,15.098
4989.381,sglang:subprocess,0.0,0.0,84.167,15.098
4989.882,sglang:subprocess,0.0,0.0,84.167,15.098
4990.382,sglang:subprocess,0.0,0.0,84.167,15.098
4990.883,sglang:subprocess,0.0,0.0,84.165,15.098
4991.384,sglang:subprocess,0.0,0.0,84.167,15.098
4991.885,sglang:subprocess,0.0,0.0,84.163,15.098
4992.385,sglang:subprocess,0.0,0.0,84.165,15.098
4992.886,sglang:subprocess,0.0,0.0,84.164,15.098
4993.387,sglang:subprocess,0.0,0.0,84.164,15.098
4993.888,sglang:subprocess,0.0,0.0,84.164,15.098
4994.388,sglang:subprocess,0.0,0.0,84.163,15.098
4994.889,sglang:subprocess,0.0,0.0,84.163,15.098
4995.39,sglang:subprocess,0.0,0.0,84.163,15.098
4995.891,sglang:subprocess,0.0,0.0,84.163,15.098
4996.392,sglang:subprocess,0.0,0.0,84.163,15.098
4996.893,sglang:subprocess,0.0,0.0,84.165,15.098
4997.394,sglang:subprocess,0.0,0.0,84.167,15.098
4997.895,sglang:subprocess,0.0,0.0,84.167,15.098
4998.395,sglang:subprocess,0.0,0.0,84.167,15.098
4998.896,sglang:subprocess,0.0,0.0,84.168,15.098
4999.397,sglang:subprocess,0.0,0.0,84.169,15.098
4999.897,sglang:subprocess,0.0,0.0,84.169,15.098
5000.398,sglang:subprocess,0.0,0.0,84.17,15.098
5000.899,sglang:subprocess,0.0,0.0,84.169,15.098
5001.4,sglang:subprocess,0.0,0.0,84.17,15.098
5001.901,sglang:subprocess,0.0,0.0,84.17,15.098
5002.401,sglang:subprocess,0.0,0.0,84.17,15.098
5002.902,sglang:subprocess,0.0,0.0,84.17,15.098
5003.403,sglang:subprocess,0.0,0.0,84.162,15.098
5003.903,sglang:subprocess,0.0,0.0,84.163,15.098
5004.404,sglang:subprocess,0.0,0.0,84.164,15.098
5004.905,sglang:subprocess,0.0,0.0,84.162,15.098
5005.405,sglang:subprocess,0.0,0.0,84.162,15.098
5005.906,sglang:subprocess,0.0,0.0,84.163,15.098
5006.407,sglang:subprocess,0.0,0.0,84.163,15.098
5006.908,sglang:subprocess,0.0,0.0,84.168,15.098
5007.409,sglang:subprocess,0.0,0.0,84.168,15.098
5007.909,sglang:subprocess,0.0,0.0,84.17,15.098
5008.41,sglang:subprocess,0.0,0.0,84.168,15.098
5008.911,sglang:subprocess,0.0,0.0,84.168,15.098
5009.412,sglang:subprocess,0.0,0.0,84.167,15.098
5009.912,sglang:subprocess,0.0,0.0,84.168,15.098
5010.413,sglang:subprocess,0.0,0.0,84.168,15.098
5010.914,sglang:subprocess,0.0,0.0,84.168,15.098
5011.414,sglang:subprocess,0.0,0.0,84.168,15.098
5011.916,sglang:subprocess,0.0,0.0,84.169,15.098
5012.416,sglang:subprocess,0.0,0.0,84.168,15.098
5012.917,sglang:subprocess,0.0,0.0,84.162,15.098
5013.418,sglang:subprocess,0.0,0.0,84.163,15.098
5013.918,sglang:subprocess,0.0,0.0,84.162,15.098
5014.419,sglang:subprocess,0.0,0.0,84.162,15.098
5014.92,sglang:subprocess,0.0,0.0,84.163,15.098
5015.42,sglang:subprocess,0.0,0.0,84.163,15.098
5015.921,sglang:subprocess,0.0,0.0,84.166,15.098
5016.422,sglang:subprocess,0.0,0.0,84.165,15.098
5016.922,sglang:subprocess,0.0,0.0,84.167,15.098
5017.423,sglang:subprocess,0.0,0.0,84.169,15.098
5017.924,sglang:subprocess,0.0,0.0,84.169,15.098
5018.425,sglang:subprocess,0.0,0.0,84.169,15.098
5018.925,sglang:subprocess,0.0,0.0,84.169,15.098
5019.426,sglang:subprocess,0.0,0.0,84.169,15.098
5019.927,sglang:subprocess,0.0,0.0,84.169,15.098
5020.427,sglang:subprocess,0.0,0.0,84.168,15.098
5020.928,sglang:subprocess,0.0,0.0,84.17,15.098
5021.465,sglang:subprocess,0.0,0.0,84.171,15.098
5021.965,sglang:subprocess,0.0,0.0,84.17,15.098
5022.467,sglang:subprocess,0.0,0.0,84.171,15.098
5022.967,sglang:subprocess,0.0,0.0,84.168,15.098
5023.468,sglang:subprocess,0.0,0.0,84.168,15.098
5023.969,sglang:subprocess,0.0,0.0,84.162,15.098
5024.469,sglang:subprocess,0.0,0.0,84.163,15.098
5024.97,sglang:subprocess,0.0,0.0,84.16,15.098
5025.471,sglang:subprocess,0.0,0.0,84.16,15.098
5025.971,sglang:subprocess,0.0,0.0,84.161,15.098
5026.472,sglang:subprocess,0.0,0.0,84.16,15.098
5026.973,sglang:subprocess,0.0,0.0,84.164,15.098
5027.473,sglang:subprocess,0.0,0.0,84.164,15.098
5027.975,sglang:subprocess,0.0,0.0,84.165,15.098
5028.475,sglang:subprocess,0.0,0.0,84.165,15.098
5028.976,sglang:subprocess,0.0,0.0,84.166,15.098
5029.477,sglang:subprocess,0.0,0.0,84.167,15.098
5029.977,sglang:subprocess,0.0,0.0,84.168,15.098
5030.478,sglang:subprocess,0.0,0.0,84.167,15.098
5030.979,sglang:subprocess,0.0,0.0,84.165,15.098
5031.479,sglang:subprocess,0.0,0.0,84.166,15.098
5031.98,sglang:subprocess,0.0,0.0,84.166,15.098
5032.481,sglang:subprocess,0.0,0.0,84.166,15.098
5032.982,sglang:subprocess,0.0,0.0,84.168,15.098
5033.483,sglang:subprocess,0.0,0.0,84.168,15.098
5033.983,sglang:subprocess,0.0,0.0,84.163,15.098
5034.484,sglang:subprocess,0.0,0.0,84.163,15.098
5034.985,sglang:subprocess,0.0,0.0,84.163,15.098
5035.486,sglang:subprocess,0.0,0.0,84.163,15.098
5035.986,sglang:subprocess,0.0,0.0,84.163,15.098
5036.487,sglang:subprocess,0.0,0.0,84.165,15.098
5036.988,sglang:subprocess,0.0,0.0,84.165,15.098
5037.488,sglang:subprocess,0.0,0.0,84.168,15.098
5037.989,sglang:subprocess,0.0,0.0,84.194,15.098
5038.49,sglang:subprocess,0.0,0.0,84.17,15.098
5038.991,sglang:subprocess,0.0,0.0,84.17,15.098
5039.492,sglang:subprocess,0.0,0.0,84.169,15.098
5039.992,sglang:subprocess,0.0,0.0,84.169,15.098
5040.493,sglang:subprocess,0.0,0.0,84.169,15.098
5040.994,sglang:subprocess,0.0,0.0,84.169,15.098
5041.495,sglang:subprocess,0.0,0.0,84.169,15.098
5041.995,sglang:subprocess,0.0,0.0,84.176,15.098
5042.496,sglang:subprocess,0.0,0.0,84.177,15.098
5042.997,sglang:subprocess,0.0,0.0,84.162,15.098
5043.498,sglang:subprocess,0.0,0.0,84.162,15.098
5043.999,sglang:subprocess,0.0,0.0,84.159,15.098
5044.499,sglang:subprocess,0.0,0.0,84.159,15.098
5045.0,sglang:subprocess,0.0,0.0,84.159,15.098
5045.501,sglang:subprocess,0.0,0.0,84.159,15.098
5046.005,sglang:subprocess,0.0,0.0,84.159,15.098
5046.506,sglang:subprocess,0.0,0.0,84.159,15.098
5047.006,sglang:subprocess,0.0,0.0,84.162,15.098
5047.507,sglang:subprocess,0.0,0.0,84.162,15.098
5048.008,sglang:subprocess,0.0,0.0,84.161,15.098
5048.508,sglang:subprocess,0.0,0.0,84.162,15.098
5049.01,sglang:subprocess,0.0,0.0,84.162,15.098
5049.51,sglang:subprocess,0.0,0.0,84.162,15.098
5050.011,sglang:subprocess,0.0,0.0,84.161,15.098
5050.512,sglang:subprocess,0.0,0.0,84.161,15.098
5051.012,sglang:subprocess,0.0,0.0,84.161,15.098
5051.513,sglang:subprocess,0.0,0.0,84.162,15.098
5052.014,sglang:subprocess,0.0,0.0,84.162,15.098
5052.514,sglang:subprocess,0.0,0.0,84.162,15.098
5053.015,sglang:subprocess,0.0,0.0,84.162,15.098
5053.516,sglang:subprocess,0.0,0.0,84.163,15.098
5054.017,sglang:subprocess,0.0,0.0,84.16,15.098
5054.518,sglang:subprocess,0.0,0.0,84.16,15.098
5055.018,sglang:subprocess,0.0,0.0,84.159,15.098
5055.519,sglang:subprocess,0.0,0.0,84.159,15.098
5056.02,sglang:subprocess,0.0,0.0,84.16,15.098
5056.52,sglang:subprocess,0.0,0.0,84.159,15.098
5057.021,sglang:subprocess,0.0,0.0,84.164,15.098
5057.522,sglang:subprocess,0.0,0.0,84.156,15.098
5058.022,sglang:subprocess,0.0,0.0,84.155,15.098
5058.523,sglang:subprocess,0.0,0.0,84.157,15.098
5059.024,sglang:subprocess,0.0,0.0,84.155,15.098
5059.525,sglang:subprocess,0.0,0.0,84.156,15.098
5060.026,sglang:subprocess,0.0,0.0,84.159,15.098
5060.526,sglang:subprocess,0.0,0.0,84.158,15.098
5061.027,sglang:subprocess,0.0,0.0,84.157,15.098
5061.528,sglang:subprocess,0.0,0.0,84.158,15.098
5062.029,sglang:subprocess,0.0,0.0,84.159,15.098
5062.529,sglang:subprocess,0.0,0.0,84.159,15.098
5063.03,sglang:subprocess,0.0,0.0,84.154,15.098
5063.531,sglang:subprocess,0.0,0.0,84.153,15.098
5064.031,sglang:subprocess,0.0,0.0,84.154,15.098
5064.533,sglang:subprocess,0.0,0.0,84.154,15.098
5065.034,sglang:subprocess,0.0,0.0,84.153,15.098
5065.535,sglang:subprocess,0.0,0.0,84.153,15.098
5066.035,sglang:subprocess,0.0,0.0,84.153,15.098
5066.536,sglang:subprocess,0.0,0.0,84.153,15.098
5067.037,sglang:subprocess,0.0,0.0,84.139,15.098
5067.537,sglang:subprocess,0.0,0.0,84.143,15.098
5068.038,sglang:subprocess,0.0,0.0,84.142,15.098
5068.539,sglang:subprocess,0.0,0.0,84.142,15.098
5069.039,sglang:subprocess,0.0,0.0,84.141,15.098
5069.54,sglang:subprocess,0.0,0.0,84.142,15.098
5070.041,sglang:subprocess,0.0,0.0,84.143,15.098
5070.542,sglang:subprocess,0.0,0.0,84.143,15.098
5071.043,sglang:subprocess,0.0,0.0,84.143,15.098
5071.543,sglang:subprocess,0.0,0.0,84.145,15.098
5072.044,sglang:subprocess,0.0,0.0,84.146,15.098
5072.545,sglang:subprocess,0.0,0.0,84.146,15.098
5073.045,sglang:subprocess,0.0,0.0,84.144,15.098
5073.546,sglang:subprocess,0.0,0.0,84.146,15.098
5074.047,sglang:subprocess,0.0,0.0,84.146,15.098
5074.548,sglang:subprocess,0.0,0.0,84.148,15.098
5075.049,sglang:subprocess,0.0,0.0,84.144,15.098
5075.549,sglang:subprocess,0.0,0.0,84.144,15.098
5076.05,sglang:subprocess,0.0,0.0,84.145,15.098
5076.551,sglang:subprocess,0.0,0.0,84.147,15.098
5077.051,sglang:subprocess,0.0,0.0,84.149,15.098
5077.552,sglang:subprocess,0.0,0.0,84.15,15.098
5078.053,sglang:subprocess,0.0,0.0,84.152,15.098
5078.554,sglang:subprocess,0.0,0.0,84.149,15.098
5079.054,sglang:subprocess,0.0,0.0,84.15,15.098
5079.555,sglang:subprocess,0.0,0.0,84.151,15.098
5080.056,sglang:subprocess,0.0,0.0,84.151,15.098
5080.557,sglang:subprocess,0.0,0.0,84.151,15.098
5081.058,sglang:subprocess,0.0,0.0,84.15,15.098
5081.559,sglang:subprocess,0.0,0.0,84.15,15.098
5082.059,sglang:subprocess,0.0,0.0,84.151,15.098
5082.56,sglang:subprocess,0.0,0.0,84.15,15.098
5083.061,sglang:subprocess,0.0,0.0,84.15,15.098
5083.562,sglang:subprocess,0.0,0.0,84.153,15.098
5084.062,sglang:subprocess,0.0,0.0,84.151,15.098
5084.563,sglang:subprocess,0.0,0.0,84.151,15.098
5085.064,sglang:subprocess,0.0,0.0,84.153,15.098
5085.565,sglang:subprocess,0.0,0.0,84.152,15.098
5086.065,sglang:subprocess,0.0,0.0,84.152,15.098
5086.566,sglang:subprocess,0.0,0.0,84.152,15.098
5087.067,sglang:subprocess,0.0,0.0,84.154,15.098
5087.567,sglang:subprocess,0.0,0.0,84.155,15.098
5088.068,sglang:subprocess,0.0,0.0,84.156,15.098
5088.569,sglang:subprocess,0.0,0.0,84.156,15.098
5089.069,sglang:subprocess,0.0,0.0,84.156,15.098
5089.57,sglang:subprocess,0.0,0.0,84.154,15.098
5090.071,sglang:subprocess,0.0,0.0,84.156,15.098
5090.572,sglang:subprocess,0.0,0.0,84.157,15.098
5091.073,sglang:subprocess,0.0,0.0,84.157,15.098
5091.574,sglang:subprocess,0.0,0.0,84.157,15.098
5092.074,sglang:subprocess,0.0,0.0,84.156,15.098
5092.575,sglang:subprocess,0.0,0.0,84.156,15.098
5093.076,sglang:subprocess,0.0,0.0,84.153,15.098
5093.576,sglang:subprocess,0.0,0.0,84.153,15.098
5094.077,sglang:subprocess,0.0,0.0,84.154,15.098
5094.578,sglang:subprocess,0.0,0.0,84.155,15.098
5095.078,sglang:subprocess,0.0,0.0,84.156,15.098
5095.579,sglang:subprocess,0.0,0.0,84.155,15.098
5096.08,sglang:subprocess,0.0,0.0,84.156,15.098
5096.581,sglang:subprocess,0.0,0.0,84.156,15.098
5097.082,sglang:subprocess,0.0,0.0,84.159,15.098
5097.582,sglang:subprocess,0.0,0.0,84.159,15.098
5098.083,sglang:subprocess,0.0,0.0,84.158,15.098
5098.584,sglang:subprocess,0.0,0.0,84.159,15.098
5099.084,sglang:subprocess,0.0,0.0,84.158,15.098
5099.585,sglang:subprocess,0.0,0.0,84.158,15.098
5100.086,sglang:subprocess,0.0,0.0,84.159,15.098
5100.586,sglang:subprocess,0.0,0.0,84.158,15.098
5101.087,sglang:subprocess,0.0,0.0,84.158,15.098
5101.588,sglang:subprocess,0.0,0.0,84.159,15.098
5102.089,sglang:subprocess,0.0,0.0,84.159,15.098
5102.59,sglang:subprocess,0.0,0.0,84.16,15.098
5103.09,sglang:subprocess,0.0,0.0,84.158,15.098
5103.591,sglang:subprocess,0.0,0.0,84.153,15.098
5104.092,sglang:subprocess,0.0,0.0,84.154,15.098
5104.592,sglang:subprocess,0.0,0.0,84.155,15.098
5105.093,sglang:subprocess,0.0,0.0,84.155,15.098
5105.594,sglang:subprocess,0.0,0.0,84.156,15.098
5106.095,sglang:subprocess,0.0,0.0,84.156,15.098
5106.596,sglang:subprocess,0.0,0.0,84.156,15.098
5107.097,sglang:subprocess,0.0,0.0,84.155,15.098
5107.597,sglang:subprocess,0.0,0.0,84.156,15.098
5108.098,sglang:subprocess,0.0,0.0,84.158,15.098
5108.599,sglang:subprocess,0.0,0.0,84.157,15.098
5109.1,sglang:subprocess,0.0,0.0,84.158,15.098
5109.6,sglang:subprocess,0.0,0.0,84.159,15.098
5110.101,sglang:subprocess,0.0,0.0,84.16,15.098
5110.602,sglang:subprocess,0.0,0.0,84.16,15.098
5111.102,sglang:subprocess,0.0,0.0,84.16,15.098
5111.603,sglang:subprocess,0.0,0.0,84.16,15.098
5112.104,sglang:subprocess,0.0,0.0,84.161,15.098
5112.605,sglang:subprocess,0.0,0.0,84.16,15.098
5113.106,sglang:subprocess,0.0,0.0,84.16,15.098
5113.606,sglang:subprocess,0.0,0.0,84.351,4.596
5114.107,sglang:subprocess,0.0,0.0,84.351,4.752
5114.608,sglang:subprocess,0.0,0.0,84.351,4.986
5115.108,sglang:subprocess,0.0,0.0,84.354,5.123
5115.609,sglang:subprocess,0.0,0.0,84.353,5.24
5116.11,sglang:subprocess,0.0,0.0,84.353,5.494
5116.61,sglang:subprocess,0.0,0.0,84.353,5.611
5117.112,sglang:subprocess,0.0,0.0,84.355,5.865
5117.612,sglang:subprocess,0.0,0.0,84.355,6.002
5118.113,sglang:subprocess,0.0,0.0,84.355,6.119
5118.614,sglang:subprocess,0.0,0.0,84.356,6.373
5119.114,sglang:subprocess,0.0,0.0,84.356,6.49
5119.615,sglang:subprocess,0.0,0.0,84.356,6.627
5120.116,sglang:subprocess,0.0,0.0,84.356,6.861
5120.616,sglang:subprocess,0.0,0.0,84.357,6.998
5121.117,sglang:subprocess,0.0,0.0,84.355,7.252
5121.618,sglang:subprocess,0.0,0.0,84.356,7.369
5122.119,sglang:subprocess,0.0,0.0,84.357,7.488
5122.62,sglang:subprocess,0.0,0.0,84.358,7.742
5123.12,sglang:subprocess,0.0,0.0,84.356,7.879
5123.621,sglang:subprocess,0.0,0.0,84.356,7.996
5124.122,sglang:subprocess,0.0,0.0,84.357,8.25
5124.622,sglang:subprocess,0.0,0.0,84.357,8.367
5125.123,sglang:subprocess,0.0,0.0,84.354,8.504
5125.624,sglang:subprocess,0.0,0.0,84.354,8.738
5126.13,sglang:subprocess,0.0,0.0,84.359,9.09
5126.631,sglang:subprocess,0.0,0.0,84.359,9.285
5127.132,sglang:subprocess,0.0,0.0,84.36,9.442
5127.633,sglang:subprocess,0.0,0.0,84.363,11.238
5128.133,sglang:subprocess,0.0,0.0,84.363,11.238
5128.634,sglang:subprocess,0.0,0.0,84.364,11.238
5129.135,sglang:subprocess,0.0,0.0,84.364,11.375
5129.635,sglang:subprocess,0.0,0.0,84.365,11.649
5130.136,sglang:subprocess,0.0,0.0,84.365,11.649
5130.637,sglang:subprocess,0.0,0.0,84.366,11.649
5131.137,sglang:subprocess,0.0,0.0,84.365,11.649
5131.638,sglang:subprocess,0.0,0.0,84.366,11.649
5132.153,sglang:subprocess,0.0,0.0,84.365,11.649
5132.654,sglang:subprocess,0.0,0.0,84.365,11.649
5133.155,sglang:subprocess,0.0,0.0,84.366,11.649
5133.656,sglang:subprocess,0.0,0.0,84.366,11.649
5134.156,sglang:subprocess,0.0,0.0,84.366,11.649
5134.657,sglang:subprocess,0.0,0.0,84.366,11.649
5135.158,sglang:subprocess,0.0,0.0,84.366,11.649
5135.658,sglang:subprocess,0.0,0.0,84.366,11.649
5136.159,sglang:subprocess,0.0,0.0,84.364,11.649
5136.66,sglang:subprocess,0.0,0.0,84.364,11.649
5137.161,sglang:subprocess,0.0,0.0,84.367,11.649
5137.661,sglang:subprocess,0.0,0.0,84.368,12.664
5138.163,sglang:subprocess,0.0,0.0,84.49,12.664
5138.663,sglang:subprocess,0.0,0.0,84.521,6.863
5139.164,sglang:subprocess,0.0,0.0,84.825,6.961
5139.665,sglang:subprocess,0.0,0.0,84.971,6.961
5140.166,sglang:subprocess,0.0,0.0,83.048,5.418
5140.666,sglang:subprocess,0.0,0.0,79.316,5.418
5141.167,sglang:subprocess,0.0,0.0,73.285,5.418
5141.668,sglang:subprocess,0.0,0.0,66.365,5.418
5142.169,sglang:subprocess,0.0,0.0,58.507,5.418
5142.669,sglang:subprocess,0.0,0.0,46.845,5.418
5143.17,sglang:subprocess,0.0,0.0,35.451,5.418
5143.671,sglang:subprocess,0.0,0.0,24.351,5.418
5144.172,sglang:subprocess,0.0,0.0,14.253,5.418
5144.673,sglang:subprocess,0.0,0.0,10.197,5.408
5145.239,sglang:subprocess,0.0,0.0,5.304,0.687
5145.739,sglang:subprocess,0.0,0.0,4.448,0.687
5146.24,sglang:subprocess,0.0,0.0,4.448,0.687
5146.741,sglang:subprocess,0.0,0.0,4.442,0.687
5147.241,sglang:subprocess,0.0,0.0,4.446,0.687
5147.692,init,0.0,0.0,3.558,0.687
