t_rel,phase,hbm_alloc_gib,hbm_peak_gib,host_used_gib,nvml_used_gib
3.631,init,0.0,0.0,3.355,0.687
4.132,init,0.0,0.0,3.361,0.687
4.653,init,0.0,0.0,3.368,0.687
5.166,init,0.0,0.0,3.369,0.687
5.668,init,0.0,0.0,3.369,0.687
6.168,init,0.0,0.0,3.381,0.687
6.673,init,0.0,0.0,3.395,0.687
7.187,init,0.0,0.0,3.424,0.687
7.699,init,0.0,0.0,3.443,0.687
8.208,init,0.0,0.0,3.5,0.687
8.711,init,0.0,0.0,3.542,0.687
9.212,init,0.0,0.0,3.56,0.687
9.718,init,0.0,0.0,3.586,0.687
10.239,init,0.0,0.0,3.606,0.687
10.749,load:text_encoder,0.0,0.0,3.742,63.233
18.744,load:text_encoder,3.142,62.133,3.758,63.234
19.245,load:text_encoder,3.63,62.133,3.758,63.234
19.745,load:text_encoder,3.718,62.133,3.759,63.234
20.246,load:text_encoder,3.806,62.133,3.759,63.234
20.747,load:text_encoder,4.539,62.133,3.759,63.234
21.248,load:text_encoder,4.539,62.133,3.759,63.234
21.749,load:text_encoder,4.539,62.133,3.76,63.234
22.249,load:text_encoder,4.548,62.133,3.76,63.234
22.75,load:text_encoder,4.548,62.133,3.76,63.234
23.251,load:text_encoder,4.959,62.133,3.76,63.234
23.751,load:text_encoder,5.447,62.133,3.763,63.234
24.252,load:text_encoder,5.447,62.133,3.762,63.234
24.753,load:text_encoder,5.457,62.133,3.763,63.234
25.254,load:text_encoder,5.457,62.133,3.764,63.234
25.754,load:text_encoder,5.623,62.133,3.765,63.234
26.255,load:text_encoder,6.355,62.133,3.764,63.234
26.756,load:text_encoder,6.355,62.133,3.765,63.234
27.257,load:text_encoder,6.355,62.133,3.765,63.234
27.758,load:text_encoder,6.443,62.133,3.766,63.234
28.258,load:text_encoder,6.521,62.133,3.766,63.234
28.759,load:text_encoder,7.263,62.133,3.767,63.234
29.26,load:text_encoder,7.263,62.133,3.767,63.234
29.76,load:text_encoder,7.263,62.133,3.768,63.234
30.261,load:text_encoder,7.351,62.133,3.766,63.234
30.762,load:text_encoder,7.439,62.133,3.768,63.234
31.263,load:text_encoder,8.172,62.133,3.763,63.234
31.763,load:text_encoder,8.172,62.133,3.767,63.234
32.264,load:text_encoder,8.172,62.133,3.766,63.234
32.765,load:text_encoder,8.259,62.133,3.766,63.234
33.266,load:text_encoder,8.259,62.133,3.767,63.234
33.767,load:text_encoder,8.347,62.133,3.767,63.234
34.267,load:text_encoder,9.08,62.133,3.768,63.234
34.768,load:text_encoder,9.08,62.133,3.769,63.234
35.269,load:text_encoder,9.168,62.133,3.77,63.234
35.77,load:text_encoder,9.168,62.133,3.771,63.234
36.27,load:text_encoder,9.5,62.133,3.771,63.234
36.771,load:text_encoder,9.988,62.133,3.769,63.234
37.272,load:text_encoder,9.988,62.133,3.769,63.234
37.773,load:text_encoder,9.988,62.133,3.77,63.234
38.274,load:text_encoder,10.076,62.133,3.769,63.234
38.775,load:text_encoder,10.164,62.133,3.769,63.234
39.275,load:text_encoder,10.896,62.133,3.768,63.234
39.776,load:text_encoder,10.896,62.133,3.766,63.234
40.277,load:text_encoder,10.896,62.133,3.767,63.234
40.777,load:text_encoder,10.906,62.133,3.77,63.234
41.278,load:text_encoder,11.072,62.133,3.77,63.234
41.779,load:text_encoder,11.804,62.133,3.771,63.234
42.28,load:text_encoder,11.804,62.133,3.771,63.234
42.78,load:text_encoder,11.804,62.133,3.773,63.234
43.282,load:text_encoder,11.814,62.133,3.772,63.234
43.782,load:text_encoder,11.98,62.133,3.773,63.234
44.283,load:text_encoder,12.713,62.133,3.772,63.234
44.784,load:text_encoder,12.713,62.133,3.774,63.234
45.284,load:text_encoder,12.713,62.133,3.775,63.234
45.785,load:text_encoder,12.722,62.133,3.775,63.234
46.286,load:text_encoder,12.888,62.133,3.775,63.234
46.787,load:text_encoder,13.621,62.133,3.776,63.234
47.287,load:text_encoder,13.621,62.133,3.777,63.234
47.788,load:text_encoder,13.621,62.133,3.778,63.234
48.289,load:text_encoder,13.631,62.133,3.776,63.234
48.79,load:text_encoder,13.797,62.133,3.777,63.234
49.291,load:text_encoder,14.529,62.133,3.764,63.234
49.792,load:text_encoder,14.529,62.133,3.759,63.234
50.292,load:text_encoder,14.529,62.133,3.758,63.234
50.793,load:text_encoder,14.539,62.133,3.759,63.234
51.294,load:text_encoder,14.705,62.133,3.755,63.234
51.794,load:text_encoder,15.437,62.133,3.759,63.234
52.295,load:text_encoder,15.437,62.133,3.764,63.234
52.796,load:text_encoder,15.437,62.133,3.759,63.234
53.297,load:text_encoder,15.447,62.133,3.758,63.234
53.797,load:text_encoder,15.613,62.133,3.76,63.234
54.298,load:text_encoder,16.346,62.133,3.764,63.234
54.799,load:text_encoder,16.346,62.133,3.755,63.234
55.3,load:text_encoder,16.346,62.133,3.761,63.234
55.801,load:text_encoder,16.355,62.133,3.764,63.234
56.302,load:text_encoder,16.521,62.133,3.769,63.234
56.802,load:text_encoder,17.254,62.133,3.769,63.234
57.305,load:text_encoder,17.254,62.133,3.769,63.234
57.805,load:text_encoder,17.254,62.133,3.77,63.234
58.306,load:text_encoder,17.264,62.133,3.771,63.234
58.807,load:text_encoder,17.43,62.133,3.766,63.234
59.308,load:text_encoder,18.162,62.133,3.766,63.234
59.808,load:text_encoder,18.162,62.133,3.77,63.234
60.31,load:text_encoder,18.162,62.133,3.771,63.234
60.81,load:text_encoder,18.172,62.133,3.769,63.234
61.314,load:text_encoder,18.172,62.133,3.769,63.234
61.815,load:text_encoder,19.07,62.133,3.771,63.234
62.316,load:text_encoder,19.07,62.133,3.774,63.234
62.816,load:text_encoder,19.07,62.133,3.774,63.234
63.317,load:text_encoder,19.08,62.133,3.779,63.234
63.818,load:text_encoder,19.08,62.133,3.774,63.234
64.319,load:text_encoder,19.49,62.133,3.776,63.234
64.819,load:text_encoder,19.978,62.133,3.779,63.234
65.32,load:text_encoder,19.978,62.133,3.778,63.234
65.821,load:text_encoder,20.066,62.133,3.781,63.234
66.322,load:text_encoder,20.066,62.133,3.782,63.234
66.823,load:text_encoder,20.154,62.133,3.769,63.234
67.323,load:text_encoder,20.887,62.133,3.77,63.234
67.824,load:text_encoder,20.896,62.133,3.771,63.234
68.325,load:text_encoder,21.062,62.133,3.777,63.234
68.826,load:text_encoder,21.795,62.133,3.771,63.234
69.326,load:text_encoder,21.795,62.133,3.77,63.234
69.827,load:text_encoder,21.795,62.133,3.776,63.234
70.328,load:text_encoder,21.805,62.133,3.777,63.234
70.829,load:text_encoder,21.971,62.133,3.779,63.234
71.329,load:text_encoder,23.611,62.133,3.78,63.234
71.83,load:text_encoder,24.529,62.133,3.782,63.234
72.331,load:text_encoder,25.428,62.133,3.787,63.234
72.832,load:text_encoder,25.438,62.133,3.787,63.234
73.333,load:text_encoder,25.848,62.133,3.787,63.234
73.834,load:text_encoder,26.336,62.133,3.788,63.234
74.334,load:text_encoder,26.336,62.133,3.789,63.234
74.835,load:text_encoder,26.346,62.133,3.79,63.234
75.336,load:text_encoder,26.346,62.133,3.791,63.234
75.837,load:text_encoder,26.756,62.133,3.791,63.234
76.337,load:text_encoder,27.244,62.133,3.793,63.234
76.838,load:text_encoder,27.244,62.133,3.794,63.234
77.339,load:text_encoder,27.244,62.133,3.798,63.234
77.84,load:text_encoder,27.254,62.133,3.795,63.234
78.34,load:text_encoder,27.664,62.133,3.793,63.234
78.842,load:text_encoder,28.162,62.133,3.795,63.234
79.343,load:text_encoder,29.227,62.133,3.798,63.234
79.843,load:text_encoder,29.979,62.133,3.803,63.234
80.344,load:text_encoder,30.877,62.133,3.798,63.234
80.845,load:text_encoder,30.877,62.133,3.801,63.234
81.345,load:text_encoder,31.873,62.133,3.801,63.234
81.847,load:text_encoder,31.961,62.133,3.801,63.234
82.347,load:text_encoder,32.694,62.133,3.802,63.234
82.848,load:text_encoder,32.694,62.133,3.803,63.234
83.349,load:text_encoder,32.781,62.133,3.804,63.234
83.85,load:text_encoder,33.358,62.133,3.805,63.234
84.35,load:text_encoder,33.602,62.133,3.804,63.234
84.852,load:text_encoder,33.612,62.133,3.808,63.234
85.352,load:text_encoder,33.612,62.133,3.808,63.234
85.853,load:text_encoder,34.51,62.133,3.807,63.234
86.354,load:text_encoder,34.51,62.133,3.807,63.234
86.855,load:text_encoder,34.51,62.133,3.81,63.234
87.355,load:text_encoder,34.52,62.133,3.809,63.234
87.856,load:text_encoder,35.418,62.133,3.809,63.234
88.357,load:text_encoder,35.418,62.133,3.81,63.234
88.857,load:text_encoder,35.506,62.133,3.811,63.234
89.358,load:text_encoder,35.594,62.133,3.813,63.234
89.859,load:text_encoder,36.326,62.133,3.814,63.234
90.36,load:text_encoder,36.326,62.133,3.814,63.234
90.861,load:text_encoder,36.326,62.133,3.817,63.234
91.362,load:text_encoder,36.336,62.133,3.817,63.234
91.862,load:text_encoder,36.746,62.133,3.817,63.234
92.363,load:text_encoder,37.235,62.133,3.817,63.234
92.864,load:text_encoder,37.235,62.133,3.818,63.234
93.365,load:text_encoder,37.235,62.133,3.818,63.234
93.865,load:text_encoder,37.244,62.133,3.818,63.234
94.366,load:text_encoder,37.41,62.133,3.818,63.234
94.867,load:text_encoder,38.143,62.133,3.819,63.234
95.368,load:text_encoder,38.143,62.133,3.819,63.234
95.869,load:text_encoder,38.153,62.133,3.819,63.234
96.37,load:text_encoder,38.319,62.133,3.809,63.234
96.87,load:text_encoder,39.051,62.133,3.81,63.234
97.371,load:text_encoder,39.051,62.133,3.814,63.234
97.872,load:text_encoder,39.051,62.133,3.813,63.234
98.373,load:text_encoder,39.139,62.133,3.813,63.234
98.873,load:text_encoder,39.471,62.133,3.805,63.234
99.374,load:text_encoder,39.959,62.133,3.807,63.234
99.875,load:text_encoder,39.959,62.133,3.812,63.234
100.376,load:text_encoder,39.969,62.133,3.813,63.234
100.876,load:text_encoder,40.379,62.133,3.817,63.234
101.377,load:text_encoder,40.868,62.133,3.817,63.234
101.878,load:text_encoder,40.868,62.133,3.817,63.234
102.379,load:text_encoder,40.955,62.133,3.817,63.234
102.88,load:text_encoder,41.776,62.133,3.814,63.234
103.381,load:text_encoder,41.776,62.133,3.817,63.234
103.881,load:text_encoder,41.786,62.133,3.818,63.234
104.382,load:text_encoder,42.684,62.133,3.821,63.234
104.883,load:text_encoder,42.684,62.133,3.825,63.234
105.384,load:text_encoder,42.694,62.133,3.824,63.234
105.884,load:text_encoder,42.86,62.133,3.825,63.234
106.385,load:text_encoder,43.592,62.133,3.824,63.234
106.886,load:text_encoder,43.592,62.133,3.821,63.234
107.387,load:text_encoder,43.602,62.133,3.822,63.234
107.888,load:text_encoder,44.012,62.133,3.82,63.234
108.389,load:text_encoder,44.5,62.133,3.822,63.234
108.889,load:text_encoder,44.5,62.133,3.826,63.234
109.39,load:text_encoder,44.588,62.133,3.827,63.234
109.891,load:text_encoder,44.92,62.133,3.83,63.234
110.392,load:text_encoder,45.409,62.133,3.827,63.234
110.892,load:text_encoder,45.409,62.133,3.828,63.234
111.393,load:text_encoder,45.418,62.133,3.828,63.234
111.894,load:text_encoder,46.317,62.133,3.826,63.234
112.394,load:text_encoder,46.317,62.133,3.827,63.234
112.896,load:text_encoder,46.317,62.133,3.828,63.234
113.396,load:text_encoder,46.483,62.133,3.831,63.234
113.897,load:text_encoder,47.225,62.133,3.83,63.234
114.398,load:text_encoder,47.225,62.133,3.831,63.234
114.899,load:text_encoder,49.042,62.133,3.83,63.234
115.399,load:text_encoder,50.126,62.133,3.835,63.234
115.9,load:text_encoder,50.858,62.133,3.836,63.234
116.401,load:text_encoder,50.868,62.133,3.838,63.234
116.902,load:text_encoder,51.278,62.133,3.84,63.234
117.402,load:text_encoder,51.942,62.133,3.843,63.234
117.903,load:text_encoder,52.674,62.133,3.841,63.234
118.404,load:text_encoder,52.674,62.133,3.843,63.234
118.905,load:text_encoder,52.684,62.133,3.845,63.234
119.406,load:text_encoder,52.84,62.133,3.845,63.234
119.907,load:text_encoder,53.583,62.133,3.847,63.234
120.407,load:text_encoder,53.583,62.133,3.846,63.234
120.908,load:text_encoder,53.583,62.133,3.845,63.234
121.409,load:text_encoder,53.592,62.133,3.846,63.234
121.91,load:text_encoder,54.003,62.133,3.846,63.234
122.41,load:text_encoder,54.491,62.133,3.847,63.234
122.911,load:text_encoder,54.491,62.133,3.849,63.234
123.412,load:text_encoder,54.501,62.133,3.849,63.234
123.913,load:text_encoder,54.667,62.133,3.849,63.234
124.414,load:text_encoder,55.399,62.133,3.85,63.234
124.915,load:text_encoder,55.399,62.133,3.853,63.234
125.415,load:text_encoder,55.399,62.133,3.853,63.234
125.916,load:text_encoder,55.409,62.133,3.854,63.234
126.417,load:text_encoder,55.575,62.133,3.852,63.234
126.918,load:text_encoder,56.307,62.133,3.843,63.234
127.418,load:text_encoder,56.307,62.133,3.848,63.234
127.919,load:text_encoder,56.395,62.133,3.848,63.234
128.421,load:text_encoder,56.395,62.133,3.848,63.234
128.921,load:text_encoder,57.216,62.133,3.847,63.234
129.422,load:text_encoder,57.216,62.133,3.843,63.234
129.923,load:text_encoder,57.216,62.133,3.849,63.234
130.424,load:text_encoder,57.225,62.133,3.851,63.234
130.925,load:text_encoder,57.391,62.133,3.846,63.234
131.426,load:text_encoder,58.124,62.133,3.849,63.234
131.926,load:text_encoder,58.124,62.133,3.85,63.234
132.427,load:text_encoder,58.124,62.133,3.853,63.234
132.928,load:text_encoder,58.212,62.133,3.854,63.234
133.429,load:text_encoder,58.29,62.133,3.856,63.234
133.929,load:text_encoder,59.032,62.133,3.857,63.234
134.43,load:text_encoder,59.032,62.133,3.856,63.234
134.931,load:text_encoder,59.032,62.133,3.861,63.234
135.432,load:text_encoder,59.042,62.133,3.861,63.234
135.933,load:text_encoder,59.208,62.133,3.86,63.234
136.434,load:text_encoder,59.94,62.133,3.867,63.234
136.934,load:text_encoder,59.94,62.133,3.863,63.234
137.435,load:text_encoder,59.94,62.133,3.861,63.234
137.936,load:text_encoder,60.028,62.133,3.86,63.234
138.437,load:text_encoder,60.36,62.133,3.862,63.234
138.937,load:text_encoder,60.848,62.133,3.862,63.234
139.438,load:text_encoder,60.848,62.133,3.863,63.234
139.939,load:text_encoder,60.858,62.133,3.865,63.234
140.44,load:text_encoder,61.195,62.133,3.872,63.234
140.94,load:text_encoder,61.45,62.133,3.865,63.234
141.441,load:text_encoder,61.649,62.133,3.868,63.234
141.942,load:text_encoder,62.041,62.133,3.868,63.236
143.613,load:text_encoder,62.133,62.133,3.749,63.236
144.114,load:text_encoder,62.133,62.133,3.849,63.236
144.615,run:text_encoder:0,62.133,62.133,3.934,63.236
145.116,run:text_encoder:0,62.133,62.133,4.063,63.311
145.618,run:text_encoder:3,62.141,62.153,4.4,63.359
146.122,run:text_encoder:11,62.142,62.153,4.4,63.361
146.623,run:text_encoder:19,62.145,62.154,4.4,63.361
147.124,load:vae_encoder,0.01,62.154,4.4,1.221
147.624,load:vae_encoder,0.531,62.154,4.405,1.736
148.125,load:vae_encoder,1.289,62.154,4.409,4.209
148.626,load:vae_encoder,2.102,62.154,4.411,4.209
149.127,load:vae_encoder,4.604,62.154,4.418,5.82
149.627,load:vae_encoder,6.542,62.154,4.413,7.758
150.128,load:vae_encoder,9.544,62.154,4.421,10.76
150.7,free:vae_encoder,0.01,62.154,4.412,11.504
151.201,load:denoise,0.18,62.154,4.406,32.07
151.701,load:denoise,0.664,62.154,4.404,32.07
152.202,load:denoise,0.664,62.154,4.406,32.07
152.703,load:denoise,0.88,62.154,4.405,32.07
153.204,load:denoise,1.239,62.154,4.405,32.07
153.704,load:denoise,1.382,62.154,4.407,32.07
154.205,load:denoise,1.867,62.154,4.406,32.07
154.706,load:denoise,1.867,62.154,4.407,32.07
155.208,load:denoise,2.01,62.154,4.409,32.07
155.708,load:denoise,2.441,62.154,4.41,32.07
156.209,load:denoise,2.585,62.154,4.411,32.07
156.71,load:denoise,3.069,62.154,4.411,32.07
157.211,load:denoise,3.069,62.154,4.411,32.07
157.711,load:denoise,3.213,62.154,4.413,32.07
158.212,load:denoise,3.644,62.154,4.411,32.07
158.713,load:denoise,3.644,62.154,4.412,32.07
159.214,load:denoise,3.859,62.154,4.411,32.07
159.715,load:denoise,4.002,62.154,4.413,32.07
160.216,load:denoise,4.361,62.154,4.412,32.07
160.717,load:denoise,4.505,62.154,4.414,32.07
161.217,load:denoise,4.99,62.154,4.406,32.07
161.718,load:denoise,4.99,62.154,4.408,32.07
162.219,load:denoise,4.99,62.154,4.409,32.07
162.719,load:denoise,5.474,62.154,4.408,32.07
163.22,load:denoise,5.474,62.154,4.407,32.07
163.721,load:denoise,5.618,62.154,4.409,32.07
164.222,load:denoise,6.048,62.154,4.41,32.07
164.723,load:denoise,6.048,62.154,4.408,32.07
165.223,load:denoise,6.677,62.154,4.409,32.07
165.724,load:denoise,6.677,62.154,4.41,32.07
166.225,load:denoise,6.677,62.154,4.41,32.07
166.726,load:denoise,6.82,62.154,4.411,32.07
167.226,load:denoise,7.251,62.154,4.411,32.07
167.727,load:denoise,7.251,62.154,4.41,32.07
168.228,load:denoise,7.394,62.154,4.41,32.07
168.728,load:denoise,7.879,62.154,4.411,32.07
169.229,load:denoise,7.879,62.154,4.41,32.07
169.73,load:denoise,7.951,62.154,4.404,32.07
170.231,load:denoise,8.166,62.154,4.403,32.07
170.732,load:denoise,8.453,62.154,4.405,32.07
171.233,load:denoise,8.597,62.154,4.406,32.07
171.733,load:denoise,8.812,62.154,4.406,32.07
172.234,load:denoise,9.369,62.154,4.402,32.07
172.735,load:denoise,9.369,62.154,4.402,32.07
173.235,load:denoise,9.369,62.154,4.405,32.07
173.736,load:denoise,9.943,62.154,4.405,32.07
174.237,load:denoise,9.943,62.154,4.403,32.07
174.738,load:denoise,10.087,62.154,4.403,32.07
175.238,load:denoise,10.643,62.154,4.403,32.07
175.739,load:denoise,10.643,62.154,4.403,32.07
176.24,load:denoise,10.93,62.154,4.404,32.07
176.741,load:denoise,10.93,62.154,4.405,32.07
177.242,load:denoise,11.074,62.154,4.405,32.07
177.743,load:denoise,11.558,62.154,4.403,32.07
178.243,load:denoise,11.558,62.154,4.404,32.07
178.744,load:denoise,11.702,62.154,4.405,32.07
179.245,load:denoise,11.845,62.154,4.406,32.07
179.746,load:denoise,12.133,62.154,4.405,32.07
180.246,load:denoise,12.276,62.154,4.408,32.07
180.747,load:denoise,12.761,62.154,4.408,32.07
181.248,load:denoise,12.761,62.154,4.409,32.07
181.749,load:denoise,12.833,62.154,4.41,32.07
182.25,load:denoise,12.976,62.154,4.411,32.07
182.75,load:denoise,13.335,62.154,4.408,32.07
183.251,load:denoise,13.335,62.154,4.409,32.07
183.786,load:denoise,13.479,62.154,4.401,32.07
184.287,load:denoise,13.963,62.154,4.404,32.07
184.788,load:denoise,13.963,62.154,4.403,32.07
185.289,load:denoise,14.107,62.154,4.404,32.07
185.789,load:denoise,14.466,62.154,4.404,32.07
186.29,load:denoise,14.466,62.154,4.406,32.07
186.791,load:denoise,15.094,62.154,4.406,32.07
187.291,load:denoise,15.094,62.154,4.407,32.07
187.792,load:denoise,15.094,62.154,4.405,32.07
188.294,load:denoise,15.309,62.154,4.406,32.07
188.794,load:denoise,15.668,62.154,4.407,32.07
189.295,load:denoise,15.812,62.154,4.407,32.07
189.796,load:denoise,16.296,62.154,4.407,32.07
190.297,load:denoise,16.296,62.154,4.408,32.07
190.797,load:denoise,16.368,62.154,4.407,32.07
191.298,load:denoise,16.512,62.154,4.406,32.07
191.799,load:denoise,16.871,62.154,4.406,32.07
192.299,load:denoise,17.014,62.154,4.407,32.07
192.8,load:denoise,17.158,62.154,4.411,32.07
193.301,load:denoise,17.588,62.154,4.412,32.07
193.802,load:denoise,17.732,62.154,4.414,32.07
194.303,load:denoise,18.701,62.154,4.407,32.07
194.804,load:denoise,19.276,62.154,4.409,32.07
195.304,load:denoise,19.419,62.154,4.412,32.07
195.805,load:denoise,19.904,62.154,4.408,32.07
196.306,load:denoise,19.904,62.154,4.41,32.07
196.806,load:denoise,19.976,62.154,4.402,32.07
197.307,load:denoise,20.191,62.154,4.401,32.07
197.808,load:denoise,20.478,62.154,4.4,32.07
198.309,load:denoise,21.106,62.154,4.404,32.07
198.81,load:denoise,21.106,62.154,4.405,32.07
199.31,load:denoise,21.178,62.154,4.406,32.07
199.811,load:denoise,21.393,62.154,4.406,32.07
200.312,load:denoise,21.681,62.154,4.408,32.07
200.813,load:denoise,21.896,62.154,4.406,32.07
201.313,load:denoise,22.111,62.154,4.407,32.07
201.814,load:denoise,22.596,62.154,4.4,32.07
202.315,load:denoise,22.596,62.154,4.402,32.07
202.816,load:denoise,22.883,62.154,4.403,32.07
203.316,load:denoise,22.883,62.154,4.403,32.07
203.817,load:denoise,23.511,62.154,4.403,32.07
204.318,load:denoise,23.511,62.154,4.404,32.07
204.818,load:denoise,23.511,62.154,4.403,32.07
205.319,load:denoise,23.655,62.154,4.405,32.07
205.82,load:denoise,24.086,62.154,4.406,32.07
206.321,load:denoise,24.086,62.154,4.407,32.07
206.822,load:denoise,24.229,62.154,4.407,32.07
207.323,load:denoise,24.714,62.154,4.408,32.07
207.823,load:denoise,24.714,62.154,4.411,32.07
208.324,load:denoise,24.786,62.154,4.411,32.07
208.825,load:denoise,25.001,62.154,4.413,32.07
209.326,load:denoise,25.288,62.154,4.413,32.07
209.826,load:denoise,25.432,62.154,4.413,32.07
210.327,load:denoise,25.916,62.154,4.414,32.07
210.828,load:denoise,25.916,62.154,4.416,32.07
211.329,load:denoise,25.916,62.154,4.417,32.07
211.83,load:denoise,26.132,62.154,4.418,32.07
212.33,load:denoise,26.49,62.154,4.419,32.07
212.831,load:denoise,26.49,62.154,4.421,32.07
213.332,load:denoise,26.706,62.154,4.418,32.07
213.833,load:denoise,27.191,62.154,4.411,32.07
214.333,load:denoise,27.191,62.154,4.411,32.07
214.834,load:denoise,27.262,62.154,4.413,32.07
215.335,load:denoise,27.693,62.154,4.41,32.07
215.879,load:denoise,27.693,62.154,4.426,32.07
216.38,load:denoise,27.837,62.154,4.413,32.07
216.881,load:denoise,28.321,62.154,4.413,32.07
217.382,load:denoise,28.321,62.154,4.411,32.07
217.883,load:denoise,28.465,62.154,4.413,32.07
218.383,load:denoise,28.895,62.154,4.414,32.07
218.884,load:denoise,28.895,62.154,4.415,32.07
219.385,load:denoise,29.524,62.154,4.415,32.07
219.886,load:denoise,29.524,62.154,4.416,32.07
220.386,load:denoise,29.811,62.154,4.416,32.07
220.887,load:denoise,30.098,62.154,4.416,32.07
221.388,load:denoise,30.313,62.154,4.416,32.07
221.889,load:denoise,30.816,62.154,4.417,32.07
222.389,load:denoise,30.96,62.154,4.417,32.215
222.892,load:denoise,30.96,62.154,4.411,32.215
223.392,load:denoise,31.445,62.154,4.409,32.701
223.893,load:denoise,31.445,62.154,4.41,32.701
224.394,load:denoise,31.93,62.154,4.41,33.188
224.895,load:denoise,31.93,62.154,4.411,33.188
225.395,load:denoise,32.074,62.154,4.41,33.332
225.896,load:denoise,32.506,62.154,4.41,33.764
226.397,load:denoise,32.506,62.154,4.412,33.764
226.898,load:denoise,32.65,62.154,4.414,33.908
227.398,load:denoise,33.135,62.154,4.416,34.395
227.899,load:denoise,33.135,62.154,4.416,34.395
228.4,load:denoise,33.207,62.154,4.417,34.467
228.901,load:denoise,33.424,62.154,4.416,34.684
229.402,load:denoise,33.711,62.154,4.416,34.971
229.903,load:denoise,33.856,62.154,4.416,35.115
230.403,load:denoise,34.34,62.154,4.417,35.602
230.904,load:denoise,34.34,62.154,4.418,35.602
231.405,load:denoise,34.413,62.154,4.418,35.674
231.905,load:denoise,34.629,62.154,4.418,35.891
232.406,load:denoise,34.917,62.154,4.419,36.178
232.907,load:denoise,35.061,62.154,4.423,36.322
233.408,load:denoise,35.206,62.154,4.422,36.467
233.962,load:denoise,35.35,62.154,4.415,36.611
234.462,load:denoise,35.835,62.154,4.415,37.098
234.963,load:denoise,35.835,62.154,4.416,37.098
235.464,load:denoise,36.122,62.154,4.418,37.385
235.965,load:denoise,36.267,62.154,4.419,37.529
236.465,load:denoise,36.751,62.154,4.42,38.016
236.966,load:denoise,36.751,62.154,4.421,38.016
237.467,load:denoise,36.823,62.154,4.419,38.088
237.968,load:denoise,36.968,62.154,4.419,38.233
238.469,load:denoise,37.327,62.154,4.419,38.592
238.97,load:denoise,37.472,62.154,4.421,38.736
239.47,load:denoise,37.957,62.154,4.42,39.223
239.971,load:denoise,37.957,62.154,4.421,39.223
240.472,load:denoise,38.101,62.154,4.42,39.367
240.973,load:denoise,38.533,62.154,4.424,39.799
241.473,load:denoise,38.533,62.154,4.423,39.799
241.974,load:denoise,39.162,62.154,4.422,40.432
242.475,load:denoise,39.162,62.154,4.422,40.432
242.976,load:denoise,39.162,62.154,4.423,40.432
243.477,load:denoise,39.307,62.154,4.424,40.576
243.978,load:denoise,39.451,62.154,4.424,40.721
244.478,load:denoise,39.738,62.154,4.425,41.008
244.979,load:denoise,39.883,62.154,4.429,41.152
245.48,load:denoise,40.44,62.154,4.418,41.711
245.98,load:denoise,40.44,62.154,4.417,41.711
246.481,load:denoise,40.44,62.154,4.418,41.711
246.982,load:denoise,40.656,62.154,4.42,41.928
247.483,load:denoise,40.944,62.154,4.419,42.215
247.983,load:denoise,41.088,62.154,4.419,42.359
248.484,load:denoise,41.573,62.154,4.419,42.846
248.985,load:denoise,41.573,62.154,4.419,42.846
249.486,load:denoise,41.573,62.154,4.421,42.846
249.987,load:denoise,41.79,62.154,4.421,43.063
250.488,load:denoise,42.149,62.154,4.42,43.422
250.988,load:denoise,42.149,62.154,4.423,43.422
251.489,load:denoise,42.778,62.154,4.422,44.053
251.99,load:denoise,42.778,62.154,4.422,44.053
252.491,load:denoise,42.778,62.154,4.422,44.053
252.991,load:denoise,42.923,62.154,4.423,44.197
253.492,load:denoise,43.067,62.154,4.422,44.342
253.993,load:denoise,43.354,62.154,4.422,44.629
254.495,load:denoise,43.499,62.154,4.423,44.774
254.995,load:denoise,43.571,62.154,4.423,44.846
255.496,load:denoise,43.788,62.154,4.426,45.063
255.997,load:denoise,44.075,62.154,4.428,45.35
256.498,load:denoise,44.22,62.154,4.429,45.494
256.998,load:denoise,44.704,62.154,4.422,45.981
257.499,load:denoise,44.704,62.154,4.421,45.981
258.0,load:denoise,45.189,62.154,4.422,46.467
258.501,load:denoise,45.189,62.154,4.422,46.467
259.002,load:denoise,45.189,62.154,4.421,46.467
259.502,load:denoise,45.334,62.154,4.422,46.611
260.003,load:denoise,45.765,62.154,4.423,47.043
260.504,load:denoise,45.765,62.154,4.423,47.043
261.005,load:denoise,45.91,62.154,4.423,47.188
261.506,load:denoise,46.394,62.154,4.425,47.674
262.006,load:denoise,46.394,62.154,4.424,47.674
262.507,load:denoise,46.467,62.154,4.423,47.746
263.008,load:denoise,46.611,62.154,4.424,47.891
263.509,load:denoise,46.971,62.154,4.425,48.25
264.009,load:denoise,46.971,62.154,4.424,48.25
264.51,load:denoise,47.115,62.154,4.423,48.395
265.011,load:denoise,47.6,62.154,4.423,48.881
265.512,load:denoise,47.6,62.154,4.424,48.881
266.013,load:denoise,47.672,62.154,4.424,48.953
266.514,load:denoise,47.889,62.154,4.427,49.17
267.014,load:denoise,48.176,62.154,4.427,49.457
267.515,load:denoise,48.321,62.154,4.428,49.602
268.016,load:denoise,48.393,62.154,4.427,49.674
268.516,load:denoise,48.537,62.154,4.426,49.818
269.017,load:denoise,49.094,62.154,4.42,50.377
269.518,load:denoise,49.094,62.154,4.421,50.377
270.019,load:denoise,49.094,62.154,4.421,50.377
270.519,load:denoise,49.381,62.154,4.419,50.664
271.02,load:denoise,49.526,62.154,4.418,50.809
271.521,load:denoise,50.011,62.154,4.422,51.295
272.022,load:denoise,50.011,62.154,4.421,51.295
272.522,load:denoise,50.011,62.154,4.422,51.295
273.024,load:denoise,50.155,62.154,4.424,51.44
273.524,load:denoise,50.587,62.154,4.425,51.871
274.025,load:denoise,50.587,62.154,4.425,51.871
274.526,load:denoise,50.731,62.154,4.424,52.016
275.027,load:denoise,51.216,62.154,4.426,52.504
275.527,load:denoise,51.216,62.154,4.426,52.504
276.028,load:denoise,51.288,62.154,4.426,52.576
276.529,load:denoise,51.433,62.154,4.426,52.721
277.03,load:denoise,51.792,62.154,4.427,53.08
277.53,load:denoise,51.792,62.154,4.427,53.08
278.032,load:denoise,52.421,62.154,4.426,53.711
278.532,load:denoise,52.421,62.154,4.427,53.711
279.033,load:denoise,52.421,62.154,4.427,53.711
279.534,load:denoise,52.494,62.154,4.429,53.783
280.035,load:denoise,52.998,62.154,4.429,54.287
280.535,load:denoise,52.998,62.154,4.428,54.287
281.036,load:denoise,53.142,62.154,4.429,54.432
281.539,load:denoise,53.214,62.154,4.421,54.504
282.04,load:denoise,53.699,62.154,4.42,54.99
282.541,load:denoise,53.699,62.154,4.42,54.99
283.041,load:denoise,53.844,62.154,4.42,55.135
283.542,load:denoise,54.203,62.154,4.42,55.494
284.043,load:denoise,54.203,62.154,4.421,55.494
284.544,load:denoise,54.348,62.154,4.421,55.639
285.044,load:denoise,54.832,62.154,4.422,56.125
285.545,load:denoise,54.832,62.154,4.421,56.125
286.046,load:denoise,54.904,62.154,4.423,56.197
286.547,load:denoise,55.049,62.154,4.422,56.342
287.048,load:denoise,55.408,62.154,4.423,56.701
287.549,load:denoise,55.408,62.154,4.422,56.701
288.049,load:denoise,56.038,62.154,4.424,57.332
288.55,load:denoise,56.038,62.154,4.423,57.332
289.051,load:denoise,56.038,62.154,4.423,57.332
289.552,load:denoise,56.182,62.154,4.424,57.477
290.052,load:denoise,56.327,62.154,4.426,57.621
290.553,load:denoise,56.614,62.154,4.426,57.908
291.055,load:denoise,56.758,62.154,4.425,58.053
291.555,load:denoise,56.831,62.154,4.427,58.125
292.056,load:denoise,57.047,62.154,4.428,58.342
292.557,load:denoise,57.335,62.154,4.428,58.629
293.058,load:denoise,57.479,62.154,4.417,58.774
293.562,load:denoise,57.479,62.154,4.409,58.774
294.063,load:denoise,57.768,62.154,4.407,59.063
294.564,load:denoise,58.055,62.154,4.407,59.35
295.064,load:denoise,58.2,62.154,4.409,59.494
295.565,load:denoise,58.272,62.154,4.408,59.567
296.066,load:denoise,58.489,62.154,4.413,59.783
296.567,load:denoise,58.776,62.154,4.415,60.07
297.067,load:denoise,58.776,62.154,4.415,60.07
297.568,load:denoise,59.405,62.154,4.408,60.701
298.069,load:denoise,59.405,62.154,4.414,60.701
298.57,load:denoise,59.405,62.154,4.41,60.701
299.071,load:denoise,59.89,62.154,4.411,61.188
299.572,load:denoise,59.89,62.154,4.41,61.188
300.072,load:denoise,59.89,62.154,4.413,61.188
300.573,load:denoise,60.034,62.154,4.407,61.332
301.074,load:denoise,60.179,62.154,4.41,61.477
301.575,load:denoise,60.466,62.154,4.411,61.764
302.075,load:denoise,60.611,62.154,4.415,61.908
302.576,load:denoise,61.095,62.154,4.418,62.395
303.077,load:denoise,61.095,62.154,4.419,62.395
303.578,load:denoise,61.095,62.154,4.42,62.395
304.079,load:denoise,61.24,62.154,4.421,62.539
304.58,load:denoise,61.384,62.154,4.422,62.684
305.08,load:denoise,61.671,62.154,4.423,62.971
305.581,load:denoise,61.816,62.154,4.423,63.115
306.082,run:denoise:0,61.836,62.154,4.422,63.123
306.583,run:denoise:0,64.517,68.926,4.539,72.356
307.083,run:denoise:0,68.926,68.926,4.54,72.356
307.584,run:denoise:0,66.798,68.926,4.54,72.356
308.085,run:denoise:0,66.028,68.926,4.539,72.356
308.585,run:denoise:0,68.926,68.926,4.524,72.356
309.086,run:denoise:0,65.664,68.926,4.524,72.356
309.587,run:denoise:0,68.926,68.926,4.523,72.356
310.088,run:denoise:0,68.926,68.926,4.528,72.356
310.588,run:denoise:0,65.272,68.926,4.529,72.356
311.09,run:denoise:0,68.926,68.926,4.53,72.356
311.59,run:denoise:0,67.918,68.926,4.53,72.356
312.091,run:denoise:0,64.894,68.926,4.53,72.356
312.592,run:denoise:0,68.926,68.926,4.53,72.356
313.092,run:denoise:0,65.853,68.926,4.531,72.356
313.593,run:denoise:0,68.926,68.926,4.531,72.356
314.094,run:denoise:0,68.926,68.926,4.532,72.356
314.595,run:denoise:0,65.147,68.926,4.533,72.356
315.095,run:denoise:0,68.926,68.926,4.534,72.356
315.596,run:denoise:0,68.926,68.926,4.534,72.356
316.097,run:denoise:0,64.894,68.926,4.533,72.356
316.598,run:denoise:0,62.991,68.926,4.538,72.356
317.099,run:denoise:0,62.991,68.926,4.538,72.356
317.6,run:denoise:0,62.991,68.926,4.539,72.356
318.101,run:denoise:0,62.991,68.926,4.539,72.356
318.601,run:denoise:0,62.991,68.926,4.539,72.356
319.102,run:denoise:0,62.991,68.926,4.539,72.356
319.603,run:denoise:0,62.991,68.926,4.539,72.356
320.104,run:denoise:0,62.991,68.926,4.539,72.356
320.604,run:denoise:0,62.991,68.926,4.54,72.356
321.105,run:denoise:0,62.991,68.926,4.54,72.356
321.606,run:denoise:0,62.991,68.926,4.539,72.356
322.107,run:denoise:0,64.907,69.317,4.548,73.363
322.608,run:denoise:0,64.907,69.317,4.547,73.363
323.109,run:denoise:0,69.317,69.317,4.548,73.363
323.609,run:denoise:0,65.663,69.317,4.548,73.363
324.11,run:denoise:0,69.317,69.317,4.549,73.363
324.611,run:denoise:0,66.041,69.317,4.549,73.363
325.111,run:denoise:0,65.286,69.317,4.549,73.363
325.612,run:denoise:0,69.317,69.317,4.549,73.363
326.113,run:denoise:0,66.055,69.317,4.55,73.363
326.614,run:denoise:0,69.317,69.317,4.55,73.363
327.114,run:denoise:0,69.317,69.317,4.55,73.363
327.615,run:denoise:0,65.286,69.317,4.55,73.363
328.116,run:denoise:0,69.317,69.317,4.551,73.363
328.617,run:denoise:0,67.556,69.317,4.551,73.363
329.117,run:denoise:0,65.286,69.317,4.551,73.363
329.618,run:denoise:0,69.317,69.317,4.55,73.363
330.119,run:denoise:0,66.055,69.317,4.55,73.363
330.619,run:denoise:0,69.317,69.317,4.549,73.363
331.12,run:denoise:0,69.317,69.317,4.55,73.363
331.621,run:denoise:0,65.286,69.317,4.55,73.363
332.122,run:denoise:0,69.317,69.317,4.55,73.363
332.623,run:denoise:0,63.005,69.317,4.549,73.363
333.124,run:denoise:0,64.152,69.317,4.549,73.363
333.624,run:denoise:0,64.907,69.317,4.549,73.363
334.125,run:denoise:0,64.907,69.317,4.55,73.363
334.626,run:denoise:0,64.907,69.317,4.549,73.363
335.127,run:denoise:0,64.907,69.317,4.549,73.363
335.627,run:denoise:0,64.907,69.317,4.549,73.363
336.128,run:denoise:0,64.907,69.317,4.549,73.363
336.629,run:denoise:0,64.907,69.317,4.551,73.363
337.13,run:denoise:0,64.907,69.317,4.55,73.363
337.631,run:denoise:0,64.907,69.317,4.549,73.363
338.132,run:denoise:0,64.907,69.317,4.55,73.363
338.633,run:denoise:0,64.907,69.317,4.549,73.363
339.133,run:denoise:0,64.907,69.317,4.549,73.363
339.634,run:denoise:0,64.907,69.317,4.55,73.363
340.135,run:denoise:0,66.622,69.317,4.55,73.363
340.635,run:denoise:0,69.317,69.317,4.552,73.363
341.136,run:denoise:0,69.317,69.317,4.552,73.363
341.637,run:denoise:0,65.538,69.317,4.552,73.363
342.138,run:denoise:0,69.317,69.317,4.552,73.363
342.638,run:denoise:0,69.317,69.317,4.552,73.363
343.139,run:denoise:0,65.286,69.317,4.552,73.363
343.64,run:denoise:0,69.317,69.317,4.552,73.363
344.141,run:denoise:0,66.622,69.317,4.552,73.363
344.641,run:denoise:0,69.317,69.317,4.551,73.363
345.142,run:denoise:0,69.317,69.317,4.551,73.363
345.643,run:denoise:0,65.538,69.317,4.551,73.363
346.143,run:denoise:0,69.317,69.317,4.551,73.363
346.644,run:denoise:0,69.317,69.317,4.551,73.363
347.145,run:denoise:0,65.286,69.317,4.551,73.363
347.646,run:denoise:0,69.317,69.317,4.551,73.363
348.147,run:denoise:0,66.244,69.317,4.551,73.363
348.648,run:denoise:0,69.317,69.317,4.552,73.363
349.148,run:denoise:0,69.317,69.317,4.552,73.363
349.649,run:denoise:0,63.775,69.317,4.552,73.363
350.15,run:denoise:0,65.663,69.317,4.552,73.363
350.651,run:denoise:0,64.907,69.317,4.552,73.363
351.151,run:denoise:0,64.907,69.317,4.551,73.363
351.652,run:denoise:0,64.907,69.317,4.551,73.363
352.153,run:denoise:0,64.907,69.317,4.55,73.363
352.654,run:denoise:0,64.907,69.317,4.55,73.363
353.155,run:denoise:0,64.907,69.317,4.551,73.363
353.656,run:denoise:0,64.907,69.317,4.551,73.363
354.156,run:denoise:0,64.907,69.317,4.551,73.363
354.657,run:denoise:0,64.907,69.317,4.549,73.363
355.158,run:denoise:0,64.907,69.317,4.549,73.363
355.659,run:denoise:0,64.907,69.317,4.549,73.363
356.159,run:denoise:0,64.907,69.317,4.548,73.363
356.66,run:denoise:0,64.907,69.317,4.552,73.363
357.161,run:denoise:0,64.907,69.317,4.553,73.363
357.662,run:denoise:0,69.317,69.317,4.552,73.363
358.163,run:denoise:0,66.244,69.317,4.552,73.363
358.664,run:denoise:0,69.317,69.317,4.551,73.363
359.164,run:denoise:0,69.317,69.317,4.552,73.363
359.665,run:denoise:0,65.538,69.317,4.552,73.363
360.166,run:denoise:0,69.317,69.317,4.552,73.363
360.666,run:denoise:0,69.317,69.317,4.551,73.363
361.167,run:denoise:0,65.286,69.317,4.551,73.363
361.668,run:denoise:0,69.317,69.317,4.551,73.363
362.169,run:denoise:0,66.244,69.317,4.552,73.363
362.669,run:denoise:0,69.317,69.317,4.552,73.363
363.171,run:denoise:0,69.317,69.317,4.551,73.363
363.671,run:denoise:0,65.538,69.317,4.551,73.363
364.172,run:denoise:0,69.317,69.317,4.551,73.363
364.673,run:denoise:0,69.317,69.317,4.551,73.363
365.174,run:denoise:0,65.286,69.317,4.552,73.363
365.674,run:denoise:0,69.317,69.317,4.551,73.363
366.175,run:denoise:0,66.244,69.317,4.551,73.363
366.676,run:denoise:0,69.317,69.317,4.551,73.363
367.177,run:denoise:0,63.775,69.317,4.552,73.363
367.677,run:denoise:0,64.152,69.317,4.552,73.363
368.179,run:denoise:0,64.907,69.317,4.553,73.363
368.679,run:denoise:0,64.907,69.317,4.553,73.363
369.18,run:denoise:0,64.907,69.317,4.553,73.363
369.681,run:denoise:0,64.907,69.317,4.553,73.363
370.182,run:denoise:0,64.907,69.317,4.553,73.363
370.682,run:denoise:0,64.907,69.317,4.551,73.363
371.183,run:denoise:0,64.907,69.317,4.553,73.363
371.684,run:denoise:0,64.907,69.317,4.553,73.363
372.184,run:denoise:0,64.907,69.317,4.553,73.363
372.685,run:denoise:0,64.907,69.317,4.553,73.363
373.186,run:denoise:0,64.907,69.317,4.553,73.363
373.687,run:denoise:0,64.907,69.317,4.553,73.363
374.188,run:denoise:0,64.907,69.317,4.552,73.363
374.689,run:denoise:0,64.907,69.317,4.552,73.363
375.19,run:denoise:0,64.907,69.317,4.553,73.363
375.69,run:denoise:0,64.907,69.317,4.552,73.363
376.191,run:denoise:0,64.907,69.317,4.552,73.363
376.692,run:denoise:0,69.317,69.317,4.552,73.363
377.193,run:denoise:0,68.309,69.317,4.553,73.363
377.693,run:denoise:0,65.286,69.317,4.553,73.363
378.194,run:denoise:0,69.317,69.317,4.553,73.363
378.696,run:denoise:0,66.244,69.317,4.552,73.363
379.196,run:denoise:0,69.317,69.317,4.552,73.363
379.697,run:denoise:0,69.317,69.317,4.553,73.363
380.198,run:denoise:0,65.538,69.317,4.555,73.363
380.698,run:denoise:0,69.317,69.317,4.554,73.363
381.199,run:denoise:0,69.317,69.317,4.553,73.363
381.7,run:denoise:0,65.286,69.317,4.552,73.363
382.201,run:denoise:0,69.317,69.317,4.552,73.363
382.701,run:denoise:0,66.622,69.317,4.553,73.363
383.202,run:denoise:0,69.317,69.317,4.552,73.363
383.703,run:denoise:0,69.317,69.317,4.552,73.363
384.204,run:denoise:0,65.538,69.317,4.552,73.363
384.705,run:denoise:0,69.317,69.317,4.551,73.363
385.205,run:denoise:0,69.317,69.317,4.552,73.363
385.706,run:denoise:0,64.907,69.317,4.552,73.363
386.207,run:denoise:0,64.152,69.317,4.553,73.363
386.708,run:denoise:0,64.907,69.317,4.552,73.363
387.208,run:denoise:0,64.907,69.317,4.552,73.363
387.709,run:denoise:0,64.907,69.317,4.552,73.363
388.21,run:denoise:0,64.907,69.317,4.552,73.363
388.711,run:denoise:0,64.907,69.317,4.551,73.363
389.212,run:denoise:0,64.907,69.317,4.551,73.363
389.713,run:denoise:0,64.907,69.317,4.551,73.363
390.213,run:denoise:0,64.907,69.317,4.551,73.363
390.714,run:denoise:0,64.907,69.317,4.551,73.363
391.215,run:denoise:0,64.907,69.317,4.552,73.363
391.716,run:denoise:0,64.907,69.317,4.551,73.363
392.216,run:denoise:0,64.907,69.317,4.551,73.363
392.717,run:denoise:0,64.907,69.317,4.55,73.363
393.219,run:denoise:0,64.907,69.317,4.549,73.363
393.72,run:denoise:0,64.907,69.317,4.549,73.363
394.221,run:denoise:0,64.907,69.317,4.548,73.363
394.722,run:denoise:0,69.317,69.317,4.549,73.363
395.222,run:denoise:0,69.317,69.317,4.549,73.363
395.723,run:denoise:0,65.286,69.317,4.55,73.363
396.224,run:denoise:0,69.317,69.317,4.55,73.363
396.725,run:denoise:0,66.622,69.317,4.55,73.363
397.225,run:denoise:0,69.317,69.317,4.549,73.363
397.726,run:denoise:0,69.317,69.317,4.551,73.363
398.227,run:denoise:0,65.538,69.317,4.551,73.363
398.727,run:denoise:0,69.317,69.317,4.55,73.363
399.228,run:denoise:0,69.317,69.317,4.55,73.363
399.73,run:denoise:0,65.286,69.317,4.55,73.363
400.23,run:denoise:0,69.317,69.317,4.55,73.363
400.731,run:denoise:0,66.622,69.317,4.549,73.363
401.232,run:denoise:0,69.317,69.317,4.549,73.363
401.732,run:denoise:0,69.317,69.317,4.549,73.363
402.233,run:denoise:0,65.538,69.317,4.549,73.363
402.734,run:denoise:0,69.317,69.317,4.548,73.363
403.235,run:denoise:0,69.317,69.317,4.549,73.363
403.735,run:denoise:0,64.907,69.317,4.549,73.363
404.236,run:denoise:0,64.152,69.317,4.549,73.363
404.737,run:denoise:0,64.907,69.317,4.549,73.363
405.238,run:denoise:0,64.907,69.317,4.549,73.363
405.739,run:denoise:0,64.907,69.317,4.549,73.363
406.24,run:denoise:0,64.907,69.317,4.55,73.363
406.74,run:denoise:0,64.907,69.317,4.549,73.363
407.241,run:denoise:0,64.907,69.317,4.548,73.363
407.742,run:denoise:0,64.907,69.317,4.548,73.363
408.243,run:denoise:0,64.907,69.317,4.548,73.363
408.743,run:denoise:0,64.907,69.317,4.549,73.363
409.244,run:denoise:0,64.907,69.317,4.548,73.363
409.745,run:denoise:0,64.907,69.317,4.526,73.363
410.246,run:denoise:0,64.907,69.317,4.524,73.363
410.747,run:denoise:0,64.907,69.317,4.525,73.363
411.248,run:denoise:0,64.907,69.317,4.524,73.363
411.748,run:denoise:0,69.317,69.317,4.525,73.363
412.249,run:denoise:0,65.663,69.317,4.526,73.363
412.75,run:denoise:0,65.286,69.317,4.525,73.363
413.251,run:denoise:0,69.317,69.317,4.525,73.363
413.751,run:denoise:0,66.055,69.317,4.525,73.363
414.252,run:denoise:0,69.317,69.317,4.525,73.363
414.753,run:denoise:0,69.317,69.317,4.524,73.363
415.254,run:denoise:0,65.538,69.317,4.524,73.363
415.755,run:denoise:0,69.317,69.317,4.525,73.363
416.256,run:denoise:0,69.317,69.317,4.526,73.363
416.756,run:denoise:0,65.286,69.317,4.525,73.363
417.257,run:denoise:0,69.317,69.317,4.525,73.363
417.758,run:denoise:0,66.244,69.317,4.526,73.363
418.259,run:denoise:0,69.317,69.317,4.526,73.363
418.759,run:denoise:0,69.317,69.317,4.525,73.363
419.26,run:denoise:0,65.538,69.317,4.525,73.363
419.761,run:denoise:0,69.317,69.317,4.525,73.363
420.262,run:denoise:0,69.317,69.317,4.525,73.363
420.763,run:denoise:0,64.907,69.317,4.525,73.363
421.264,run:denoise:0,64.152,69.317,4.525,73.363
421.764,run:denoise:0,64.907,69.317,4.526,73.363
422.265,run:denoise:0,64.907,69.317,4.526,73.363
422.766,run:denoise:0,64.907,69.317,4.527,73.363
423.267,run:denoise:0,64.907,69.317,4.527,73.363
423.767,run:denoise:0,64.907,69.317,4.526,73.363
424.268,run:denoise:0,64.907,69.317,4.526,73.363
424.769,run:denoise:0,64.907,69.317,4.525,73.363
425.27,run:denoise:0,64.907,69.317,4.525,73.363
425.771,run:denoise:0,64.907,69.317,4.526,73.363
426.272,run:denoise:0,64.907,69.317,4.527,73.363
426.773,run:denoise:0,64.907,69.317,4.527,73.363
427.273,run:denoise:0,64.907,69.317,4.527,73.363
427.774,run:denoise:0,69.317,69.317,4.529,73.363
428.275,run:denoise:0,65.538,69.317,4.529,73.363
428.775,run:denoise:0,69.317,69.317,4.528,73.363
429.276,run:denoise:0,69.317,69.317,4.528,73.363
429.777,run:denoise:0,65.286,69.317,4.528,73.363
430.278,run:denoise:0,69.317,69.317,4.528,73.363
430.779,run:denoise:0,67.188,69.317,4.529,73.363
431.28,run:denoise:0,69.317,69.317,4.528,73.363
431.78,run:denoise:0,69.317,69.317,4.527,73.363
432.281,run:denoise:0,66.055,69.317,4.528,73.363
432.782,run:denoise:0,69.317,69.317,4.527,73.363
433.283,run:denoise:0,69.317,69.317,4.527,73.363
433.783,run:denoise:0,65.286,69.317,4.527,73.363
434.284,run:denoise:0,69.317,69.317,4.527,73.363
434.785,run:denoise:0,67.556,69.317,4.526,73.363
435.286,run:denoise:0,65.286,69.317,4.526,73.363
435.787,run:denoise:0,69.317,69.317,4.526,73.363
436.288,run:denoise:0,66.055,69.317,4.527,73.363
436.789,run:denoise:0,69.317,69.317,4.527,73.363
437.289,run:denoise:0,63.775,69.317,4.527,73.363
437.79,run:denoise:0,64.152,69.317,4.527,73.363
438.291,run:denoise:0,64.907,69.317,4.528,73.363
438.792,run:denoise:0,64.907,69.317,4.528,73.363
439.293,run:denoise:0,64.907,69.317,4.528,73.363
439.793,run:denoise:0,64.907,69.317,4.528,73.363
440.294,run:denoise:0,64.907,69.317,4.527,73.363
440.795,run:denoise:0,64.907,69.317,4.527,73.363
441.296,run:denoise:0,64.907,69.317,4.527,73.363
441.797,run:denoise:0,64.907,69.317,4.527,73.363
442.298,run:denoise:0,64.907,69.317,4.527,73.363
442.799,run:denoise:0,64.907,69.317,4.527,73.363
443.299,run:denoise:1,67.946,69.317,4.553,72.725
443.8,run:denoise:1,65.175,69.317,4.553,72.725
444.301,run:denoise:1,68.954,69.317,4.555,72.725
444.801,run:denoise:1,68.954,69.317,4.555,72.725
445.303,run:denoise:1,64.923,69.317,4.554,72.725
445.803,run:denoise:1,68.954,69.317,4.554,72.725
446.304,run:denoise:1,66.448,69.317,4.554,72.725
446.805,run:denoise:1,68.954,69.317,4.554,72.725
447.306,run:denoise:1,68.954,69.317,4.554,72.725
447.806,run:denoise:1,67.203,69.317,4.554,72.725
448.307,run:denoise:1,68.954,69.317,4.553,72.725
448.808,run:denoise:1,68.954,69.317,4.553,72.725
449.309,run:denoise:1,64.923,69.317,4.554,72.725
449.809,run:denoise:1,68.954,69.317,4.554,72.725
450.31,run:denoise:1,65.806,69.317,4.555,72.725
450.811,run:denoise:1,66.056,69.317,4.554,72.725
451.312,run:denoise:1,68.954,69.317,4.553,72.725
451.813,run:denoise:1,65.693,69.317,4.553,72.725
452.314,run:denoise:1,68.954,69.317,4.554,72.725
452.814,run:denoise:1,68.954,69.317,4.553,72.725
453.315,run:denoise:1,63.02,69.317,4.553,72.725
453.816,run:denoise:1,63.02,69.317,4.554,72.725
454.317,run:denoise:1,63.02,69.317,4.553,72.725
454.817,run:denoise:1,63.02,69.317,4.553,72.725
455.318,run:denoise:1,63.02,69.317,4.554,72.725
455.819,run:denoise:1,63.02,69.317,4.554,72.725
456.32,run:denoise:1,63.02,69.317,4.554,72.725
456.821,run:denoise:1,63.02,69.317,4.553,72.725
457.322,run:denoise:1,63.02,69.317,4.553,72.725
457.822,run:denoise:1,63.02,69.317,4.553,72.725
458.323,run:denoise:1,63.02,69.317,4.554,72.725
458.824,run:denoise:1,64.936,69.345,4.552,73.733
459.325,run:denoise:1,64.936,69.345,4.552,73.733
459.825,run:denoise:1,65.314,69.345,4.553,73.733
460.326,run:denoise:1,69.345,69.345,4.552,73.733
460.827,run:denoise:1,66.272,69.345,4.554,73.733
461.328,run:denoise:1,69.345,69.345,4.553,73.733
461.828,run:denoise:1,69.345,69.345,4.553,73.733
462.329,run:denoise:1,65.566,69.345,4.554,73.733
462.83,run:denoise:1,69.345,69.345,4.555,73.733
463.33,run:denoise:1,69.345,69.345,4.554,73.733
463.831,run:denoise:1,65.314,69.345,4.554,73.733
464.332,run:denoise:1,69.345,69.345,4.554,73.733
464.833,run:denoise:1,66.65,69.345,4.553,73.733
465.333,run:denoise:1,69.345,69.345,4.554,73.733
465.834,run:denoise:1,69.345,69.345,4.554,73.733
466.336,run:denoise:1,65.566,69.345,4.554,73.733
466.836,run:denoise:1,69.345,69.345,4.555,73.733
467.337,run:denoise:1,69.345,69.345,4.556,73.733
467.838,run:denoise:1,65.314,69.345,4.556,73.733
468.338,run:denoise:1,69.345,69.345,4.555,73.733
468.839,run:denoise:1,66.65,69.345,4.555,73.733
469.34,run:denoise:1,63.803,69.345,4.555,73.733
469.841,run:denoise:1,65.692,69.345,4.556,73.733
470.341,run:denoise:1,64.936,69.345,4.556,73.733
470.842,run:denoise:1,64.936,69.345,4.556,73.733
471.343,run:denoise:1,64.936,69.345,4.557,73.733
471.844,run:denoise:1,64.936,69.345,4.557,73.733
472.345,run:denoise:1,64.936,69.345,4.556,73.733
472.846,run:denoise:1,64.936,69.345,4.555,73.733
473.346,run:denoise:1,64.936,69.345,4.555,73.733
473.847,run:denoise:1,64.936,69.345,4.555,73.733
474.348,run:denoise:1,64.936,69.345,4.555,73.733
474.849,run:denoise:1,64.936,69.345,4.556,73.733
475.349,run:denoise:1,64.936,69.345,4.555,73.733
475.85,run:denoise:1,64.936,69.345,4.556,73.733
476.351,run:denoise:1,68.337,69.345,4.556,73.733
476.852,run:denoise:1,65.314,69.345,4.557,73.733
477.353,run:denoise:1,69.345,69.345,4.556,73.733
477.854,run:denoise:1,66.273,69.345,4.556,73.733
478.354,run:denoise:1,69.345,69.345,4.556,73.733
478.855,run:denoise:1,69.345,69.345,4.557,73.733
479.356,run:denoise:1,65.566,69.345,4.556,73.733
479.857,run:denoise:1,69.345,69.345,4.556,73.733
480.357,run:denoise:1,69.345,69.345,4.556,73.733
480.858,run:denoise:1,65.314,69.345,4.557,73.733
481.359,run:denoise:1,69.345,69.345,4.556,73.733
481.86,run:denoise:1,66.65,69.345,4.557,73.733
482.361,run:denoise:1,69.345,69.345,4.556,73.733
482.862,run:denoise:1,69.345,69.345,4.553,73.733
483.362,run:denoise:1,65.566,69.345,4.553,73.733
483.863,run:denoise:1,69.345,69.345,4.553,73.733
484.364,run:denoise:1,69.345,69.345,4.553,73.733
484.864,run:denoise:1,65.314,69.345,4.554,73.733
485.365,run:denoise:1,69.345,69.345,4.554,73.733
485.866,run:denoise:1,63.033,69.345,4.554,73.733
486.367,run:denoise:1,64.18,69.345,4.554,73.733
486.867,run:denoise:1,64.936,69.345,4.554,73.733
487.369,run:denoise:1,64.936,69.345,4.555,73.733
487.87,run:denoise:1,64.936,69.345,4.555,73.733
488.37,run:denoise:1,64.936,69.345,4.555,73.733
488.871,run:denoise:1,64.936,69.345,4.555,73.733
489.372,run:denoise:1,64.936,69.345,4.555,73.733
489.872,run:denoise:1,64.936,69.345,4.555,73.733
490.373,run:denoise:1,64.936,69.345,4.555,73.733
490.874,run:denoise:1,64.936,69.345,4.554,73.733
491.375,run:denoise:1,64.936,69.345,4.554,73.733
491.875,run:denoise:1,64.936,69.345,4.554,73.733
492.377,run:denoise:1,64.936,69.345,4.554,73.733
492.877,run:denoise:1,64.936,69.345,4.555,73.733
493.378,run:denoise:1,64.936,69.345,4.554,73.733
493.879,run:denoise:1,64.936,69.345,4.555,73.733
494.38,run:denoise:1,69.345,69.345,4.555,73.733
494.88,run:denoise:1,65.314,69.345,4.553,73.733
495.381,run:denoise:1,69.345,69.345,4.553,73.733
495.882,run:denoise:1,66.069,69.345,4.553,73.733
496.382,run:denoise:1,65.314,69.345,4.553,73.733
496.883,run:denoise:1,69.345,69.345,4.555,73.733
497.385,run:denoise:1,66.273,69.345,4.555,73.733
497.885,run:denoise:1,69.345,69.345,4.556,73.733
498.386,run:denoise:1,69.345,69.345,4.556,73.733
498.887,run:denoise:1,65.566,69.345,4.557,73.733
499.387,run:denoise:1,69.345,69.345,4.556,73.733
499.888,run:denoise:1,69.345,69.345,4.556,73.733
500.389,run:denoise:1,65.314,69.345,4.556,73.733
500.89,run:denoise:1,69.345,69.345,4.556,73.733
501.39,run:denoise:1,66.65,69.345,4.556,73.733
501.891,run:denoise:1,69.345,69.345,4.556,73.733
502.392,run:denoise:1,69.345,69.345,4.557,73.733
502.893,run:denoise:1,65.566,69.345,4.558,73.733
503.394,run:denoise:1,69.345,69.345,4.557,73.733
503.895,run:denoise:1,64.18,69.345,4.557,73.733
504.396,run:denoise:1,66.699,69.345,4.557,73.733
504.896,run:denoise:1,64.936,69.345,4.559,73.733
505.397,run:denoise:1,64.936,69.345,4.558,73.733
505.898,run:denoise:1,64.936,69.345,4.558,73.733
506.399,run:denoise:1,64.936,69.345,4.558,73.733
506.9,run:denoise:1,64.936,69.345,4.558,73.733
507.4,run:denoise:1,64.936,69.345,4.558,73.733
507.902,run:denoise:1,64.936,69.345,4.558,73.733
508.402,run:denoise:1,64.936,69.345,4.558,73.733
508.903,run:denoise:1,64.936,69.345,4.556,73.733
509.404,run:denoise:1,64.18,69.345,4.557,73.733
509.905,run:denoise:1,64.936,69.345,4.557,73.733
510.405,run:denoise:1,64.936,69.345,4.557,73.733
510.906,run:denoise:1,64.936,69.345,4.556,73.733
511.407,run:denoise:1,64.936,69.345,4.557,73.733
511.908,run:denoise:1,64.936,69.345,4.557,73.733
512.408,run:denoise:1,64.936,69.345,4.557,73.733
512.91,run:denoise:1,65.314,69.345,4.557,73.733
513.41,run:denoise:1,69.345,69.345,4.558,73.733
513.911,run:denoise:1,66.839,69.345,4.558,73.733
514.412,run:denoise:1,69.345,69.345,4.558,73.733
514.913,run:denoise:1,69.345,69.345,4.556,73.733
515.413,run:denoise:1,66.077,69.345,4.557,73.733
515.914,run:denoise:1,69.345,69.345,4.557,73.733
516.415,run:denoise:1,69.345,69.345,4.558,73.733
516.916,run:denoise:1,65.314,69.345,4.558,73.733
517.416,run:denoise:1,69.345,69.345,4.559,73.733
517.917,run:denoise:1,64.936,69.345,4.56,73.733
518.418,run:denoise:1,65.314,69.345,4.56,73.733
518.919,run:denoise:1,69.345,69.345,4.559,73.733
519.42,run:denoise:1,66.084,69.345,4.559,73.733
519.921,run:denoise:1,69.345,69.345,4.559,73.733
520.421,run:denoise:1,69.345,69.345,4.559,73.733
520.922,run:denoise:1,65.692,69.345,4.557,73.733
521.423,run:denoise:1,69.345,69.345,4.559,73.733
521.923,run:denoise:1,65.692,69.345,4.559,73.733
522.424,run:denoise:1,63.803,69.345,4.561,73.733
522.925,run:denoise:1,65.692,69.345,4.558,73.733
523.426,run:denoise:1,64.936,69.345,4.559,73.733
523.927,run:denoise:1,64.936,69.345,4.559,73.733
524.428,run:denoise:1,64.936,69.345,4.561,73.733
524.929,run:denoise:1,64.936,69.345,4.559,73.733
525.429,run:denoise:1,64.936,69.345,4.56,73.733
525.93,run:denoise:1,64.936,69.345,4.56,73.733
526.431,run:denoise:1,64.936,69.345,4.561,73.733
526.932,run:denoise:1,64.936,69.345,4.561,73.733
527.433,run:denoise:1,64.936,69.345,4.561,73.733
527.933,run:denoise:1,64.936,69.345,4.561,73.733
528.434,run:denoise:1,64.936,69.345,4.565,73.733
528.936,run:denoise:1,64.936,69.345,4.547,73.733
529.436,run:denoise:1,64.936,69.345,4.553,73.733
529.937,run:denoise:1,64.936,69.345,4.553,73.733
530.438,run:denoise:1,64.936,69.345,4.558,73.733
530.939,run:denoise:1,65.566,69.345,4.552,73.733
531.439,run:denoise:1,69.345,69.345,4.553,73.733
531.94,run:denoise:1,69.345,69.345,4.553,73.733
532.441,run:denoise:1,65.314,69.345,4.558,73.733
532.942,run:denoise:1,69.345,69.345,4.553,73.733
533.442,run:denoise:1,66.65,69.345,4.554,73.733
533.944,run:denoise:1,69.345,69.345,4.554,73.733
534.444,run:denoise:1,69.345,69.345,4.556,73.733
534.945,run:denoise:1,66.582,69.345,4.556,73.733
535.446,run:denoise:1,69.345,69.345,4.552,73.733
535.947,run:denoise:1,69.345,69.345,4.553,73.733
536.447,run:denoise:1,65.314,69.345,4.546,73.733
536.948,run:denoise:1,69.345,69.345,4.546,73.733
537.449,run:denoise:1,66.197,69.345,4.548,73.733
537.95,run:denoise:1,64.18,69.345,4.548,73.733
538.45,run:denoise:1,69.345,69.345,4.55,73.733
538.952,run:denoise:1,66.084,69.345,4.551,73.733
539.452,run:denoise:1,69.345,69.345,4.552,73.733
539.953,run:denoise:1,69.345,69.345,4.552,73.733
540.454,run:denoise:1,63.803,69.345,4.545,73.733
540.955,run:denoise:1,65.692,69.345,4.545,73.733
541.455,run:denoise:1,64.936,69.345,4.55,73.733
541.956,run:denoise:1,64.936,69.345,4.551,73.733
542.457,run:denoise:1,64.936,69.345,4.553,73.733
542.958,run:denoise:1,64.936,69.345,4.553,73.733
543.458,run:denoise:1,64.936,69.345,4.553,73.733
543.959,run:denoise:1,64.936,69.345,4.554,73.733
544.46,run:denoise:1,64.936,69.345,4.554,73.733
544.961,run:denoise:1,64.936,69.345,4.555,73.733
545.462,run:denoise:1,64.936,69.345,4.555,73.733
545.963,run:denoise:1,64.936,69.345,4.555,73.733
546.463,run:denoise:1,64.936,69.345,4.545,73.733
546.964,run:denoise:1,64.936,69.345,4.546,73.733
547.465,run:denoise:1,64.936,69.345,4.548,73.733
547.966,run:denoise:1,65.566,69.345,4.55,73.733
548.466,run:denoise:1,69.345,69.345,4.55,73.733
548.967,run:denoise:1,69.345,69.345,4.55,73.733
549.468,run:denoise:1,65.314,69.345,4.55,73.733
549.969,run:denoise:1,69.345,69.345,4.551,73.733
550.47,run:denoise:1,67.217,69.345,4.551,73.733
550.971,run:denoise:1,66.069,69.345,4.552,73.733
551.471,run:denoise:1,69.345,69.345,4.552,73.733
551.972,run:denoise:1,66.084,69.345,4.552,73.733
552.473,run:denoise:1,69.345,69.345,4.554,73.733
552.974,run:denoise:1,69.345,69.345,4.553,73.733
553.474,run:denoise:1,65.314,69.345,4.553,73.733
553.975,run:denoise:1,69.345,69.345,4.554,73.733
554.476,run:denoise:1,65.692,69.345,4.553,73.733
554.976,run:denoise:1,65.314,69.345,4.554,73.733
555.477,run:denoise:1,69.345,69.345,4.553,73.733
555.978,run:denoise:1,66.084,69.345,4.553,73.733
556.479,run:denoise:1,69.345,69.345,4.551,73.733
556.979,run:denoise:1,69.345,69.345,4.553,73.733
557.48,run:denoise:1,63.803,69.345,4.553,73.733
557.981,run:denoise:1,65.692,69.345,4.554,73.733
558.482,run:denoise:1,64.936,69.345,4.555,73.733
558.982,run:denoise:1,64.936,69.345,4.555,73.733
559.483,run:denoise:1,64.936,69.345,4.555,73.733
559.985,run:denoise:1,64.936,69.345,4.554,73.733
560.485,run:denoise:1,64.936,69.345,4.544,73.733
560.986,run:denoise:1,64.936,69.345,4.545,73.733
561.487,run:denoise:1,64.936,69.345,4.544,73.733
561.987,run:denoise:1,64.936,69.345,4.547,73.733
562.488,run:denoise:1,64.936,69.345,4.548,73.733
562.989,run:denoise:1,64.936,69.345,4.553,73.733
563.49,run:denoise:1,64.936,69.345,4.554,73.733
563.99,run:denoise:1,64.936,69.345,4.556,73.733
564.491,run:denoise:1,69.345,69.345,4.549,73.733
564.993,run:denoise:1,66.65,69.345,4.55,73.733
565.493,run:denoise:1,69.345,69.345,4.552,73.733
565.994,run:denoise:1,69.345,69.345,4.557,73.733
566.495,run:denoise:1,66.582,69.345,4.556,73.733
566.996,run:denoise:1,69.345,69.345,4.556,73.733
567.496,run:denoise:1,69.345,69.345,4.556,73.733
567.997,run:denoise:1,65.314,69.345,4.557,73.733
568.498,run:denoise:1,69.345,69.345,4.559,73.733
568.999,run:denoise:1,67.081,69.345,4.559,73.733
569.499,run:denoise:1,65.314,69.345,4.56,73.733
570.0,run:denoise:1,69.345,69.345,4.561,73.733
570.501,run:denoise:1,66.084,69.345,4.561,73.733
571.002,run:denoise:1,69.345,69.345,4.562,73.733
571.503,run:denoise:1,69.345,69.345,4.563,73.733
572.004,run:denoise:1,65.314,69.345,4.565,73.733
572.504,run:denoise:1,69.345,69.345,4.564,73.733
573.005,run:denoise:1,65.692,69.345,4.565,73.733
573.506,run:denoise:1,64.936,69.345,4.565,73.733
574.006,run:denoise:1,64.18,69.345,4.567,73.733
574.507,run:denoise:1,64.936,69.345,4.567,73.733
575.008,run:denoise:1,64.936,69.345,4.568,73.733
575.509,run:denoise:1,64.936,69.345,4.568,73.733
576.01,run:denoise:1,64.936,69.345,4.567,73.733
576.511,run:denoise:1,64.936,69.345,4.567,73.733
577.012,run:denoise:1,64.936,69.345,4.567,73.733
577.512,run:denoise:1,64.936,69.345,4.566,73.733
578.013,run:denoise:1,64.936,69.345,4.567,73.733
578.514,run:denoise:1,64.936,69.345,4.559,73.733
579.015,run:denoise:1,64.936,69.345,4.559,73.733
579.515,run:denoise:1,64.936,69.345,4.559,73.733
580.016,run:denoise:1,65.314,69.345,4.56,73.733
580.517,run:denoise:1,69.345,69.345,4.564,73.733
581.018,run:denoise:1,66.65,69.345,4.565,73.733
581.518,run:denoise:1,69.345,69.345,4.565,73.733
582.019,run:denoise:1,69.345,69.345,4.565,73.733
582.52,run:denoise:1,67.217,69.345,4.565,73.733
583.02,run:denoise:1,69.345,69.345,4.565,73.733
583.521,run:denoise:1,69.345,69.345,4.565,73.733
584.022,run:denoise:1,65.314,69.345,4.565,73.733
584.523,run:denoise:1,69.345,69.345,4.566,73.733
585.023,run:denoise:1,66.069,69.345,4.566,73.733
585.524,run:denoise:1,65.314,69.345,4.566,73.733
586.025,run:denoise:1,69.345,69.345,4.565,73.733
586.526,run:denoise:1,66.273,69.345,4.565,73.733
587.027,run:denoise:1,69.345,69.345,4.566,73.733
587.528,run:denoise:1,69.345,69.345,4.566,73.733
588.028,run:denoise:1,65.566,69.345,4.566,73.733
588.529,run:denoise:1,69.345,69.345,4.564,73.733
589.03,run:denoise:1,68.337,69.345,4.565,73.733
589.531,init,63.02,69.345,4.566,73.733
590.031,init,63.02,69.345,4.566,73.733
590.532,init,63.02,69.345,4.568,73.733
591.034,init,63.02,69.345,4.568,73.733
591.534,init,63.02,69.345,4.568,73.733
592.035,init,63.02,69.345,4.568,73.733
592.536,init,63.02,69.345,4.568,73.733
593.037,init,63.02,69.345,4.568,73.733
593.537,init,63.02,69.345,4.568,73.733
594.038,init,63.02,69.345,4.569,73.733
594.539,init,63.02,69.345,4.571,73.733
595.04,run:denoise:2,67.975,69.345,4.602,72.867
595.541,run:denoise:2,65.203,69.345,4.604,72.867
596.042,run:denoise:2,68.982,69.345,4.604,72.867
596.542,run:denoise:2,68.982,69.345,4.604,72.867
597.043,run:denoise:2,64.951,69.345,4.605,72.867
597.544,run:denoise:2,68.982,69.345,4.604,72.867
598.045,run:denoise:2,66.715,69.345,4.604,72.867
598.545,run:denoise:2,64.196,69.345,4.606,72.867
599.046,run:denoise:2,68.982,69.345,4.607,72.867
599.547,run:denoise:2,65.721,69.345,4.609,72.867
600.048,run:denoise:2,68.982,69.345,4.609,72.867
600.549,run:denoise:2,68.982,69.345,4.606,72.867
601.05,run:denoise:2,64.951,69.345,4.606,72.867
601.55,run:denoise:2,68.982,69.345,4.606,72.867
602.051,run:denoise:2,65.707,69.345,4.606,72.867
602.552,run:denoise:2,64.951,69.345,4.606,72.867
603.053,run:denoise:2,68.982,69.345,4.606,72.867
603.553,run:denoise:2,65.91,69.345,4.604,72.867
604.054,run:denoise:2,68.982,69.345,4.604,72.867
604.555,run:denoise:2,68.982,69.345,4.605,72.867
605.056,run:denoise:2,63.049,69.345,4.605,72.867
605.556,run:denoise:2,63.049,69.345,4.605,72.867
606.058,run:denoise:2,63.049,69.345,4.605,72.867
606.559,run:denoise:2,63.049,69.345,4.605,72.867
607.059,run:denoise:2,63.049,69.345,4.605,72.867
607.56,run:denoise:2,63.049,69.345,4.604,72.867
608.061,run:denoise:2,63.049,69.345,4.605,72.867
608.561,run:denoise:2,63.049,69.345,4.604,72.867
609.062,run:denoise:2,63.049,69.345,4.605,72.867
609.563,run:denoise:2,63.049,69.345,4.605,72.867
610.064,run:denoise:2,63.049,69.345,4.604,72.867
610.564,run:denoise:2,64.964,69.374,4.605,72.867
611.066,run:denoise:2,64.964,69.374,4.605,72.867
611.567,run:denoise:2,64.964,69.374,4.604,72.867
612.067,run:denoise:2,69.374,69.374,4.604,72.867
612.568,run:denoise:2,66.301,69.374,4.605,72.867
613.069,run:denoise:2,69.374,69.374,4.606,72.867
613.569,run:denoise:2,69.374,69.374,4.605,72.867
614.07,run:denoise:2,65.595,69.374,4.605,72.867
614.571,run:denoise:2,69.374,69.374,4.605,72.867
615.072,run:denoise:2,69.374,69.374,4.606,72.867
615.572,run:denoise:2,65.343,69.374,4.605,72.867
616.074,run:denoise:2,69.374,69.374,4.605,72.867
616.574,run:denoise:2,66.679,69.374,4.607,72.867
617.075,run:denoise:2,69.374,69.374,4.607,72.867
617.576,run:denoise:2,69.374,69.374,4.607,72.867
618.077,run:denoise:2,65.595,69.374,4.607,72.867
618.577,run:denoise:2,69.374,69.374,4.608,72.867
619.078,run:denoise:2,69.374,69.374,4.608,72.867
619.579,run:denoise:2,65.343,69.374,4.608,72.867
620.08,run:denoise:2,69.374,69.374,4.61,72.867
620.58,run:denoise:2,66.679,69.374,4.608,72.867
621.081,run:denoise:2,69.374,69.374,4.609,72.867
621.582,run:denoise:2,64.209,69.374,4.608,72.867
622.083,run:denoise:2,65.342,69.374,4.608,72.867
622.584,run:denoise:2,64.964,69.374,4.609,72.867
623.085,run:denoise:2,64.964,69.374,4.61,72.867
623.585,run:denoise:2,64.964,69.374,4.609,72.867
624.086,run:denoise:2,64.964,69.374,4.609,72.867
624.587,run:denoise:2,64.964,69.374,4.609,72.867
625.088,run:denoise:2,64.964,69.374,4.61,72.867
625.588,run:denoise:2,64.964,69.374,4.609,72.867
626.089,run:denoise:2,64.964,69.374,4.61,72.867
626.591,run:denoise:2,64.964,69.374,4.606,72.867
627.091,run:denoise:2,64.964,69.374,4.606,72.867
627.592,run:denoise:2,64.964,69.374,4.606,72.867
628.093,run:denoise:2,64.964,69.374,4.607,72.867
628.594,run:denoise:2,64.964,69.374,4.606,72.867
629.094,run:denoise:2,69.374,69.374,4.608,72.867
629.595,run:denoise:2,66.112,69.374,4.608,72.867
630.096,run:denoise:2,69.374,69.374,4.608,72.867
630.597,run:denoise:2,69.374,69.374,4.608,72.867
631.097,run:denoise:2,65.091,69.374,4.608,72.867
631.598,run:denoise:2,69.374,69.374,4.607,72.867
632.099,run:denoise:2,66.476,69.374,4.608,72.867
632.599,run:denoise:2,65.343,69.374,4.606,72.867
633.1,run:denoise:2,69.374,69.374,4.607,72.867
633.601,run:denoise:2,66.301,69.374,4.607,72.867
634.102,run:denoise:2,69.374,69.374,4.607,72.867
634.602,run:denoise:2,69.374,69.374,4.607,72.867
635.103,run:denoise:2,65.595,69.374,4.609,72.867
635.604,run:denoise:2,69.374,69.374,4.609,72.867
636.105,run:denoise:2,69.374,69.374,4.609,72.867
636.605,run:denoise:2,65.343,69.374,4.609,72.867
637.107,run:denoise:2,69.374,69.374,4.608,72.867
637.607,run:denoise:2,66.301,69.374,4.609,72.867
638.108,run:denoise:2,69.374,69.374,4.608,72.867
638.609,run:denoise:2,64.209,69.374,4.608,72.867
639.11,run:denoise:2,65.342,69.374,4.608,72.867
639.61,run:denoise:2,64.964,69.374,4.608,72.867
640.111,run:denoise:2,64.964,69.374,4.608,72.867
640.612,run:denoise:2,64.964,69.374,4.609,72.867
641.113,run:denoise:2,64.964,69.374,4.609,72.867
641.613,run:denoise:2,64.964,69.374,4.608,72.867
642.115,run:denoise:2,64.964,69.374,4.608,72.867
642.615,run:denoise:2,64.964,69.374,4.607,72.867
643.116,run:denoise:2,64.964,69.374,4.609,72.867
643.617,run:denoise:2,64.964,69.374,4.608,72.867
644.118,run:denoise:2,64.964,69.374,4.608,72.867
644.618,run:denoise:2,64.964,69.374,4.607,72.867
645.119,run:denoise:2,64.964,69.374,4.608,72.867
645.62,run:denoise:2,64.964,69.374,4.607,72.867
646.121,run:denoise:2,64.964,69.374,4.607,72.867
646.621,run:denoise:2,64.964,69.374,4.606,72.867
647.122,run:denoise:2,69.374,69.374,4.608,72.867
647.623,run:denoise:2,66.679,69.374,4.607,72.867
648.124,run:denoise:2,69.374,69.374,4.607,72.867
648.625,run:denoise:2,69.374,69.374,4.607,72.867
649.126,run:denoise:2,65.595,69.374,4.607,72.867
649.626,run:denoise:2,69.374,69.374,4.606,72.867
650.127,run:denoise:2,69.374,69.374,4.606,72.867
650.628,run:denoise:2,65.343,69.374,4.608,72.867
651.128,run:denoise:2,69.374,69.374,4.607,72.867
651.629,run:denoise:2,66.868,69.374,4.607,72.867
652.13,run:denoise:2,69.374,69.374,4.607,72.867
652.631,run:denoise:2,69.374,69.374,4.607,72.867
653.132,run:denoise:2,66.106,69.374,4.607,72.867
653.633,run:denoise:2,69.374,69.374,4.607,72.867
654.134,run:denoise:2,69.374,69.374,4.607,72.867
654.634,run:denoise:2,65.343,69.374,4.606,72.867
655.135,run:denoise:2,69.374,69.374,4.606,72.867
655.636,run:denoise:2,67.109,69.374,4.605,72.867
656.137,run:denoise:2,64.964,69.374,4.605,72.867
656.637,run:denoise:2,64.209,69.374,4.607,72.867
657.138,run:denoise:2,64.964,69.374,4.607,72.867
657.639,run:denoise:2,64.964,69.374,4.607,72.867
658.14,run:denoise:2,64.964,69.374,4.607,72.867
658.641,run:denoise:2,64.964,69.374,4.607,72.867
659.142,run:denoise:2,64.964,69.374,4.607,72.867
659.642,run:denoise:2,64.964,69.374,4.607,72.867
660.143,run:denoise:2,64.964,69.374,4.607,72.867
660.644,run:denoise:2,64.964,69.374,4.608,72.867
661.145,run:denoise:2,64.964,69.374,4.608,72.867
661.645,run:denoise:2,64.964,69.374,4.607,72.867
662.146,run:denoise:2,64.964,69.374,4.607,72.867
662.647,run:denoise:2,64.964,69.374,4.606,72.867
663.148,run:denoise:2,64.964,69.374,4.607,72.867
663.649,run:denoise:2,64.964,69.374,4.609,72.867
664.15,run:denoise:2,64.964,69.374,4.609,72.867
664.651,run:denoise:2,64.964,69.374,4.608,72.867
665.151,run:denoise:2,69.374,69.374,4.609,72.867
665.652,run:denoise:2,66.868,69.374,4.608,72.867
666.153,run:denoise:2,69.374,69.374,4.608,72.867
666.654,run:denoise:2,69.374,69.374,4.607,72.867
667.154,run:denoise:2,66.106,69.374,4.608,72.867
667.655,run:denoise:2,69.374,69.374,4.608,72.867
668.156,run:denoise:2,69.374,69.374,4.608,72.867
668.657,run:denoise:2,65.343,69.374,4.607,72.867
669.158,run:denoise:2,69.374,69.374,4.607,72.867
669.659,run:denoise:2,65.72,69.374,4.606,72.867
670.159,run:denoise:2,65.343,69.374,4.606,72.867
670.66,run:denoise:2,69.374,69.374,4.605,72.867
671.161,run:denoise:2,66.112,69.374,4.606,72.867
671.662,run:denoise:2,69.374,69.374,4.605,72.867
672.162,run:denoise:2,69.374,69.374,4.605,72.867
672.663,run:denoise:2,65.091,69.374,4.606,72.867
673.164,run:denoise:2,69.374,69.374,4.606,72.867
673.665,run:denoise:2,66.098,69.374,4.606,72.867
674.166,run:denoise:2,65.343,69.374,4.606,72.867
674.667,run:denoise:2,63.832,69.374,4.606,72.867
675.167,run:denoise:2,66.105,69.374,4.606,72.867
675.668,run:denoise:2,64.964,69.374,4.607,72.867
676.169,run:denoise:2,64.964,69.374,4.607,72.867
676.67,run:denoise:2,64.964,69.374,4.609,72.867
677.17,run:denoise:2,64.964,69.374,4.609,72.867
677.671,run:denoise:2,64.964,69.374,4.608,72.867
678.172,run:denoise:2,64.964,69.374,4.608,72.867
678.673,run:denoise:2,64.964,69.374,4.608,72.867
679.174,run:denoise:2,64.964,69.374,4.608,72.867
679.675,run:denoise:2,64.964,69.374,4.609,72.867
680.175,run:denoise:2,64.964,69.374,4.609,72.867
680.676,run:denoise:2,64.964,69.374,4.609,72.867
681.177,run:denoise:2,64.964,69.374,4.609,72.867
681.678,run:denoise:2,64.964,69.374,4.61,72.867
682.178,run:denoise:2,64.964,69.374,4.609,72.867
682.679,run:denoise:2,65.734,69.374,4.608,72.867
683.18,run:denoise:2,69.374,69.374,4.607,72.867
683.681,run:denoise:2,69.374,69.374,4.607,72.867
684.182,run:denoise:2,65.343,69.374,4.607,72.867
684.683,run:denoise:2,69.374,69.374,4.608,72.867
685.184,run:denoise:2,65.72,69.374,4.607,72.867
685.684,run:denoise:2,65.343,69.374,4.608,72.867
686.185,run:denoise:2,69.374,69.374,4.61,72.867
686.686,run:denoise:2,66.301,69.374,4.608,72.867
687.186,run:denoise:2,69.374,69.374,4.609,72.867
687.687,run:denoise:2,69.374,69.374,4.609,72.867
688.188,run:denoise:2,65.595,69.374,4.609,72.867
688.689,run:denoise:2,69.374,69.374,4.608,72.867
689.189,run:denoise:2,69.374,69.374,4.608,72.867
689.691,run:denoise:2,65.343,69.374,4.608,72.867
690.191,run:denoise:2,69.374,69.374,4.608,72.867
690.692,run:denoise:2,66.301,69.374,4.607,72.867
691.193,run:denoise:2,69.374,69.374,4.606,72.867
691.694,run:denoise:2,69.374,69.374,4.607,72.867
692.194,run:denoise:2,65.342,69.374,4.608,72.867
692.695,run:denoise:2,64.209,69.374,4.608,72.867
693.196,run:denoise:2,64.964,69.374,4.608,72.867
693.697,run:denoise:2,64.964,69.374,4.609,72.867
694.198,run:denoise:2,64.964,69.374,4.61,72.867
694.699,run:denoise:2,64.964,69.374,4.61,72.867
695.2,run:denoise:2,64.964,69.374,4.61,72.867
695.7,run:denoise:2,64.964,69.374,4.61,72.867
696.201,run:denoise:2,64.964,69.374,4.61,72.867
696.702,run:denoise:2,64.964,69.374,4.611,72.867
697.203,run:denoise:2,64.964,69.374,4.611,72.867
697.703,run:denoise:2,64.964,69.374,4.611,72.867
698.204,run:denoise:2,64.964,69.374,4.61,72.867
698.705,run:denoise:2,64.964,69.374,4.609,72.867
699.206,run:denoise:2,64.964,69.374,4.61,72.867
699.707,run:denoise:2,64.964,69.374,4.61,72.867
700.208,run:denoise:2,69.374,69.374,4.611,72.867
700.709,run:denoise:2,69.374,69.374,4.611,72.867
701.209,run:denoise:2,65.343,69.374,4.612,72.867
701.71,run:denoise:2,69.374,69.374,4.612,72.867
702.211,run:denoise:2,65.72,69.374,4.613,72.867
702.711,run:denoise:2,65.343,69.374,4.612,72.867
703.212,run:denoise:2,69.374,69.374,4.612,72.867
703.713,run:denoise:2,66.301,69.374,4.612,72.867
704.214,run:denoise:2,69.374,69.374,4.611,72.867
704.715,run:denoise:2,69.374,69.374,4.601,72.867
705.216,run:denoise:2,65.595,69.374,4.599,72.867
705.717,run:denoise:2,69.374,69.374,4.598,72.867
706.217,run:denoise:2,69.374,69.374,4.596,72.867
706.718,run:denoise:2,65.343,69.374,4.597,72.867
707.219,run:denoise:2,69.374,69.374,4.596,72.867
707.72,run:denoise:2,66.301,69.374,4.596,72.867
708.221,run:denoise:2,69.374,69.374,4.597,72.867
708.721,run:denoise:2,69.374,69.374,4.596,72.867
709.222,run:denoise:2,65.342,69.374,4.596,72.867
709.723,run:denoise:2,64.209,69.374,4.597,72.867
710.224,run:denoise:2,64.964,69.374,4.596,72.867
710.725,run:denoise:2,64.964,69.374,4.597,72.867
711.226,run:denoise:2,64.964,69.374,4.597,72.867
711.726,run:denoise:2,64.964,69.374,4.597,72.867
712.227,run:denoise:2,64.964,69.374,4.596,72.867
712.728,run:denoise:2,64.964,69.374,4.596,72.867
713.229,run:denoise:2,64.964,69.374,4.596,72.867
713.729,run:denoise:2,64.964,69.374,4.596,72.867
714.23,run:denoise:2,64.964,69.374,4.597,72.867
714.731,run:denoise:2,64.964,69.374,4.597,72.867
715.232,run:denoise:2,64.964,69.374,4.597,72.867
715.732,run:denoise:2,64.964,69.374,4.597,72.867
716.233,run:denoise:2,69.374,69.374,4.598,72.867
716.734,run:denoise:2,67.358,69.374,4.596,72.867
717.235,run:denoise:2,65.343,69.374,4.597,72.867
717.735,run:denoise:2,69.374,69.374,4.597,72.867
718.236,run:denoise:2,66.301,69.374,4.596,72.867
718.737,run:denoise:2,69.374,69.374,4.597,72.867
719.238,run:denoise:2,69.374,69.374,4.597,72.867
719.738,run:denoise:2,65.595,69.374,4.597,72.867
720.24,run:denoise:2,69.374,69.374,4.597,72.867
720.74,run:denoise:2,69.374,69.374,4.595,72.867
721.241,run:denoise:2,65.343,69.374,4.595,72.867
721.742,run:denoise:2,69.374,69.374,4.595,72.867
722.243,run:denoise:2,66.679,69.374,4.594,72.867
722.743,run:denoise:2,69.374,69.374,4.594,72.867
723.244,run:denoise:2,69.374,69.374,4.595,72.867
723.745,run:denoise:2,65.595,69.374,4.595,72.867
724.246,run:denoise:2,69.374,69.374,4.596,72.867
724.746,run:denoise:2,69.374,69.374,4.596,72.867
725.248,run:denoise:2,64.964,69.374,4.596,72.867
725.748,run:denoise:2,64.209,69.374,4.596,72.867
726.249,run:denoise:2,64.964,69.374,4.596,72.867
726.75,run:denoise:2,64.964,69.374,4.596,72.867
727.251,run:denoise:2,64.964,69.374,4.595,72.867
727.751,run:denoise:2,64.964,69.374,4.595,72.867
728.252,run:denoise:2,64.964,69.374,4.595,72.867
728.753,run:denoise:2,64.964,69.374,4.594,72.867
729.254,run:denoise:2,64.964,69.374,4.595,72.867
729.754,run:denoise:2,64.964,69.374,4.595,72.867
730.255,run:denoise:2,64.964,69.374,4.594,72.867
730.756,run:denoise:2,64.964,69.374,4.595,72.867
731.257,run:denoise:2,64.964,69.374,4.595,72.867
731.758,run:denoise:2,65.343,69.374,4.595,72.867
732.259,run:denoise:2,69.374,69.374,4.595,72.867
732.759,run:denoise:2,65.72,69.374,4.595,72.867
733.26,run:denoise:2,65.343,69.374,4.596,72.867
733.761,run:denoise:2,69.374,69.374,4.596,72.867
734.262,run:denoise:2,66.112,69.374,4.596,72.867
734.762,run:denoise:2,69.374,69.374,4.596,72.867
735.263,run:denoise:2,69.374,69.374,4.595,72.867
735.764,run:denoise:2,65.595,69.374,4.594,72.867
736.265,run:denoise:2,69.374,69.374,4.595,72.867
736.766,run:denoise:2,69.374,69.374,4.597,72.867
737.267,run:denoise:2,65.343,69.374,4.597,72.867
737.767,run:denoise:2,69.374,69.374,4.596,72.867
738.268,run:denoise:2,66.679,69.374,4.596,72.867
738.769,run:denoise:2,69.374,69.374,4.597,72.867
739.27,run:denoise:2,69.374,69.374,4.596,72.867
739.77,run:denoise:2,65.595,69.374,4.596,72.867
740.271,run:denoise:2,69.374,69.374,4.596,72.867
740.772,run:denoise:2,69.374,69.374,4.598,72.867
741.273,init,63.048,69.374,4.597,72.867
741.774,init,63.048,69.374,4.597,72.867
742.275,init,63.048,69.374,4.598,72.867
742.776,init,63.048,69.374,4.596,72.867
743.276,init,63.048,69.374,4.595,72.867
743.777,init,63.048,69.374,4.595,72.867
744.278,init,63.048,69.374,4.595,72.867
744.779,init,63.048,69.374,4.594,72.867
745.279,init,63.048,69.374,4.594,72.867
745.781,init,63.048,69.374,4.593,72.867
746.282,init,63.048,69.374,4.595,72.867
746.782,run:denoise:3,68.003,69.374,4.623,72.631
747.283,run:denoise:3,66.248,69.374,4.624,72.631
747.784,run:denoise:3,69.011,69.374,4.623,72.631
748.285,run:denoise:3,69.011,69.374,4.623,72.631
748.785,run:denoise:3,64.98,69.374,4.626,72.631
749.286,run:denoise:3,69.011,69.374,4.626,72.631
749.787,run:denoise:3,67.251,69.374,4.626,72.631
750.288,run:denoise:3,64.98,69.374,4.626,72.631
750.789,run:denoise:3,69.011,69.374,4.626,72.631
751.29,run:denoise:3,65.75,69.374,4.626,72.631
751.791,run:denoise:3,69.011,69.374,4.626,72.631
752.291,run:denoise:3,69.011,69.374,4.626,72.631
752.792,run:denoise:3,65.232,69.374,4.626,72.631
753.293,run:denoise:3,69.011,69.374,4.626,72.631
753.794,run:denoise:3,69.011,69.374,4.626,72.631
754.294,run:denoise:3,64.98,69.374,4.626,72.631
754.795,run:denoise:3,69.011,69.374,4.626,72.631
755.296,run:denoise:3,65.939,69.374,4.625,72.631
755.797,run:denoise:3,69.011,69.374,4.626,72.631
756.298,run:denoise:3,69.011,69.374,4.626,72.631
756.799,run:denoise:3,63.077,69.374,4.627,72.631
757.3,run:denoise:3,63.077,69.374,4.626,72.631
757.801,run:denoise:3,63.077,69.374,4.626,72.631
758.301,run:denoise:3,63.077,69.374,4.626,72.631
758.802,run:denoise:3,63.077,69.374,4.626,72.631
759.303,run:denoise:3,63.077,69.374,4.626,72.631
759.804,run:denoise:3,63.077,69.374,4.626,72.631
760.304,run:denoise:3,63.077,69.374,4.626,72.631
760.806,run:denoise:3,63.077,69.374,4.628,72.631
761.306,run:denoise:3,63.077,69.374,4.628,72.631
761.807,run:denoise:3,63.077,69.374,4.628,72.631
762.308,run:denoise:3,64.993,69.402,4.628,72.631
762.809,run:denoise:3,64.993,69.402,4.628,72.631
763.309,run:denoise:3,64.993,69.402,4.628,72.631
763.81,run:denoise:3,69.402,69.402,4.628,72.631
764.311,run:denoise:3,66.329,69.402,4.628,72.631
764.812,run:denoise:3,69.402,69.402,4.628,72.631
765.312,run:denoise:3,69.402,69.402,4.627,72.631
765.814,run:denoise:3,65.623,69.402,4.627,72.631
766.314,run:denoise:3,69.402,69.402,4.627,72.631
766.815,run:denoise:3,69.402,69.402,4.627,72.631
767.316,run:denoise:3,65.371,69.402,4.627,72.631
767.817,run:denoise:3,69.402,69.402,4.627,72.631
768.318,run:denoise:3,66.707,69.402,4.627,72.631
768.818,run:denoise:3,69.402,69.402,4.626,72.631
769.319,run:denoise:3,69.402,69.402,4.625,72.631
769.82,run:denoise:3,65.623,69.402,4.617,72.631
770.321,run:denoise:3,69.402,69.402,4.616,72.631
770.821,run:denoise:3,69.402,69.402,4.616,72.631
771.323,run:denoise:3,65.371,69.402,4.617,72.631
771.823,run:denoise:3,69.402,69.402,4.617,72.631
772.324,run:denoise:3,66.896,69.402,4.617,72.631
772.825,run:denoise:3,69.402,69.402,4.616,72.631
773.326,run:denoise:3,64.237,69.402,4.615,72.631
773.826,run:denoise:3,65.371,69.402,4.617,72.631
774.327,run:denoise:3,64.993,69.402,4.614,72.631
774.828,run:denoise:3,64.993,69.402,4.615,72.631
775.329,run:denoise:3,64.993,69.402,4.616,72.631
775.83,run:denoise:3,64.993,69.402,4.616,72.631
776.331,run:denoise:3,64.993,69.402,4.616,72.631
776.832,run:denoise:3,64.993,69.402,4.616,72.631
777.333,run:denoise:3,64.993,69.402,4.617,72.631
777.833,run:denoise:3,64.993,69.402,4.617,72.631
778.334,run:denoise:3,64.993,69.402,4.617,72.631
778.835,run:denoise:3,64.993,69.402,4.617,72.631
779.336,run:denoise:3,64.993,69.402,4.617,72.631
779.836,run:denoise:3,64.993,69.402,4.618,72.631
780.337,run:denoise:3,65.371,69.402,4.618,72.631
780.838,run:denoise:3,69.402,69.402,4.618,72.631
781.338,run:denoise:3,66.707,69.402,4.618,72.631
781.839,run:denoise:3,69.402,69.402,4.618,72.631
782.34,run:denoise:3,69.402,69.402,4.618,72.631
782.841,run:denoise:3,65.623,69.402,4.616,72.631
783.342,run:denoise:3,69.402,69.402,4.617,72.631
783.842,run:denoise:3,69.402,69.402,4.616,72.631
784.343,run:denoise:3,65.371,69.402,4.617,72.631
784.844,run:denoise:3,69.402,69.402,4.616,72.631
785.345,run:denoise:3,67.274,69.402,4.617,72.631
785.845,run:denoise:3,66.504,69.402,4.618,72.631
786.346,run:denoise:3,69.402,69.402,4.617,72.631
786.849,run:denoise:3,66.14,69.402,4.617,72.631
787.35,run:denoise:3,69.402,69.402,4.617,72.631
787.851,run:denoise:3,69.402,69.402,4.617,72.631
788.352,run:denoise:3,65.371,69.402,4.617,72.631
788.852,run:denoise:3,69.402,69.402,4.615,72.631
789.353,run:denoise:3,67.642,69.402,4.616,72.631
789.854,run:denoise:3,63.86,69.402,4.616,72.631
790.355,run:denoise:3,65.749,69.402,4.616,72.631
790.855,run:denoise:3,64.993,69.402,4.615,72.631
791.356,run:denoise:3,64.993,69.402,4.617,72.631
791.857,run:denoise:3,64.993,69.402,4.616,72.631
792.358,run:denoise:3,64.993,69.402,4.616,72.631
792.859,run:denoise:3,64.993,69.402,4.615,72.631
793.36,run:denoise:3,64.993,69.402,4.615,72.631
793.86,run:denoise:3,64.993,69.402,4.616,72.631
794.361,run:denoise:3,64.993,69.402,4.616,72.631
794.862,run:denoise:3,64.993,69.402,4.615,72.631
795.363,run:denoise:3,64.993,69.402,4.616,72.631
795.863,run:denoise:3,64.993,69.402,4.616,72.631
796.364,run:denoise:3,64.993,69.402,4.616,72.631
796.865,run:denoise:3,64.993,69.402,4.618,72.631
797.366,run:denoise:3,64.993,69.402,4.617,72.631
797.867,run:denoise:3,69.402,69.402,4.618,72.631
798.368,run:denoise:3,65.623,69.402,4.617,72.631
798.869,run:denoise:3,69.402,69.402,4.618,72.631
799.369,run:denoise:3,69.402,69.402,4.618,72.631
799.87,run:denoise:3,65.371,69.402,4.617,72.631
800.371,run:denoise:3,69.402,69.402,4.617,72.631
800.871,run:denoise:3,66.707,69.402,4.617,72.631
801.372,run:denoise:3,69.402,69.402,4.617,72.631
801.873,run:denoise:3,69.402,69.402,4.617,72.631
802.374,run:denoise:3,66.639,69.402,4.618,72.631
802.875,run:denoise:3,69.402,69.402,4.617,72.631
803.376,run:denoise:3,69.402,69.402,4.616,72.631
803.877,run:denoise:3,65.371,69.402,4.617,72.631
804.377,run:denoise:3,69.402,69.402,4.617,72.631
804.878,run:denoise:3,66.254,69.402,4.619,72.631
805.379,run:denoise:3,64.238,69.402,4.619,72.631
805.88,run:denoise:3,69.402,69.402,4.619,72.631
806.38,run:denoise:3,66.14,69.402,4.621,72.631
806.881,run:denoise:3,69.402,69.402,4.62,72.631
807.383,run:denoise:3,63.86,69.402,4.62,72.631
807.883,run:denoise:3,64.237,69.402,4.62,72.631
808.384,run:denoise:3,64.993,69.402,4.62,72.631
808.885,run:denoise:3,64.993,69.402,4.62,72.631
809.385,run:denoise:3,64.993,69.402,4.62,72.631
809.886,run:denoise:3,64.993,69.402,4.62,72.631
810.387,run:denoise:3,64.993,69.402,4.619,72.631
810.888,run:denoise:3,64.993,69.402,4.618,72.631
811.388,run:denoise:3,64.993,69.402,4.618,72.631
811.889,run:denoise:3,64.993,69.402,4.619,72.631
812.39,run:denoise:3,64.993,69.402,4.619,72.631
812.892,run:denoise:3,64.993,69.402,4.617,72.631
813.392,run:denoise:3,64.993,69.402,4.617,72.631
813.893,run:denoise:3,64.993,69.402,4.617,72.631
814.394,run:denoise:3,64.993,69.402,4.616,72.631
814.895,run:denoise:3,64.993,69.402,4.618,72.631
815.395,run:denoise:3,64.993,69.402,4.618,72.631
815.903,run:denoise:3,64.993,69.402,4.632,72.631
816.403,run:denoise:3,66.639,69.402,4.621,72.631
816.904,run:denoise:3,69.402,69.402,4.622,72.631
817.405,run:denoise:3,69.402,69.402,4.622,72.631
817.906,run:denoise:3,65.371,69.402,4.624,72.631
818.407,run:denoise:3,69.402,69.402,4.624,72.631
818.908,run:denoise:3,67.642,69.402,4.624,72.631
819.408,run:denoise:3,65.371,69.402,4.625,72.631
819.909,run:denoise:3,69.402,69.402,4.625,72.631
820.41,run:denoise:3,66.14,69.402,4.624,72.631
820.911,run:denoise:3,69.402,69.402,4.625,72.631
821.411,run:denoise:3,69.402,69.402,4.625,72.631
821.912,run:denoise:3,65.749,69.402,4.625,72.631
822.413,run:denoise:3,69.402,69.402,4.625,72.631
822.913,run:denoise:3,66.127,69.402,4.624,72.631
823.414,run:denoise:3,65.371,69.402,4.624,72.631
823.915,run:denoise:3,69.402,69.402,4.623,72.631
824.416,run:denoise:3,66.329,69.402,4.627,72.631
824.916,run:denoise:3,69.402,69.402,4.622,72.631
825.417,run:denoise:3,69.402,69.402,4.622,72.631
825.918,run:denoise:3,63.861,69.402,4.623,72.631
826.418,run:denoise:3,65.749,69.402,4.627,72.631
826.919,run:denoise:3,64.993,69.402,4.624,72.631
827.42,run:denoise:3,64.993,69.402,4.625,72.631
827.921,run:denoise:3,64.993,69.402,4.623,72.631
828.422,run:denoise:3,64.993,69.402,4.623,72.631
828.923,run:denoise:3,64.993,69.402,4.624,72.631
829.424,run:denoise:3,64.993,69.402,4.623,72.631
829.924,run:denoise:3,64.993,69.402,4.623,72.631
830.425,run:denoise:3,64.993,69.402,4.623,72.631
830.926,run:denoise:3,64.993,69.402,4.623,72.631
831.426,run:denoise:3,64.993,69.402,4.622,72.631
831.927,run:denoise:3,64.993,69.402,4.622,72.631
832.428,run:denoise:3,64.993,69.402,4.623,72.631
832.929,run:denoise:3,64.993,69.402,4.623,72.631
833.43,run:denoise:3,64.993,69.402,4.623,72.631
833.931,run:denoise:3,64.993,69.402,4.623,72.631
834.432,run:denoise:3,66.329,69.402,4.627,72.631
834.932,run:denoise:3,69.402,69.402,4.623,72.631
835.433,run:denoise:3,69.402,69.402,4.622,72.631
835.934,run:denoise:3,65.623,69.402,4.624,72.631
836.434,run:denoise:3,69.402,69.402,4.628,72.631
836.935,run:denoise:3,69.402,69.402,4.624,72.631
837.436,run:denoise:3,65.371,69.402,4.624,72.631
837.937,run:denoise:3,69.402,69.402,4.625,72.631
838.437,run:denoise:3,66.707,69.402,4.629,72.631
838.939,run:denoise:3,69.402,69.402,4.624,72.631
839.439,run:denoise:3,69.402,69.402,4.624,72.631
839.94,run:denoise:3,66.639,69.402,4.624,72.631
840.441,run:denoise:3,69.402,69.402,4.621,72.631
840.942,run:denoise:3,69.402,69.402,4.621,72.631
841.442,run:denoise:3,65.371,69.402,4.622,72.631
841.943,run:denoise:3,69.402,69.402,4.622,72.631
842.444,run:denoise:3,67.274,69.402,4.628,72.631
842.945,run:denoise:3,69.402,69.402,4.623,72.631
843.445,run:denoise:3,69.402,69.402,4.623,72.631
843.947,run:denoise:3,63.86,69.402,4.623,72.631
844.448,run:denoise:3,65.749,69.402,4.622,72.631
844.948,run:denoise:3,64.993,69.402,4.623,72.631
845.449,run:denoise:3,64.993,69.402,4.623,72.631
845.95,run:denoise:3,64.993,69.402,4.624,72.631
846.45,run:denoise:3,64.993,69.402,4.623,72.631
846.951,run:denoise:3,64.993,69.402,4.623,72.631
847.452,run:denoise:3,64.993,69.402,4.622,72.631
847.952,run:denoise:3,64.993,69.402,4.623,72.631
848.453,run:denoise:3,64.993,69.402,4.622,72.631
848.954,run:denoise:3,64.993,69.402,4.622,72.631
849.455,run:denoise:3,64.993,69.402,4.621,72.631
849.956,run:denoise:3,64.993,69.402,4.622,72.631
850.457,run:denoise:3,64.993,69.402,4.622,72.631
850.957,run:denoise:3,64.993,69.402,4.622,72.631
851.458,run:denoise:3,66.707,69.402,4.623,72.631
851.959,run:denoise:3,69.402,69.402,4.623,72.631
852.46,run:denoise:3,69.402,69.402,4.62,72.631
852.96,run:denoise:3,65.623,69.402,4.62,72.631
853.461,run:denoise:3,69.402,69.402,4.62,72.631
853.962,run:denoise:3,69.402,69.402,4.62,72.631
854.463,run:denoise:3,65.371,69.402,4.621,72.631
854.964,run:denoise:3,69.402,69.402,4.621,72.631
855.465,run:denoise:3,67.274,69.402,4.621,72.631
855.965,run:denoise:3,69.402,69.402,4.621,72.631
856.466,run:denoise:3,69.402,69.402,4.622,72.631
856.967,run:denoise:3,66.134,69.402,4.623,72.631
857.467,run:denoise:3,69.402,69.402,4.623,72.631
857.968,run:denoise:3,69.402,69.402,4.622,72.631
858.469,run:denoise:3,65.371,69.402,4.621,72.631
858.97,run:denoise:3,69.402,69.402,4.621,72.631
859.471,run:denoise:3,67.138,69.402,4.621,72.631
859.972,run:denoise:3,65.371,69.402,4.622,72.631
860.472,run:denoise:3,69.402,69.402,4.62,72.631
860.973,run:denoise:3,63.861,69.402,4.62,72.631
861.474,run:denoise:3,65.749,69.402,4.62,72.631
861.974,run:denoise:3,64.993,69.402,4.621,72.631
862.475,run:denoise:3,64.993,69.402,4.622,72.631
862.976,run:denoise:3,64.993,69.402,4.623,72.631
863.476,run:denoise:3,64.993,69.402,4.622,72.631
863.977,run:denoise:3,64.993,69.402,4.622,72.631
864.478,run:denoise:3,64.993,69.402,4.621,72.631
864.979,run:denoise:3,64.993,69.402,4.621,72.631
865.48,run:denoise:3,64.993,69.402,4.621,72.631
865.981,run:denoise:3,64.993,69.402,4.622,72.631
866.482,run:denoise:3,64.993,69.402,4.621,72.631
866.982,run:denoise:3,64.993,69.402,4.621,72.631
867.483,run:denoise:3,64.993,69.402,4.622,72.631
867.984,run:denoise:3,69.402,69.402,4.623,72.631
868.484,run:denoise:3,69.402,69.402,4.623,72.631
868.985,run:denoise:3,65.371,69.402,4.624,72.631
869.486,run:denoise:3,69.402,69.402,4.624,72.631
869.988,run:denoise:3,66.896,69.402,4.624,72.631
870.488,run:denoise:3,69.402,69.402,4.624,72.631
870.989,run:denoise:3,69.402,69.402,4.624,72.631
871.49,run:denoise:3,66.14,69.402,4.623,72.631
871.99,run:denoise:3,69.402,69.402,4.623,72.631
872.491,run:denoise:3,69.402,69.402,4.623,72.631
872.992,run:denoise:3,65.371,69.402,4.623,72.631
873.493,run:denoise:3,69.402,69.402,4.623,72.631
873.993,run:denoise:3,65.749,69.402,4.623,72.631
874.494,run:denoise:3,65.371,69.402,4.624,72.631
874.996,run:denoise:3,69.402,69.402,4.624,72.631
875.496,run:denoise:3,66.329,69.402,4.624,72.631
875.997,run:denoise:3,69.402,69.402,4.624,72.631
876.498,run:denoise:3,69.402,69.402,4.623,72.631
876.999,run:denoise:3,64.615,69.402,4.625,72.631
877.499,run:denoise:3,64.237,69.402,4.624,72.631
878.0,run:denoise:3,64.993,69.402,4.624,72.631
878.501,run:denoise:3,64.993,69.402,4.625,72.631
879.002,run:denoise:3,64.993,69.402,4.626,72.631
879.502,run:denoise:3,64.993,69.402,4.625,72.631
880.003,run:denoise:3,64.993,69.402,4.625,72.631
880.504,run:denoise:3,64.993,69.402,4.624,72.631
881.005,run:denoise:3,64.993,69.402,4.625,72.631
881.506,run:denoise:3,64.993,69.402,4.625,72.631
882.006,run:denoise:3,64.993,69.402,4.625,72.631
882.507,run:denoise:3,64.993,69.402,4.624,72.631
883.008,run:denoise:3,64.993,69.402,4.623,72.631
883.509,run:denoise:3,65.623,69.402,4.621,72.631
884.009,run:denoise:3,69.402,69.402,4.622,72.631
884.51,run:denoise:3,69.402,69.402,4.623,72.631
885.011,run:denoise:3,65.371,69.402,4.623,72.631
885.512,run:denoise:3,69.402,69.402,4.623,72.631
886.013,run:denoise:3,66.707,69.402,4.623,72.631
886.514,run:denoise:3,69.402,69.402,4.622,72.631
887.014,run:denoise:3,69.402,69.402,4.622,72.631
887.515,run:denoise:3,67.274,69.402,4.622,72.631
888.016,run:denoise:3,69.402,69.402,4.622,72.631
888.516,run:denoise:3,69.402,69.402,4.623,72.631
889.017,run:denoise:3,65.371,69.402,4.624,72.631
889.518,run:denoise:3,69.402,69.402,4.624,72.631
890.019,run:denoise:3,67.642,69.402,4.616,72.631
890.52,run:denoise:3,65.371,69.402,4.613,72.631
891.02,run:denoise:3,69.402,69.402,4.615,72.631
891.521,run:denoise:3,66.14,69.402,4.614,72.631
892.022,run:denoise:3,69.402,69.402,4.614,72.631
892.522,run:denoise:3,69.402,69.402,4.615,72.631
893.023,init,63.077,69.402,4.616,72.631
893.524,init,63.077,69.402,4.615,72.631
894.025,init,63.077,69.402,4.616,72.631
894.525,init,63.077,69.402,4.614,72.631
895.026,init,63.077,69.402,4.615,72.631
895.528,init,63.077,69.402,4.615,72.631
896.028,init,63.077,69.402,4.615,72.631
896.529,init,63.077,69.402,4.616,72.631
897.03,init,63.077,69.402,4.616,72.631
897.531,init,63.077,69.402,4.616,72.631
898.031,init,63.077,69.402,4.616,72.631
898.532,run:denoise:4,68.031,69.402,4.636,72.774
899.033,run:denoise:4,65.967,69.402,4.637,72.774
899.533,run:denoise:4,69.038,69.402,4.636,72.774
900.035,run:denoise:4,69.038,69.402,4.636,72.774
900.535,run:denoise:4,65.261,69.402,4.636,72.774
901.036,run:denoise:4,69.038,69.402,4.636,72.774
901.537,run:denoise:4,69.038,69.402,4.636,72.774
902.038,run:denoise:4,65.008,69.402,4.636,72.774
902.538,run:denoise:4,69.038,69.402,4.635,72.774
903.039,run:denoise:4,66.345,69.402,4.636,72.774
903.54,run:denoise:4,69.038,69.402,4.635,72.774
904.041,run:denoise:4,69.038,69.402,4.636,72.774
904.542,run:denoise:4,66.276,69.402,4.635,72.774
905.042,run:denoise:4,69.038,69.402,4.637,72.774
905.544,run:denoise:4,69.038,69.402,4.637,72.774
906.044,run:denoise:4,65.008,69.402,4.637,72.774
906.545,run:denoise:4,69.038,69.402,4.636,72.774
907.046,run:denoise:4,66.912,69.402,4.637,72.774
907.547,run:denoise:4,69.038,69.402,4.636,72.774
908.047,run:denoise:4,69.038,69.402,4.637,72.774
908.548,run:denoise:4,63.106,69.402,4.637,72.774
909.049,run:denoise:4,63.106,69.402,4.636,72.774
909.55,run:denoise:4,63.106,69.402,4.637,72.774
910.05,run:denoise:4,63.106,69.402,4.635,72.774
910.552,run:denoise:4,63.106,69.402,4.634,72.774
911.052,run:denoise:4,63.106,69.402,4.634,72.774
911.553,run:denoise:4,63.106,69.402,4.634,72.774
912.054,run:denoise:4,63.106,69.402,4.634,72.774
912.555,run:denoise:4,63.106,69.402,4.634,72.774
913.056,run:denoise:4,63.106,69.402,4.633,72.774
913.557,run:denoise:4,63.106,69.402,4.633,72.774
914.057,run:denoise:4,65.021,69.43,4.634,72.774
914.558,run:denoise:4,65.021,69.43,4.633,72.774
915.059,run:denoise:4,65.652,69.43,4.635,72.774
915.559,run:denoise:4,69.43,69.43,4.635,72.774
916.06,run:denoise:4,69.43,69.43,4.635,72.774
916.561,run:denoise:4,65.4,69.43,4.635,72.774
917.062,run:denoise:4,69.43,69.43,4.635,72.774
917.562,run:denoise:4,66.735,69.43,4.635,72.774
918.063,run:denoise:4,69.43,69.43,4.636,72.774
918.564,run:denoise:4,69.43,69.43,4.636,72.774
919.065,run:denoise:4,65.652,69.43,4.636,72.774
919.565,run:denoise:4,69.43,69.43,4.637,72.774
920.066,run:denoise:4,69.43,69.43,4.637,72.774
920.567,run:denoise:4,65.4,69.43,4.637,72.774
921.068,run:denoise:4,69.43,69.43,4.637,72.774
921.569,run:denoise:4,66.924,69.43,4.637,72.774
922.07,run:denoise:4,69.43,69.43,4.638,72.774
922.57,run:denoise:4,69.43,69.43,4.637,72.774
923.071,run:denoise:4,66.668,69.43,4.638,72.774
923.572,run:denoise:4,69.43,69.43,4.637,72.774
924.073,run:denoise:4,69.43,69.43,4.637,72.774
924.573,run:denoise:4,63.889,69.43,4.637,72.774
925.074,run:denoise:4,65.778,69.43,4.637,72.774
925.575,run:denoise:4,65.022,69.43,4.638,72.774
926.076,run:denoise:4,65.022,69.43,4.639,72.774
926.577,run:denoise:4,65.022,69.43,4.638,72.774
927.078,run:denoise:4,65.022,69.43,4.638,72.774
927.579,run:denoise:4,65.022,69.43,4.637,72.774
928.079,run:denoise:4,65.022,69.43,4.637,72.774
928.58,run:denoise:4,65.022,69.43,4.636,72.774
929.081,run:denoise:4,65.022,69.43,4.637,72.774
929.582,run:denoise:4,65.022,69.43,4.637,72.774
930.082,run:denoise:4,65.022,69.43,4.637,72.774
930.583,run:denoise:4,65.022,69.43,4.638,72.774
931.084,run:denoise:4,65.021,69.43,4.638,72.774
931.585,run:denoise:4,69.43,69.43,4.638,72.774
932.086,run:denoise:4,65.652,69.43,4.639,72.774
932.587,run:denoise:4,69.43,69.43,4.638,72.774
933.087,run:denoise:4,69.43,69.43,4.638,72.774
933.588,run:denoise:4,65.4,69.43,4.638,72.774
934.089,run:denoise:4,69.43,69.43,4.637,72.774
934.59,run:denoise:4,66.736,69.43,4.636,72.774
935.09,run:denoise:4,69.43,69.43,4.636,72.774
935.591,run:denoise:4,69.43,69.43,4.636,72.774
936.092,run:denoise:4,65.652,69.43,4.636,72.774
936.593,run:denoise:4,69.43,69.43,4.636,72.774
937.094,run:denoise:4,69.43,69.43,4.636,72.774
937.595,run:denoise:4,65.4,69.43,4.636,72.774
938.096,run:denoise:4,69.43,69.43,4.636,72.774
938.596,run:denoise:4,67.302,69.43,4.636,72.774
939.097,run:denoise:4,69.43,69.43,4.637,72.774
939.598,run:denoise:4,69.43,69.43,4.637,72.774
940.099,run:denoise:4,66.668,69.43,4.636,72.774
940.599,run:denoise:4,69.43,69.43,4.636,72.774
941.1,run:denoise:4,63.889,69.43,4.637,72.774
941.601,run:denoise:4,64.266,69.43,4.635,72.774
942.102,run:denoise:4,65.021,69.43,4.636,72.774
942.603,run:denoise:4,65.021,69.43,4.635,72.774
943.104,run:denoise:4,65.021,69.43,4.636,72.774
943.604,run:denoise:4,65.021,69.43,4.635,72.774
944.105,run:denoise:4,65.021,69.43,4.635,72.774
944.606,run:denoise:4,65.021,69.43,4.635,72.774
945.107,run:denoise:4,65.021,69.43,4.635,72.774
945.607,run:denoise:4,65.021,69.43,4.635,72.774
946.108,run:denoise:4,65.021,69.43,4.636,72.774
946.609,run:denoise:4,65.021,69.43,4.635,72.774
947.11,run:denoise:4,65.022,69.43,4.637,72.774
947.611,run:denoise:4,65.022,69.43,4.638,72.774
948.112,run:denoise:4,65.021,69.43,4.64,72.774
948.612,run:denoise:4,65.021,69.43,4.638,72.774
949.113,run:denoise:4,65.022,69.43,4.638,72.774
949.614,run:denoise:4,69.43,69.43,4.637,72.774
950.115,run:denoise:4,66.358,69.43,4.637,72.774
950.615,run:denoise:4,69.43,69.43,4.637,72.774
951.116,run:denoise:4,69.43,69.43,4.637,72.774
951.617,run:denoise:4,65.652,69.43,4.636,72.774
952.118,run:denoise:4,69.43,69.43,4.637,72.774
952.619,run:denoise:4,69.43,69.43,4.636,72.774
953.12,run:denoise:4,65.4,69.43,4.636,72.774
953.62,run:denoise:4,69.43,69.43,4.635,72.774
954.121,run:denoise:4,66.736,69.43,4.636,72.774
954.622,run:denoise:4,69.43,69.43,4.635,72.774
955.123,run:denoise:4,69.43,69.43,4.636,72.774
955.623,run:denoise:4,65.652,69.43,4.636,72.774
956.124,run:denoise:4,69.43,69.43,4.636,72.774
956.625,run:denoise:4,69.43,69.43,4.635,72.774
957.126,run:denoise:4,65.4,69.43,4.635,72.774
957.626,run:denoise:4,69.43,69.43,4.635,72.774
958.127,run:denoise:4,66.736,69.43,4.636,72.774
958.628,run:denoise:4,69.43,69.43,4.636,72.774
959.129,run:denoise:4,64.266,69.43,4.637,72.774
959.629,run:denoise:4,65.399,69.43,4.636,72.774
960.13,run:denoise:4,65.021,69.43,4.638,72.774
960.631,run:denoise:4,65.021,69.43,4.636,72.774
961.131,run:denoise:4,65.021,69.43,4.636,72.774
961.632,run:denoise:4,65.021,69.43,4.637,72.774
962.133,run:denoise:4,65.021,69.43,4.636,72.774
962.634,run:denoise:4,65.021,69.43,4.635,72.774
963.135,run:denoise:4,65.021,69.43,4.635,72.774
963.636,run:denoise:4,65.021,69.43,4.636,72.774
964.137,run:denoise:4,65.021,69.43,4.637,72.774
964.638,run:denoise:4,65.022,69.43,4.637,72.774
965.138,run:denoise:4,65.021,69.43,4.637,72.774
965.639,run:denoise:4,65.021,69.43,4.637,72.774
966.14,run:denoise:4,65.022,69.43,4.638,72.774
966.641,run:denoise:4,65.022,69.43,4.638,72.774
967.141,run:denoise:4,65.021,69.43,4.638,72.774
967.643,run:denoise:4,65.021,69.43,4.638,72.774
968.143,run:denoise:4,66.667,69.43,4.636,72.774
968.644,run:denoise:4,69.43,69.43,4.635,72.774
969.145,run:denoise:4,69.43,69.43,4.635,72.774
969.646,run:denoise:4,65.4,69.43,4.636,72.774
970.146,run:denoise:4,69.43,69.43,4.636,72.774
970.647,run:denoise:4,67.166,69.43,4.636,72.774
971.151,run:denoise:4,65.4,69.43,4.636,72.774
971.652,run:denoise:4,69.43,69.43,4.636,72.774
972.153,run:denoise:4,66.169,69.43,4.636,72.774
972.653,run:denoise:4,69.43,69.43,4.635,72.774
973.155,run:denoise:4,69.43,69.43,4.635,72.774
973.655,run:denoise:4,65.652,69.43,4.635,72.774
974.156,run:denoise:4,69.43,69.43,4.637,72.774
974.657,run:denoise:4,68.422,69.43,4.637,72.774
975.158,run:denoise:4,65.4,69.43,4.637,72.774
975.658,run:denoise:4,69.43,69.43,4.636,72.774
976.159,run:denoise:4,66.358,69.43,4.637,72.774
976.66,run:denoise:4,69.43,69.43,4.636,72.774
977.161,run:denoise:4,69.43,69.43,4.636,72.774
977.661,run:denoise:4,63.889,69.43,4.636,72.774
978.163,run:denoise:4,65.778,69.43,4.637,72.774
978.663,run:denoise:4,65.022,69.43,4.639,72.774
979.164,run:denoise:4,65.022,69.43,4.639,72.774
979.665,run:denoise:4,65.022,69.43,4.638,72.774
980.166,run:denoise:4,65.022,69.43,4.639,72.774
980.667,run:denoise:4,65.022,69.43,4.638,72.774
981.167,run:denoise:4,65.022,69.43,4.638,72.774
981.668,run:denoise:4,65.022,69.43,4.638,72.774
982.169,run:denoise:4,65.022,69.43,4.638,72.774
982.669,run:denoise:4,65.022,69.43,4.638,72.774
983.17,run:denoise:4,65.022,69.43,4.638,72.774
983.671,run:denoise:4,65.022,69.43,4.638,72.774
984.172,run:denoise:4,65.021,69.43,4.638,72.774
984.672,run:denoise:4,65.021,69.43,4.636,72.774
985.173,run:denoise:4,65.022,69.43,4.636,72.774
985.674,run:denoise:4,65.022,69.43,4.636,72.774
986.175,run:denoise:4,66.358,69.43,4.636,72.774
986.675,run:denoise:4,69.43,69.43,4.637,72.774
987.176,run:denoise:4,69.43,69.43,4.637,72.774
987.677,run:denoise:4,65.652,69.43,4.636,72.774
988.178,run:denoise:4,69.43,69.43,4.636,72.774
988.679,run:denoise:4,69.43,69.43,4.637,72.774
989.18,run:denoise:4,65.4,69.43,4.637,72.774
989.68,run:denoise:4,69.43,69.43,4.638,72.774
990.181,run:denoise:4,66.925,69.43,4.638,72.774
990.682,run:denoise:4,69.43,69.43,4.637,72.774
991.183,run:denoise:4,69.43,69.43,4.637,72.774
991.683,run:denoise:4,66.358,69.43,4.637,72.774
992.184,run:denoise:4,69.43,69.43,4.637,72.774
992.685,run:denoise:4,69.43,69.43,4.621,72.774
993.186,run:denoise:4,65.4,69.43,4.621,72.774
993.687,run:denoise:4,69.43,69.43,4.621,72.774
994.188,run:denoise:4,66.282,69.43,4.621,72.774
994.688,run:denoise:4,66.533,69.43,4.621,72.774
995.189,run:denoise:4,69.43,69.43,4.621,72.774
995.69,run:denoise:4,63.889,69.43,4.622,72.774
996.19,run:denoise:4,65.777,69.43,4.623,72.774
996.691,run:denoise:4,65.021,69.43,4.623,72.774
997.192,run:denoise:4,65.021,69.43,4.623,72.774
997.693,run:denoise:4,65.021,69.43,4.624,72.774
998.193,run:denoise:4,65.021,69.43,4.624,72.774
998.695,run:denoise:4,65.021,69.43,4.624,72.774
999.196,run:denoise:4,65.021,69.43,4.624,72.774
999.696,run:denoise:4,65.021,69.43,4.624,72.774
1000.197,run:denoise:4,65.021,69.43,4.625,72.774
1000.698,run:denoise:4,65.021,69.43,4.626,72.774
1001.199,run:denoise:4,65.021,69.43,4.626,72.774
1001.699,run:denoise:4,65.021,69.43,4.623,72.774
1002.2,run:denoise:4,65.022,69.43,4.623,72.774
1002.701,run:denoise:4,65.022,69.43,4.618,72.774
1003.202,run:denoise:4,66.736,69.43,4.618,72.774
1003.702,run:denoise:4,69.43,69.43,4.618,72.774
1004.204,run:denoise:4,69.43,69.43,4.618,72.774
1004.704,run:denoise:4,65.652,69.43,4.619,72.774
1005.205,run:denoise:4,69.43,69.43,4.619,72.774
1005.706,run:denoise:4,69.43,69.43,4.618,72.774
1006.206,run:denoise:4,65.4,69.43,4.619,72.774
1006.707,run:denoise:4,69.43,69.43,4.618,72.774
1007.208,run:denoise:4,67.302,69.43,4.619,72.774
1007.709,run:denoise:4,66.155,69.43,4.618,72.774
1008.209,run:denoise:4,69.43,69.43,4.619,72.774
1008.71,run:denoise:4,66.169,69.43,4.619,72.774
1009.212,run:denoise:4,69.43,69.43,4.619,72.774
1009.712,run:denoise:4,69.43,69.43,4.619,72.774
1010.213,run:denoise:4,65.4,69.43,4.619,72.774
1010.714,run:denoise:4,69.43,69.43,4.618,72.774
1011.215,run:denoise:4,67.67,69.43,4.618,72.774
1011.715,run:denoise:4,65.4,69.43,4.618,72.774
1012.216,run:denoise:4,69.43,69.43,4.618,72.774
1012.717,run:denoise:4,63.889,69.43,4.619,72.774
1013.218,run:denoise:4,65.777,69.43,4.619,72.774
1013.718,run:denoise:4,65.021,69.43,4.619,72.774
1014.219,run:denoise:4,65.021,69.43,4.62,72.774
1014.72,run:denoise:4,65.021,69.43,4.619,72.774
1015.221,run:denoise:4,65.021,69.43,4.618,72.774
1015.722,run:denoise:4,65.021,69.43,4.619,72.774
1016.223,run:denoise:4,65.021,69.43,4.618,72.774
1016.723,run:denoise:4,65.021,69.43,4.62,72.774
1017.224,run:denoise:4,65.021,69.43,4.619,72.774
1017.725,run:denoise:4,65.021,69.43,4.619,72.774
1018.226,run:denoise:4,65.021,69.43,4.619,72.774
1018.726,run:denoise:4,65.021,69.43,4.62,72.774
1019.227,run:denoise:4,65.022,69.43,4.619,72.774
1019.729,run:denoise:4,69.43,69.43,4.62,72.774
1020.229,run:denoise:4,69.43,69.43,4.62,72.774
1020.73,run:denoise:4,65.4,69.43,4.619,72.774
1021.231,run:denoise:4,69.43,69.43,4.618,72.774
1021.731,run:denoise:4,66.282,69.43,4.618,72.774
1022.232,run:denoise:4,66.533,69.43,4.618,72.774
1022.733,run:denoise:4,69.43,69.43,4.618,72.774
1023.234,run:denoise:4,66.169,69.43,4.618,72.774
1023.734,run:denoise:4,69.43,69.43,4.618,72.774
1024.235,run:denoise:4,69.43,69.43,4.619,72.774
1024.736,run:denoise:4,65.4,69.43,4.62,72.774
1025.237,run:denoise:4,69.43,69.43,4.62,72.774
1025.738,run:denoise:4,66.155,69.43,4.62,72.774
1026.239,run:denoise:4,65.4,69.43,4.619,72.774
1026.739,run:denoise:4,69.43,69.43,4.618,72.774
1027.24,run:denoise:4,66.358,69.43,4.619,72.774
1027.741,run:denoise:4,69.43,69.43,4.619,72.774
1028.242,run:denoise:4,69.43,69.43,4.619,72.774
1028.742,run:denoise:4,65.4,69.43,4.62,72.774
1029.243,run:denoise:4,64.266,69.43,4.621,72.774
1029.744,run:denoise:4,65.021,69.43,4.621,72.774
1030.245,run:denoise:4,65.021,69.43,4.621,72.774
1030.746,run:denoise:4,65.021,69.43,4.621,72.774
1031.247,run:denoise:4,65.021,69.43,4.621,72.774
1031.747,run:denoise:4,65.021,69.43,4.621,72.774
1032.248,run:denoise:4,65.021,69.43,4.621,72.774
1032.749,run:denoise:4,65.021,69.43,4.621,72.774
1033.25,run:denoise:4,65.021,69.43,4.621,72.774
1033.75,run:denoise:4,65.021,69.43,4.621,72.774
1034.251,run:denoise:4,65.021,69.43,4.621,72.774
1034.752,run:denoise:4,65.022,69.43,4.619,72.774
1035.253,run:denoise:4,65.652,69.43,4.62,72.774
1035.754,run:denoise:4,69.43,69.43,4.62,72.774
1036.255,run:denoise:4,69.43,69.43,4.62,72.774
1036.755,run:denoise:4,65.4,69.43,4.621,72.774
1037.256,run:denoise:4,69.43,69.43,4.622,72.774
1037.757,run:denoise:4,67.163,69.43,4.622,72.774
1038.258,run:denoise:4,65.4,69.43,4.622,72.774
1038.758,run:denoise:4,69.43,69.43,4.62,72.774
1039.259,run:denoise:4,66.17,69.43,4.62,72.774
1039.76,run:denoise:4,69.43,69.43,4.62,72.774
1040.261,run:denoise:4,69.43,69.43,4.62,72.774
1040.762,run:denoise:4,65.148,69.43,4.619,72.774
1041.263,run:denoise:4,69.43,69.43,4.619,72.774
1041.763,run:denoise:4,68.422,69.43,4.619,72.774
1042.264,run:denoise:4,65.4,69.43,4.619,72.774
1042.765,run:denoise:4,69.43,69.43,4.618,72.774
1043.266,run:denoise:4,66.358,69.43,4.619,72.774
1043.766,run:denoise:4,69.43,69.43,4.619,72.774
1044.267,run:denoise:4,69.43,69.43,4.619,72.774
1044.768,init,63.106,69.43,4.619,72.774
1045.269,init,63.106,69.43,4.621,72.774
1045.77,init,63.106,69.43,4.622,72.774
1046.271,init,63.106,69.43,4.622,72.774
1046.772,init,63.106,69.43,4.623,72.774
1047.272,init,63.106,69.43,4.623,72.774
1047.773,init,63.106,69.43,4.623,72.774
1048.274,init,63.106,69.43,4.623,72.774
1048.774,init,63.106,69.43,4.623,72.774
1049.275,init,63.106,69.43,4.623,72.774
1049.776,init,63.106,69.43,4.623,72.774
1050.277,run:denoise:5,68.06,69.43,4.65,73.045
1050.778,run:denoise:5,66.374,69.43,4.65,73.045
1051.279,run:denoise:5,69.067,69.43,4.65,73.045
1051.779,run:denoise:5,69.067,69.43,4.651,73.045
1052.28,run:denoise:5,66.297,69.43,4.651,73.045
1052.781,run:denoise:5,69.067,69.43,4.649,73.045
1053.282,run:denoise:5,69.067,69.43,4.65,73.045
1053.782,run:denoise:5,65.037,69.43,4.65,73.045
1054.283,run:denoise:5,69.067,69.43,4.65,73.045
1054.784,run:denoise:5,67.308,69.43,4.649,73.045
1055.286,run:denoise:5,65.037,69.43,4.65,73.045
1055.786,run:denoise:5,69.067,69.43,4.651,73.045
1056.287,run:denoise:5,65.807,69.43,4.651,73.045
1056.788,run:denoise:5,69.067,69.43,4.657,73.045
1057.289,run:denoise:5,69.067,69.43,4.658,73.045
1057.789,run:denoise:5,65.037,69.43,4.658,73.045
1058.29,run:denoise:5,69.067,69.43,4.658,73.045
1058.791,run:denoise:5,65.415,69.43,4.656,73.045
1059.292,run:denoise:5,65.037,69.43,4.656,73.045
1059.792,run:denoise:5,69.067,69.43,4.654,73.045
1060.293,run:denoise:5,63.135,69.43,4.654,73.045
1060.795,run:denoise:5,63.135,69.43,4.653,73.045
1061.295,run:denoise:5,63.135,69.43,4.653,73.045
1061.796,run:denoise:5,63.135,69.43,4.654,73.045
1062.297,run:denoise:5,63.135,69.43,4.654,73.045
1062.798,run:denoise:5,63.135,69.43,4.654,73.045
1063.298,run:denoise:5,63.135,69.43,4.654,73.045
1063.799,run:denoise:5,63.135,69.43,4.655,73.045
1064.3,run:denoise:5,63.135,69.43,4.655,73.045
1064.801,run:denoise:5,63.135,69.43,4.654,73.045
1065.301,run:denoise:5,63.135,69.43,4.654,73.045
1065.803,run:denoise:5,65.05,69.459,4.655,73.045
1066.303,run:denoise:5,65.05,69.459,4.654,73.045
1066.804,run:denoise:5,65.05,69.459,4.655,73.045
1067.305,run:denoise:5,69.459,69.459,4.655,73.045
1067.806,run:denoise:5,65.806,69.459,4.655,73.045
1068.306,run:denoise:5,65.428,69.459,4.655,73.045
1068.807,run:denoise:5,69.459,69.459,4.656,73.045
1069.308,run:denoise:5,66.198,69.459,4.656,73.045
1069.809,run:denoise:5,69.459,69.459,4.658,73.045
1070.309,run:denoise:5,69.459,69.459,4.658,73.045
1070.811,run:denoise:5,65.681,69.459,4.657,73.045
1071.311,run:denoise:5,69.459,69.459,4.657,73.045
1071.812,run:denoise:5,69.459,69.459,4.658,73.045
1072.313,run:denoise:5,65.428,69.459,4.659,73.045
1072.814,run:denoise:5,69.459,69.459,4.658,73.045
1073.314,run:denoise:5,66.387,69.459,4.658,73.045
1073.815,run:denoise:5,69.459,69.459,4.657,73.045
1074.316,run:denoise:5,69.459,69.459,4.657,73.045
1074.817,run:denoise:5,65.681,69.459,4.657,73.045
1075.317,run:denoise:5,69.459,69.459,4.657,73.045
1075.818,run:denoise:5,69.459,69.459,4.658,73.045
1076.319,run:denoise:5,65.05,69.459,4.658,73.045
1076.82,run:denoise:5,64.295,69.459,4.658,73.045
1077.321,run:denoise:5,65.05,69.459,4.658,73.045
1077.822,run:denoise:5,65.05,69.459,4.658,73.045
1078.322,run:denoise:5,65.05,69.459,4.658,73.045
1078.823,run:denoise:5,65.05,69.459,4.658,73.045
1079.324,run:denoise:5,65.05,69.459,4.658,73.045
1079.824,run:denoise:5,65.05,69.459,4.658,73.045
1080.325,run:denoise:5,65.05,69.459,4.658,73.045
1080.826,run:denoise:5,65.05,69.459,4.657,73.045
1081.327,run:denoise:5,65.05,69.459,4.657,73.045
1081.828,run:denoise:5,65.05,69.459,4.658,73.045
1082.329,run:denoise:5,65.05,69.459,4.658,73.045
1082.83,run:denoise:5,65.05,69.459,4.641,73.045
1083.33,run:denoise:5,65.05,69.459,4.645,73.045
1083.831,run:denoise:5,65.428,69.459,4.648,73.045
1084.332,run:denoise:5,69.459,69.459,4.649,73.045
1084.832,run:denoise:5,67.699,69.459,4.649,73.045
1085.333,run:denoise:5,65.428,69.459,4.649,73.045
1085.834,run:denoise:5,69.459,69.459,4.65,73.045
1086.335,run:denoise:5,66.198,69.459,4.649,73.045
1086.836,run:denoise:5,69.459,69.459,4.65,73.045
1087.337,run:denoise:5,69.459,69.459,4.65,73.045
1087.837,run:denoise:5,65.177,69.459,4.65,73.045
1088.338,run:denoise:5,69.459,69.459,4.65,73.045
1088.839,run:denoise:5,67.443,69.459,4.65,73.045
1089.34,run:denoise:5,65.428,69.459,4.65,73.045
1089.84,run:denoise:5,69.459,69.459,4.652,73.045
1090.341,run:denoise:5,66.387,69.459,4.652,73.045
1090.842,run:denoise:5,69.459,69.459,4.652,73.045
1091.343,run:denoise:5,69.459,69.459,4.651,73.045
1091.844,run:denoise:5,65.681,69.459,4.651,73.045
1092.345,run:denoise:5,69.459,69.459,4.652,73.045
1092.845,run:denoise:5,69.459,69.459,4.65,73.045
1093.346,run:denoise:5,63.917,69.459,4.651,73.045
1093.847,run:denoise:5,65.806,69.459,4.652,73.045
1094.348,run:denoise:5,65.05,69.459,4.652,73.045
1094.848,run:denoise:5,65.05,69.459,4.653,73.045
1095.349,run:denoise:5,65.05,69.459,4.653,73.045
1095.85,run:denoise:5,65.05,69.459,4.652,73.045
1096.351,run:denoise:5,65.05,69.459,4.653,73.045
1096.852,run:denoise:5,65.05,69.459,4.652,73.045
1097.353,run:denoise:5,65.05,69.459,4.652,73.045
1097.854,run:denoise:5,65.05,69.459,4.652,73.045
1098.354,run:denoise:5,65.05,69.459,4.653,73.045
1098.855,run:denoise:5,65.05,69.459,4.652,73.045
1099.356,run:denoise:5,65.05,69.459,4.652,73.045
1099.857,run:denoise:5,65.05,69.459,4.653,73.045
1100.357,run:denoise:5,65.05,69.459,4.654,73.045
1100.858,run:denoise:5,65.05,69.459,4.655,73.045
1101.359,run:denoise:5,69.459,69.459,4.655,73.045
1101.859,run:denoise:5,65.681,69.459,4.655,73.045
1102.36,run:denoise:5,69.459,69.459,4.655,73.045
1102.861,run:denoise:5,69.459,69.459,4.654,73.045
1103.362,run:denoise:5,65.428,69.459,4.654,73.045
1103.862,run:denoise:5,69.459,69.459,4.654,73.045
1104.363,run:denoise:5,66.311,69.459,4.654,73.045
1104.864,run:denoise:5,66.562,69.459,4.655,73.045
1105.365,run:denoise:5,69.459,69.459,4.655,73.045
1105.865,run:denoise:5,66.198,69.459,4.655,73.045
1106.366,run:denoise:5,69.459,69.459,4.656,73.045
1106.867,run:denoise:5,69.459,69.459,4.656,73.045
1107.368,run:denoise:5,65.428,69.459,4.656,73.045
1107.869,run:denoise:5,69.459,69.459,4.656,73.045
1108.37,run:denoise:5,65.806,69.459,4.656,73.045
1108.87,run:denoise:5,65.428,69.459,4.658,73.045
1109.371,run:denoise:5,69.459,69.459,4.656,73.045
1109.872,run:denoise:5,66.198,69.459,4.656,73.045
1110.373,run:denoise:5,69.459,69.459,4.654,73.045
1110.873,run:denoise:5,63.917,69.459,4.655,73.045
1111.374,run:denoise:5,64.295,69.459,4.655,73.045
1111.875,run:denoise:5,65.05,69.459,4.654,73.045
1112.376,run:denoise:5,65.05,69.459,4.654,73.045
1112.877,run:denoise:5,65.05,69.459,4.653,73.045
1113.378,run:denoise:5,65.05,69.459,4.653,73.045
1113.879,run:denoise:5,65.05,69.459,4.653,73.045
1114.379,run:denoise:5,65.05,69.459,4.653,73.045
1114.88,run:denoise:5,65.05,69.459,4.652,73.045
1115.381,run:denoise:5,65.05,69.459,4.652,73.045
1115.882,run:denoise:5,65.05,69.459,4.652,73.045
1116.382,run:denoise:5,65.05,69.459,4.655,73.045
1116.883,run:denoise:5,65.05,69.459,4.655,73.045
1117.384,run:denoise:5,65.05,69.459,4.655,73.045
1117.885,run:denoise:5,65.05,69.459,4.656,73.045
1118.386,run:denoise:5,65.05,69.459,4.655,73.045
1118.887,run:denoise:5,65.05,69.459,4.656,73.045
1119.388,run:denoise:5,65.05,69.459,4.656,73.045
1119.888,run:denoise:5,65.681,69.459,4.656,73.045
1120.389,run:denoise:5,69.459,69.459,4.656,73.045
1120.89,run:denoise:5,69.459,69.459,4.656,73.045
1121.391,run:denoise:5,65.428,69.459,4.656,73.045
1121.891,run:denoise:5,69.459,69.459,4.656,73.045
1122.392,run:denoise:5,67.332,69.459,4.656,73.045
1122.894,run:denoise:5,66.814,69.459,4.656,73.045
1123.394,run:denoise:5,69.459,69.459,4.656,73.045
1123.895,run:denoise:5,66.198,69.459,4.656,73.045
1124.396,run:denoise:5,69.459,69.459,4.656,73.045
1124.897,run:denoise:5,69.459,69.459,4.656,73.045
1125.397,run:denoise:5,65.428,69.459,4.655,73.045
1125.898,run:denoise:5,69.459,69.459,4.655,73.045
1126.399,run:denoise:5,67.699,69.459,4.656,73.045
1126.9,run:denoise:5,65.428,69.459,4.656,73.045
1127.401,run:denoise:5,69.459,69.459,4.656,73.045
1127.902,run:denoise:5,66.198,69.459,4.656,73.045
1128.403,run:denoise:5,69.459,69.459,4.656,73.045
1128.903,run:denoise:5,69.459,69.459,4.655,73.045
1129.404,run:denoise:5,63.917,69.459,4.655,73.045
1129.905,run:denoise:5,65.806,69.459,4.655,73.045
1130.406,run:denoise:5,65.05,69.459,4.657,73.045
1130.906,run:denoise:5,65.05,69.459,4.657,73.045
1131.407,run:denoise:5,65.05,69.459,4.657,73.045
1131.908,run:denoise:5,65.05,69.459,4.657,73.045
1132.408,run:denoise:5,65.05,69.459,4.656,73.045
1132.909,run:denoise:5,65.05,69.459,4.657,73.045
1133.411,run:denoise:5,65.05,69.459,4.656,73.045
1133.911,run:denoise:5,65.05,69.459,4.656,73.045
1134.412,run:denoise:5,65.05,69.459,4.656,73.045
1134.913,run:denoise:5,65.05,69.459,4.657,73.045
1135.414,run:denoise:5,65.05,69.459,4.656,73.045
1135.914,run:denoise:5,65.05,69.459,4.656,73.045
1136.415,run:denoise:5,65.05,69.459,4.662,73.045
1136.916,run:denoise:5,65.05,69.459,4.658,73.045
1137.417,run:denoise:5,65.05,69.459,4.658,73.045
1137.917,run:denoise:5,66.387,69.459,4.658,73.045
1138.419,run:denoise:5,69.459,69.459,4.658,73.045
1138.919,run:denoise:5,69.459,69.459,4.657,73.045
1139.42,run:denoise:5,65.681,69.459,4.657,73.045
1139.921,run:denoise:5,69.459,69.459,4.657,73.045
1140.422,run:denoise:5,69.459,69.459,4.657,73.045
1140.922,run:denoise:5,65.428,69.459,4.659,73.045
1141.423,run:denoise:5,69.459,69.459,4.659,73.045
1141.924,run:denoise:5,66.387,69.459,4.66,73.045
1142.425,run:denoise:5,69.459,69.459,4.66,73.045
1142.925,run:denoise:5,69.459,69.459,4.659,73.045
1143.426,run:denoise:5,65.681,69.459,4.659,73.045
1143.927,run:denoise:5,69.459,69.459,4.659,73.045
1144.428,run:denoise:5,69.459,69.459,4.659,73.045
1144.928,run:denoise:5,65.428,69.459,4.657,73.045
1145.429,run:denoise:5,69.459,69.459,4.658,73.045
1145.93,run:denoise:5,66.765,69.459,4.658,73.045
1146.431,run:denoise:5,69.459,69.459,4.662,73.045
1146.931,run:denoise:5,69.459,69.459,4.657,73.045
1147.432,run:denoise:5,63.918,69.459,4.657,73.045
1147.933,run:denoise:5,65.806,69.459,4.658,73.045
1148.434,run:denoise:5,65.05,69.459,4.664,73.045
1148.935,run:denoise:5,65.05,69.459,4.657,73.045
1149.436,run:denoise:5,65.05,69.459,4.658,73.045
1149.936,run:denoise:5,65.05,69.459,4.658,73.045
1150.437,run:denoise:5,65.05,69.459,4.662,73.045
1150.938,run:denoise:5,65.05,69.459,4.657,73.045
1151.439,run:denoise:5,65.05,69.459,4.656,73.045
1151.939,run:denoise:5,65.05,69.459,4.656,73.045
1152.44,run:denoise:5,65.05,69.459,4.663,73.045
1152.941,run:denoise:5,65.05,69.459,4.655,73.045
1153.442,run:denoise:5,65.05,69.459,4.656,73.045
1153.943,run:denoise:5,65.05,69.459,4.656,73.045
1154.444,run:denoise:5,65.05,69.459,4.655,73.045
1154.944,run:denoise:5,66.198,69.459,4.655,73.045
1155.445,run:denoise:5,69.459,69.459,4.655,73.045
1155.946,run:denoise:5,69.459,69.459,4.655,73.045
1156.447,run:denoise:5,65.806,69.459,4.656,73.045
1156.948,run:denoise:5,69.459,69.459,4.656,73.045
1157.448,run:denoise:5,67.443,69.459,4.656,73.045
1157.949,run:denoise:5,65.428,69.459,4.656,73.045
1158.45,run:denoise:5,69.459,69.459,4.657,73.045
1158.951,run:denoise:5,66.387,69.459,4.656,73.045
1159.452,run:denoise:5,69.459,69.459,4.656,73.045
1159.953,run:denoise:5,69.459,69.459,4.656,73.045
1160.453,run:denoise:5,65.681,69.459,4.657,73.045
1160.954,run:denoise:5,69.459,69.459,4.656,73.045
1161.455,run:denoise:5,69.459,69.459,4.656,73.045
1161.955,run:denoise:5,65.428,69.459,4.656,73.045
1162.456,run:denoise:5,69.459,69.459,4.655,73.045
1162.957,run:denoise:5,66.387,69.459,4.657,73.045
1163.458,run:denoise:5,69.459,69.459,4.656,73.045
1163.958,run:denoise:5,69.459,69.459,4.656,73.045
1164.46,run:denoise:5,63.918,69.459,4.658,73.045
1164.961,run:denoise:5,65.806,69.459,4.659,73.045
1165.461,run:denoise:5,65.05,69.459,4.657,73.045
1165.962,run:denoise:5,65.05,69.459,4.658,73.045
1166.463,run:denoise:5,65.05,69.459,4.657,73.045
1166.964,run:denoise:5,65.05,69.459,4.657,73.045
1167.464,run:denoise:5,65.05,69.459,4.657,73.045
1167.965,run:denoise:5,65.05,69.459,4.657,73.045
1168.466,run:denoise:5,65.05,69.459,4.658,73.045
1168.966,run:denoise:5,65.05,69.459,4.658,73.045
1169.468,run:denoise:5,65.05,69.459,4.659,73.045
1169.968,run:denoise:5,65.05,69.459,4.658,73.045
1170.469,run:denoise:5,65.05,69.459,4.658,73.045
1170.97,run:denoise:5,65.05,69.459,4.658,73.045
1171.471,run:denoise:5,69.459,69.459,4.658,73.045
1171.971,run:denoise:5,67.699,69.459,4.658,73.045
1172.472,run:denoise:5,65.428,69.459,4.657,73.045
1172.973,run:denoise:5,69.459,69.459,4.657,73.045
1173.474,run:denoise:5,66.198,69.459,4.657,73.045
1173.974,run:denoise:5,69.459,69.459,4.657,73.045
1174.475,run:denoise:5,69.459,69.459,4.657,73.045
1174.977,run:denoise:5,65.177,69.459,4.657,73.045
1175.477,run:denoise:5,69.459,69.459,4.656,73.045
1175.978,run:denoise:5,68.451,69.459,4.656,73.045
1176.479,run:denoise:5,65.428,69.459,4.658,73.045
1176.98,run:denoise:5,69.459,69.459,4.657,73.045
1177.48,run:denoise:5,66.387,69.459,4.658,73.045
1177.981,run:denoise:5,69.459,69.459,4.658,73.045
1178.482,run:denoise:5,69.459,69.459,4.658,73.045
1178.982,run:denoise:5,65.681,69.459,4.657,73.045
1179.483,run:denoise:5,69.459,69.459,4.658,73.045
1179.985,run:denoise:5,69.459,69.459,4.658,73.045
1180.485,run:denoise:5,65.05,69.459,4.659,73.045
1180.986,run:denoise:5,64.295,69.459,4.659,73.045
1181.487,run:denoise:5,65.05,69.459,4.659,73.045
1181.987,run:denoise:5,65.05,69.459,4.66,73.045
1182.488,run:denoise:5,65.05,69.459,4.661,73.045
1182.989,run:denoise:5,65.05,69.459,4.661,73.045
1183.49,run:denoise:5,65.05,69.459,4.659,73.045
1183.99,run:denoise:5,65.05,69.459,4.659,73.045
1184.491,run:denoise:5,65.05,69.459,4.66,73.045
1184.993,run:denoise:5,65.05,69.459,4.66,73.045
1185.493,run:denoise:5,65.05,69.459,4.658,73.045
1185.994,run:denoise:5,65.05,69.459,4.658,73.045
1186.495,run:denoise:5,65.05,69.459,4.657,73.045
1186.996,run:denoise:5,65.428,69.459,4.658,73.045
1187.496,run:denoise:5,69.459,69.459,4.658,73.045
1187.997,run:denoise:5,66.765,69.459,4.658,73.045
1188.498,run:denoise:5,69.459,69.459,4.658,73.045
1188.999,run:denoise:5,69.459,69.459,4.658,73.045
1189.499,run:denoise:5,66.696,69.459,4.658,73.045
1190.0,run:denoise:5,69.459,69.459,4.659,73.045
1190.501,run:denoise:5,69.459,69.459,4.658,73.045
1191.002,run:denoise:5,65.428,69.459,4.658,73.045
1191.503,run:denoise:5,69.459,69.459,4.657,73.045
1192.004,run:denoise:5,67.195,69.459,4.658,73.045
1192.504,run:denoise:5,65.428,69.459,4.657,73.045
1193.005,run:denoise:5,69.459,69.459,4.657,73.045
1193.506,run:denoise:5,66.198,69.459,4.657,73.045
1194.006,run:denoise:5,69.459,69.459,4.657,73.045
1194.507,run:denoise:5,69.459,69.459,4.656,73.045
1195.008,run:denoise:5,65.428,69.459,4.656,73.045
1195.509,run:denoise:5,69.459,69.459,4.657,73.045
1196.012,run:denoise:5,65.806,69.459,4.657,73.045
1196.513,init,63.134,69.459,4.657,73.045
1197.013,init,63.134,69.459,4.657,73.045
1197.514,init,63.134,69.459,4.658,73.045
1198.015,init,63.134,69.459,4.658,73.045
1198.516,init,63.134,69.459,4.659,73.045
1199.016,init,63.134,69.459,4.659,73.045
1199.517,init,63.134,69.459,4.657,73.045
1200.018,init,63.134,69.459,4.657,73.045
1200.519,init,63.134,69.459,4.657,73.045
1201.02,init,63.134,69.459,4.657,73.045
1201.521,init,63.134,69.459,4.657,73.045
1202.022,run:denoise:6,68.088,69.459,4.686,73.063
1202.522,run:denoise:6,65.066,69.459,4.685,73.063
1203.023,run:denoise:6,69.096,69.459,4.685,73.063
1203.524,run:denoise:6,66.199,69.459,4.686,73.063
1204.025,run:denoise:6,65.066,69.459,4.686,73.063
1204.525,run:denoise:6,69.096,69.459,4.686,73.063
1205.027,run:denoise:6,66.024,69.459,4.686,73.063
1205.527,run:denoise:6,69.096,69.459,4.686,73.063
1206.028,run:denoise:6,69.096,69.459,4.686,73.063
1206.529,run:denoise:6,65.318,69.459,4.687,73.063
1207.03,run:denoise:6,69.096,69.459,4.687,73.063
1207.53,run:denoise:6,69.096,69.459,4.687,73.063
1208.031,run:denoise:6,65.066,69.459,4.689,73.063
1208.532,run:denoise:6,69.096,69.459,4.686,73.063
1209.033,run:denoise:6,66.402,69.459,4.686,73.063
1209.533,run:denoise:6,69.096,69.459,4.686,73.063
1210.035,run:denoise:6,69.096,69.459,4.687,73.063
1210.535,run:denoise:6,65.318,69.459,4.687,73.063
1211.036,run:denoise:6,69.096,69.459,4.687,73.063
1211.537,run:denoise:6,69.096,69.459,4.687,73.063
1212.038,run:denoise:6,63.163,69.459,4.687,73.063
1212.538,run:denoise:6,63.163,69.459,4.685,73.063
1213.039,run:denoise:6,63.163,69.459,4.685,73.063
1213.54,run:denoise:6,63.163,69.459,4.685,73.063
1214.041,run:denoise:6,63.163,69.459,4.686,73.063
1214.541,run:denoise:6,63.163,69.459,4.686,73.063
1215.042,run:denoise:6,63.163,69.459,4.686,73.063
1215.543,run:denoise:6,63.163,69.459,4.686,73.063
1216.044,run:denoise:6,63.163,69.459,4.686,73.063
1216.545,run:denoise:6,63.163,69.459,4.687,73.063
1217.046,run:denoise:6,63.163,69.459,4.687,73.063
1217.547,run:denoise:6,65.079,69.487,4.687,73.063
1218.047,run:denoise:6,65.079,69.487,4.687,73.063
1218.548,run:denoise:6,69.487,69.487,4.687,73.063
1219.049,run:denoise:6,69.487,69.487,4.687,73.063
1219.549,run:denoise:6,66.227,69.487,4.687,73.063
1220.05,run:denoise:6,69.487,69.487,4.687,73.063
1220.552,run:denoise:6,69.487,69.487,4.686,73.063
1221.052,run:denoise:6,65.457,69.487,4.686,73.063
1221.553,run:denoise:6,69.487,69.487,4.686,73.063
1222.054,run:denoise:6,65.835,69.487,4.687,73.063
1222.555,run:denoise:6,65.457,69.487,4.685,73.063
1223.055,run:denoise:6,69.487,69.487,4.686,73.063
1223.556,run:denoise:6,66.227,69.487,4.687,73.063
1224.057,run:denoise:6,69.487,69.487,4.688,73.063
1224.558,run:denoise:6,69.487,69.487,4.676,73.063
1225.058,run:denoise:6,65.205,69.487,4.676,73.063
1225.56,run:denoise:6,69.487,69.487,4.677,73.063
1226.061,run:denoise:6,66.59,69.487,4.679,73.063
1226.561,run:denoise:6,65.457,69.487,4.681,73.063
1227.062,run:denoise:6,69.487,69.487,4.681,73.063
1227.563,run:denoise:6,66.416,69.487,4.683,73.063
1228.064,run:denoise:6,63.946,69.487,4.683,73.063
1228.564,run:denoise:6,65.835,69.487,4.684,73.063
1229.065,run:denoise:6,65.079,69.487,4.686,73.063
1229.566,run:denoise:6,65.079,69.487,4.686,73.063
1230.067,run:denoise:6,65.079,69.487,4.687,73.063
1230.567,run:denoise:6,65.079,69.487,4.686,73.063
1231.069,run:denoise:6,65.079,69.487,4.686,73.063
1231.569,run:denoise:6,65.079,69.487,4.686,73.063
1232.07,run:denoise:6,65.079,69.487,4.687,73.063
1232.571,run:denoise:6,65.079,69.487,4.688,73.063
1233.072,run:denoise:6,65.079,69.487,4.688,73.063
1233.572,run:denoise:6,65.079,69.487,4.686,73.063
1234.073,run:denoise:6,65.079,69.487,4.686,73.063
1234.574,run:denoise:6,65.079,69.487,4.686,73.063
1235.075,run:denoise:6,66.793,69.487,4.688,73.063
1235.575,run:denoise:6,69.487,69.487,4.687,73.063
1236.077,run:denoise:6,69.487,69.487,4.688,73.063
1236.578,run:denoise:6,67.486,69.487,4.688,73.063
1237.078,run:denoise:6,69.487,69.487,4.688,73.063
1237.579,run:denoise:6,69.487,69.487,4.689,73.063
1238.08,run:denoise:6,65.457,69.487,4.688,73.063
1238.581,run:denoise:6,69.487,69.487,4.677,73.063
1239.081,run:denoise:6,67.728,69.487,4.677,73.063
1239.582,run:denoise:6,65.457,69.487,4.677,73.063
1240.083,run:denoise:6,69.487,69.487,4.682,73.063
1240.584,run:denoise:6,66.227,69.487,4.683,73.063
1241.084,run:denoise:6,69.487,69.487,4.683,73.063
1241.586,run:denoise:6,69.487,69.487,4.683,73.063
1242.086,run:denoise:6,65.835,69.487,4.683,73.063
1242.587,run:denoise:6,69.487,69.487,4.683,73.063
1243.088,run:denoise:6,65.835,69.487,4.683,73.063
1243.589,run:denoise:6,65.457,69.487,4.684,73.063
1244.089,run:denoise:6,69.487,69.487,4.686,73.063
1244.59,run:denoise:6,63.217,69.487,4.678,73.063
1245.091,run:denoise:6,64.323,69.487,4.679,73.063
1245.592,run:denoise:6,65.079,69.487,4.677,73.063
1246.092,run:denoise:6,65.079,69.487,4.679,73.063
1246.594,run:denoise:6,65.079,69.487,4.679,73.063
1247.095,run:denoise:6,65.079,69.487,4.682,73.063
1247.596,run:denoise:6,65.079,69.487,4.683,73.063
1248.096,run:denoise:6,65.079,69.487,4.683,73.063
1248.597,run:denoise:6,65.079,69.487,4.678,73.063
1249.098,run:denoise:6,65.079,69.487,4.679,73.063
1249.599,run:denoise:6,65.079,69.487,4.679,73.063
1250.099,run:denoise:6,65.079,69.487,4.68,73.063
1250.6,run:denoise:6,65.079,69.487,4.681,73.063
1251.101,run:denoise:6,65.079,69.487,4.681,73.063
1251.602,run:denoise:6,65.079,69.487,4.684,73.063
1252.102,run:denoise:6,65.079,69.487,4.684,73.063
1252.603,run:denoise:6,65.079,69.487,4.686,73.063
1253.104,run:denoise:6,69.487,69.487,4.686,73.063
1253.604,run:denoise:6,65.457,69.487,4.686,73.063
1254.105,run:denoise:6,69.487,69.487,4.686,73.063
1254.606,run:denoise:6,66.793,69.487,4.687,73.063
1255.107,run:denoise:6,69.487,69.487,4.687,73.063
1255.607,run:denoise:6,69.487,69.487,4.688,73.063
1256.108,run:denoise:6,65.709,69.487,4.688,73.063
1256.609,run:denoise:6,69.487,69.487,4.69,73.063
1257.11,run:denoise:6,69.487,69.487,4.69,73.063
1257.611,run:denoise:6,65.457,69.487,4.691,73.063
1258.112,run:denoise:6,69.487,69.487,4.691,73.063
1258.612,run:denoise:6,67.36,69.487,4.691,73.063
1259.113,run:denoise:6,69.487,69.487,4.691,73.063
1259.614,run:denoise:6,69.487,69.487,4.691,73.063
1260.115,run:denoise:6,67.737,69.487,4.691,73.063
1260.615,run:denoise:6,69.487,69.487,4.691,73.063
1261.116,run:denoise:6,69.487,69.487,4.691,73.063
1261.617,run:denoise:6,65.457,69.487,4.691,73.063
1262.118,run:denoise:6,69.487,69.487,4.691,73.063
1262.621,run:denoise:6,63.947,69.487,4.692,73.063
1263.122,run:denoise:6,65.835,69.487,4.692,73.063
1263.622,run:denoise:6,65.079,69.487,4.691,73.063
1264.123,run:denoise:6,65.079,69.487,4.691,73.063
1264.624,run:denoise:6,65.079,69.487,4.692,73.063
1265.125,run:denoise:6,65.079,69.487,4.692,73.063
1265.625,run:denoise:6,65.079,69.487,4.692,73.063
1266.126,run:denoise:6,65.079,69.487,4.691,73.063
1266.627,run:denoise:6,65.079,69.487,4.692,73.063
1267.128,run:denoise:6,65.079,69.487,4.692,73.063
1267.629,run:denoise:6,65.079,69.487,4.692,73.063
1268.13,run:denoise:6,65.079,69.487,4.692,73.063
1268.631,run:denoise:6,65.079,69.487,4.693,73.063
1269.131,run:denoise:6,65.079,69.487,4.693,73.063
1269.632,run:denoise:6,65.079,69.487,4.691,73.063
1270.133,run:denoise:6,65.079,69.487,4.691,73.063
1270.633,run:denoise:6,65.079,69.487,4.69,73.063
1271.134,run:denoise:6,65.079,69.487,4.69,73.063
1271.635,run:denoise:6,65.457,69.487,4.691,73.063
1272.136,run:denoise:6,69.487,69.487,4.691,73.063
1272.637,run:denoise:6,66.416,69.487,4.691,73.063
1273.138,run:denoise:6,69.487,69.487,4.691,73.063
1273.638,run:denoise:6,69.487,69.487,4.691,73.063
1274.139,run:denoise:6,65.709,69.487,4.692,73.063
1274.64,run:denoise:6,69.487,69.487,4.693,73.063
1275.141,run:denoise:6,69.487,69.487,4.693,73.063
1275.642,run:denoise:6,65.457,69.487,4.692,73.063
1276.142,run:denoise:6,69.487,69.487,4.692,73.063
1276.643,run:denoise:6,66.794,69.487,4.692,73.063
1277.144,run:denoise:6,69.487,69.487,4.692,73.063
1277.645,run:denoise:6,69.487,69.487,4.692,73.063
1278.146,run:denoise:6,65.709,69.487,4.692,73.063
1278.647,run:denoise:6,69.487,69.487,4.692,73.063
1279.147,run:denoise:6,69.487,69.487,4.692,73.063
1279.648,run:denoise:6,65.457,69.487,4.692,73.063
1280.149,run:denoise:6,69.487,69.487,4.692,73.063
1280.65,run:denoise:6,66.794,69.487,4.691,73.063
1281.15,run:denoise:6,63.946,69.487,4.691,73.063
1281.651,run:denoise:6,65.835,69.487,4.691,73.063
1282.152,run:denoise:6,65.079,69.487,4.692,73.063
1282.653,run:denoise:6,65.079,69.487,4.692,73.063
1283.154,run:denoise:6,65.079,69.487,4.693,73.063
1283.655,run:denoise:6,65.079,69.487,4.693,73.063
1284.156,run:denoise:6,65.079,69.487,4.693,73.063
1284.656,run:denoise:6,65.079,69.487,4.691,73.063
1285.157,run:denoise:6,65.079,69.487,4.691,73.063
1285.658,run:denoise:6,65.079,69.487,4.691,73.063
1286.159,run:denoise:6,65.079,69.487,4.691,73.063
1286.66,run:denoise:6,65.079,69.487,4.693,73.063
1287.16,run:denoise:6,65.079,69.487,4.692,73.063
1287.661,run:denoise:6,65.079,69.487,4.692,73.063
1288.163,run:denoise:6,65.079,69.487,4.693,73.063
1288.664,run:denoise:6,65.079,69.487,4.692,73.063
1289.164,run:denoise:6,65.079,69.487,4.691,73.063
1289.665,run:denoise:6,65.457,69.487,4.691,73.063
1290.166,run:denoise:6,69.487,69.487,4.692,73.063
1290.667,run:denoise:6,67.36,69.487,4.692,73.063
1291.167,run:denoise:6,66.212,69.487,4.691,73.063
1291.668,run:denoise:6,69.487,69.487,4.69,73.063
1292.169,run:denoise:6,66.227,69.487,4.691,73.063
1292.669,run:denoise:6,69.487,69.487,4.691,73.063
1293.171,run:denoise:6,69.487,69.487,4.692,73.063
1293.672,run:denoise:6,65.457,69.487,4.692,73.063
1294.173,run:denoise:6,69.487,69.487,4.692,73.063
1294.673,run:denoise:6,65.835,69.487,4.691,73.063
1295.174,run:denoise:6,65.457,69.487,4.692,73.063
1295.675,run:denoise:6,69.487,69.487,4.692,73.063
1296.176,run:denoise:6,66.227,69.487,4.692,73.063
1296.676,run:denoise:6,69.487,69.487,4.692,73.063
1297.177,run:denoise:6,69.487,69.487,4.693,73.063
1297.678,run:denoise:6,65.457,69.487,4.693,73.063
1298.179,run:denoise:6,69.487,69.487,4.693,73.063
1298.679,run:denoise:6,65.835,69.487,4.692,73.063
1299.18,run:denoise:6,63.946,69.487,4.69,73.063
1299.681,run:denoise:6,65.835,69.487,4.69,73.063
1300.182,run:denoise:6,65.079,69.487,4.691,73.063
1300.682,run:denoise:6,65.079,69.487,4.69,73.063
1301.183,run:denoise:6,65.079,69.487,4.689,73.063
1301.684,run:denoise:6,65.079,69.487,4.689,73.063
1302.185,run:denoise:6,65.079,69.487,4.689,73.063
1302.685,run:denoise:6,65.079,69.487,4.687,73.063
1303.186,run:denoise:6,65.079,69.487,4.69,73.063
1303.688,run:denoise:6,65.079,69.487,4.69,73.063
1304.188,run:denoise:6,65.079,69.487,4.69,73.063
1304.689,run:denoise:6,65.079,69.487,4.69,73.063
1305.19,run:denoise:6,65.079,69.487,4.692,73.063
1305.691,run:denoise:6,65.079,69.487,4.692,73.063
1306.191,run:denoise:6,65.079,69.487,4.692,73.063
1306.692,run:denoise:6,65.457,69.487,4.694,73.063
1307.193,run:denoise:6,69.487,69.487,4.694,73.063
1307.694,run:denoise:6,66.793,69.487,4.694,73.063
1308.194,run:denoise:6,69.487,69.487,4.694,73.063
1308.696,run:denoise:6,69.487,69.487,4.693,73.063
1309.197,run:denoise:6,66.725,69.487,4.692,73.063
1309.697,run:denoise:6,69.487,69.487,4.692,73.063
1310.198,run:denoise:6,69.487,69.487,4.692,73.063
1310.699,run:denoise:6,65.457,69.487,4.692,73.063
1311.2,run:denoise:6,69.487,69.487,4.693,73.063
1311.7,run:denoise:6,67.221,69.487,4.693,73.063
1312.201,run:denoise:6,64.323,69.487,4.692,73.063
1312.702,run:denoise:6,69.487,69.487,4.692,73.063
1313.203,run:denoise:6,66.227,69.487,4.693,73.063
1313.703,run:denoise:6,69.487,69.487,4.692,73.063
1314.204,run:denoise:6,69.487,69.487,4.692,73.063
1314.705,run:denoise:6,65.457,69.487,4.692,73.063
1315.206,run:denoise:6,69.487,69.487,4.693,73.063
1315.706,run:denoise:6,67.728,69.487,4.694,73.063
1316.207,run:denoise:6,63.946,69.487,4.694,73.063
1316.708,run:denoise:6,65.835,69.487,4.693,73.063
1317.21,run:denoise:6,65.079,69.487,4.696,73.063
1317.71,run:denoise:6,65.079,69.487,4.696,73.063
1318.211,run:denoise:6,65.079,69.487,4.696,73.063
1318.712,run:denoise:6,65.079,69.487,4.696,73.063
1319.213,run:denoise:6,65.079,69.487,4.695,73.063
1319.714,run:denoise:6,65.079,69.487,4.695,73.063
1320.215,run:denoise:6,65.079,69.487,4.695,73.063
1320.716,run:denoise:6,65.079,69.487,4.695,73.063
1321.216,run:denoise:6,65.079,69.487,4.695,73.063
1321.717,run:denoise:6,65.079,69.487,4.695,73.063
1322.218,run:denoise:6,65.079,69.487,4.694,73.063
1322.719,run:denoise:6,65.079,69.487,4.693,73.063
1323.219,run:denoise:6,69.487,69.487,4.694,73.063
1323.72,run:denoise:6,65.709,69.487,4.694,73.063
1324.221,run:denoise:6,69.487,69.487,4.693,73.063
1324.722,run:denoise:6,69.487,69.487,4.693,73.063
1325.223,run:denoise:6,65.457,69.487,4.694,73.063
1325.724,run:denoise:6,69.487,69.487,4.694,73.063
1326.224,run:denoise:6,67.36,69.487,4.694,73.063
1326.725,run:denoise:6,69.487,69.487,4.694,73.063
1327.226,run:denoise:6,69.487,69.487,4.694,73.063
1327.727,run:denoise:6,66.227,69.487,4.695,73.063
1328.228,run:denoise:6,69.487,69.487,4.694,73.063
1328.728,run:denoise:6,69.487,69.487,4.694,73.063
1329.229,run:denoise:6,65.457,69.487,4.694,73.063
1329.73,run:denoise:6,69.487,69.487,4.695,73.063
1330.231,run:denoise:6,65.835,69.487,4.694,73.063
1330.732,run:denoise:6,65.457,69.487,4.695,73.063
1331.233,run:denoise:6,69.487,69.487,4.695,73.063
1331.733,run:denoise:6,66.227,69.487,4.695,73.063
1332.234,run:denoise:6,69.487,69.487,4.695,73.063
1332.735,run:denoise:6,64.323,69.487,4.696,73.063
1333.236,run:denoise:6,66.843,69.487,4.699,73.063
1333.736,run:denoise:6,65.079,69.487,4.7,73.063
1334.237,run:denoise:6,65.079,69.487,4.694,73.063
1334.738,run:denoise:6,65.079,69.487,4.693,73.063
1335.239,run:denoise:6,65.079,69.487,4.693,73.063
1335.74,run:denoise:6,65.079,69.487,4.693,73.063
1336.241,run:denoise:6,65.079,69.487,4.693,73.063
1336.741,run:denoise:6,65.079,69.487,4.693,73.063
1337.242,run:denoise:6,65.079,69.487,4.693,73.063
1337.743,run:denoise:6,65.079,69.487,4.692,73.063
1338.244,run:denoise:6,65.079,69.487,4.692,73.063
1338.745,run:denoise:6,69.487,69.487,4.693,73.063
1339.245,run:denoise:6,69.487,69.487,4.694,73.063
1339.746,run:denoise:6,65.709,69.487,4.694,73.063
1340.247,run:denoise:6,69.487,69.487,4.694,73.063
1340.748,run:denoise:6,69.487,69.487,4.692,73.063
1341.248,run:denoise:6,65.457,69.487,4.692,73.063
1341.749,run:denoise:6,69.487,69.487,4.692,73.063
1342.25,run:denoise:6,66.982,69.487,4.692,73.063
1342.751,run:denoise:6,69.487,69.487,4.692,73.063
1343.251,run:denoise:6,69.487,69.487,4.693,73.063
1343.752,run:denoise:6,67.36,69.487,4.694,73.063
1344.253,run:denoise:6,69.487,69.487,4.694,73.063
1344.754,run:denoise:6,69.487,69.487,4.694,73.063
1345.255,run:denoise:6,65.457,69.487,4.693,73.063
1345.756,run:denoise:6,69.487,69.487,4.693,73.063
1346.256,run:denoise:6,67.728,69.487,4.693,73.063
1346.757,run:denoise:6,65.457,69.487,4.694,73.063
1347.258,run:denoise:6,69.487,69.487,4.694,73.063
1347.759,run:denoise:6,66.227,69.487,4.692,73.063
1348.259,init,63.163,69.487,4.693,73.063
1348.76,init,63.163,69.487,4.693,73.063
1349.261,init,63.163,69.487,4.693,73.063
1349.762,init,63.163,69.487,4.694,73.063
1350.263,init,63.163,69.487,4.694,73.063
1350.764,init,63.163,69.487,4.693,73.063
1351.265,init,63.163,69.487,4.693,73.063
1351.765,init,63.163,69.487,4.693,73.063
1352.266,init,63.163,69.487,4.693,73.063
1352.767,init,63.163,69.487,4.692,73.063
1353.268,init,63.163,69.487,4.692,73.063
1353.768,run:denoise:7,65.85,69.487,4.722,73.08
1354.269,run:denoise:7,65.094,69.487,4.723,73.08
1354.771,run:denoise:7,69.126,69.487,4.722,73.08
1355.271,run:denoise:7,66.053,69.487,4.722,73.08
1355.772,run:denoise:7,69.126,69.487,4.723,73.08
1356.273,run:denoise:7,69.126,69.487,4.723,73.08
1356.774,run:denoise:7,65.347,69.487,4.722,73.08
1357.274,run:denoise:7,69.126,69.487,4.722,73.08
1357.775,run:denoise:7,69.126,69.487,4.722,73.08
1358.276,run:denoise:7,65.094,69.487,4.724,73.08
1358.777,run:denoise:7,69.126,69.487,4.725,73.08
1359.277,run:denoise:7,66.431,69.487,4.724,73.08
1359.779,run:denoise:7,69.126,69.487,4.724,73.08
1360.28,run:denoise:7,69.126,69.487,4.724,73.08
1360.78,run:denoise:7,65.347,69.487,4.725,73.08
1361.281,run:denoise:7,69.126,69.487,4.725,73.08
1361.782,run:denoise:7,69.126,69.487,4.723,73.08
1362.283,run:denoise:7,65.094,69.487,4.723,73.08
1362.783,run:denoise:7,69.126,69.487,4.723,73.08
1363.284,run:denoise:7,66.431,69.487,4.723,73.08
1363.785,run:denoise:7,63.192,69.487,4.723,73.08
1364.286,run:denoise:7,63.192,69.487,4.723,73.08
1364.786,run:denoise:7,63.192,69.487,4.723,73.08
1365.288,run:denoise:7,63.192,69.487,4.723,73.08
1365.789,run:denoise:7,63.192,69.487,4.723,73.08
1366.289,run:denoise:7,63.192,69.487,4.723,73.08
1366.79,run:denoise:7,63.192,69.487,4.724,73.08
1367.291,run:denoise:7,63.192,69.487,4.724,73.08
1367.792,run:denoise:7,63.192,69.487,4.724,73.08
1368.292,run:denoise:7,63.192,69.487,4.725,73.08
1368.793,run:denoise:7,63.192,69.487,4.725,73.08
1369.294,run:denoise:7,65.108,69.517,4.724,73.08
1369.795,run:denoise:7,65.108,69.517,4.724,73.08
1370.296,run:denoise:7,65.108,69.517,4.725,73.08
1370.797,run:denoise:7,69.517,69.517,4.723,73.08
1371.298,run:denoise:7,65.486,69.517,4.723,73.08
1371.798,run:denoise:7,69.517,69.517,4.723,73.08
1372.299,run:denoise:7,67.389,69.517,4.724,73.08
1372.8,run:denoise:7,66.241,69.517,4.723,73.08
1373.301,run:denoise:7,69.517,69.517,4.723,73.08
1373.802,run:denoise:7,66.256,69.517,4.723,73.08
1374.302,run:denoise:7,69.517,69.517,4.724,73.08
1374.803,run:denoise:7,69.517,69.517,4.724,73.08
1375.304,run:denoise:7,65.486,69.517,4.724,73.08
1375.804,run:denoise:7,69.517,69.517,4.724,73.08
1376.305,run:denoise:7,67.124,69.517,4.724,73.08
1376.806,run:denoise:7,65.486,69.517,4.723,73.08
1377.307,run:denoise:7,69.517,69.517,4.723,73.08
1377.807,run:denoise:7,66.256,69.517,4.723,73.08
1378.308,run:denoise:7,69.517,69.517,4.723,73.08
1378.809,run:denoise:7,69.517,69.517,4.722,73.08
1379.31,run:denoise:7,65.486,69.517,4.723,73.08
1379.81,run:denoise:7,69.517,69.517,4.723,73.08
1380.311,run:denoise:7,63.975,69.517,4.723,73.08
1380.813,run:denoise:7,66.871,69.517,4.723,73.08
1381.313,run:denoise:7,65.108,69.517,4.724,73.08
1381.814,run:denoise:7,65.108,69.517,4.725,73.08
1382.315,run:denoise:7,65.108,69.517,4.724,73.08
1382.816,run:denoise:7,65.108,69.517,4.724,73.08
1383.316,run:denoise:7,65.108,69.517,4.724,73.08
1383.817,run:denoise:7,65.108,69.517,4.724,73.08
1384.318,run:denoise:7,65.108,69.517,4.724,73.08
1384.819,run:denoise:7,65.108,69.517,4.725,73.08
1385.319,run:denoise:7,65.108,69.517,4.724,73.08
1385.821,run:denoise:7,65.108,69.517,4.724,73.08
1386.321,run:denoise:7,65.108,69.517,4.725,73.08
1386.822,run:denoise:7,65.108,69.517,4.725,73.08
1387.323,run:denoise:7,65.108,69.517,4.724,73.08
1387.824,run:denoise:7,67.502,69.517,4.724,73.08
1388.327,run:denoise:7,65.486,69.517,4.724,73.08
1388.827,run:denoise:7,69.517,69.517,4.725,73.08
1389.328,run:denoise:7,66.445,69.517,4.724,73.08
1389.829,run:denoise:7,69.517,69.517,4.722,73.08
1390.33,run:denoise:7,69.517,69.517,4.722,73.08
1390.83,run:denoise:7,65.738,69.517,4.722,73.08
1391.331,run:denoise:7,69.517,69.517,4.721,73.08
1391.832,run:denoise:7,69.517,69.517,4.721,73.08
1392.333,run:denoise:7,65.486,69.517,4.722,73.08
1392.834,run:denoise:7,69.517,69.517,4.72,73.08
1393.335,run:denoise:7,66.822,69.517,4.721,73.08
1393.836,run:denoise:7,69.517,69.517,4.721,73.08
1394.336,run:denoise:7,69.517,69.517,4.721,73.08
1394.837,run:denoise:7,65.738,69.517,4.72,73.08
1395.338,run:denoise:7,69.517,69.517,4.721,73.08
1395.838,run:denoise:7,69.517,69.517,4.721,73.08
1396.34,run:denoise:7,65.486,69.517,4.721,73.08
1396.843,run:denoise:7,69.517,69.517,4.725,73.08
1397.343,run:denoise:7,63.975,69.517,4.724,73.08
1397.844,run:denoise:7,65.864,69.517,4.724,73.08
1398.345,run:denoise:7,65.108,69.517,4.725,73.08
1398.846,run:denoise:7,65.108,69.517,4.725,73.08
1399.346,run:denoise:7,65.108,69.517,4.725,73.08
1399.847,run:denoise:7,65.108,69.517,4.725,73.08
1400.348,run:denoise:7,65.108,69.517,4.725,73.08
1400.849,run:denoise:7,65.108,69.517,4.724,73.08
1401.35,run:denoise:7,65.108,69.517,4.724,73.08
1401.851,run:denoise:7,65.108,69.517,4.724,73.08
1402.351,run:denoise:7,65.108,69.517,4.724,73.08
1402.852,run:denoise:7,65.108,69.517,4.723,73.08
1403.353,run:denoise:7,65.107,69.517,4.724,73.08
1403.854,run:denoise:7,65.108,69.517,4.724,73.08
1404.354,run:denoise:7,65.108,69.517,4.725,73.08
1404.855,run:denoise:7,65.108,69.517,4.727,73.08
1405.356,run:denoise:7,69.517,69.517,4.726,73.08
1405.857,run:denoise:7,69.517,69.517,4.726,73.08
1406.357,run:denoise:7,65.486,69.517,4.726,73.08
1406.859,run:denoise:7,69.517,69.517,4.726,73.08
1407.36,run:denoise:7,66.619,69.517,4.726,73.08
1407.86,run:denoise:7,65.486,69.517,4.726,73.08
1408.361,run:denoise:7,69.517,69.517,4.726,73.08
1408.862,run:denoise:7,66.445,69.517,4.726,73.08
1409.362,run:denoise:7,69.517,69.517,4.727,73.08
1409.863,run:denoise:7,69.517,69.517,4.727,73.08
1410.364,run:denoise:7,65.738,69.517,4.727,73.08
1410.865,run:denoise:7,69.517,69.517,4.726,73.08
1411.365,run:denoise:7,69.517,69.517,4.726,73.08
1411.867,run:denoise:7,65.486,69.517,4.725,73.08
1412.367,run:denoise:7,69.517,69.517,4.723,73.08
1412.868,run:denoise:7,66.445,69.517,4.722,73.08
1413.369,run:denoise:7,69.517,69.517,4.722,73.08
1413.87,run:denoise:7,69.517,69.517,4.722,73.08
1414.37,run:denoise:7,65.738,69.517,4.722,73.08
1414.871,run:denoise:7,63.975,69.517,4.724,73.08
1415.372,run:denoise:7,65.864,69.517,4.724,73.08
1415.884,run:denoise:7,65.108,69.517,4.738,73.08
1416.384,run:denoise:7,65.108,69.517,4.724,73.08
1416.885,run:denoise:7,65.108,69.517,4.725,73.08
1417.387,run:denoise:7,65.108,69.517,4.724,73.08
1417.887,run:denoise:7,65.108,69.517,4.725,73.08
1418.388,run:denoise:7,65.108,69.517,4.725,73.08
1418.889,run:denoise:7,65.108,69.517,4.722,73.08
1419.39,run:denoise:7,65.108,69.517,4.723,73.08
1419.89,run:denoise:7,65.108,69.517,4.723,73.08
1420.391,run:denoise:7,65.108,69.517,4.723,73.08
1420.892,run:denoise:7,65.108,69.517,4.723,73.08
1421.393,run:denoise:7,65.108,69.517,4.723,73.08
1421.893,run:denoise:7,65.108,69.517,4.724,73.08
1422.395,run:denoise:7,65.108,69.517,4.724,73.08
1422.895,run:denoise:7,65.108,69.517,4.725,73.08
1423.396,run:denoise:7,65.108,69.517,4.725,73.08
1423.897,run:denoise:7,69.517,69.517,4.725,73.08
1424.398,run:denoise:7,65.486,69.517,4.725,73.08
1424.898,run:denoise:7,69.517,69.517,4.725,73.08
1425.399,run:denoise:7,67.253,69.517,4.725,73.08
1425.9,run:denoise:7,65.486,69.517,4.724,73.08
1426.401,run:denoise:7,69.517,69.517,4.725,73.08
1426.901,run:denoise:7,66.256,69.517,4.724,73.08
1427.403,run:denoise:7,69.517,69.517,4.724,73.08
1427.903,run:denoise:7,69.517,69.517,4.724,73.08
1428.404,run:denoise:7,65.486,69.517,4.724,73.08
1428.905,run:denoise:7,69.517,69.517,4.725,73.08
1429.406,run:denoise:7,66.241,69.517,4.724,73.08
1429.906,run:denoise:7,65.486,69.517,4.724,73.08
1430.407,run:denoise:7,69.517,69.517,4.724,73.08
1430.908,run:denoise:7,66.445,69.517,4.725,73.08
1431.409,run:denoise:7,69.517,69.517,4.725,73.08
1431.909,run:denoise:7,69.517,69.517,4.725,73.08
1432.41,run:denoise:7,65.234,69.517,4.725,73.08
1432.911,run:denoise:7,69.517,69.517,4.725,73.08
1433.412,run:denoise:7,63.966,69.517,4.724,73.08
1433.912,run:denoise:7,64.352,69.517,4.724,73.08
1434.413,run:denoise:7,65.108,69.517,4.725,73.08
1434.914,run:denoise:7,65.108,69.517,4.726,73.08
1435.415,run:denoise:7,65.108,69.517,4.725,73.08
1435.915,run:denoise:7,65.108,69.517,4.726,73.08
1436.416,run:denoise:7,65.108,69.517,4.726,73.08
1436.917,run:denoise:7,65.108,69.517,4.725,73.08
1437.418,run:denoise:7,65.108,69.517,4.724,73.08
1437.919,run:denoise:7,65.108,69.517,4.724,73.08
1438.42,run:denoise:7,65.108,69.517,4.727,73.08
1438.92,run:denoise:7,65.108,69.517,4.724,73.08
1439.421,run:denoise:7,65.108,69.517,4.724,73.08
1439.922,run:denoise:7,65.108,69.517,4.724,73.08
1440.423,run:denoise:7,65.108,69.517,4.725,73.08
1440.923,run:denoise:7,65.108,69.517,4.725,73.08
1441.424,run:denoise:7,65.108,69.517,4.725,73.08
1441.925,run:denoise:7,69.517,69.517,4.725,73.08
1442.426,run:denoise:7,65.738,69.517,4.727,73.08
1442.927,run:denoise:7,69.517,69.517,4.725,73.08
1443.428,run:denoise:7,69.517,69.517,4.724,73.08
1443.928,run:denoise:7,65.486,69.517,4.725,73.08
1444.429,run:denoise:7,69.517,69.517,4.73,73.08
1444.93,run:denoise:7,66.445,69.517,4.724,73.08
1445.431,run:denoise:7,69.517,69.517,4.725,73.08
1445.931,run:denoise:7,69.517,69.517,4.724,73.08
1446.432,run:denoise:7,65.738,69.517,4.723,73.08
1446.933,run:denoise:7,69.517,69.517,4.723,73.08
1447.434,run:denoise:7,69.517,69.517,4.724,73.08
1447.934,run:denoise:7,65.486,69.517,4.724,73.08
1448.435,run:denoise:7,69.517,69.517,4.729,73.08
1448.936,run:denoise:7,66.822,69.517,4.725,73.08
1449.436,run:denoise:7,69.517,69.517,4.726,73.08
1449.937,run:denoise:7,69.517,69.517,4.726,73.08
1450.438,run:denoise:7,65.738,69.517,4.73,73.08
1450.939,run:denoise:7,69.517,69.517,4.724,73.08
1451.439,run:denoise:7,63.975,69.517,4.724,73.08
1451.94,run:denoise:7,64.352,69.517,4.724,73.08
1452.441,run:denoise:7,65.108,69.517,4.732,73.08
1452.942,run:denoise:7,65.108,69.517,4.725,73.08
1453.443,run:denoise:7,65.108,69.517,4.725,73.08
1453.944,run:denoise:7,65.108,69.517,4.725,73.08
1454.445,run:denoise:7,65.108,69.517,4.731,73.08
1454.945,run:denoise:7,65.108,69.517,4.724,73.08
1455.446,run:denoise:7,65.108,69.517,4.725,73.08
1455.947,run:denoise:7,65.108,69.517,4.724,73.08
1456.448,run:denoise:7,65.108,69.517,4.724,73.08
1456.948,run:denoise:7,65.108,69.517,4.725,73.08
1457.449,run:denoise:7,65.108,69.517,4.724,73.08
1457.95,run:denoise:7,65.108,69.517,4.724,73.08
1458.451,run:denoise:7,65.108,69.517,4.724,73.08
1458.952,run:denoise:7,69.517,69.517,4.724,73.08
1459.453,run:denoise:7,65.738,69.517,4.723,73.08
1459.954,run:denoise:7,69.517,69.517,4.724,73.08
1460.454,run:denoise:7,69.517,69.517,4.724,73.08
1460.955,run:denoise:7,65.486,69.517,4.724,73.08
1461.456,run:denoise:7,69.517,69.517,4.725,73.08
1461.956,run:denoise:7,66.822,69.517,4.725,73.08
1462.457,run:denoise:7,69.517,69.517,4.724,73.08
1462.958,run:denoise:7,69.517,69.517,4.725,73.08
1463.459,run:denoise:7,65.738,69.517,4.725,73.08
1463.96,run:denoise:7,69.517,69.517,4.725,73.08
1464.461,run:denoise:7,69.517,69.517,4.725,73.08
1464.962,run:denoise:7,65.486,69.517,4.724,73.08
1465.462,run:denoise:7,69.517,69.517,4.725,73.08
1465.963,run:denoise:7,67.011,69.517,4.726,73.08
1466.464,run:denoise:7,69.517,69.517,4.725,73.08
1466.965,run:denoise:7,69.517,69.517,4.725,73.08
1467.466,run:denoise:7,66.754,69.517,4.726,73.08
1467.966,run:denoise:7,69.517,69.517,4.726,73.08
1468.467,run:denoise:7,64.352,69.517,4.726,73.08
1468.968,run:denoise:7,66.871,69.517,4.726,73.08
1469.469,run:denoise:7,65.108,69.517,4.726,73.08
1469.97,run:denoise:7,65.108,69.517,4.726,73.08
1470.471,run:denoise:7,65.108,69.517,4.726,73.08
1470.971,run:denoise:7,65.108,69.517,4.726,73.08
1471.472,run:denoise:7,65.108,69.517,4.726,73.08
1471.973,run:denoise:7,65.108,69.517,4.725,73.08
1472.474,run:denoise:7,65.108,69.517,4.724,73.08
1472.974,run:denoise:7,65.108,69.517,4.724,73.08
1473.475,run:denoise:7,65.108,69.517,4.724,73.08
1473.976,run:denoise:7,65.108,69.517,4.724,73.08
1474.477,run:denoise:7,65.108,69.517,4.725,73.08
1474.977,run:denoise:7,67.757,69.517,4.724,73.08
1475.478,run:denoise:7,65.486,69.517,4.723,73.08
1475.979,run:denoise:7,69.517,69.517,4.724,73.08
1476.479,run:denoise:7,66.256,69.517,4.725,73.08
1476.98,run:denoise:7,69.517,69.517,4.725,73.08
1477.481,run:denoise:7,69.517,69.517,4.724,73.08
1477.982,run:denoise:7,65.738,69.517,4.724,73.08
1478.483,run:denoise:7,69.517,69.517,4.725,73.08
1478.983,run:denoise:7,69.517,69.517,4.725,73.08
1479.485,run:denoise:7,65.486,69.517,4.725,73.08
1479.985,run:denoise:7,69.517,69.517,4.724,73.08
1480.486,run:denoise:7,66.445,69.517,4.725,73.08
1480.987,run:denoise:7,69.517,69.517,4.725,73.08
1481.488,run:denoise:7,69.517,69.517,4.724,73.08
1481.988,run:denoise:7,65.738,69.517,4.724,73.08
1482.489,run:denoise:7,69.517,69.517,4.721,73.08
1482.99,run:denoise:7,69.517,69.517,4.721,73.08
1483.491,run:denoise:7,65.486,69.517,4.721,73.08
1483.991,run:denoise:7,69.517,69.517,4.722,73.08
1484.493,run:denoise:7,63.205,69.517,4.722,73.08
1484.993,run:denoise:7,64.352,69.517,4.722,73.08
1485.494,run:denoise:7,65.108,69.517,4.723,73.08
1485.995,run:denoise:7,65.108,69.517,4.722,73.08
1486.496,run:denoise:7,65.108,69.517,4.723,73.08
1486.996,run:denoise:7,65.108,69.517,4.723,73.08
1487.497,run:denoise:7,65.108,69.517,4.723,73.08
1487.998,run:denoise:7,65.108,69.517,4.723,73.08
1488.499,run:denoise:7,65.108,69.517,4.723,73.08
1488.999,run:denoise:7,65.108,69.517,4.723,73.08
1489.5,run:denoise:7,65.108,69.517,4.723,73.08
1490.002,run:denoise:7,65.108,69.517,4.725,73.08
1490.502,run:denoise:8,65.123,69.517,4.723,73.223
1491.003,run:denoise:8,65.123,69.517,4.721,73.223
1491.504,run:denoise:8,69.153,69.517,4.722,73.223
1492.004,run:denoise:8,66.082,69.517,4.721,73.223
1492.505,run:denoise:8,69.153,69.517,4.72,73.223
1493.006,run:denoise:8,69.153,69.517,4.721,73.223
1493.507,run:denoise:8,65.375,69.517,4.721,73.223
1494.008,run:denoise:8,69.153,69.517,4.723,73.223
1494.509,run:denoise:8,69.153,69.517,4.723,73.223
1495.01,run:denoise:8,65.123,69.517,4.723,73.223
1495.51,run:denoise:8,69.153,69.517,4.722,73.223
1496.011,run:denoise:8,66.082,69.517,4.722,73.223
1496.512,run:denoise:8,69.153,69.517,4.723,73.223
1497.013,run:denoise:8,69.153,69.517,4.723,73.223
1497.513,run:denoise:8,65.375,69.517,4.722,73.223
1498.014,run:denoise:8,69.153,69.517,4.722,73.223
1498.515,run:denoise:8,69.153,69.517,4.721,73.223
1499.016,run:denoise:8,65.123,69.517,4.722,73.223
1499.516,run:denoise:8,69.153,69.517,4.721,73.223
1500.017,run:denoise:8,66.082,69.517,4.722,73.223
1500.518,run:denoise:8,63.22,69.517,4.721,73.223
1501.018,run:denoise:8,63.22,69.517,4.721,73.223
1501.519,run:denoise:8,63.22,69.517,4.721,73.223
1502.02,run:denoise:8,63.22,69.517,4.723,73.223
1502.521,run:denoise:8,63.22,69.517,4.723,73.223
1503.021,run:denoise:8,63.22,69.517,4.723,73.223
1503.522,run:denoise:8,63.22,69.517,4.723,73.223
1504.023,run:denoise:8,63.22,69.517,4.724,73.223
1504.524,run:denoise:8,63.22,69.517,4.722,73.223
1505.025,run:denoise:8,63.22,69.517,4.723,73.223
1505.526,run:denoise:8,63.22,69.517,4.724,73.223
1506.027,run:denoise:8,65.136,69.544,4.724,73.223
1506.527,run:denoise:8,65.136,69.544,4.724,73.223
1507.028,run:denoise:8,65.136,69.544,4.724,73.223
1507.529,run:denoise:8,69.544,69.544,4.723,73.223
1508.03,run:denoise:8,65.514,69.544,4.723,73.223
1508.531,run:denoise:8,69.544,69.544,4.723,73.223
1509.031,run:denoise:8,66.473,69.544,4.723,73.223
1509.533,run:denoise:8,69.544,69.544,4.723,73.223
1510.033,run:denoise:8,69.544,69.544,4.723,73.223
1510.534,run:denoise:8,65.766,69.544,4.724,73.223
1511.035,run:denoise:8,69.544,69.544,4.725,73.223
1511.535,run:denoise:8,69.544,69.544,4.724,73.223
1512.036,run:denoise:8,65.514,69.544,4.725,73.223
1512.537,run:denoise:8,69.544,69.544,4.725,73.223
1513.038,run:denoise:8,66.851,69.544,4.724,73.223
1513.538,run:denoise:8,69.544,69.544,4.724,73.223
1514.039,run:denoise:8,69.544,69.544,4.725,73.223
1514.54,run:denoise:8,65.766,69.544,4.722,73.223
1515.041,run:denoise:8,69.544,69.544,4.723,73.223
1515.542,run:denoise:8,69.544,69.544,4.722,73.223
1516.043,run:denoise:8,65.514,69.544,4.722,73.223
1516.543,run:denoise:8,69.544,69.544,4.723,73.223
1517.044,run:denoise:8,64.003,69.544,4.724,73.223
1517.545,run:denoise:8,65.892,69.544,4.724,73.223
1518.046,run:denoise:8,65.136,69.544,4.725,73.223
1518.546,run:denoise:8,65.136,69.544,4.726,73.223
1519.047,run:denoise:8,65.136,69.544,4.726,73.223
1519.548,run:denoise:8,65.136,69.544,4.726,73.223
1520.049,run:denoise:8,65.136,69.544,4.726,73.223
1520.55,run:denoise:8,65.136,69.544,4.724,73.223
1521.051,run:denoise:8,65.136,69.544,4.724,73.223
1521.551,run:denoise:8,65.136,69.544,4.724,73.223
1522.052,run:denoise:8,65.136,69.544,4.724,73.223
1522.553,run:denoise:8,65.136,69.544,4.725,73.223
1523.054,run:denoise:8,65.136,69.544,4.725,73.223
1523.554,run:denoise:8,65.136,69.544,4.724,73.223
1524.055,run:denoise:8,69.544,69.544,4.725,73.223
1524.556,run:denoise:8,69.544,69.544,4.725,73.223
1525.057,run:denoise:8,65.514,69.544,4.725,73.223
1525.557,run:denoise:8,69.544,69.544,4.724,73.223
1526.058,run:denoise:8,66.473,69.544,4.724,73.223
1526.559,run:denoise:8,69.544,69.544,4.726,73.223
1527.06,run:denoise:8,69.544,69.544,4.726,73.223
1527.56,run:denoise:8,65.766,69.544,4.725,73.223
1528.061,run:denoise:8,69.544,69.544,4.725,73.223
1528.562,run:denoise:8,69.544,69.544,4.726,73.223
1529.062,run:denoise:8,65.514,69.544,4.728,73.223
1529.563,run:denoise:8,69.544,69.544,4.728,73.223
1530.064,run:denoise:8,66.851,69.544,4.728,73.223
1530.565,run:denoise:8,69.544,69.544,4.728,73.223
1531.066,run:denoise:8,69.544,69.544,4.728,73.223
1531.567,run:denoise:8,65.766,69.544,4.727,73.223
1532.067,run:denoise:8,69.544,69.544,4.728,73.223
1532.568,run:denoise:8,69.544,69.544,4.726,73.223
1533.069,run:denoise:8,65.514,69.544,4.727,73.223
1533.57,run:denoise:8,64.003,69.544,4.727,73.223
1534.07,run:denoise:8,66.473,69.544,4.727,73.223
1534.571,run:denoise:8,65.136,69.544,4.728,73.223
1535.072,run:denoise:8,65.136,69.544,4.729,73.223
1535.573,run:denoise:8,65.136,69.544,4.729,73.223
1536.074,run:denoise:8,65.136,69.544,4.729,73.223
1536.575,run:denoise:8,65.136,69.544,4.734,73.223
1537.076,run:denoise:8,65.136,69.544,4.734,73.223
1537.576,run:denoise:8,65.136,69.544,4.734,73.223
1538.077,run:denoise:8,65.136,69.544,4.734,73.223
1538.578,run:denoise:8,65.136,69.544,4.734,73.223
1539.079,run:denoise:8,65.136,69.544,4.734,73.223
1539.579,run:denoise:8,65.136,69.544,4.734,73.223
1540.08,run:denoise:8,65.136,69.544,4.734,73.223
1540.581,run:denoise:8,65.136,69.544,4.736,73.223
1541.082,run:denoise:8,65.136,69.544,4.736,73.223
1541.583,run:denoise:8,65.892,69.544,4.735,73.223
1542.084,run:denoise:8,69.544,69.544,4.734,73.223
1542.584,run:denoise:8,69.544,69.544,4.731,73.223
1543.085,run:denoise:8,65.514,69.544,4.731,73.223
1543.586,run:denoise:8,69.544,69.544,4.731,73.223
1544.087,run:denoise:8,66.269,69.544,4.73,73.223
1544.587,run:denoise:8,65.514,69.544,4.73,73.223
1545.088,run:denoise:8,69.544,69.544,4.732,73.223
1545.589,run:denoise:8,66.473,69.544,4.732,73.223
1546.09,run:denoise:8,69.544,69.544,4.732,73.223
1546.591,run:denoise:8,69.544,69.544,4.732,73.223
1547.092,run:denoise:8,65.766,69.544,4.732,73.223
1547.593,run:denoise:8,69.544,69.544,4.732,73.223
1548.093,run:denoise:8,69.544,69.544,4.732,73.223
1548.594,run:denoise:8,65.514,69.544,4.731,73.223
1549.095,run:denoise:8,69.544,69.544,4.732,73.223
1549.596,run:denoise:8,66.473,69.544,4.731,73.223
1550.096,run:denoise:8,69.544,69.544,4.731,73.223
1550.597,run:denoise:8,69.544,69.544,4.73,73.223
1551.098,run:denoise:8,65.514,69.544,4.732,73.223
1551.598,run:denoise:8,64.38,69.544,4.732,73.223
1552.099,run:denoise:8,65.136,69.544,4.732,73.223
1552.6,run:denoise:8,65.136,69.544,4.73,73.223
1553.101,run:denoise:8,65.136,69.544,4.731,73.223
1553.601,run:denoise:8,65.136,69.544,4.731,73.223
1554.102,run:denoise:8,65.136,69.544,4.731,73.223
1554.603,run:denoise:8,65.136,69.544,4.73,73.223
1555.104,run:denoise:8,65.136,69.544,4.73,73.223
1555.604,run:denoise:8,65.136,69.544,4.73,73.223
1556.105,run:denoise:8,65.136,69.544,4.732,73.223
1556.607,run:denoise:8,65.136,69.544,4.731,73.223
1557.108,run:denoise:8,65.136,69.544,4.732,73.223
1557.608,run:denoise:8,65.136,69.544,4.731,73.223
1558.109,run:denoise:8,65.136,69.544,4.732,73.223
1558.61,run:denoise:8,65.136,69.544,4.731,73.223
1559.111,run:denoise:8,65.136,69.544,4.733,73.223
1559.611,run:denoise:8,65.136,69.544,4.732,73.223
1560.112,run:denoise:8,69.544,69.544,4.732,73.223
1560.613,run:denoise:8,69.544,69.544,4.732,73.223
1561.113,run:denoise:8,65.514,69.544,4.733,73.223
1561.615,run:denoise:8,69.544,69.544,4.732,73.223
1562.115,run:denoise:8,66.269,69.544,4.732,73.223
1562.616,run:denoise:8,65.514,69.544,4.732,73.223
1563.117,run:denoise:8,69.544,69.544,4.733,73.223
1563.618,run:denoise:8,66.473,69.544,4.733,73.223
1564.118,run:denoise:8,69.544,69.544,4.732,73.223
1564.619,run:denoise:8,69.544,69.544,4.732,73.223
1565.12,run:denoise:8,65.766,69.544,4.731,73.223
1565.621,run:denoise:8,69.544,69.544,4.731,73.223
1566.121,run:denoise:8,69.544,69.544,4.731,73.223
1566.623,run:denoise:8,65.514,69.544,4.73,73.223
1567.123,run:denoise:8,69.544,69.544,4.732,73.223
1567.624,run:denoise:8,66.473,69.544,4.731,73.223
1568.125,run:denoise:8,69.544,69.544,4.731,73.223
1568.626,run:denoise:8,69.544,69.544,4.73,73.223
1569.126,run:denoise:8,65.766,69.544,4.731,73.223
1569.627,run:denoise:8,64.003,69.544,4.731,73.223
1570.128,run:denoise:8,65.892,69.544,4.731,73.223
1570.629,run:denoise:8,65.136,69.544,4.731,73.223
1571.129,run:denoise:8,65.136,69.544,4.73,73.223
1571.63,run:denoise:8,65.136,69.544,4.73,73.223
1572.131,run:denoise:8,65.136,69.544,4.73,73.223
1572.632,run:denoise:8,65.136,69.544,4.728,73.223
1573.133,run:denoise:8,65.136,69.544,4.729,73.223
1573.634,run:denoise:8,65.136,69.544,4.729,73.223
1574.134,run:denoise:8,65.136,69.544,4.729,73.223
1574.635,run:denoise:8,65.136,69.544,4.729,73.223
1575.136,run:denoise:8,65.136,69.544,4.73,73.223
1575.637,run:denoise:8,65.136,69.544,4.729,73.223
1576.137,run:denoise:8,65.136,69.544,4.729,73.223
1576.638,run:denoise:8,65.136,69.544,4.73,73.223
1577.14,run:denoise:8,65.136,69.544,4.732,73.223
1577.64,run:denoise:8,65.136,69.544,4.732,73.223
1578.141,run:denoise:8,69.544,69.544,4.732,73.223
1578.642,run:denoise:8,69.544,69.544,4.732,73.223
1579.142,run:denoise:8,65.766,69.544,4.731,73.223
1579.643,run:denoise:8,69.544,69.544,4.732,73.223
1580.144,run:denoise:8,69.544,69.544,4.732,73.223
1580.645,run:denoise:8,65.514,69.544,4.731,73.223
1581.145,run:denoise:8,69.544,69.544,4.733,73.223
1581.646,run:denoise:8,66.851,69.544,4.734,73.223
1582.147,run:denoise:8,69.544,69.544,4.734,73.223
1582.648,run:denoise:8,69.544,69.544,4.735,73.223
1583.148,run:denoise:8,65.766,69.544,4.735,73.223
1583.649,run:denoise:8,69.544,69.544,4.733,73.223
1584.15,run:denoise:8,69.544,69.544,4.733,73.223
1584.651,run:denoise:8,65.514,69.544,4.731,73.223
1585.151,run:denoise:8,69.544,69.544,4.731,73.223
1585.652,run:denoise:8,67.039,69.544,4.733,73.223
1586.153,run:denoise:8,69.544,69.544,4.733,73.223
1586.653,run:denoise:8,69.544,69.544,4.734,73.223
1587.154,run:denoise:8,65.766,69.544,4.734,73.223
1587.656,run:denoise:8,64.003,69.544,4.734,73.223
1588.156,run:denoise:8,65.892,69.544,4.734,73.223
1588.657,run:denoise:8,65.136,69.544,4.733,73.223
1589.158,run:denoise:8,65.136,69.544,4.734,73.223
1589.659,run:denoise:8,65.136,69.544,4.735,73.223
1590.159,run:denoise:8,65.136,69.544,4.735,73.223
1590.66,run:denoise:8,65.136,69.544,4.734,73.223
1591.161,run:denoise:8,65.136,69.544,4.734,73.223
1591.662,run:denoise:8,65.136,69.544,4.734,73.223
1592.162,run:denoise:8,65.136,69.544,4.734,73.223
1592.664,run:denoise:8,65.136,69.544,4.735,73.223
1593.164,run:denoise:8,65.136,69.544,4.735,73.223
1593.665,run:denoise:8,65.136,69.544,4.733,73.223
1594.166,run:denoise:8,65.136,69.544,4.733,73.223
1594.667,run:denoise:8,65.136,69.544,4.733,73.223
1595.167,run:denoise:8,69.544,69.544,4.733,73.223
1595.668,run:denoise:8,69.544,69.544,4.733,73.223
1596.169,run:denoise:8,65.514,69.544,4.733,73.223
1596.67,run:denoise:8,69.544,69.544,4.735,73.223
1597.17,run:denoise:8,66.269,69.544,4.735,73.223
1597.671,run:denoise:8,65.514,69.544,4.735,73.223
1598.172,run:denoise:8,69.544,69.544,4.736,73.223
1598.672,run:denoise:8,66.473,69.544,4.735,73.223
1599.173,run:denoise:8,69.544,69.544,4.735,73.223
1599.674,run:denoise:8,69.544,69.544,4.736,73.223
1600.175,run:denoise:8,65.766,69.544,4.735,73.223
1600.675,run:denoise:8,69.544,69.544,4.735,73.223
1601.176,run:denoise:8,69.544,69.544,4.735,73.223
1601.677,run:denoise:8,65.514,69.544,4.733,73.223
1602.178,run:denoise:8,69.544,69.544,4.733,73.223
1602.678,run:denoise:8,66.473,69.544,4.731,73.223
1603.18,run:denoise:8,69.544,69.544,4.731,73.223
1603.68,run:denoise:8,69.544,69.544,4.733,73.223
1604.181,run:denoise:8,65.766,69.544,4.732,73.223
1604.682,run:denoise:8,64.003,69.544,4.733,73.223
1605.183,run:denoise:8,65.514,69.544,4.733,73.223
1605.683,run:denoise:8,65.136,69.544,4.733,73.223
1606.184,run:denoise:8,65.136,69.544,4.733,73.223
1606.685,run:denoise:8,65.136,69.544,4.734,73.223
1607.186,run:denoise:8,65.136,69.544,4.735,73.223
1607.686,run:denoise:8,65.136,69.544,4.734,73.223
1608.188,run:denoise:8,65.136,69.544,4.733,73.223
1608.688,run:denoise:8,65.136,69.544,4.733,73.223
1609.189,run:denoise:8,65.136,69.544,4.734,73.223
1609.69,run:denoise:8,65.136,69.544,4.734,73.223
1610.191,run:denoise:8,65.136,69.544,4.725,73.223
1610.691,run:denoise:8,65.136,69.544,4.725,73.223
1611.192,run:denoise:8,65.136,69.544,4.725,73.223
1611.693,run:denoise:8,66.851,69.544,4.726,73.223
1612.194,run:denoise:8,69.544,69.544,4.726,73.223
1612.694,run:denoise:8,69.544,69.544,4.724,73.223
1613.195,run:denoise:8,65.766,69.544,4.724,73.223
1613.697,run:denoise:8,69.544,69.544,4.724,73.223
1614.197,run:denoise:8,69.544,69.544,4.725,73.223
1614.698,run:denoise:8,65.514,69.544,4.724,73.223
1615.199,run:denoise:8,69.544,69.544,4.724,73.223
1615.7,run:denoise:8,67.544,69.544,4.725,73.223
1616.2,run:denoise:8,66.647,69.544,4.726,73.223
1616.701,run:denoise:8,69.544,69.544,4.726,73.223
1617.202,run:denoise:8,66.284,69.544,4.726,73.223
1617.703,run:denoise:8,69.544,69.544,4.744,73.223
1618.203,run:denoise:8,69.544,69.544,4.744,73.223
1618.705,run:denoise:8,65.514,69.544,4.744,73.223
1619.206,run:denoise:8,69.544,69.544,4.744,73.223
1619.706,run:denoise:8,67.785,69.544,4.744,73.223
1620.207,run:denoise:8,65.514,69.544,4.745,73.223
1620.708,run:denoise:8,69.544,69.544,4.745,73.223
1621.208,run:denoise:8,64.003,69.544,4.745,73.223
1621.709,run:denoise:8,65.892,69.544,4.745,73.223
1622.21,run:denoise:8,65.136,69.544,4.744,73.223
1622.711,run:denoise:8,65.136,69.544,4.745,73.223
1623.211,run:denoise:8,65.136,69.544,4.744,73.223
1623.712,run:denoise:8,65.136,69.544,4.744,73.223
1624.213,run:denoise:8,65.136,69.544,4.746,73.223
1624.714,run:denoise:8,65.136,69.544,4.746,73.223
1625.215,run:denoise:8,65.136,69.544,4.745,73.223
1625.716,run:denoise:8,65.136,69.544,4.745,73.223
1626.216,run:denoise:8,65.136,69.544,4.746,73.223
1626.717,run:denoise:8,65.136,69.544,4.744,73.223
1627.218,run:denoise:8,69.544,69.544,4.745,73.223
1627.719,run:denoise:8,66.473,69.544,4.746,73.223
1628.219,run:denoise:8,69.544,69.544,4.746,73.223
1628.72,run:denoise:8,69.544,69.544,4.746,73.223
1629.221,run:denoise:8,65.766,69.544,4.745,73.223
1629.722,run:denoise:8,69.544,69.544,4.745,73.223
1630.223,run:denoise:8,69.544,69.544,4.745,73.223
1630.723,run:denoise:8,65.514,69.544,4.746,73.223
1631.224,run:denoise:8,69.544,69.544,4.747,73.223
1631.725,run:denoise:8,66.473,69.544,4.747,73.223
1632.226,run:denoise:8,69.544,69.544,4.746,73.223
1632.726,run:denoise:8,69.544,69.544,4.745,73.223
1633.227,run:denoise:8,65.766,69.544,4.745,73.223
1633.728,run:denoise:8,69.544,69.544,4.745,73.223
1634.229,run:denoise:8,69.544,69.544,4.746,73.223
1634.73,run:denoise:8,65.514,69.544,4.746,73.223
1635.231,run:denoise:8,69.544,69.544,4.746,73.223
1635.731,run:denoise:8,66.851,69.544,4.746,73.223
1636.232,run:denoise:8,69.544,69.544,4.746,73.223
1636.733,init,63.22,69.544,4.746,73.223
1637.233,init,63.22,69.544,4.746,73.223
1637.734,init,63.22,69.544,4.748,73.223
1638.235,init,63.22,69.544,4.749,73.223
1638.736,init,63.22,69.544,4.748,73.223
1639.237,init,63.22,69.544,4.748,73.223
1639.738,init,63.22,69.544,4.748,73.223
1640.239,init,63.22,69.544,4.748,73.223
1640.739,init,63.22,69.544,4.748,73.223
1641.24,init,63.22,69.544,4.748,73.223
1641.741,init,63.22,69.544,4.748,73.223
1642.242,run:denoise:9,62.093,69.544,4.766,65.172
1642.743,run:denoise:9,69.182,69.544,4.792,73.24
1643.243,run:denoise:9,66.488,69.544,4.793,73.24
1643.745,run:denoise:9,69.182,69.544,4.793,73.24
1644.245,run:denoise:9,69.182,69.544,4.792,73.24
1644.746,run:denoise:9,65.404,69.544,4.792,73.24
1645.247,run:denoise:9,69.182,69.544,4.792,73.24
1645.748,run:denoise:9,69.182,69.544,4.794,73.24
1646.248,run:denoise:9,65.152,69.544,4.794,73.24
1646.749,run:denoise:9,69.182,69.544,4.793,73.24
1647.25,run:denoise:9,66.677,69.544,4.793,73.24
1647.751,run:denoise:9,69.182,69.544,4.793,73.24
1648.251,run:denoise:9,69.182,69.544,4.795,73.24
1648.752,run:denoise:9,66.419,69.544,4.796,73.24
1649.254,run:denoise:9,69.182,69.544,4.795,73.24
1649.754,run:denoise:9,69.182,69.544,4.795,73.24
1650.255,run:denoise:9,65.152,69.544,4.795,73.24
1650.756,run:denoise:9,69.182,69.544,4.794,73.24
1651.257,run:denoise:9,66.677,69.544,4.795,73.24
1651.757,run:denoise:9,69.182,69.544,4.795,73.24
1652.258,run:denoise:9,63.249,69.544,4.794,73.24
1652.759,run:denoise:9,63.249,69.544,4.794,73.24
1653.259,run:denoise:9,63.249,69.544,4.794,73.24
1653.76,run:denoise:9,63.249,69.544,4.794,73.24
1654.262,run:denoise:9,63.249,69.544,4.795,73.24
1654.763,run:denoise:9,63.249,69.544,4.794,73.24
1655.263,run:denoise:9,63.249,69.544,4.793,73.24
1655.764,run:denoise:9,63.249,69.544,4.793,73.24
1656.265,run:denoise:9,63.249,69.544,4.793,73.24
1656.766,run:denoise:9,63.249,69.544,4.794,73.24
1657.266,run:denoise:9,63.249,69.544,4.793,73.24
1657.767,run:denoise:9,65.165,69.573,4.793,73.24
1658.268,run:denoise:9,65.165,69.573,4.794,73.24
1658.769,run:denoise:9,69.573,69.573,4.793,73.24
1659.27,run:denoise:9,65.543,69.573,4.793,73.24
1659.771,run:denoise:9,69.573,69.573,4.793,73.24
1660.271,run:denoise:9,66.676,69.573,4.793,73.24
1660.772,run:denoise:9,65.543,69.573,4.794,73.24
1661.273,run:denoise:9,69.573,69.573,4.794,73.24
1661.774,run:denoise:9,66.502,69.573,4.794,73.24
1662.274,run:denoise:9,69.573,69.573,4.794,73.24
1662.775,run:denoise:9,69.573,69.573,4.793,73.24
1663.276,run:denoise:9,65.795,69.573,4.793,73.24
1663.776,run:denoise:9,69.573,69.573,4.794,73.24
1664.278,run:denoise:9,69.573,69.573,4.794,73.24
1664.779,run:denoise:9,65.543,69.573,4.794,73.24
1665.28,run:denoise:9,69.573,69.573,4.794,73.24
1665.781,run:denoise:9,66.879,69.573,4.793,73.24
1666.282,run:denoise:9,69.573,69.573,4.793,73.24
1666.782,run:denoise:9,69.573,69.573,4.795,73.24
1667.283,run:denoise:9,65.795,69.573,4.794,73.24
1667.784,run:denoise:9,69.573,69.573,4.794,73.24
1668.285,run:denoise:9,64.032,69.573,4.794,73.24
1668.785,run:denoise:9,64.409,69.573,4.795,73.24
1669.286,run:denoise:9,65.165,69.573,4.796,73.24
1669.787,run:denoise:9,65.165,69.573,4.796,73.24
1670.288,run:denoise:9,65.165,69.573,4.796,73.24
1670.789,run:denoise:9,65.165,69.573,4.795,73.24
1671.29,run:denoise:9,65.165,69.573,4.794,73.24
1671.79,run:denoise:9,65.165,69.573,4.795,73.24
1672.291,run:denoise:9,65.165,69.573,4.794,73.24
1672.792,run:denoise:9,65.165,69.573,4.796,73.24
1673.293,run:denoise:9,65.165,69.573,4.795,73.24
1673.793,run:denoise:9,65.165,69.573,4.795,73.24
1674.294,run:denoise:9,65.165,69.573,4.795,73.24
1674.795,run:denoise:9,65.165,69.573,4.794,73.24
1675.296,run:denoise:9,65.165,69.573,4.795,73.24
1675.797,run:denoise:9,69.573,69.573,4.796,73.24
1676.298,run:denoise:9,65.543,69.573,4.796,73.24
1676.799,run:denoise:9,69.573,69.573,4.796,73.24
1677.3,run:denoise:9,66.298,69.573,4.796,73.24
1677.8,run:denoise:9,65.543,69.573,4.796,73.24
1678.301,run:denoise:9,69.573,69.573,4.797,73.24
1678.802,run:denoise:9,66.502,69.573,4.797,73.24
1679.303,run:denoise:9,69.573,69.573,4.797,73.24
1679.803,run:denoise:9,69.573,69.573,4.797,73.24
1680.305,run:denoise:9,65.795,69.573,4.798,73.24
1680.806,run:denoise:9,69.573,69.573,4.798,73.24
1681.306,run:denoise:9,69.573,69.573,4.798,73.24
1681.807,run:denoise:9,65.543,69.573,4.798,73.24
1682.308,run:denoise:9,69.573,69.573,4.798,73.24
1682.808,run:denoise:9,66.879,69.573,4.797,73.24
1683.309,run:denoise:9,69.573,69.573,4.798,73.24
1683.81,run:denoise:9,69.573,69.573,4.798,73.24
1684.311,run:denoise:9,65.795,69.573,4.798,73.24
1684.811,run:denoise:9,69.573,69.573,4.797,73.24
1685.312,run:denoise:9,64.409,69.573,4.796,73.24
1685.813,run:denoise:9,66.928,69.573,4.796,73.24
1686.313,run:denoise:9,65.165,69.573,4.797,73.24
1686.814,run:denoise:9,65.165,69.573,4.797,73.24
1687.315,run:denoise:9,65.165,69.573,4.797,73.24
1687.816,run:denoise:9,65.165,69.573,4.797,73.24
1688.316,run:denoise:9,65.165,69.573,4.797,73.24
1688.817,run:denoise:9,65.165,69.573,4.798,73.24
1689.318,run:denoise:9,65.165,69.573,4.798,73.24
1689.819,run:denoise:9,65.165,69.573,4.798,73.24
1690.319,run:denoise:9,65.165,69.573,4.798,73.24
1690.821,run:denoise:9,65.165,69.573,4.798,73.24
1691.322,run:denoise:9,65.165,69.573,4.797,73.24
1691.822,run:denoise:9,65.165,69.573,4.797,73.24
1692.323,run:denoise:9,65.165,69.573,4.795,73.24
1692.824,run:denoise:9,66.676,69.573,4.796,73.24
1693.325,run:denoise:9,65.543,69.573,4.795,73.24
1693.825,run:denoise:9,69.573,69.573,4.795,73.24
1694.326,run:denoise:9,66.502,69.573,4.795,73.24
1694.827,run:denoise:9,69.573,69.573,4.795,73.24
1695.328,run:denoise:9,69.573,69.573,4.795,73.24
1695.829,run:denoise:9,65.795,69.573,4.795,73.24
1696.33,run:denoise:9,69.573,69.573,4.795,73.24
1696.831,run:denoise:9,69.573,69.573,4.797,73.24
1697.331,run:denoise:9,65.543,69.573,4.797,73.24
1697.832,run:denoise:9,69.573,69.573,4.796,73.24
1698.333,run:denoise:9,66.879,69.573,4.796,73.24
1698.834,run:denoise:9,69.573,69.573,4.796,73.24
1699.334,run:denoise:9,69.573,69.573,4.794,73.24
1699.835,run:denoise:9,65.795,69.573,4.795,73.24
1700.336,run:denoise:9,69.573,69.573,4.795,73.24
1700.837,run:denoise:9,69.573,69.573,4.794,73.24
1701.337,run:denoise:9,65.543,69.573,4.796,73.24
1701.838,run:denoise:9,69.573,69.573,4.795,73.24
1702.339,run:denoise:9,63.262,69.573,4.796,73.24
1702.84,run:denoise:9,64.409,69.573,4.796,73.24
1703.34,run:denoise:9,65.165,69.573,4.797,73.24
1703.841,run:denoise:9,65.165,69.573,4.798,73.24
1704.342,run:denoise:9,65.165,69.573,4.798,73.24
1704.842,run:denoise:9,65.165,69.573,4.798,73.24
1705.343,run:denoise:9,65.165,69.573,4.797,73.24
1705.844,run:denoise:9,65.165,69.573,4.797,73.24
1706.345,run:denoise:9,65.165,69.573,4.797,73.24
1706.846,run:denoise:9,65.165,69.573,4.798,73.24
1707.347,run:denoise:9,65.165,69.573,4.797,73.24
1707.848,run:denoise:9,65.165,69.573,4.797,73.24
1708.348,run:denoise:9,65.165,69.573,4.798,73.24
1708.849,run:denoise:9,65.165,69.573,4.798,73.24
1709.35,run:denoise:9,65.165,69.573,4.799,73.24
1709.85,run:denoise:9,65.165,69.573,4.799,73.24
1710.351,run:denoise:9,65.165,69.573,4.799,73.24
1710.852,run:denoise:9,65.165,69.573,4.798,73.24
1711.353,run:denoise:9,65.543,69.573,4.798,73.24
1711.854,run:denoise:9,69.573,69.573,4.798,73.24
1712.355,run:denoise:9,66.502,69.573,4.798,73.24
1712.855,run:denoise:9,69.573,69.573,4.797,73.24
1713.356,run:denoise:9,69.573,69.573,4.797,73.24
1713.857,run:denoise:9,65.795,69.573,4.797,73.24
1714.358,run:denoise:9,69.573,69.573,4.797,73.24
1714.859,run:denoise:9,69.573,69.573,4.798,73.24
1715.359,run:denoise:9,65.543,69.573,4.798,73.24
1715.86,run:denoise:9,69.573,69.573,4.8,73.24
1716.361,run:denoise:9,66.879,69.573,4.799,73.24
1716.862,run:denoise:9,69.573,69.573,4.797,73.24
1717.363,run:denoise:9,69.573,69.573,4.798,73.24
1717.864,run:denoise:9,65.795,69.573,4.799,73.24
1718.364,run:denoise:9,69.573,69.573,4.799,73.24
1718.865,run:denoise:9,69.573,69.573,4.798,73.24
1719.366,run:denoise:9,65.543,69.573,4.798,73.24
1719.867,run:denoise:9,69.573,69.573,4.798,73.24
1720.367,run:denoise:9,66.879,69.573,4.798,73.24
1720.868,run:denoise:9,64.032,69.573,4.798,73.24
1721.369,run:denoise:9,65.921,69.573,4.798,73.24
1721.87,run:denoise:9,65.165,69.573,4.798,73.24
1722.371,run:denoise:9,65.165,69.573,4.798,73.24
1722.872,run:denoise:9,65.165,69.573,4.798,73.24
1723.372,run:denoise:9,65.165,69.573,4.797,73.24
1723.873,run:denoise:9,65.165,69.573,4.797,73.24
1724.374,run:denoise:9,65.165,69.573,4.797,73.24
1724.875,run:denoise:9,65.165,69.573,4.796,73.24
1725.375,run:denoise:9,65.165,69.573,4.797,73.24
1725.876,run:denoise:9,65.165,69.573,4.796,73.24
1726.377,run:denoise:9,65.165,69.573,4.797,73.24
1726.878,run:denoise:9,65.165,69.573,4.797,73.24
1727.378,run:denoise:9,65.165,69.573,4.797,73.24
1727.879,run:denoise:9,65.165,69.573,4.797,73.24
1728.38,run:denoise:9,65.165,69.573,4.797,73.24
1728.881,run:denoise:9,65.165,69.573,4.797,73.24
1729.382,run:denoise:9,65.165,69.573,4.797,73.24
1729.882,run:denoise:9,69.573,69.573,4.799,73.24
1730.383,run:denoise:9,66.879,69.573,4.799,73.24
1730.884,run:denoise:9,69.573,69.573,4.798,73.24
1731.385,run:denoise:9,69.573,69.573,4.798,73.24
1731.885,run:denoise:9,65.795,69.573,4.798,73.24
1732.387,run:denoise:9,69.573,69.573,4.799,73.24
1732.887,run:denoise:9,69.573,69.573,4.798,73.24
1733.388,run:denoise:9,65.543,69.573,4.798,73.24
1733.889,run:denoise:9,69.573,69.573,4.799,73.24
1734.39,run:denoise:9,67.446,69.573,4.799,73.24
1734.89,run:denoise:9,69.573,69.573,4.799,73.24
1735.391,run:denoise:9,69.573,69.573,4.799,73.24
1735.892,run:denoise:9,67.823,69.573,4.8,73.24
1736.393,run:denoise:9,69.573,69.573,4.8,73.24
1736.893,run:denoise:9,69.573,69.573,4.799,73.24
1737.395,run:denoise:9,65.543,69.573,4.799,73.24
1737.896,run:denoise:9,69.573,69.573,4.8,73.24
1738.396,run:denoise:9,67.31,69.573,4.8,73.24
1738.897,run:denoise:9,64.409,69.573,4.8,73.24
1739.398,run:denoise:9,64.409,69.573,4.801,73.24
1739.899,run:denoise:9,65.165,69.573,4.8,73.24
1740.399,run:denoise:9,65.165,69.573,4.8,73.24
1740.9,run:denoise:9,65.165,69.573,4.8,73.24
1741.401,run:denoise:9,65.165,69.573,4.8,73.24
1741.902,run:denoise:9,65.165,69.573,4.8,73.24
1742.402,run:denoise:9,65.165,69.573,4.799,73.24
1742.904,run:denoise:9,65.165,69.573,4.799,73.24
1743.405,run:denoise:9,65.165,69.573,4.799,73.24
1743.905,run:denoise:9,65.165,69.573,4.801,73.24
1744.406,run:denoise:9,65.165,69.573,4.801,73.24
1744.907,run:denoise:9,65.165,69.573,4.8,73.24
1745.408,run:denoise:9,65.165,69.573,4.8,73.24
1745.908,run:denoise:9,65.165,69.573,4.799,73.24
1746.409,run:denoise:9,65.165,69.573,4.799,73.24
1746.91,run:denoise:9,69.573,69.573,4.799,73.24
1747.411,run:denoise:9,66.879,69.573,4.798,73.24
1747.912,run:denoise:9,69.573,69.573,4.799,73.24
1748.413,run:denoise:9,69.573,69.573,4.799,73.24
1748.913,run:denoise:9,65.795,69.573,4.8,73.24
1749.414,run:denoise:9,69.573,69.573,4.8,73.24
1749.915,run:denoise:9,69.573,69.573,4.799,73.24
1750.416,run:denoise:9,65.543,69.573,4.799,73.24
1750.916,run:denoise:9,69.573,69.573,4.799,73.24
1751.417,run:denoise:9,66.426,69.573,4.799,73.24
1751.918,run:denoise:9,64.409,69.573,4.799,73.24
1752.419,run:denoise:9,69.573,69.573,4.798,73.24
1752.92,run:denoise:9,66.313,69.573,4.799,73.24
1753.421,run:denoise:9,69.573,69.573,4.799,73.24
1753.921,run:denoise:9,69.573,69.573,4.8,73.24
1754.422,run:denoise:9,65.543,69.573,4.799,73.24
1754.923,run:denoise:9,69.573,69.573,4.8,73.24
1755.424,run:denoise:9,65.543,69.573,4.799,73.24
1755.924,run:denoise:9,65.165,69.573,4.799,73.24
1756.425,run:denoise:9,64.409,69.573,4.806,73.24
1756.926,run:denoise:9,65.165,69.573,4.799,73.24
1757.427,run:denoise:9,65.165,69.573,4.8,73.24
1757.927,run:denoise:9,65.165,69.573,4.801,73.24
1758.429,run:denoise:9,65.165,69.573,4.802,73.24
1758.929,run:denoise:9,65.165,69.573,4.8,73.24
1759.43,run:denoise:9,65.165,69.573,4.8,73.24
1759.931,run:denoise:9,65.165,69.573,4.802,73.24
1760.432,run:denoise:9,65.165,69.573,4.807,73.24
1760.932,run:denoise:9,65.165,69.573,4.801,73.24
1761.433,run:denoise:9,65.165,69.573,4.8,73.24
1761.934,run:denoise:9,65.165,69.573,4.801,73.24
1762.435,run:denoise:9,65.165,69.573,4.805,73.24
1762.935,run:denoise:9,69.573,69.573,4.801,73.24
1763.437,run:denoise:9,65.795,69.573,4.801,73.24
1763.937,run:denoise:9,69.573,69.573,4.8,73.24
1764.438,run:denoise:9,69.573,69.573,4.805,73.24
1764.939,run:denoise:9,65.543,69.573,4.8,73.24
1765.44,run:denoise:9,69.573,69.573,4.8,73.24
1765.941,run:denoise:9,66.879,69.573,4.803,73.24
1766.441,run:denoise:9,69.573,69.573,4.808,73.24
1766.942,run:denoise:9,69.573,69.573,4.799,73.24
1767.443,run:denoise:9,66.811,69.573,4.8,73.24
1767.943,run:denoise:9,69.573,69.573,4.801,73.24
1768.444,run:denoise:9,69.573,69.573,4.806,73.24
1768.945,run:denoise:9,65.543,69.573,4.8,73.24
1769.446,run:denoise:9,69.573,69.573,4.8,73.24
1769.946,run:denoise:9,67.307,69.573,4.8,73.24
1770.447,run:denoise:9,64.41,69.573,4.8,73.24
1770.948,run:denoise:9,69.573,69.573,4.8,73.24
1771.449,run:denoise:9,66.313,69.573,4.8,73.24
1771.949,run:denoise:9,69.573,69.573,4.8,73.24
1772.45,run:denoise:9,64.032,69.573,4.8,73.24
1772.951,run:denoise:9,64.409,69.573,4.8,73.24
1773.452,run:denoise:9,65.165,69.573,4.8,73.24
1773.953,run:denoise:9,65.165,69.573,4.801,73.24
1774.454,run:denoise:9,65.165,69.573,4.803,73.24
1774.955,run:denoise:9,65.165,69.573,4.803,73.24
1775.455,run:denoise:9,65.165,69.573,4.802,73.24
1775.956,run:denoise:9,65.165,69.573,4.802,73.24
1776.457,run:denoise:9,65.165,69.573,4.806,73.24
1776.958,run:denoise:9,65.165,69.573,4.806,73.24
1777.458,run:denoise:9,65.165,69.573,4.807,73.24
1777.959,run:denoise:9,65.165,69.573,4.807,73.24
1778.46,run:denoise:9,65.165,69.573,4.806,73.24
1778.961,run:denoise:9,69.573,69.573,4.806,73.24
1779.462,run:denoise:9,65.543,69.573,4.807,73.24
1779.963,run:denoise:9,69.573,69.573,4.807,73.24
1780.463,run:denoise:9,67.814,69.573,4.807,73.24
1780.964,run:denoise:9,65.543,69.573,4.807,73.24
1781.465,run:denoise:9,69.573,69.573,4.807,73.24
1781.965,run:denoise:9,66.313,69.573,4.807,73.24
1782.466,run:denoise:9,69.573,69.573,4.807,73.24
1782.967,run:denoise:9,69.573,69.573,4.807,73.24
1783.468,run:denoise:9,65.795,69.573,4.807,73.24
1783.968,run:denoise:9,69.573,69.573,4.807,73.24
1784.47,run:denoise:9,68.565,69.573,4.805,73.24
1784.971,run:denoise:9,65.543,69.573,4.805,73.24
1785.471,run:denoise:9,69.573,69.573,4.805,73.24
1785.972,run:denoise:9,66.502,69.573,4.805,73.24
1786.473,run:denoise:9,69.573,69.573,4.805,73.24
1786.973,run:denoise:9,69.573,69.573,4.806,73.24
1787.474,run:denoise:9,65.795,69.573,4.806,73.24
1787.975,run:denoise:9,69.573,69.573,4.806,73.24
1788.476,init,63.249,69.573,4.806,73.24
1788.976,init,63.249,69.573,4.806,73.24
1789.478,init,63.249,69.573,4.806,73.24
1789.979,init,63.249,69.573,4.807,73.24
1790.479,init,63.249,69.573,4.806,73.24
1790.98,init,63.249,69.573,4.806,73.24
1791.481,init,63.249,69.573,4.807,73.24
1791.981,init,63.249,69.573,4.807,73.24
1792.482,init,63.249,69.573,4.807,73.24
1792.983,init,63.249,69.573,4.807,73.24
1793.484,init,63.249,69.573,4.806,73.24
1793.989,run:denoise:10,62.102,69.573,4.819,65.182
1794.49,run:denoise:10,69.21,69.573,4.83,73.258
1794.991,run:denoise:10,66.516,69.573,4.83,73.258
1795.492,run:denoise:10,69.21,69.573,4.829,73.258
1795.992,run:denoise:10,69.21,69.573,4.829,73.258
1796.493,run:denoise:10,65.18,69.573,4.827,73.258
1796.994,run:denoise:10,69.21,69.573,4.827,73.258
1797.495,run:denoise:10,67.451,69.573,4.827,73.258
1797.995,run:denoise:10,65.18,69.573,4.827,73.258
1798.496,run:denoise:10,69.21,69.573,4.829,73.258
1798.997,run:denoise:10,65.95,69.573,4.829,73.258
1799.498,run:denoise:10,69.21,69.573,4.829,73.258
1799.999,run:denoise:10,69.21,69.573,4.829,73.258
1800.5,run:denoise:10,65.433,69.573,4.829,73.258
1801.0,run:denoise:10,69.21,69.573,4.828,73.258
1801.501,run:denoise:10,67.195,69.573,4.828,73.258
1802.002,run:denoise:10,65.18,69.573,4.829,73.258
1802.503,run:denoise:10,69.21,69.573,4.828,73.258
1803.003,run:denoise:10,66.139,69.573,4.829,73.258
1803.504,run:denoise:10,69.21,69.573,4.829,73.258
1804.005,run:denoise:10,63.278,69.573,4.829,73.258
1804.506,run:denoise:10,63.278,69.573,4.829,73.258
1805.007,run:denoise:10,63.278,69.573,4.829,73.258
1805.508,run:denoise:10,63.278,69.573,4.828,73.258
1806.009,run:denoise:10,63.278,69.573,4.829,73.258
1806.509,run:denoise:10,63.278,69.573,4.827,73.258
1807.01,run:denoise:10,63.278,69.573,4.83,73.258
1807.511,run:denoise:10,63.278,69.573,4.829,73.258
1808.011,run:denoise:10,63.278,69.573,4.829,73.258
1808.512,run:denoise:10,63.278,69.573,4.828,73.258
1809.013,run:denoise:10,63.278,69.573,4.829,73.258
1809.514,run:denoise:10,65.193,69.602,4.829,73.258
1810.015,run:denoise:10,65.193,69.602,4.828,73.258
1810.516,run:denoise:10,65.193,69.602,4.829,73.258
1811.016,run:denoise:10,65.571,69.602,4.83,73.258
1811.517,run:denoise:10,69.602,69.602,4.83,73.258
1812.018,run:denoise:10,66.53,69.602,4.83,73.258
1812.518,run:denoise:10,69.602,69.602,4.828,73.258
1813.019,run:denoise:10,69.602,69.602,4.829,73.258
1813.52,run:denoise:10,65.824,69.602,4.829,73.258
1814.021,run:denoise:10,69.602,69.602,4.829,73.258
1814.522,run:denoise:10,69.602,69.602,4.829,73.258
1815.023,run:denoise:10,65.571,69.602,4.83,73.258
1815.523,run:denoise:10,69.602,69.602,4.829,73.258
1816.024,run:denoise:10,66.908,69.602,4.829,73.258
1816.525,run:denoise:10,69.602,69.602,4.829,73.258
1817.026,run:denoise:10,69.602,69.602,4.83,73.258
1817.526,run:denoise:10,65.824,69.602,4.83,73.258
1818.027,run:denoise:10,69.602,69.602,4.831,73.258
1818.528,run:denoise:10,69.602,69.602,4.829,73.258
1819.029,run:denoise:10,65.571,69.602,4.831,73.258
1819.529,run:denoise:10,69.602,69.602,4.831,73.258
1820.031,run:denoise:10,66.908,69.602,4.832,73.258
1820.531,run:denoise:10,64.061,69.602,4.832,73.258
1821.032,run:denoise:10,65.949,69.602,4.831,73.258
1821.533,run:denoise:10,65.193,69.602,4.831,73.258
1822.034,run:denoise:10,65.193,69.602,4.831,73.258
1822.534,run:denoise:10,65.193,69.602,4.829,73.258
1823.035,run:denoise:10,65.193,69.602,4.83,73.258
1823.536,run:denoise:10,65.193,69.602,4.829,73.258
1824.037,run:denoise:10,65.193,69.602,4.829,73.258
1824.537,run:denoise:10,65.193,69.602,4.827,73.258
1825.04,run:denoise:10,65.193,69.602,4.828,73.258
1825.54,run:denoise:10,65.193,69.602,4.828,73.258
1826.041,run:denoise:10,65.193,69.602,4.83,73.258
1826.542,run:denoise:10,65.193,69.602,4.828,73.258
1827.043,run:denoise:10,65.193,69.602,4.831,73.258
1827.544,run:denoise:10,65.193,69.602,4.832,73.258
1828.044,run:denoise:10,69.602,69.602,4.832,73.258
1828.545,run:denoise:10,69.602,69.602,4.833,73.258
1829.046,run:denoise:10,67.096,69.602,4.833,73.258
1829.547,run:denoise:10,69.602,69.602,4.832,73.258
1830.048,run:denoise:10,69.602,69.602,4.832,73.258
1830.549,run:denoise:10,65.571,69.602,4.83,73.258
1831.049,run:denoise:10,69.602,69.602,4.831,73.258
1831.55,run:denoise:10,67.842,69.602,4.831,73.258
1832.051,run:denoise:10,65.571,69.602,4.831,73.258
1832.551,run:denoise:10,69.602,69.602,4.831,73.258
1833.052,run:denoise:10,66.342,69.602,4.832,73.258
1833.553,run:denoise:10,69.602,69.602,4.832,73.258
1834.054,run:denoise:10,69.602,69.602,4.832,73.258
1834.554,run:denoise:10,65.571,69.602,4.83,73.258
1835.055,run:denoise:10,69.602,69.602,4.831,73.258
1835.557,run:denoise:10,65.949,69.602,4.83,73.258
1836.057,run:denoise:10,65.571,69.602,4.83,73.258
1836.558,run:denoise:10,69.602,69.602,4.829,73.258
1837.059,run:denoise:10,66.342,69.602,4.831,73.258
1837.559,run:denoise:10,64.061,69.602,4.831,73.258
1838.06,run:denoise:10,65.949,69.602,4.831,73.258
1838.561,run:denoise:10,65.193,69.602,4.832,73.258
1839.062,run:denoise:10,65.193,69.602,4.833,73.258
1839.562,run:denoise:10,65.193,69.602,4.831,73.258
1840.063,run:denoise:10,65.193,69.602,4.83,73.258
1840.564,run:denoise:10,65.193,69.602,4.827,73.258
1841.065,run:denoise:10,65.193,69.602,4.828,73.258
1841.566,run:denoise:10,65.193,69.602,4.829,73.258
1842.067,run:denoise:10,65.193,69.602,4.829,73.258
1842.567,run:denoise:10,65.193,69.602,4.828,73.258
1843.068,run:denoise:10,65.193,69.602,4.828,73.258
1843.569,run:denoise:10,65.193,69.602,4.827,73.258
1844.069,run:denoise:10,65.193,69.602,4.827,73.258
1844.57,run:denoise:10,65.193,69.602,4.829,73.258
1845.071,run:denoise:10,65.193,69.602,4.829,73.258
1845.571,run:denoise:10,65.193,69.602,4.829,73.258
1846.072,run:denoise:10,65.194,69.602,4.829,73.258
1846.573,run:denoise:10,69.602,69.602,4.829,73.258
1847.074,run:denoise:10,66.342,69.602,4.829,73.258
1847.574,run:denoise:10,69.602,69.602,4.83,73.258
1848.075,run:denoise:10,69.602,69.602,4.829,73.258
1848.576,run:denoise:10,65.949,69.602,4.829,73.258
1849.077,run:denoise:10,69.602,69.602,4.829,73.258
1849.577,run:denoise:10,66.705,69.602,4.83,73.258
1850.078,run:denoise:10,65.571,69.602,4.83,73.258
1850.579,run:denoise:10,69.602,69.602,4.807,73.258
1851.08,run:denoise:10,66.53,69.602,4.807,73.258
1851.581,run:denoise:10,69.602,69.602,4.808,73.258
1852.082,run:denoise:10,69.602,69.602,4.808,73.258
1852.582,run:denoise:10,65.824,69.602,4.804,73.258
1853.083,run:denoise:10,69.602,69.602,4.806,73.258
1853.584,run:denoise:10,69.602,69.602,4.807,73.258
1854.085,run:denoise:10,65.571,69.602,4.807,73.258
1854.585,run:denoise:10,69.602,69.602,4.806,73.258
1855.086,run:denoise:10,66.53,69.602,4.806,73.258
1855.587,run:denoise:10,64.061,69.602,4.807,73.258
1856.088,run:denoise:10,65.949,69.602,4.807,73.258
1856.589,run:denoise:10,65.193,69.602,4.808,73.258
1857.09,run:denoise:10,65.193,69.602,4.808,73.258
1857.59,run:denoise:10,65.193,69.602,4.806,73.258
1858.091,run:denoise:10,65.193,69.602,4.806,73.258
1858.592,run:denoise:10,65.193,69.602,4.807,73.258
1859.093,run:denoise:10,65.193,69.602,4.807,73.258
1859.593,run:denoise:10,65.193,69.602,4.808,73.258
1860.094,run:denoise:10,65.193,69.602,4.808,73.258
1860.595,run:denoise:10,65.193,69.602,4.807,73.258
1861.096,run:denoise:10,65.193,69.602,4.807,73.258
1861.597,run:denoise:10,65.193,69.602,4.806,73.258
1862.098,run:denoise:10,65.193,69.602,4.807,73.258
1862.598,run:denoise:10,65.193,69.602,4.807,73.258
1863.099,run:denoise:10,65.193,69.602,4.807,73.258
1863.6,run:denoise:10,65.193,69.602,4.808,73.258
1864.1,run:denoise:10,65.193,69.602,4.808,73.258
1864.601,run:denoise:10,69.602,69.602,4.808,73.258
1865.102,run:denoise:10,65.824,69.602,4.808,73.258
1865.603,run:denoise:10,69.602,69.602,4.806,73.258
1866.103,run:denoise:10,69.602,69.602,4.807,73.258
1866.605,run:denoise:10,65.571,69.602,4.806,73.258
1867.106,run:denoise:10,69.602,69.602,4.806,73.258
1867.606,run:denoise:10,67.475,69.602,4.808,73.258
1868.107,run:denoise:10,69.602,69.602,4.808,73.258
1868.608,run:denoise:10,69.602,69.602,4.808,73.258
1869.109,run:denoise:10,66.342,69.602,4.808,73.258
1869.609,run:denoise:10,69.602,69.602,4.808,73.258
1870.11,run:denoise:10,69.602,69.602,4.808,73.258
1870.611,run:denoise:10,65.571,69.602,4.807,73.258
1871.111,run:denoise:10,69.602,69.602,4.807,73.258
1871.613,run:denoise:10,65.571,69.602,4.807,73.258
1872.113,run:denoise:10,65.571,69.602,4.807,73.258
1872.614,run:denoise:10,69.602,69.602,4.806,73.258
1873.115,run:denoise:10,66.342,69.602,4.806,73.258
1873.616,run:denoise:10,69.602,69.602,4.807,73.258
1874.116,run:denoise:10,64.061,69.602,4.809,73.258
1874.617,run:denoise:10,64.438,69.602,4.809,73.258
1875.118,run:denoise:10,65.193,69.602,4.809,73.258
1875.618,run:denoise:10,65.193,69.602,4.811,73.258
1876.119,run:denoise:10,65.193,69.602,4.809,73.258
1876.62,run:denoise:10,65.193,69.602,4.809,73.258
1877.121,run:denoise:10,65.193,69.602,4.81,73.258
1877.622,run:denoise:10,65.193,69.602,4.808,73.258
1878.123,run:denoise:10,65.193,69.602,4.808,73.258
1878.624,run:denoise:10,65.193,69.602,4.807,73.258
1879.124,run:denoise:10,65.193,69.602,4.807,73.258
1879.625,run:denoise:10,65.193,69.602,4.807,73.258
1880.126,run:denoise:10,65.193,69.602,4.807,73.258
1880.626,run:denoise:10,65.193,69.602,4.806,73.258
1881.127,run:denoise:10,65.193,69.602,4.806,73.258
1881.628,run:denoise:10,65.193,69.602,4.806,73.258
1882.129,run:denoise:10,65.193,69.602,4.807,73.258
1882.63,run:denoise:10,69.602,69.602,4.806,73.258
1883.131,run:denoise:10,66.454,69.602,4.806,73.258
1883.631,run:denoise:10,64.438,69.602,4.806,73.258
1884.132,run:denoise:10,69.602,69.602,4.806,73.258
1884.633,run:denoise:10,66.342,69.602,4.805,73.258
1885.134,run:denoise:10,69.602,69.602,4.806,73.258
1885.634,run:denoise:10,69.602,69.602,4.805,73.258
1886.135,run:denoise:10,65.571,69.602,4.808,73.258
1886.636,run:denoise:10,69.602,69.602,4.808,73.258
1887.137,run:denoise:10,66.327,69.602,4.808,73.258
1887.638,run:denoise:10,65.571,69.602,4.808,73.258
1888.139,run:denoise:10,69.602,69.602,4.807,73.258
1888.639,run:denoise:10,66.53,69.602,4.806,73.258
1889.14,run:denoise:10,69.602,69.602,4.805,73.258
1889.641,run:denoise:10,69.602,69.602,4.805,73.258
1890.142,run:denoise:10,65.824,69.602,4.806,73.258
1890.642,run:denoise:10,69.602,69.602,4.806,73.258
1891.143,run:denoise:10,68.594,69.602,4.806,73.258
1891.644,run:denoise:10,65.193,69.602,4.806,73.258
1892.145,run:denoise:10,64.438,69.602,4.806,73.258
1892.646,run:denoise:10,65.193,69.602,4.806,73.258
1893.147,run:denoise:10,65.193,69.602,4.807,73.258
1893.647,run:denoise:10,65.193,69.602,4.807,73.258
1894.148,run:denoise:10,65.193,69.602,4.806,73.258
1894.649,run:denoise:10,65.193,69.602,4.806,73.258
1895.15,run:denoise:10,65.193,69.602,4.806,73.258
1895.65,run:denoise:10,65.193,69.602,4.806,73.258
1896.151,run:denoise:10,65.193,69.602,4.807,73.258
1896.652,run:denoise:10,65.193,69.602,4.807,73.258
1897.153,run:denoise:10,65.193,69.602,4.807,73.258
1897.654,run:denoise:10,65.193,69.602,4.807,73.258
1898.155,run:denoise:10,65.193,69.602,4.807,73.258
1898.656,run:denoise:10,65.193,69.602,4.806,73.258
1899.156,run:denoise:10,65.824,69.602,4.806,73.258
1899.657,run:denoise:10,69.602,69.602,4.806,73.258
1900.158,run:denoise:10,69.602,69.602,4.807,73.258
1900.659,run:denoise:10,65.571,69.602,4.807,73.258
1901.159,run:denoise:10,69.602,69.602,4.808,73.258
1901.66,run:denoise:10,66.53,69.602,4.807,73.258
1902.161,run:denoise:10,69.602,69.602,4.808,73.258
1902.661,run:denoise:10,69.602,69.602,4.808,73.258
1903.163,run:denoise:10,65.824,69.602,4.81,73.258
1903.663,run:denoise:10,69.602,69.602,4.811,73.258
1904.164,run:denoise:10,69.602,69.602,4.809,73.258
1904.665,run:denoise:10,65.571,69.602,4.809,73.258
1905.166,run:denoise:10,69.602,69.602,4.809,73.258
1905.666,run:denoise:10,66.908,69.602,4.808,73.258
1906.167,run:denoise:10,69.602,69.602,4.808,73.258
1906.668,run:denoise:10,69.602,69.602,4.807,73.258
1907.169,run:denoise:10,65.824,69.602,4.807,73.258
1907.669,run:denoise:10,69.602,69.602,4.808,73.258
1908.171,run:denoise:10,69.602,69.602,4.807,73.258
1908.672,run:denoise:10,64.06,69.602,4.807,73.258
1909.172,run:denoise:10,65.949,69.602,4.807,73.258
1909.673,run:denoise:10,65.193,69.602,4.808,73.258
1910.174,run:denoise:10,65.193,69.602,4.809,73.258
1910.675,run:denoise:10,65.193,69.602,4.809,73.258
1911.175,run:denoise:10,65.193,69.602,4.809,73.258
1911.676,run:denoise:10,65.193,69.602,4.809,73.258
1912.177,run:denoise:10,65.193,69.602,4.808,73.258
1912.677,run:denoise:10,65.193,69.602,4.809,73.258
1913.178,run:denoise:10,65.193,69.602,4.81,73.258
1913.68,run:denoise:10,65.193,69.602,4.81,73.258
1914.18,run:denoise:10,65.193,69.602,4.809,73.258
1914.681,run:denoise:10,65.193,69.602,4.811,73.258
1915.182,run:denoise:10,65.571,69.602,4.811,73.258
1915.683,run:denoise:10,69.602,69.602,4.811,73.258
1916.183,run:denoise:10,66.908,69.602,4.812,73.258
1916.684,run:denoise:10,69.602,69.602,4.81,73.258
1917.185,run:denoise:10,69.602,69.602,4.81,73.258
1917.686,run:denoise:10,66.53,69.602,4.81,73.258
1918.186,run:denoise:10,69.602,69.602,4.81,73.258
1918.688,run:denoise:10,69.602,69.602,4.811,73.258
1919.188,run:denoise:10,65.571,69.602,4.811,73.258
1919.689,run:denoise:10,69.602,69.602,4.811,73.258
1920.19,run:denoise:10,67.338,69.602,4.811,73.258
1920.691,run:denoise:10,65.571,69.602,4.812,73.258
1921.191,run:denoise:10,69.602,69.602,4.812,73.258
1921.692,run:denoise:10,66.342,69.602,4.812,73.258
1922.193,run:denoise:10,69.602,69.602,4.812,73.258
1922.694,run:denoise:10,69.602,69.602,4.811,73.258
1923.194,run:denoise:10,65.571,69.602,4.811,73.258
1923.696,run:denoise:10,69.602,69.602,4.811,73.258
1924.196,run:denoise:10,65.949,69.602,4.811,73.258
1924.697,run:denoise:10,64.06,69.602,4.811,73.258
1925.198,run:denoise:10,65.949,69.602,4.811,73.258
1925.699,run:denoise:10,65.193,69.602,4.812,73.258
1926.199,run:denoise:10,65.193,69.602,4.812,73.258
1926.7,run:denoise:10,65.193,69.602,4.812,73.258
1927.201,run:denoise:10,65.193,69.602,4.811,73.258
1927.702,run:denoise:10,65.193,69.602,4.811,73.258
1928.202,run:denoise:10,65.193,69.602,4.811,73.258
1928.703,run:denoise:10,65.193,69.602,4.81,73.258
1929.205,run:denoise:10,65.193,69.602,4.81,73.258
1929.706,run:denoise:10,65.193,69.602,4.81,73.258
1930.206,run:denoise:10,65.193,69.602,4.81,73.258
1930.707,run:denoise:10,66.327,69.602,4.81,73.258
1931.208,run:denoise:10,65.571,69.602,4.809,73.258
1931.708,run:denoise:10,69.602,69.602,4.81,73.258
1932.209,run:denoise:10,66.53,69.602,4.811,73.258
1932.71,run:denoise:10,69.602,69.602,4.809,73.258
1933.211,run:denoise:10,69.602,69.602,4.809,73.258
1933.711,run:denoise:10,65.824,69.602,4.809,73.258
1934.213,run:denoise:10,69.602,69.602,4.809,73.258
1934.713,run:denoise:10,69.602,69.602,4.81,73.258
1935.214,run:denoise:10,65.571,69.602,4.809,73.258
1935.715,run:denoise:10,69.602,69.602,4.809,73.258
1936.216,run:denoise:10,67.097,69.602,4.809,73.258
1936.716,run:denoise:10,69.602,69.602,4.809,73.258
1937.217,run:denoise:10,69.602,69.602,4.809,73.258
1937.718,run:denoise:10,67.096,69.602,4.81,73.258
1938.218,run:denoise:10,69.602,69.602,4.81,73.258
1938.719,run:denoise:10,69.602,69.602,4.81,73.258
1939.22,run:denoise:10,65.571,69.602,4.811,73.258
1939.721,run:denoise:10,69.602,69.602,4.811,73.258
1940.221,run:denoise:10,63.278,69.602,4.811,73.258
1940.722,init,63.277,69.602,4.811,73.258
1941.223,init,63.277,69.602,4.812,73.258
1941.724,init,63.277,69.602,4.813,73.258
1942.224,init,63.277,69.602,4.813,73.258
1942.725,init,63.277,69.602,4.812,73.258
1943.226,init,63.277,69.602,4.811,73.258
1943.726,init,63.277,69.602,4.811,73.258
1944.228,init,63.277,69.602,4.812,73.258
1944.729,init,63.277,69.602,4.812,73.258
1945.229,init,63.277,69.602,4.812,73.258
1945.73,init,63.277,69.602,4.813,73.258
1946.231,run:denoise:11,69.239,69.602,4.841,73.276
1946.732,run:denoise:11,65.209,69.602,4.843,73.276
1947.232,run:denoise:11,69.239,69.602,4.843,73.276
1947.733,run:denoise:11,66.976,69.602,4.843,73.276
1948.234,run:denoise:11,65.209,69.602,4.843,73.276
1948.735,run:denoise:11,69.239,69.602,4.841,73.276
1949.236,run:denoise:11,65.979,69.602,4.843,73.276
1949.736,run:denoise:11,69.239,69.602,4.843,73.276
1950.237,run:denoise:11,69.239,69.602,4.843,73.276
1950.738,run:denoise:11,65.587,69.602,4.842,73.276
1951.239,run:denoise:11,69.239,69.602,4.844,73.276
1951.739,run:denoise:11,66.342,69.602,4.843,73.276
1952.24,run:denoise:11,65.209,69.602,4.843,73.276
1952.741,run:denoise:11,69.239,69.602,4.842,73.276
1953.242,run:denoise:11,66.168,69.602,4.842,73.276
1953.742,run:denoise:11,69.239,69.602,4.842,73.276
1954.244,run:denoise:11,69.239,69.602,4.843,73.276
1954.744,run:denoise:11,64.957,69.602,4.843,73.276
1955.245,run:denoise:11,69.239,69.602,4.842,73.276
1955.746,run:denoise:11,63.306,69.602,4.842,73.276
1956.247,run:denoise:11,63.306,69.602,4.842,73.276
1956.747,run:denoise:11,63.306,69.602,4.845,73.276
1957.248,run:denoise:11,63.306,69.602,4.846,73.276
1957.749,run:denoise:11,63.306,69.602,4.846,73.276
1958.25,run:denoise:11,63.306,69.602,4.845,73.276
1958.75,run:denoise:11,63.306,69.602,4.843,73.276
1959.252,run:denoise:11,63.306,69.602,4.843,73.276
1959.752,run:denoise:11,63.306,69.602,4.843,73.276
1960.253,run:denoise:11,63.306,69.602,4.844,73.276
1960.754,run:denoise:11,63.306,69.602,4.843,73.276
1961.255,run:denoise:11,63.306,69.602,4.843,73.276
1961.755,run:denoise:11,65.222,69.63,4.842,73.276
1962.256,run:denoise:11,65.222,69.63,4.842,73.276
1962.757,run:denoise:11,69.63,69.63,4.842,73.276
1963.257,run:denoise:11,69.63,69.63,4.843,73.276
1963.758,run:denoise:11,65.853,69.63,4.843,73.276
1964.26,run:denoise:11,69.63,69.63,4.843,73.276
1964.76,run:denoise:11,69.63,69.63,4.842,73.276
1965.261,run:denoise:11,65.6,69.63,4.841,73.276
1965.762,run:denoise:11,69.63,69.63,4.842,73.276
1966.262,run:denoise:11,66.937,69.63,4.842,73.276
1966.763,run:denoise:11,69.63,69.63,4.843,73.276
1967.264,run:denoise:11,69.63,69.63,4.844,73.276
1967.765,run:denoise:11,65.853,69.63,4.845,73.276
1968.265,run:denoise:11,69.63,69.63,4.845,73.276
1968.766,run:denoise:11,69.63,69.63,4.845,73.276
1969.267,run:denoise:11,65.6,69.63,4.843,73.276
1969.768,run:denoise:11,69.63,69.63,4.844,73.276
1970.269,run:denoise:11,67.504,69.63,4.844,73.276
1970.77,run:denoise:11,69.63,69.63,4.84,73.276
1971.27,run:denoise:11,69.63,69.63,4.839,73.276
1971.771,run:denoise:11,63.32,69.63,4.839,73.276
1972.272,run:denoise:11,64.466,69.63,4.839,73.276
1972.772,run:denoise:11,65.222,69.63,4.838,73.276
1973.273,run:denoise:11,65.222,69.63,4.839,73.276
1973.774,run:denoise:11,65.222,69.63,4.839,73.276
1974.275,run:denoise:11,65.222,69.63,4.839,73.276
1974.776,run:denoise:11,65.222,69.63,4.839,73.276
1975.277,run:denoise:11,65.222,69.63,4.839,73.276
1975.777,run:denoise:11,65.222,69.63,4.839,73.276
1976.278,run:denoise:11,65.222,69.63,4.839,73.276
1976.779,run:denoise:11,65.222,69.63,4.839,73.276
1977.28,run:denoise:11,65.222,69.63,4.839,73.276
1977.78,run:denoise:11,65.222,69.63,4.838,73.276
1978.281,run:denoise:11,65.222,69.63,4.838,73.276
1978.782,run:denoise:11,65.222,69.63,4.838,73.276
1979.283,run:denoise:11,66.559,69.63,4.839,73.276
1979.783,run:denoise:11,69.63,69.63,4.837,73.276
1980.285,run:denoise:11,69.63,69.63,4.837,73.276
1980.785,run:denoise:11,65.852,69.63,4.837,73.276
1981.286,run:denoise:11,69.63,69.63,4.836,73.276
1981.787,run:denoise:11,69.63,69.63,4.836,73.276
1982.288,run:denoise:11,65.6,69.63,4.836,73.276
1982.788,run:denoise:11,69.63,69.63,4.836,73.276
1983.289,run:denoise:11,66.937,69.63,4.836,73.276
1983.79,run:denoise:11,69.63,69.63,4.838,73.276
1984.291,run:denoise:11,69.63,69.63,4.839,73.276
1984.791,run:denoise:11,65.852,69.63,4.837,73.276
1985.293,run:denoise:11,69.63,69.63,4.837,73.276
1985.793,run:denoise:11,69.63,69.63,4.838,73.276
1986.294,run:denoise:11,65.6,69.63,4.839,73.276
1986.795,run:denoise:11,69.63,69.63,4.838,73.276
1987.296,run:denoise:11,66.937,69.63,4.839,73.276
1987.796,run:denoise:11,69.63,69.63,4.839,73.276
1988.297,run:denoise:11,69.63,69.63,4.839,73.276
1988.798,run:denoise:11,64.089,69.63,4.838,73.276
1989.298,run:denoise:11,65.978,69.63,4.838,73.276
1989.799,run:denoise:11,65.222,69.63,4.838,73.276
1990.301,run:denoise:11,65.222,69.63,4.839,73.276
1990.802,run:denoise:11,65.222,69.63,4.84,73.276
1991.302,run:denoise:11,65.222,69.63,4.84,73.276
1991.803,run:denoise:11,65.222,69.63,4.84,73.276
1992.304,run:denoise:11,65.222,69.63,4.84,73.276
1992.804,run:denoise:11,65.222,69.63,4.839,73.276
1993.305,run:denoise:11,65.222,69.63,4.839,73.276
1993.806,run:denoise:11,65.222,69.63,4.839,73.276
1994.307,run:denoise:11,65.222,69.63,4.839,73.276
1994.808,run:denoise:11,65.222,69.63,4.839,73.276
1995.309,run:denoise:11,65.222,69.63,4.839,73.276
1995.81,run:denoise:11,65.222,69.63,4.841,73.276
1996.311,run:denoise:11,65.222,69.63,4.84,73.276
1996.812,run:denoise:11,69.63,69.63,4.84,73.276
1997.312,run:denoise:11,65.978,69.63,4.84,73.276
1997.813,run:denoise:11,65.6,69.63,4.84,73.276
1998.314,run:denoise:11,69.63,69.63,4.84,73.276
1998.814,run:denoise:11,66.559,69.63,4.84,73.276
1999.315,run:denoise:11,69.63,69.63,4.84,73.276
1999.816,run:denoise:11,69.63,69.63,4.841,73.276
2000.317,run:denoise:11,65.853,69.63,4.84,73.276
2000.818,run:denoise:11,69.63,69.63,4.841,73.276
2001.319,run:denoise:11,69.63,69.63,4.84,73.276
2001.819,run:denoise:11,65.6,69.63,4.841,73.276
2002.32,run:denoise:11,69.63,69.63,4.841,73.276
2002.821,run:denoise:11,66.559,69.63,4.84,73.276
2003.322,run:denoise:11,69.63,69.63,4.84,73.276
2003.822,run:denoise:11,69.63,69.63,4.839,73.276
2004.323,run:denoise:11,65.853,69.63,4.839,73.276
2004.824,run:denoise:11,69.63,69.63,4.838,73.276
2005.325,run:denoise:11,69.63,69.63,4.838,73.276
2005.825,run:denoise:11,65.6,69.63,4.84,73.276
2006.326,run:denoise:11,64.089,69.63,4.841,73.276
2006.827,run:denoise:11,66.37,69.63,4.84,73.276
2007.327,run:denoise:11,65.222,69.63,4.841,73.276
2007.828,run:denoise:11,65.222,69.63,4.84,73.276
2008.329,run:denoise:11,65.222,69.63,4.84,73.276
2008.83,run:denoise:11,65.222,69.63,4.839,73.276
2009.33,run:denoise:11,65.222,69.63,4.839,73.276
2009.831,run:denoise:11,65.222,69.63,4.838,73.276
2010.332,run:denoise:11,65.222,69.63,4.838,73.276
2010.833,run:denoise:11,65.222,69.63,4.839,73.276
2011.334,run:denoise:11,65.222,69.63,4.839,73.276
2011.835,run:denoise:11,65.222,69.63,4.837,73.276
2012.335,run:denoise:11,65.222,69.63,4.837,73.276
2012.838,run:denoise:11,65.222,69.63,4.837,73.276
2013.338,run:denoise:11,65.222,69.631,4.837,73.276
2013.839,run:denoise:11,65.222,69.631,4.838,73.276
2014.34,run:denoise:11,63.307,69.631,4.837,73.276
2014.84,run:denoise:11,65.222,69.631,4.837,73.276
2015.341,run:denoise:11,66.937,69.631,4.837,73.276
2015.885,run:denoise:11,69.631,69.631,4.853,73.276
2016.386,run:denoise:11,69.631,69.631,4.844,73.276
2016.887,run:denoise:11,66.483,69.631,4.844,73.276
2017.388,run:denoise:11,64.467,69.631,4.843,73.276
2017.888,run:denoise:11,69.631,69.631,4.844,73.276
2018.389,run:denoise:11,66.37,69.631,4.844,73.276
2018.89,run:denoise:11,69.631,69.631,4.846,73.276
2019.391,run:denoise:11,69.631,69.631,4.845,73.276
2019.891,run:denoise:11,65.6,69.631,4.846,73.276
2020.392,run:denoise:11,69.631,69.631,4.846,73.276
2020.893,run:denoise:11,65.978,69.631,4.845,73.276
2021.394,run:denoise:11,65.6,69.631,4.846,73.276
2021.895,run:denoise:11,69.631,69.631,4.846,73.276
2022.396,run:denoise:11,66.37,69.631,4.844,73.276
2022.896,run:denoise:11,69.631,69.631,4.84,73.276
2023.397,run:denoise:11,69.631,69.631,4.84,73.276
2023.898,run:denoise:11,65.6,69.631,4.84,73.276
2024.398,run:denoise:11,69.631,69.631,4.84,73.276
2024.899,run:denoise:11,63.333,69.631,4.838,73.276
2025.4,run:denoise:11,64.466,69.631,4.839,73.276
2025.901,run:denoise:11,65.222,69.631,4.838,73.276
2026.401,run:denoise:11,65.222,69.631,4.84,73.276
2026.903,run:denoise:11,65.222,69.631,4.839,73.276
2027.403,run:denoise:11,65.222,69.631,4.839,73.276
2027.904,run:denoise:11,65.222,69.631,4.852,73.276
2028.405,run:denoise:11,65.222,69.631,4.854,73.276
2028.906,run:denoise:11,65.222,69.631,4.853,73.276
2029.406,run:denoise:11,65.222,69.631,4.853,73.276
2029.907,run:denoise:11,65.222,69.631,4.853,73.276
2030.408,run:denoise:11,65.222,69.631,4.854,73.276
2030.909,run:denoise:11,65.222,69.631,4.854,73.276
2031.409,run:denoise:11,65.222,69.631,4.854,73.276
2031.911,run:denoise:11,65.222,69.631,4.855,73.276
2032.412,run:denoise:11,65.222,69.631,4.855,73.276
2032.912,run:denoise:11,65.222,69.631,4.855,73.276
2033.413,run:denoise:11,69.631,69.631,4.855,73.276
2033.914,run:denoise:11,65.853,69.631,4.855,73.276
2034.415,run:denoise:11,69.631,69.631,4.857,73.276
2034.915,run:denoise:11,69.631,69.631,4.856,73.276
2035.416,run:denoise:11,65.6,69.631,4.856,73.276
2035.917,run:denoise:11,69.631,69.631,4.857,73.276
2036.417,run:denoise:11,66.937,69.631,4.856,73.276
2036.918,run:denoise:11,69.631,69.631,4.857,73.276
2037.419,run:denoise:11,69.631,69.631,4.857,73.276
2037.92,run:denoise:11,65.853,69.631,4.857,73.276
2038.42,run:denoise:11,69.631,69.631,4.857,73.276
2038.921,run:denoise:11,69.631,69.631,4.856,73.276
2039.422,run:denoise:11,65.6,69.631,4.856,73.276
2039.923,run:denoise:11,69.631,69.631,4.856,73.276
2040.423,run:denoise:11,66.937,69.631,4.859,73.276
2040.924,run:denoise:11,69.631,69.631,4.856,73.276
2041.425,run:denoise:11,69.631,69.631,4.856,73.276
2041.926,run:denoise:11,65.853,69.631,4.857,73.276
2042.427,run:denoise:11,69.631,69.631,4.858,73.276
2042.928,run:denoise:11,64.089,69.631,4.857,73.276
2043.428,run:denoise:11,64.466,69.631,4.856,73.276
2043.929,run:denoise:11,65.222,69.631,4.857,73.276
2044.43,run:denoise:11,65.222,69.631,4.86,73.276
2044.931,run:denoise:11,65.222,69.631,4.858,73.276
2045.431,run:denoise:11,65.222,69.631,4.858,73.276
2045.932,run:denoise:11,65.222,69.631,4.858,73.276
2046.433,run:denoise:11,65.222,69.631,4.863,73.276
2046.934,run:denoise:11,65.222,69.631,4.857,73.276
2047.435,run:denoise:11,65.222,69.631,4.857,73.276
2047.936,run:denoise:11,65.222,69.631,4.858,73.276
2048.437,run:denoise:11,65.222,69.631,4.865,73.276
2048.937,run:denoise:11,65.222,69.631,4.856,73.276
2049.438,run:denoise:11,65.222,69.631,4.856,73.276
2049.939,run:denoise:11,65.222,69.631,4.858,73.276
2050.44,run:denoise:11,69.63,69.631,4.862,73.276
2050.94,run:denoise:11,65.349,69.631,4.857,73.276
2051.441,run:denoise:11,69.63,69.631,4.856,73.276
2051.942,run:denoise:11,68.623,69.631,4.856,73.276
2052.442,run:denoise:11,65.6,69.631,4.862,73.276
2052.943,run:denoise:11,69.63,69.631,4.858,73.276
2053.444,run:denoise:11,66.559,69.631,4.857,73.276
2053.945,run:denoise:11,69.63,69.631,4.858,73.276
2054.445,run:denoise:11,69.63,69.631,4.856,73.276
2054.946,run:denoise:11,65.853,69.631,4.858,73.276
2055.447,run:denoise:11,69.63,69.631,4.858,73.276
2055.948,run:denoise:11,69.63,69.631,4.858,73.276
2056.448,run:denoise:11,65.6,69.631,4.858,73.276
2056.949,run:denoise:11,69.63,69.631,4.858,73.276
2057.45,run:denoise:11,66.937,69.631,4.858,73.276
2057.951,run:denoise:11,69.63,69.631,4.858,73.276
2058.452,run:denoise:11,69.63,69.631,4.859,73.276
2058.953,run:denoise:11,65.853,69.631,4.858,73.276
2059.453,run:denoise:11,69.63,69.631,4.858,73.276
2059.954,run:denoise:11,64.089,69.631,4.858,73.276
2060.455,run:denoise:11,64.466,69.631,4.857,73.276
2060.955,run:denoise:11,65.222,69.631,4.859,73.276
2061.456,run:denoise:11,65.222,69.631,4.859,73.276
2061.957,run:denoise:11,65.222,69.631,4.859,73.276
2062.458,run:denoise:11,65.222,69.631,4.857,73.276
2062.959,run:denoise:11,65.222,69.631,4.858,73.276
2063.46,run:denoise:11,65.222,69.631,4.858,73.276
2063.961,run:denoise:11,65.222,69.631,4.858,73.276
2064.461,run:denoise:11,65.222,69.631,4.857,73.276
2064.962,run:denoise:11,65.222,69.631,4.857,73.276
2065.463,run:denoise:11,65.222,69.631,4.857,73.276
2065.964,run:denoise:11,65.222,69.631,4.857,73.276
2066.464,run:denoise:11,65.222,69.631,4.858,73.276
2066.965,run:denoise:11,65.6,69.631,4.86,73.276
2067.466,run:denoise:11,69.631,69.631,4.86,73.276
2067.966,run:denoise:11,66.559,69.631,4.86,73.276
2068.468,run:denoise:11,69.631,69.631,4.859,73.276
2068.969,run:denoise:11,69.631,69.631,4.861,73.276
2069.469,run:denoise:11,65.853,69.631,4.86,73.276
2069.97,run:denoise:11,69.631,69.631,4.86,73.276
2070.471,run:denoise:11,69.631,69.631,4.86,73.276
2070.971,run:denoise:11,65.6,69.631,4.859,73.276
2071.472,run:denoise:11,69.631,69.631,4.858,73.276
2071.973,run:denoise:11,66.937,69.631,4.858,73.276
2072.474,run:denoise:11,69.631,69.631,4.859,73.276
2072.974,run:denoise:11,69.631,69.631,4.858,73.276
2073.476,run:denoise:11,65.853,69.631,4.858,73.276
2073.976,run:denoise:11,69.631,69.631,4.858,73.276
2074.477,run:denoise:11,69.631,69.631,4.858,73.276
2074.978,run:denoise:11,65.6,69.631,4.859,73.276
2075.479,run:denoise:11,69.631,69.631,4.859,73.276
2075.979,run:denoise:11,66.937,69.631,4.859,73.276
2076.48,run:denoise:11,64.089,69.631,4.857,73.276
2076.981,run:denoise:11,65.978,69.631,4.859,73.276
2077.482,run:denoise:11,65.222,69.631,4.859,73.276
2077.982,run:denoise:11,65.222,69.631,4.859,73.276
2078.483,run:denoise:11,65.222,69.631,4.86,73.276
2078.985,run:denoise:11,65.222,69.631,4.86,73.276
2079.485,run:denoise:11,65.222,69.631,4.859,73.276
2079.986,run:denoise:11,65.222,69.631,4.859,73.276
2080.487,run:denoise:11,65.222,69.631,4.859,73.276
2080.988,run:denoise:11,65.222,69.631,4.86,73.276
2081.488,run:denoise:11,65.222,69.631,4.859,73.276
2081.989,run:denoise:11,65.222,69.631,4.859,73.276
2082.49,run:denoise:11,67.503,69.631,4.859,73.276
2082.991,run:denoise:11,66.733,69.631,4.858,73.276
2083.491,run:denoise:11,69.63,69.631,4.859,73.276
2083.993,run:denoise:11,66.37,69.631,4.86,73.276
2084.493,run:denoise:11,69.63,69.631,4.859,73.276
2084.994,run:denoise:11,69.63,69.631,4.859,73.276
2085.495,run:denoise:11,65.853,69.631,4.859,73.276
2085.996,run:denoise:11,69.63,69.631,4.86,73.276
2086.496,run:denoise:11,69.63,69.631,4.859,73.276
2086.997,run:denoise:11,65.6,69.631,4.861,73.276
2087.498,run:denoise:11,69.63,69.631,4.861,73.276
2087.998,run:denoise:11,66.559,69.631,4.861,73.276
2088.499,run:denoise:11,69.63,69.631,4.862,73.276
2089.0,run:denoise:11,69.63,69.631,4.859,73.276
2089.501,run:denoise:11,65.853,69.631,4.86,73.276
2090.002,run:denoise:11,69.63,69.631,4.86,73.276
2090.503,run:denoise:11,69.63,69.631,4.859,73.276
2091.003,run:denoise:11,65.6,69.631,4.86,73.276
2091.504,run:denoise:11,69.63,69.631,4.86,73.276
2092.005,run:denoise:11,63.319,69.631,4.86,73.276
2092.506,init,63.306,69.631,4.86,73.276
2093.006,init,63.306,69.631,4.861,73.276
2093.507,init,63.306,69.631,4.862,73.276
2094.009,init,63.306,69.631,4.862,73.276
2094.509,init,63.306,69.631,4.861,73.276
2095.01,init,63.306,69.631,4.861,73.276
2095.511,init,63.306,69.631,4.861,73.276
2096.012,init,63.306,69.631,4.862,73.276
2096.512,init,63.306,69.631,4.862,73.276
2097.013,init,63.306,69.631,4.862,73.276
2097.514,init,63.306,69.631,4.861,73.276
2098.015,run:denoise:12,69.267,69.631,4.906,73.293
2098.516,run:denoise:12,65.237,69.631,4.907,73.293
2099.017,run:denoise:12,69.267,69.631,4.908,73.293
2099.517,run:denoise:12,66.574,69.631,4.906,73.293
2100.018,run:denoise:12,69.267,69.631,4.906,73.293
2100.519,run:denoise:12,69.267,69.631,4.904,73.293
2101.02,run:denoise:12,65.49,69.631,4.904,73.293
2101.52,run:denoise:12,69.267,69.631,4.905,73.293
2102.021,run:denoise:12,69.267,69.631,4.905,73.293
2102.522,run:denoise:12,65.237,69.631,4.905,73.293
2103.023,run:denoise:12,69.267,69.631,4.905,73.293
2103.523,run:denoise:12,66.763,69.631,4.905,73.293
2104.025,run:denoise:12,69.267,69.631,4.905,73.293
2104.525,run:denoise:12,69.267,69.631,4.904,73.293
2105.026,run:denoise:12,67.518,69.631,4.906,73.293
2105.527,run:denoise:12,69.267,69.631,4.905,73.293
2106.028,run:denoise:12,69.267,69.631,4.905,73.293
2106.528,run:denoise:12,65.237,69.631,4.904,73.293
2107.029,run:denoise:12,69.267,69.631,4.904,73.293
2107.53,run:denoise:12,63.335,69.631,4.905,73.293
2108.031,run:denoise:12,63.335,69.631,4.905,73.293
2108.531,run:denoise:12,63.335,69.631,4.905,73.293
2109.033,run:denoise:12,63.335,69.631,4.906,73.293
2109.533,run:denoise:12,63.335,69.631,4.907,73.293
2110.034,run:denoise:12,63.335,69.631,4.907,73.293
2110.535,run:denoise:12,63.335,69.631,4.905,73.293
2111.036,run:denoise:12,63.335,69.631,4.905,73.293
2111.537,run:denoise:12,63.335,69.631,4.906,73.293
2112.037,run:denoise:12,63.335,69.631,4.906,73.293
2112.538,run:denoise:12,63.335,69.631,4.906,73.293
2113.043,run:denoise:12,63.335,69.631,4.906,73.293
2113.544,run:denoise:12,65.251,69.659,4.906,73.293
2114.044,run:denoise:12,65.251,69.659,4.906,73.293
2114.545,run:denoise:12,69.659,69.659,4.904,73.293
2115.046,run:denoise:12,69.659,69.659,4.904,73.293
2115.546,run:denoise:12,65.629,69.659,4.904,73.293
2116.047,run:denoise:12,69.659,69.659,4.904,73.293
2116.548,run:denoise:12,67.899,69.659,4.904,73.293
2117.049,run:denoise:12,65.629,69.659,4.904,73.293
2117.549,run:denoise:12,69.659,69.659,4.905,73.293
2118.05,run:denoise:12,66.399,69.659,4.905,73.293
2118.551,run:denoise:12,69.659,69.659,4.904,73.293
2119.052,run:denoise:12,69.659,69.659,4.904,73.293
2119.553,run:denoise:12,66.006,69.659,4.904,73.293
2120.054,run:denoise:12,69.659,69.659,4.904,73.293
2120.554,run:denoise:12,66.384,69.659,4.904,73.293
2121.055,run:denoise:12,65.629,69.659,4.903,73.293
2121.556,run:denoise:12,69.659,69.659,4.904,73.293
2122.057,run:denoise:12,66.588,69.659,4.904,73.293
2122.557,run:denoise:12,69.659,69.659,4.903,73.293
2123.058,run:denoise:12,69.659,69.659,4.903,73.293
2123.559,run:denoise:12,66.006,69.659,4.905,73.293
2124.059,run:denoise:12,64.118,69.659,4.905,73.293
2124.561,run:denoise:12,66.512,69.659,4.904,73.293
2125.062,run:denoise:12,65.251,69.659,4.905,73.293
2125.562,run:denoise:12,65.251,69.659,4.905,73.293
2126.063,run:denoise:12,65.251,69.659,4.906,73.293
2126.564,run:denoise:12,65.251,69.659,4.905,73.293
2127.065,run:denoise:12,65.251,69.659,4.905,73.293
2127.565,run:denoise:12,65.251,69.659,4.904,73.293
2128.066,run:denoise:12,65.251,69.659,4.905,73.293
2128.567,run:denoise:12,65.251,69.659,4.904,73.293
2129.068,run:denoise:12,65.251,69.659,4.903,73.293
2129.568,run:denoise:12,65.251,69.659,4.903,73.293
2130.07,run:denoise:12,65.251,69.659,4.903,73.293
2130.57,run:denoise:12,65.251,69.659,4.903,73.293
2131.071,run:denoise:12,65.251,69.659,4.904,73.293
2131.572,run:denoise:12,69.659,69.659,4.905,73.293
2132.073,run:denoise:12,69.659,69.659,4.905,73.293
2132.573,run:denoise:12,65.629,69.659,4.905,73.293
2133.074,run:denoise:12,69.659,69.659,4.905,73.293
2133.575,run:denoise:12,67.393,69.659,4.905,73.293
2134.076,run:denoise:12,64.874,69.659,4.905,73.293
2134.576,run:denoise:12,69.659,69.659,4.904,73.293
2135.078,run:denoise:12,66.399,69.659,4.904,73.293
2135.579,run:denoise:12,69.659,69.659,4.904,73.293
2136.079,run:denoise:12,69.659,69.659,4.904,73.293
2136.58,run:denoise:12,65.629,69.659,4.903,73.293
2137.081,run:denoise:12,69.659,69.659,4.904,73.293
2137.582,run:denoise:12,65.629,69.659,4.904,73.293
2138.082,run:denoise:12,65.629,69.659,4.905,73.293
2138.583,run:denoise:12,69.659,69.659,4.903,73.293
2139.084,run:denoise:12,66.399,69.659,4.904,73.293
2139.584,run:denoise:12,69.659,69.659,4.904,73.293
2140.086,run:denoise:12,69.659,69.659,4.905,73.293
2140.587,run:denoise:12,65.628,69.659,4.906,73.293
2141.087,run:denoise:12,64.495,69.659,4.906,73.293
2141.588,run:denoise:12,65.251,69.659,4.905,73.293
2142.089,run:denoise:12,65.251,69.659,4.905,73.293
2142.589,run:denoise:12,65.251,69.659,4.905,73.293
2143.09,run:denoise:12,65.251,69.659,4.905,73.293
2143.591,run:denoise:12,65.251,69.659,4.905,73.293
2144.092,run:denoise:12,65.251,69.659,4.905,73.293
2144.592,run:denoise:12,65.251,69.659,4.904,73.293
2145.093,run:denoise:12,65.251,69.659,4.905,73.293
2145.595,run:denoise:12,65.251,69.659,4.904,73.293
2146.095,run:denoise:12,65.251,69.659,4.902,73.293
2146.596,run:denoise:12,65.251,69.659,4.903,73.293
2147.097,run:denoise:12,65.251,69.659,4.904,73.293
2147.598,run:denoise:12,65.251,69.659,4.905,73.293
2148.098,run:denoise:12,65.251,69.659,4.907,73.293
2148.599,run:denoise:12,65.251,69.659,4.906,73.293
2149.1,run:denoise:12,66.966,69.659,4.907,73.293
2149.601,run:denoise:12,69.659,69.659,4.906,73.293
2150.101,run:denoise:12,69.659,69.659,4.906,73.293
2150.603,run:denoise:12,65.881,69.659,4.907,73.293
2151.103,run:denoise:12,69.659,69.659,4.907,73.293
2151.604,run:denoise:12,69.659,69.659,4.906,73.293
2152.105,run:denoise:12,65.629,69.659,4.906,73.293
2152.606,run:denoise:12,69.659,69.659,4.906,73.293
2153.106,run:denoise:12,67.393,69.659,4.906,73.293
2153.607,run:denoise:12,65.251,69.659,4.907,73.293
2154.108,run:denoise:12,69.659,69.659,4.907,73.293
2154.609,run:denoise:12,66.399,69.659,4.905,73.293
2155.109,run:denoise:12,69.659,69.659,4.905,73.293
2155.611,run:denoise:12,69.659,69.659,4.905,73.293
2156.111,run:denoise:12,65.629,69.659,4.906,73.293
2156.612,run:denoise:12,69.659,69.659,4.906,73.293
2157.113,run:denoise:12,66.007,69.659,4.906,73.293
2157.614,run:denoise:12,65.629,69.659,4.906,73.293
2158.114,run:denoise:12,69.659,69.659,4.906,73.293
2158.615,run:denoise:12,64.118,69.659,4.907,73.293
2159.116,run:denoise:12,66.007,69.659,4.907,73.293
2159.617,run:denoise:12,65.251,69.659,4.908,73.293
2160.117,run:denoise:12,65.251,69.659,4.905,73.293
2160.618,run:denoise:12,65.251,69.659,4.905,73.293
2161.12,run:denoise:12,65.251,69.659,4.905,73.293
2161.62,run:denoise:12,65.251,69.659,4.904,73.293
2162.121,run:denoise:12,65.251,69.659,4.905,73.293
2162.622,run:denoise:12,65.251,69.659,4.904,73.293
2163.123,run:denoise:12,65.251,69.659,4.904,73.293
2163.623,run:denoise:12,65.251,69.659,4.904,73.293
2164.124,run:denoise:12,65.251,69.659,4.903,73.293
2164.625,run:denoise:12,65.251,69.659,4.903,73.293
2165.126,run:denoise:12,65.251,69.659,4.903,73.293
2165.626,run:denoise:12,65.251,69.659,4.902,73.293
2166.128,run:denoise:12,65.246,69.659,4.904,73.293
2166.629,run:denoise:12,65.251,69.659,4.904,73.293
2167.129,run:denoise:12,66.966,69.659,4.904,73.293
2167.63,run:denoise:12,69.659,69.659,4.904,73.293
2168.131,run:denoise:12,69.659,69.659,4.905,73.293
2168.632,run:denoise:12,67.909,69.659,4.905,73.293
2169.133,run:denoise:12,69.659,69.659,4.905,73.293
2169.633,run:denoise:12,69.659,69.659,4.904,73.293
2170.134,run:denoise:12,65.629,69.659,4.905,73.293
2170.635,run:denoise:12,69.659,69.659,4.903,73.293
2171.136,run:denoise:12,67.396,69.659,4.903,73.293
2171.637,run:denoise:12,65.629,69.659,4.903,73.293
2172.138,run:denoise:12,69.659,69.659,4.903,73.293
2172.638,run:denoise:12,66.399,69.659,4.903,73.293
2173.139,run:denoise:12,69.659,69.659,4.903,73.293
2173.64,run:denoise:12,69.659,69.659,4.904,73.293
2174.141,run:denoise:12,66.007,69.659,4.905,73.293
2174.641,run:denoise:12,69.659,69.659,4.905,73.293
2175.142,run:denoise:12,66.384,69.659,4.905,73.293
2175.643,run:denoise:12,65.629,69.659,4.905,73.293
2176.144,run:denoise:12,69.659,69.659,4.905,73.293
2176.645,run:denoise:12,63.389,69.659,4.906,73.293
2177.146,run:denoise:12,64.495,69.659,4.907,73.293
2177.647,run:denoise:12,65.251,69.659,4.907,73.293
2178.147,run:denoise:12,65.251,69.659,4.907,73.293
2178.648,run:denoise:12,65.251,69.659,4.907,73.293
2179.149,run:denoise:12,65.251,69.659,4.907,73.293
2179.65,run:denoise:12,65.251,69.659,4.907,73.293
2180.15,run:denoise:12,65.251,69.659,4.906,73.293
2180.651,run:denoise:12,65.251,69.659,4.904,73.293
2181.152,run:denoise:12,65.251,69.659,4.904,73.293
2181.653,run:denoise:12,65.251,69.659,4.904,73.293
2182.154,run:denoise:12,65.251,69.659,4.904,73.293
2182.655,run:denoise:12,65.251,69.659,4.904,73.293
2183.156,run:denoise:12,65.251,69.659,4.904,73.293
2183.656,run:denoise:12,65.251,69.659,4.904,73.293
2184.157,run:denoise:12,65.251,69.659,4.904,73.293
2184.658,run:denoise:12,65.251,69.659,4.904,73.293
2185.158,run:denoise:12,66.384,69.659,4.904,73.293
2185.659,run:denoise:12,65.629,69.659,4.904,73.293
2186.16,run:denoise:12,69.659,69.659,4.906,73.293
2186.661,run:denoise:12,66.588,69.659,4.902,73.293
2187.162,run:denoise:12,69.659,69.659,4.902,73.293
2187.663,run:denoise:12,69.659,69.659,4.902,73.293
2188.164,run:denoise:12,65.881,69.659,4.902,73.293
2188.664,run:denoise:12,69.659,69.659,4.905,73.293
2189.165,run:denoise:12,69.659,69.659,4.906,73.293
2189.666,run:denoise:12,65.629,69.659,4.907,73.293
2190.167,run:denoise:12,69.659,69.659,4.907,73.293
2190.667,run:denoise:12,66.966,69.659,4.906,73.293
2191.168,run:denoise:12,69.659,69.659,4.905,73.293
2191.669,run:denoise:12,69.659,69.659,4.905,73.293
2192.17,run:denoise:12,65.881,69.659,4.905,73.293
2192.671,run:denoise:12,69.659,69.659,4.906,73.293
2193.172,run:denoise:12,69.659,69.659,4.905,73.293
2193.672,run:denoise:12,65.629,69.659,4.905,73.293
2194.173,run:denoise:12,69.659,69.659,4.905,73.293
2194.674,run:denoise:12,63.348,69.659,4.904,73.293
2195.175,run:denoise:12,64.495,69.659,4.903,73.293
2195.675,run:denoise:12,65.251,69.659,4.903,73.293
2196.176,run:denoise:12,65.251,69.659,4.903,73.293
2196.677,run:denoise:12,65.251,69.659,4.905,73.293
2197.18,run:denoise:12,65.251,69.659,4.905,73.293
2197.681,run:denoise:12,65.251,69.659,4.905,73.293
2198.181,run:denoise:12,65.251,69.659,4.906,73.293
2198.682,run:denoise:12,65.251,69.659,4.905,73.293
2199.183,run:denoise:12,65.251,69.659,4.906,73.293
2199.684,run:denoise:12,65.251,69.659,4.906,73.293
2200.184,run:denoise:12,65.251,69.659,4.906,73.293
2200.685,run:denoise:12,65.251,69.659,4.906,73.293
2201.186,run:denoise:12,65.251,69.659,4.907,73.293
2201.687,run:denoise:12,65.251,69.659,4.907,73.293
2202.187,run:denoise:12,66.007,69.659,4.908,73.293
2202.689,run:denoise:12,65.629,69.659,4.908,73.293
2203.189,run:denoise:12,69.659,69.659,4.905,73.293
2203.69,run:denoise:12,66.588,69.659,4.905,73.293
2204.191,run:denoise:12,69.659,69.659,4.905,73.293
2204.692,run:denoise:12,69.659,69.659,4.903,73.293
2205.192,run:denoise:12,65.881,69.659,4.903,73.293
2205.693,run:denoise:12,69.659,69.659,4.903,73.293
2206.194,run:denoise:12,69.659,69.659,4.903,73.293
2206.695,run:denoise:12,65.629,69.659,4.904,73.293
2207.195,run:denoise:12,69.659,69.659,4.905,73.293
2207.697,run:denoise:12,66.966,69.659,4.905,73.293
2208.198,run:denoise:12,69.659,69.659,4.905,73.293
2208.698,run:denoise:12,69.659,69.659,4.904,73.293
2209.199,run:denoise:12,65.881,69.659,4.906,73.293
2209.7,run:denoise:12,69.659,69.659,4.906,73.293
2210.201,run:denoise:12,69.659,69.659,4.906,73.293
2210.701,run:denoise:12,65.629,69.659,4.871,73.293
2211.202,run:denoise:12,69.659,69.659,4.871,73.293
2211.703,run:denoise:12,63.348,69.659,4.871,73.293
2212.204,run:denoise:12,64.495,69.659,4.871,73.293
2212.704,run:denoise:12,65.251,69.659,4.87,73.293
2213.206,run:denoise:12,65.251,69.659,4.871,73.293
2213.707,run:denoise:12,65.251,69.659,4.871,73.293
2214.207,run:denoise:12,65.251,69.659,4.871,73.293
2214.708,run:denoise:12,65.251,69.659,4.87,73.293
2215.209,run:denoise:12,65.251,69.659,4.871,73.293
2215.71,run:denoise:12,65.251,69.659,4.871,73.293
2216.21,run:denoise:12,65.251,69.659,4.871,73.293
2216.711,run:denoise:12,65.251,69.659,4.871,73.293
2217.212,run:denoise:12,65.251,69.659,4.871,73.293
2217.713,run:denoise:12,65.251,69.659,4.871,73.293
2218.214,run:denoise:12,65.251,69.659,4.871,73.293
2218.715,run:denoise:12,69.659,69.659,4.871,73.293
2219.215,run:denoise:12,69.659,69.659,4.871,73.293
2219.716,run:denoise:12,65.629,69.659,4.871,73.293
2220.217,run:denoise:12,69.659,69.659,4.871,73.293
2220.718,run:denoise:12,66.384,69.659,4.87,73.293
2221.218,run:denoise:12,65.629,69.659,4.87,73.293
2221.719,run:denoise:12,69.659,69.659,4.871,73.293
2222.22,run:denoise:12,66.588,69.659,4.871,73.293
2222.721,run:denoise:12,69.659,69.659,4.87,73.293
2223.221,run:denoise:12,69.659,69.659,4.871,73.293
2223.722,run:denoise:12,65.881,69.659,4.871,73.293
2224.223,run:denoise:12,69.659,69.659,4.871,73.293
2224.724,run:denoise:12,69.659,69.659,4.872,73.293
2225.224,run:denoise:12,65.629,69.659,4.872,73.293
2225.725,run:denoise:12,69.659,69.659,4.872,73.293
2226.226,run:denoise:12,66.588,69.659,4.872,73.293
2226.726,run:denoise:12,69.659,69.659,4.871,73.293
2227.227,run:denoise:12,69.659,69.659,4.87,73.293
2227.728,run:denoise:12,65.881,69.659,4.87,73.293
2228.229,run:denoise:12,64.118,69.659,4.87,73.293
2228.73,run:denoise:12,66.007,69.659,4.87,73.293
2229.231,run:denoise:12,65.251,69.659,4.871,73.293
2229.732,run:denoise:12,65.251,69.659,4.87,73.293
2230.232,run:denoise:12,65.251,69.659,4.87,73.293
2230.733,run:denoise:12,65.251,69.659,4.868,73.293
2231.234,run:denoise:12,65.251,69.659,4.869,73.293
2231.734,run:denoise:12,65.251,69.659,4.869,73.293
2232.235,run:denoise:12,65.251,69.659,4.869,73.293
2232.736,run:denoise:12,65.251,69.659,4.869,73.293
2233.237,run:denoise:12,65.251,69.659,4.868,73.293
2233.738,run:denoise:12,65.251,69.659,4.869,73.293
2234.239,run:denoise:12,65.251,69.659,4.869,73.293
2234.739,run:denoise:12,69.659,69.659,4.868,73.293
2235.24,run:denoise:12,69.659,69.659,4.871,73.293
2235.741,run:denoise:12,65.629,69.659,4.87,73.293
2236.242,run:denoise:12,69.659,69.659,4.87,73.293
2236.742,run:denoise:12,67.154,69.659,4.87,73.293
2237.243,run:denoise:12,69.659,69.659,4.87,73.293
2237.744,run:denoise:12,69.659,69.659,4.87,73.293
2238.245,run:denoise:12,66.399,69.659,4.87,73.293
2238.745,run:denoise:12,69.659,69.659,4.87,73.293
2239.247,run:denoise:12,69.659,69.659,4.871,73.293
2239.748,run:denoise:12,65.629,69.659,4.871,73.293
2240.248,run:denoise:12,69.659,69.659,4.871,73.293
2240.749,run:denoise:12,65.629,69.659,4.87,73.293
2241.25,run:denoise:12,65.629,69.659,4.871,73.293
2241.751,run:denoise:12,69.659,69.659,4.87,73.293
2242.251,run:denoise:12,66.399,69.659,4.87,73.293
2242.752,run:denoise:12,69.659,69.659,4.87,73.293
2243.253,run:denoise:12,69.659,69.659,4.87,73.293
2243.753,run:denoise:12,65.251,69.659,4.869,73.293
2244.255,init,63.335,69.659,4.869,73.293
2244.756,init,63.335,69.659,4.87,73.293
2245.256,init,63.335,69.659,4.871,73.293
2245.757,init,63.335,69.659,4.871,73.293
2246.258,init,63.335,69.659,4.872,73.293
2246.759,init,63.335,69.659,4.87,73.293
2247.259,init,63.335,69.659,4.871,73.293
2247.76,init,63.335,69.659,4.871,73.293
2248.261,init,63.335,69.659,4.871,73.293
2248.762,init,63.335,69.659,4.872,73.293
2249.263,init,63.335,69.659,4.872,73.293
2249.764,run:denoise:13,66.225,69.659,4.899,73.057
2250.264,run:denoise:13,69.296,69.659,4.899,73.057
2250.765,run:denoise:13,69.296,69.659,4.898,73.057
2251.266,run:denoise:13,65.518,69.659,4.898,73.057
2251.767,run:denoise:13,69.296,69.659,4.899,73.057
2252.267,run:denoise:13,69.296,69.659,4.899,73.057
2252.768,run:denoise:13,65.266,69.659,4.898,73.057
2253.269,run:denoise:13,69.296,69.659,4.897,73.057
2253.77,run:denoise:13,66.603,69.659,4.898,73.057
2254.271,run:denoise:13,69.296,69.659,4.898,73.057
2254.772,run:denoise:13,69.296,69.659,4.897,73.057
2255.273,run:denoise:13,65.518,69.659,4.897,73.057
2255.773,run:denoise:13,69.296,69.659,4.899,73.057
2256.274,run:denoise:13,69.296,69.659,4.906,73.057
2256.775,run:denoise:13,65.266,69.659,4.908,73.057
2257.276,run:denoise:13,69.296,69.659,4.907,73.057
2257.776,run:denoise:13,66.603,69.659,4.906,73.057
2258.277,run:denoise:13,69.296,69.659,4.907,73.057
2258.778,run:denoise:13,69.296,69.659,4.906,73.057
2259.279,run:denoise:13,65.644,69.659,4.906,73.057
2259.78,run:denoise:13,63.363,69.659,4.907,73.057
2260.281,run:denoise:13,63.363,69.659,4.907,73.057
2260.781,run:denoise:13,63.363,69.659,4.907,73.057
2261.282,run:denoise:13,63.363,69.659,4.907,73.057
2261.783,run:denoise:13,63.363,69.659,4.908,73.057
2262.284,run:denoise:13,63.363,69.659,4.908,73.057
2262.784,run:denoise:13,63.363,69.659,4.907,73.057
2263.285,run:denoise:13,63.363,69.659,4.907,73.057
2263.786,run:denoise:13,63.363,69.659,4.908,73.057
2264.287,run:denoise:13,63.363,69.659,4.908,73.057
2264.788,run:denoise:13,63.363,69.659,4.907,73.057
2265.289,run:denoise:13,65.279,69.688,4.907,73.057
2265.79,run:denoise:13,65.279,69.688,4.907,73.057
2266.29,run:denoise:13,69.688,69.688,4.906,73.057
2266.791,run:denoise:13,66.035,69.688,4.908,73.057
2267.292,run:denoise:13,65.657,69.688,4.908,73.057
2267.792,run:denoise:13,69.688,69.688,4.908,73.057
2268.293,run:denoise:13,66.616,69.688,4.908,73.057
2268.794,run:denoise:13,69.688,69.688,4.908,73.057
2269.295,run:denoise:13,69.688,69.688,4.907,73.057
2269.795,run:denoise:13,65.91,69.688,4.909,73.057
2270.296,run:denoise:13,69.688,69.688,4.909,73.057
2270.797,run:denoise:13,69.688,69.688,4.908,73.057
2271.298,run:denoise:13,65.657,69.688,4.909,73.057
2271.798,run:denoise:13,69.688,69.688,4.91,73.057
2272.299,run:denoise:13,66.616,69.688,4.91,73.057
2272.8,run:denoise:13,69.688,69.688,4.908,73.057
2273.301,run:denoise:13,69.688,69.688,4.908,73.057
2273.801,run:denoise:13,65.91,69.688,4.907,73.057
2274.302,run:denoise:13,69.688,69.688,4.907,73.057
2274.804,run:denoise:13,69.688,69.688,4.907,73.057
2275.304,run:denoise:13,65.279,69.688,4.907,73.057
2275.805,run:denoise:13,64.523,69.688,4.908,73.057
2276.307,run:denoise:13,65.279,69.688,4.908,73.057
2276.808,run:denoise:13,65.279,69.688,4.907,73.057
2277.308,run:denoise:13,65.279,69.688,4.907,73.057
2277.809,run:denoise:13,65.279,69.688,4.908,73.057
2278.31,run:denoise:13,65.279,69.688,4.908,73.057
2278.811,run:denoise:13,65.279,69.688,4.908,73.057
2279.311,run:denoise:13,65.279,69.688,4.908,73.057
2279.813,run:denoise:13,65.279,69.688,4.907,73.057
2280.314,run:denoise:13,65.279,69.688,4.908,73.057
2280.814,run:denoise:13,65.279,69.688,4.908,73.057
2281.315,run:denoise:13,65.279,69.688,4.908,73.057
2281.816,run:denoise:13,65.279,69.688,4.909,73.057
2282.317,run:denoise:13,65.279,69.688,4.91,73.057
2282.817,run:denoise:13,65.657,69.688,4.91,73.057
2283.318,run:denoise:13,69.688,69.688,4.909,73.057
2283.819,run:denoise:13,66.413,69.688,4.909,73.057
2284.32,run:denoise:13,65.657,69.688,4.909,73.057
2284.82,run:denoise:13,69.688,69.688,4.909,73.057
2285.321,run:denoise:13,66.615,69.688,4.909,73.057
2285.822,run:denoise:13,69.688,69.688,4.909,73.057
2286.322,run:denoise:13,69.688,69.688,4.909,73.057
2286.823,run:denoise:13,65.91,69.688,4.909,73.057
2287.324,run:denoise:13,69.688,69.688,4.91,73.057
2287.825,run:denoise:13,69.688,69.688,4.91,73.057
2288.325,run:denoise:13,65.657,69.688,4.909,73.057
2288.826,run:denoise:13,69.688,69.688,4.91,73.057
2289.327,run:denoise:13,66.993,69.688,4.91,73.057
2289.828,run:denoise:13,69.688,69.688,4.91,73.057
2290.329,run:denoise:13,69.688,69.688,4.91,73.057
2290.83,run:denoise:13,65.91,69.688,4.91,73.057
2291.33,run:denoise:13,69.688,69.688,4.91,73.057
2291.831,run:denoise:13,69.688,69.688,4.91,73.057
2292.332,run:denoise:13,64.146,69.688,4.91,73.057
2292.833,run:denoise:13,66.035,69.688,4.911,73.057
2293.333,run:denoise:13,65.279,69.688,4.911,73.057
2293.834,run:denoise:13,65.279,69.688,4.911,73.057
2294.335,run:denoise:13,65.279,69.688,4.911,73.057
2294.836,run:denoise:13,65.279,69.688,4.911,73.057
2295.337,run:denoise:13,65.279,69.688,4.911,73.057
2295.838,run:denoise:13,65.279,69.688,4.91,73.057
2296.339,run:denoise:13,65.279,69.688,4.91,73.057
2296.839,run:denoise:13,65.279,69.688,4.911,73.057
2297.34,run:denoise:13,65.279,69.688,4.911,73.057
2297.841,run:denoise:13,65.279,69.688,4.911,73.057
2298.342,run:denoise:13,65.279,69.688,4.91,73.057
2298.842,run:denoise:13,65.279,69.688,4.91,73.057
2299.343,run:denoise:13,65.279,69.688,4.912,73.057
2299.844,run:denoise:13,65.279,69.688,4.912,73.057
2300.345,run:denoise:13,69.688,69.688,4.912,73.057
2300.846,run:denoise:13,66.993,69.688,4.912,73.057
2301.347,run:denoise:13,69.688,69.688,4.912,73.057
2301.848,run:denoise:13,69.688,69.688,4.912,73.057
2302.348,run:denoise:13,65.91,69.688,4.912,73.057
2302.849,run:denoise:13,69.688,69.688,4.911,73.057
2303.35,run:denoise:13,69.688,69.688,4.908,73.057
2303.851,run:denoise:13,65.657,69.688,4.908,73.057
2304.351,run:denoise:13,69.688,69.688,4.909,73.057
2304.852,run:denoise:13,67.56,69.688,4.91,73.057
2305.353,run:denoise:13,69.688,69.688,4.91,73.057
2305.854,run:denoise:13,69.688,69.688,4.91,73.057
2306.355,run:denoise:13,66.42,69.688,4.91,73.057
2306.856,run:denoise:13,69.688,69.688,4.91,73.057
2307.356,run:denoise:13,69.688,69.688,4.91,73.057
2307.857,run:denoise:13,65.657,69.688,4.91,73.057
2308.358,run:denoise:13,69.688,69.688,4.911,73.057
2308.858,run:denoise:13,66.54,69.688,4.912,73.057
2309.359,run:denoise:13,66.791,69.688,4.912,73.057
2309.86,run:denoise:13,64.524,69.688,4.912,73.057
2310.361,run:denoise:13,65.279,69.688,4.912,73.057
2310.862,run:denoise:13,65.279,69.688,4.911,73.057
2311.363,run:denoise:13,65.279,69.688,4.911,73.057
2311.864,run:denoise:13,65.279,69.688,4.911,73.057
2312.364,run:denoise:13,65.279,69.688,4.911,73.057
2312.865,run:denoise:13,65.279,69.688,4.911,73.057
2313.366,run:denoise:13,65.279,69.688,4.91,73.057
2313.867,run:denoise:13,65.279,69.688,4.91,73.057
2314.367,run:denoise:13,65.279,69.688,4.91,73.057
2314.868,run:denoise:13,65.279,69.688,4.91,73.057
2315.369,run:denoise:13,65.279,69.688,4.909,73.057
2315.87,run:denoise:13,65.279,69.688,4.91,73.057
2316.371,run:denoise:13,65.279,69.688,4.912,73.057
2316.872,run:denoise:13,65.279,69.688,4.912,73.057
2317.372,run:denoise:13,65.279,69.688,4.912,73.057
2317.873,run:denoise:13,65.279,69.688,4.913,73.057
2318.374,run:denoise:13,69.688,69.688,4.913,73.057
2318.875,run:denoise:13,67.182,69.688,4.914,73.057
2319.375,run:denoise:13,69.688,69.688,4.913,73.057
2319.876,run:denoise:13,69.688,69.688,4.913,73.057
2320.377,run:denoise:13,66.427,69.688,4.913,73.057
2320.877,run:denoise:13,69.688,69.688,4.913,73.057
2321.379,run:denoise:13,69.688,69.688,4.914,73.057
2321.88,run:denoise:13,65.657,69.688,4.914,73.057
2322.38,run:denoise:13,69.688,69.688,4.913,73.057
2322.881,run:denoise:13,65.657,69.688,4.911,73.057
2323.382,run:denoise:13,65.657,69.688,4.911,73.057
2323.882,run:denoise:13,69.688,69.688,4.911,73.057
2324.383,run:denoise:13,66.427,69.688,4.911,73.057
2324.884,run:denoise:13,69.688,69.688,4.912,73.057
2325.385,run:denoise:13,69.688,69.688,4.911,73.057
2325.885,run:denoise:13,65.657,69.688,4.911,73.057
2326.386,run:denoise:13,69.688,69.688,4.911,73.057
2326.887,run:denoise:13,66.035,69.688,4.911,73.057
2327.388,run:denoise:13,65.657,69.688,4.911,73.057
2327.888,run:denoise:13,64.147,69.688,4.911,73.057
2328.389,run:denoise:13,66.42,69.688,4.911,73.057
2328.89,run:denoise:13,65.279,69.688,4.911,73.057
2329.39,run:denoise:13,65.279,69.688,4.911,73.057
2329.891,run:denoise:13,65.279,69.688,4.911,73.057
2330.392,run:denoise:13,65.279,69.688,4.912,73.057
2330.893,run:denoise:13,65.279,69.688,4.913,73.057
2331.393,run:denoise:13,65.279,69.688,4.912,73.057
2331.895,run:denoise:13,65.279,69.688,4.912,73.057
2332.396,run:denoise:13,65.279,69.688,4.912,73.057
2332.896,run:denoise:13,65.279,69.688,4.912,73.057
2333.397,run:denoise:13,65.279,69.688,4.912,73.057
2333.898,run:denoise:13,65.279,69.688,4.912,73.057
2334.398,run:denoise:13,65.279,69.688,4.912,73.057
2334.899,run:denoise:13,65.279,69.688,4.912,73.057
2335.4,run:denoise:13,65.279,69.688,4.912,73.057
2335.901,run:denoise:13,65.279,69.688,4.912,73.057
2336.401,run:denoise:13,65.279,69.688,4.913,73.057
2336.903,run:denoise:13,67.424,69.688,4.914,73.057
2337.404,run:denoise:13,65.657,69.688,4.914,73.057
2337.904,run:denoise:13,69.688,69.688,4.914,73.057
2338.405,run:denoise:13,66.427,69.688,4.914,73.057
2338.906,run:denoise:13,69.688,69.688,4.914,73.057
2339.407,run:denoise:13,69.688,69.688,4.913,73.057
2339.907,run:denoise:13,65.406,69.688,4.914,73.057
2340.408,run:denoise:13,69.688,69.688,4.914,73.057
2340.909,run:denoise:13,67.672,69.688,4.914,73.057
2341.409,run:denoise:13,65.657,69.688,4.914,73.057
2341.91,run:denoise:13,69.688,69.688,4.914,73.057
2342.411,run:denoise:13,66.615,69.688,4.914,73.057
2342.912,run:denoise:13,69.688,69.688,4.915,73.057
2343.412,run:denoise:13,69.688,69.688,4.915,73.057
2343.913,run:denoise:13,65.91,69.688,4.915,73.057
2344.414,run:denoise:13,69.688,69.688,4.915,73.057
2344.915,run:denoise:13,69.688,69.688,4.914,73.057
2345.415,run:denoise:13,65.657,69.688,4.914,73.057
2345.916,run:denoise:13,69.688,69.688,4.914,73.057
2346.417,run:denoise:13,64.147,69.688,4.913,73.057
2346.917,run:denoise:13,66.035,69.688,4.913,73.057
2347.419,run:denoise:13,65.279,69.688,4.913,73.057
2347.92,run:denoise:13,65.279,69.688,4.913,73.057
2348.42,run:denoise:13,65.279,69.688,4.913,73.057
2348.921,run:denoise:13,65.279,69.688,4.914,73.057
2349.422,run:denoise:13,65.279,69.688,4.914,73.057
2349.923,run:denoise:13,65.279,69.688,4.914,73.057
2350.423,run:denoise:13,65.279,69.688,4.918,73.057
2350.924,run:denoise:13,65.279,69.688,4.915,73.057
2351.425,run:denoise:13,65.279,69.688,4.915,73.057
2351.926,run:denoise:13,65.279,69.688,4.915,73.057
2352.427,run:denoise:13,65.279,69.688,4.916,73.057
2352.928,run:denoise:13,65.279,69.688,4.914,73.057
2353.429,run:denoise:13,65.279,69.688,4.913,73.057
2353.929,run:denoise:13,67.424,69.688,4.914,73.057
2354.43,run:denoise:13,65.657,69.688,4.915,73.057
2354.931,run:denoise:13,69.688,69.688,4.913,73.057
2355.432,run:denoise:13,66.427,69.688,4.912,73.057
2355.932,run:denoise:13,69.688,69.688,4.911,73.057
2356.433,run:denoise:13,69.688,69.688,4.916,73.057
2356.934,run:denoise:13,65.91,69.688,4.912,73.057
2357.435,run:denoise:13,69.688,69.688,4.913,73.057
2357.936,run:denoise:13,68.68,69.688,4.913,73.057
2358.437,run:denoise:13,65.657,69.688,4.917,73.057
2358.937,run:denoise:13,69.688,69.688,4.912,73.057
2359.438,run:denoise:13,66.615,69.688,4.913,73.057
2359.939,run:denoise:13,69.688,69.688,4.913,73.057
2360.44,run:denoise:13,69.688,69.688,4.911,73.057
2360.94,run:denoise:13,65.91,69.688,4.912,73.057
2361.441,run:denoise:13,69.688,69.688,4.913,73.057
2361.942,run:denoise:13,69.688,69.688,4.913,73.057
2362.443,run:denoise:13,65.657,69.688,4.918,73.057
2362.944,run:denoise:13,69.688,69.688,4.912,73.057
2363.445,run:denoise:13,64.147,69.688,4.912,73.057
2363.946,run:denoise:13,66.035,69.688,4.912,73.057
2364.446,run:denoise:13,65.279,69.688,4.913,73.057
2364.947,run:denoise:13,65.279,69.688,4.912,73.057
2365.448,run:denoise:13,65.279,69.688,4.912,73.057
2365.949,run:denoise:13,65.279,69.688,4.912,73.057
2366.449,run:denoise:13,65.279,69.688,4.912,73.057
2366.95,run:denoise:13,65.279,69.688,4.912,73.057
2367.451,run:denoise:13,65.279,69.688,4.913,73.057
2367.952,run:denoise:13,65.279,69.688,4.914,73.057
2368.453,run:denoise:13,65.279,69.688,4.912,73.057
2368.954,run:denoise:13,65.279,69.688,4.912,73.057
2369.454,run:denoise:13,65.279,69.688,4.913,73.057
2369.955,run:denoise:13,67.424,69.688,4.913,73.057
2370.456,run:denoise:13,69.688,69.688,4.913,73.057
2370.957,run:denoise:13,69.688,69.688,4.913,73.057
2371.458,run:denoise:13,65.657,69.688,4.913,73.057
2371.958,run:denoise:13,69.688,69.688,4.913,73.057
2372.459,run:denoise:13,66.413,69.688,4.911,73.057
2372.96,run:denoise:13,65.657,69.688,4.911,73.057
2373.461,run:denoise:13,69.688,69.688,4.913,73.057
2373.962,run:denoise:13,66.616,69.688,4.913,73.057
2374.463,run:denoise:13,69.688,69.688,4.912,73.057
2374.963,run:denoise:13,69.688,69.688,4.912,73.057
2375.464,run:denoise:13,65.91,69.688,4.912,73.057
2375.965,run:denoise:13,69.688,69.688,4.912,73.057
2376.466,run:denoise:13,69.688,69.688,4.913,73.057
2376.966,run:denoise:13,65.657,69.688,4.912,73.057
2377.467,run:denoise:13,69.688,69.688,4.913,73.057
2377.968,run:denoise:13,66.616,69.688,4.914,73.057
2378.469,run:denoise:13,69.688,69.688,4.915,73.057
2378.97,run:denoise:13,69.688,69.688,4.916,73.057
2379.47,run:denoise:13,65.657,69.688,4.915,73.057
2379.971,run:denoise:13,64.524,69.688,4.915,73.057
2380.472,run:denoise:13,65.279,69.688,4.913,73.057
2380.973,run:denoise:13,65.279,69.688,4.915,73.057
2381.473,run:denoise:13,65.279,69.688,4.914,73.057
2381.974,run:denoise:13,65.279,69.688,4.913,73.057
2382.475,run:denoise:13,65.279,69.688,4.913,73.057
2382.976,run:denoise:13,65.279,69.688,4.913,73.057
2383.477,run:denoise:13,65.279,69.688,4.913,73.057
2383.978,run:denoise:13,65.279,69.688,4.913,73.057
2384.479,run:denoise:13,65.279,69.688,4.912,73.057
2384.979,run:denoise:13,65.279,69.688,4.912,73.057
2385.48,run:denoise:13,65.279,69.688,4.913,73.057
2385.981,run:denoise:13,65.279,69.688,4.913,73.057
2386.482,run:denoise:13,69.688,69.688,4.912,73.057
2386.982,run:denoise:13,69.688,69.688,4.913,73.057
2387.483,run:denoise:13,65.657,69.688,4.913,73.057
2387.984,run:denoise:13,69.688,69.688,4.913,73.057
2388.484,run:denoise:13,66.993,69.688,4.912,73.057
2388.986,run:denoise:13,69.688,69.688,4.912,73.057
2389.487,run:denoise:13,69.688,69.688,4.912,73.057
2389.987,run:denoise:13,66.42,69.688,4.913,73.057
2390.488,run:denoise:13,69.688,69.688,4.911,73.057
2390.989,run:denoise:13,69.688,69.688,4.911,73.057
2391.49,run:denoise:13,65.657,69.688,4.913,73.057
2391.99,run:denoise:13,69.688,69.688,4.912,73.057
2392.491,run:denoise:13,67.928,69.688,4.912,73.057
2392.992,run:denoise:13,65.657,69.688,4.912,73.057
2393.493,run:denoise:13,69.688,69.688,4.912,73.057
2393.994,run:denoise:13,66.427,69.688,4.913,73.057
2394.495,run:denoise:13,69.688,69.688,4.912,73.057
2394.996,run:denoise:13,69.688,69.688,4.912,73.057
2395.496,run:denoise:13,65.657,69.688,4.912,73.057
2395.997,init,63.364,69.688,4.914,73.057
2396.498,init,63.364,69.688,4.913,73.057
2396.999,init,63.364,69.688,4.914,73.057
2397.499,init,63.364,69.688,4.915,73.057
2398.0,init,63.364,69.688,4.913,73.057
2398.501,init,63.364,69.688,4.914,73.057
2399.002,init,63.364,69.688,4.915,73.057
2399.503,init,63.364,69.688,4.915,73.057
2400.004,init,63.364,69.688,4.914,73.057
2400.505,init,63.364,69.688,4.913,73.057
2401.005,init,63.364,69.688,4.914,73.057
2401.506,run:denoise:14,65.043,69.688,4.962,73.074
2402.007,run:denoise:14,69.325,69.688,4.963,73.074
2402.508,run:denoise:14,69.325,69.688,4.962,73.074
2403.008,run:denoise:14,65.295,69.688,4.963,73.074
2403.51,run:denoise:14,69.325,69.688,4.963,73.074
2404.011,run:denoise:14,66.82,69.688,4.963,73.074
2404.511,run:denoise:14,69.325,69.688,4.964,73.074
2405.012,run:denoise:14,69.325,69.688,4.964,73.074
2405.513,run:denoise:14,67.575,69.688,4.964,73.074
2406.014,run:denoise:14,69.325,69.688,4.962,73.074
2406.514,run:denoise:14,69.325,69.688,4.96,73.074
2407.015,run:denoise:14,65.295,69.688,4.961,73.074
2407.516,run:denoise:14,69.325,69.688,4.962,73.074
2408.017,run:denoise:14,67.566,69.688,4.962,73.074
2408.517,run:denoise:14,65.295,69.688,4.961,73.074
2409.018,run:denoise:14,69.325,69.688,4.961,73.074
2409.519,run:denoise:14,66.065,69.688,4.961,73.074
2410.02,run:denoise:14,69.325,69.688,4.962,73.074
2410.52,run:denoise:14,69.325,69.688,4.961,73.074
2411.021,run:denoise:14,65.295,69.688,4.961,73.074
2411.522,run:denoise:14,63.392,69.688,4.961,73.074
2412.023,run:denoise:14,63.392,69.688,4.962,73.074
2412.523,run:denoise:14,63.392,69.688,4.96,73.074
2413.024,run:denoise:14,63.392,69.688,4.96,73.074
2413.525,run:denoise:14,63.392,69.688,4.96,73.074
2414.026,run:denoise:14,63.392,69.688,4.961,73.074
2414.527,run:denoise:14,63.392,69.688,4.961,73.074
2415.028,run:denoise:14,63.392,69.688,4.961,73.074
2415.528,run:denoise:14,63.392,69.688,4.961,73.074
2416.029,run:denoise:14,63.392,69.688,4.959,73.074
2416.53,run:denoise:14,63.392,69.688,4.96,73.074
2417.031,run:denoise:14,65.308,69.716,4.96,73.074
2417.531,run:denoise:14,65.308,69.716,4.959,73.074
2418.032,run:denoise:14,69.716,69.716,4.96,73.074
2418.533,run:denoise:14,66.644,69.716,4.96,73.074
2419.034,run:denoise:14,69.716,69.716,4.96,73.074
2419.535,run:denoise:14,69.716,69.716,4.96,73.074
2420.036,run:denoise:14,65.938,69.716,4.96,73.074
2420.536,run:denoise:14,69.716,69.716,4.96,73.074
2421.037,run:denoise:14,69.716,69.716,4.96,73.074
2421.538,run:denoise:14,65.686,69.716,4.961,73.074
2422.039,run:denoise:14,69.716,69.716,4.962,73.074
2422.539,run:denoise:14,67.022,69.716,4.962,73.074
2423.04,run:denoise:14,69.716,69.716,4.961,73.074
2423.541,run:denoise:14,69.716,69.716,4.962,73.074
2424.042,run:denoise:14,65.938,69.716,4.961,73.074
2424.543,run:denoise:14,69.716,69.716,4.962,73.074
2425.044,run:denoise:14,69.716,69.716,4.962,73.074
2425.545,run:denoise:14,65.686,69.716,4.961,73.074
2426.045,run:denoise:14,69.716,69.716,4.962,73.074
2426.546,run:denoise:14,67.022,69.716,4.962,73.074
2427.047,run:denoise:14,69.716,69.716,4.962,73.074
2427.548,run:denoise:14,64.552,69.716,4.962,73.074
2428.048,run:denoise:14,65.686,69.716,4.963,73.074
2428.549,run:denoise:14,65.308,69.716,4.963,73.074
2429.05,run:denoise:14,65.308,69.716,4.964,73.074
2429.551,run:denoise:14,65.308,69.716,4.963,73.074
2430.052,run:denoise:14,65.308,69.716,4.964,73.074
2430.553,run:denoise:14,65.308,69.716,4.963,73.074
2431.053,run:denoise:14,65.308,69.716,4.964,73.074
2431.554,run:denoise:14,65.308,69.716,4.964,73.074
2432.055,run:denoise:14,65.308,69.716,4.964,73.074
2432.555,run:denoise:14,65.308,69.716,4.964,73.074
2433.056,run:denoise:14,65.308,69.716,4.964,73.074
2433.557,run:denoise:14,65.308,69.716,4.964,73.074
2434.058,run:denoise:14,65.308,69.716,4.965,73.074
2434.558,run:denoise:14,65.686,69.716,4.965,73.074
2435.059,run:denoise:14,69.716,69.716,4.965,73.074
2435.56,run:denoise:14,66.644,69.716,4.965,73.074
2436.061,run:denoise:14,69.716,69.716,4.965,73.074
2436.561,run:denoise:14,69.716,69.716,4.964,73.074
2437.062,run:denoise:14,65.938,69.716,4.964,73.074
2437.563,run:denoise:14,69.716,69.716,4.964,73.074
2438.063,run:denoise:14,69.716,69.716,4.964,73.074
2438.564,run:denoise:14,65.686,69.716,4.965,73.074
2439.065,run:denoise:14,69.716,69.716,4.966,73.074
2439.566,run:denoise:14,67.022,69.716,4.966,73.074
2440.067,run:denoise:14,69.716,69.716,4.966,73.074
2440.568,run:denoise:14,69.716,69.716,4.967,73.074
2441.068,run:denoise:14,65.938,69.716,4.966,73.074
2441.569,run:denoise:14,69.716,69.716,4.966,73.074
2442.07,run:denoise:14,69.716,69.716,4.966,73.074
2442.571,run:denoise:14,65.686,69.716,4.964,73.074
2443.071,run:denoise:14,69.716,69.716,4.964,73.074
2443.572,run:denoise:14,67.022,69.716,4.963,73.074
2444.073,run:denoise:14,64.175,69.716,4.963,73.074
2444.573,run:denoise:14,66.064,69.716,4.962,73.074
2445.075,run:denoise:14,65.308,69.716,4.962,73.074
2445.576,run:denoise:14,65.308,69.716,4.962,73.074
2446.076,run:denoise:14,65.308,69.716,4.963,73.074
2446.577,run:denoise:14,65.308,69.716,4.963,73.074
2447.078,run:denoise:14,65.308,69.716,4.963,73.074
2447.579,run:denoise:14,65.308,69.716,4.963,73.074
2448.079,run:denoise:14,65.308,69.716,4.963,73.074
2448.58,run:denoise:14,65.308,69.716,4.963,73.074
2449.081,run:denoise:14,65.308,69.716,4.963,73.074
2449.582,run:denoise:14,65.308,69.716,4.963,73.074
2450.082,run:denoise:14,65.308,69.716,4.963,73.074
2450.584,run:denoise:14,65.308,69.716,4.962,73.074
2451.084,run:denoise:14,65.308,69.716,4.953,73.074
2451.585,run:denoise:14,65.308,69.716,4.953,73.074
2452.086,run:denoise:14,69.716,69.716,4.953,73.074
2452.587,run:denoise:14,65.939,69.716,4.952,73.074
2453.087,run:denoise:14,69.716,69.716,4.952,73.074
2453.588,run:denoise:14,69.716,69.716,4.952,73.074
2454.089,run:denoise:14,65.686,69.716,4.952,73.074
2454.589,run:denoise:14,69.716,69.716,4.952,73.074
2455.09,run:denoise:14,67.022,69.716,4.952,73.074
2455.592,run:denoise:14,69.716,69.716,4.952,73.074
2456.092,run:denoise:14,69.716,69.716,4.953,73.074
2456.593,run:denoise:14,65.939,69.716,4.954,73.074
2457.094,run:denoise:14,69.716,69.716,4.954,73.074
2457.595,run:denoise:14,69.716,69.716,4.953,73.074
2458.095,run:denoise:14,65.686,69.716,4.953,73.074
2458.596,run:denoise:14,69.716,69.716,4.952,73.074
2459.097,run:denoise:14,67.022,69.716,4.952,73.074
2459.597,run:denoise:14,69.716,69.716,4.952,73.074
2460.098,run:denoise:14,69.716,69.716,4.952,73.074
2460.6,run:denoise:14,65.939,69.716,4.952,73.074
2461.1,run:denoise:14,69.716,69.716,4.953,73.074
2461.601,run:denoise:14,64.552,69.716,4.953,73.074
2462.102,run:denoise:14,67.072,69.716,4.953,73.074
2462.602,run:denoise:14,65.308,69.716,4.954,73.074
2463.103,run:denoise:14,65.308,69.716,4.962,73.074
2463.604,run:denoise:14,65.308,69.716,4.962,73.074
2464.105,run:denoise:14,65.308,69.716,4.962,73.074
2464.605,run:denoise:14,65.308,69.716,4.963,73.074
2465.106,run:denoise:14,65.308,69.716,4.965,73.074
2465.607,run:denoise:14,65.308,69.716,4.964,73.074
2466.108,run:denoise:14,65.308,69.716,4.965,73.074
2466.609,run:denoise:14,65.308,69.716,4.965,73.074
2467.11,run:denoise:14,65.308,69.716,4.965,73.074
2467.611,run:denoise:14,65.308,69.716,4.965,73.074
2468.111,run:denoise:14,65.308,69.716,4.966,73.074
2468.612,run:denoise:14,65.308,69.716,4.964,73.074
2469.113,run:denoise:14,65.308,69.716,4.966,73.074
2469.613,run:denoise:14,65.308,69.716,4.965,73.074
2470.114,run:denoise:14,69.716,69.716,4.965,73.074
2470.615,run:denoise:14,65.939,69.716,4.963,73.074
2471.116,run:denoise:14,69.716,69.716,4.965,73.074
2471.617,run:denoise:14,69.716,69.716,4.964,73.074
2472.118,run:denoise:14,65.686,69.716,4.964,73.074
2472.618,run:denoise:14,69.716,69.716,4.964,73.074
2473.119,run:denoise:14,67.022,69.716,4.966,73.074
2473.62,run:denoise:14,69.716,69.716,4.966,73.074
2474.121,run:denoise:14,69.716,69.716,4.966,73.074
2474.621,run:denoise:14,65.939,69.716,4.966,73.074
2475.122,run:denoise:14,69.716,69.716,4.964,73.074
2475.623,run:denoise:14,69.716,69.716,4.964,73.074
2476.124,run:denoise:14,65.686,69.716,4.964,73.074
2476.625,run:denoise:14,69.716,69.716,4.963,73.074
2477.126,run:denoise:14,67.211,69.716,4.962,73.074
2477.627,run:denoise:14,69.716,69.716,4.963,73.074
2478.127,run:denoise:14,69.716,69.716,4.963,73.074
2478.628,run:denoise:14,66.954,69.716,4.964,73.074
2479.129,run:denoise:14,69.716,69.716,4.964,73.074
2479.63,run:denoise:14,64.175,69.716,4.963,73.074
2480.13,run:denoise:14,64.552,69.716,4.964,73.074
2480.631,run:denoise:14,65.308,69.716,4.966,73.074
2481.132,run:denoise:14,65.308,69.716,4.964,73.074
2481.633,run:denoise:14,65.308,69.716,4.963,73.074
2482.134,run:denoise:14,65.308,69.716,4.964,73.074
2482.635,run:denoise:14,65.308,69.716,4.962,73.074
2483.135,run:denoise:14,65.308,69.716,4.962,73.074
2483.636,run:denoise:14,65.308,69.716,4.962,73.074
2484.137,run:denoise:14,65.308,69.716,4.962,73.074
2484.638,run:denoise:14,65.308,69.716,4.962,73.074
2485.138,run:denoise:14,65.308,69.716,4.962,73.074
2485.639,run:denoise:14,65.308,69.716,4.962,73.074
2486.14,run:denoise:14,65.308,69.716,4.962,73.074
2486.642,run:denoise:14,65.308,69.716,4.962,73.074
2487.142,run:denoise:14,65.308,69.716,4.964,73.074
2487.643,run:denoise:14,65.308,69.716,4.963,73.074
2488.144,run:denoise:14,69.716,69.716,4.963,73.074
2488.644,run:denoise:14,66.455,69.716,4.964,73.074
2489.145,run:denoise:14,69.716,69.716,4.964,73.074
2489.646,run:denoise:14,69.716,69.716,4.964,73.074
2490.147,run:denoise:14,66.064,69.716,4.963,73.074
2490.647,run:denoise:14,69.716,69.716,4.962,73.074
2491.148,run:denoise:14,66.819,69.716,4.964,73.074
2491.649,run:denoise:14,65.686,69.716,4.963,73.074
2492.15,run:denoise:14,69.716,69.716,4.963,73.074
2492.65,run:denoise:14,66.644,69.716,4.963,73.074
2493.151,run:denoise:14,69.716,69.716,4.964,73.074
2493.652,run:denoise:14,69.716,69.716,4.963,73.074
2494.153,run:denoise:14,65.938,69.716,4.963,73.074
2494.653,run:denoise:14,69.716,69.716,4.962,73.074
2495.154,run:denoise:14,69.716,69.716,4.962,73.074
2495.655,run:denoise:14,65.686,69.716,4.962,73.074
2496.156,run:denoise:14,69.716,69.716,4.962,73.074
2496.656,run:denoise:14,66.644,69.716,4.974,73.074
2497.158,run:denoise:14,69.716,69.716,4.975,73.074
2497.659,run:denoise:14,64.175,69.716,4.975,73.074
2498.159,run:denoise:14,64.553,69.716,4.975,73.074
2498.66,run:denoise:14,65.308,69.716,4.976,73.074
2499.161,run:denoise:14,65.308,69.716,4.978,73.074
2499.661,run:denoise:14,65.308,69.716,4.978,73.074
2500.162,run:denoise:14,65.308,69.716,4.978,73.074
2500.663,run:denoise:14,65.308,69.716,4.98,73.074
2501.164,run:denoise:14,65.308,69.716,4.977,73.074
2501.664,run:denoise:14,65.308,69.716,4.978,73.074
2502.166,run:denoise:14,65.308,69.716,4.978,73.074
2502.667,run:denoise:14,65.308,69.716,4.978,73.074
2503.167,run:denoise:14,65.308,69.716,4.979,73.074
2503.668,run:denoise:14,65.308,69.716,4.98,73.074
2504.169,run:denoise:14,65.308,69.716,4.98,73.074
2504.67,run:denoise:14,65.308,69.716,4.979,73.074
2505.17,run:denoise:14,65.308,69.716,4.979,73.074
2505.671,run:denoise:14,65.938,69.716,4.978,73.074
2506.172,run:denoise:14,69.716,69.716,4.978,73.074
2506.673,run:denoise:14,69.716,69.716,4.976,73.074
2507.173,run:denoise:14,65.686,69.716,4.976,73.074
2507.674,run:denoise:14,69.716,69.716,4.976,73.074
2508.175,run:denoise:14,67.211,69.716,4.976,73.074
2508.676,run:denoise:14,69.716,69.716,4.975,73.074
2509.176,run:denoise:14,69.716,69.716,4.975,73.074
2509.677,run:denoise:14,67.589,69.716,4.978,73.074
2510.178,run:denoise:14,69.716,69.716,4.978,73.074
2510.678,run:denoise:14,69.716,69.716,4.978,73.074
2511.179,run:denoise:14,65.686,69.716,4.978,73.074
2511.68,run:denoise:14,69.716,69.716,4.978,73.074
2512.181,run:denoise:14,67.957,69.716,4.977,73.074
2512.682,run:denoise:14,65.686,69.716,4.977,73.074
2513.183,run:denoise:14,69.716,69.716,4.978,73.074
2513.683,run:denoise:14,66.455,69.716,4.98,73.074
2514.184,run:denoise:14,69.716,69.716,4.981,73.074
2514.685,run:denoise:14,69.716,69.716,4.982,73.074
2515.186,run:denoise:14,64.175,69.716,4.982,73.074
2515.686,run:denoise:14,66.064,69.716,4.982,73.074
2516.187,run:denoise:14,65.308,69.716,4.982,73.074
2516.688,run:denoise:14,65.308,69.716,4.982,73.074
2517.189,run:denoise:14,65.308,69.716,4.982,73.074
2517.69,run:denoise:14,65.308,69.716,4.982,73.074
2518.191,run:denoise:14,65.308,69.716,4.983,73.074
2518.691,run:denoise:14,65.308,69.716,4.982,73.074
2519.192,run:denoise:14,65.308,69.716,4.981,73.074
2519.693,run:denoise:14,65.308,69.716,4.982,73.074
2520.194,run:denoise:14,65.308,69.716,4.981,73.074
2520.694,run:denoise:14,65.308,69.716,4.981,73.074
2521.195,run:denoise:14,65.308,69.716,4.981,73.074
2521.696,run:denoise:14,65.308,69.716,4.981,73.074
2522.197,run:denoise:14,69.716,69.716,4.982,73.074
2522.697,run:denoise:14,67.022,69.716,4.982,73.074
2523.199,run:denoise:14,69.716,69.716,4.982,73.074
2523.699,run:denoise:14,69.716,69.716,4.983,73.074
2524.2,run:denoise:14,66.442,69.716,4.983,73.074
2524.701,run:denoise:14,69.716,69.716,4.982,73.074
2525.202,run:denoise:14,69.716,69.716,4.982,73.074
2525.702,run:denoise:14,65.686,69.716,4.981,73.074
2526.203,run:denoise:14,69.716,69.716,4.981,73.074
2526.704,run:denoise:14,67.453,69.716,4.98,73.074
2527.205,run:denoise:14,65.686,69.716,4.981,73.074
2527.705,run:denoise:14,69.716,69.716,4.983,73.074
2528.207,run:denoise:14,66.455,69.716,4.983,73.074
2528.708,run:denoise:14,69.716,69.716,4.983,73.074
2529.208,run:denoise:14,69.716,69.716,4.983,73.074
2529.709,run:denoise:14,65.686,69.716,4.983,73.074
2530.21,run:denoise:14,69.716,69.716,4.983,73.074
2530.71,run:denoise:14,66.064,69.716,4.984,73.074
2531.211,run:denoise:14,65.308,69.716,4.985,73.074
2531.712,run:denoise:14,64.552,69.716,4.986,73.074
2532.213,run:denoise:14,65.308,69.716,4.985,73.074
2532.713,run:denoise:14,65.308,69.716,4.985,73.074
2533.214,run:denoise:14,65.308,69.716,4.985,73.074
2533.716,run:denoise:14,65.308,69.716,4.985,73.074
2534.216,run:denoise:14,65.308,69.716,4.985,73.074
2534.717,run:denoise:14,65.308,69.716,4.984,73.074
2535.218,run:denoise:14,65.308,69.716,4.984,73.074
2535.719,run:denoise:14,65.308,69.716,4.984,73.074
2536.219,run:denoise:14,65.308,69.716,4.984,73.074
2536.72,run:denoise:14,65.308,69.716,4.983,73.074
2537.221,run:denoise:14,65.308,69.716,4.983,73.074
2537.722,run:denoise:14,65.308,69.716,4.985,73.074
2538.222,run:denoise:14,69.716,69.716,4.985,73.074
2538.724,run:denoise:14,66.456,69.716,4.985,73.074
2539.225,run:denoise:14,69.716,69.716,4.986,73.074
2539.725,run:denoise:14,69.716,69.716,4.986,73.074
2540.226,run:denoise:14,65.939,69.716,4.986,73.074
2540.727,run:denoise:14,69.716,69.716,4.986,73.074
2541.228,run:denoise:14,69.716,69.716,4.986,73.074
2541.728,run:denoise:14,65.686,69.716,4.986,73.074
2542.229,run:denoise:14,69.716,69.716,4.985,73.074
2542.73,run:denoise:14,67.022,69.716,4.985,73.074
2543.231,run:denoise:14,69.716,69.716,4.987,73.074
2543.732,run:denoise:14,69.716,69.716,4.987,73.074
2544.233,run:denoise:14,65.939,69.716,4.987,73.074
2544.733,run:denoise:14,69.716,69.716,4.988,73.074
2545.234,run:denoise:14,69.716,69.716,4.988,73.074
2545.735,run:denoise:14,65.686,69.716,4.988,73.074
2546.235,run:denoise:14,69.716,69.716,4.989,73.074
2546.736,run:denoise:14,67.589,69.716,4.988,73.074
2547.237,run:denoise:14,69.716,69.716,4.988,73.074
2547.738,init,63.392,69.716,4.988,73.074
2548.238,init,63.392,69.716,4.989,73.074
2548.74,init,63.392,69.716,4.99,73.074
2549.241,init,63.392,69.716,4.99,73.074
2549.742,init,63.392,69.716,4.99,73.074
2550.242,init,63.392,69.716,4.989,73.074
2550.743,init,63.392,69.716,4.988,73.074
2551.244,init,63.392,69.716,4.989,73.074
2551.745,init,63.392,69.716,4.989,73.074
2552.245,init,63.392,69.716,4.989,73.074
2552.746,init,63.392,69.716,4.989,73.074
2553.247,run:denoise:15,65.324,69.716,5.018,73.596
2553.748,run:denoise:15,69.355,69.716,5.018,73.596
2554.249,run:denoise:15,66.079,69.716,5.021,73.596
2554.75,run:denoise:15,65.324,69.716,5.02,73.596
2555.25,run:denoise:15,69.355,69.716,5.019,73.596
2555.751,run:denoise:15,66.282,69.716,5.019,73.596
2556.252,run:denoise:15,69.355,69.716,5.021,73.596
2556.753,run:denoise:15,69.355,69.716,5.021,73.596
2557.253,run:denoise:15,65.576,69.716,5.021,73.596
2557.754,run:denoise:15,69.355,69.716,5.021,73.596
2558.255,run:denoise:15,69.355,69.716,5.021,73.596
2558.756,run:denoise:15,65.324,69.716,5.021,73.596
2559.257,run:denoise:15,69.355,69.716,5.021,73.596
2559.758,run:denoise:15,66.66,69.716,5.021,73.596
2560.258,run:denoise:15,69.355,69.716,5.021,73.596
2560.759,run:denoise:15,69.355,69.716,5.022,73.596
2561.26,run:denoise:15,65.576,69.716,5.022,73.596
2561.761,run:denoise:15,69.355,69.716,5.022,73.596
2562.261,run:denoise:15,69.355,69.716,5.022,73.596
2562.762,run:denoise:15,65.323,69.716,5.021,73.596
2563.263,run:denoise:15,63.421,69.716,5.021,73.596
2563.764,run:denoise:15,63.421,69.716,5.021,73.596
2564.265,run:denoise:15,63.421,69.716,5.022,73.596
2564.766,run:denoise:15,63.421,69.716,5.022,73.596
2565.266,run:denoise:15,63.421,69.716,5.022,73.596
2565.767,run:denoise:15,63.421,69.716,5.022,73.596
2566.268,run:denoise:15,63.421,69.716,5.02,73.596
2566.769,run:denoise:15,63.421,69.716,5.019,73.596
2567.269,run:denoise:15,63.421,69.716,5.02,73.596
2567.77,run:denoise:15,63.421,69.716,5.02,73.596
2568.271,run:denoise:15,63.421,69.716,5.02,73.596
2568.772,run:denoise:15,65.337,69.746,5.02,73.596
2569.273,run:denoise:15,65.337,69.746,5.02,73.596
2569.774,run:denoise:15,69.746,69.746,5.022,73.596
2570.274,run:denoise:15,67.995,69.746,5.022,73.596
2570.775,run:denoise:15,69.746,69.746,5.021,73.596
2571.276,run:denoise:15,69.746,69.746,5.022,73.596
2571.777,run:denoise:15,65.715,69.746,5.022,73.596
2572.277,run:denoise:15,69.746,69.746,5.023,73.596
2572.778,run:denoise:15,65.715,69.746,5.022,73.596
2573.279,run:denoise:15,65.715,69.746,5.022,73.596
2573.779,run:denoise:15,69.746,69.746,5.022,73.596
2574.281,run:denoise:15,66.485,69.746,5.023,73.596
2574.782,run:denoise:15,69.746,69.746,5.024,73.596
2575.282,run:denoise:15,69.746,69.746,5.024,73.596
2575.783,run:denoise:15,65.463,69.746,5.023,73.596
2576.284,run:denoise:15,69.746,69.746,5.024,73.596
2576.784,run:denoise:15,67.731,69.746,5.024,73.596
2577.285,run:denoise:15,65.715,69.746,5.023,73.596
2577.786,run:denoise:15,69.746,69.746,5.024,73.596
2578.287,run:denoise:15,66.674,69.746,5.024,73.596
2578.787,run:denoise:15,69.746,69.746,5.024,73.596
2579.288,run:denoise:15,64.581,69.746,5.025,73.596
2579.789,run:denoise:15,66.848,69.746,5.025,73.596
2580.29,run:denoise:15,65.337,69.746,5.026,73.596
2580.79,run:denoise:15,65.337,69.746,5.025,73.596
2581.291,run:denoise:15,65.337,69.746,5.025,73.596
2581.792,run:denoise:15,65.337,69.746,5.025,73.596
2582.293,run:denoise:15,65.337,69.746,5.025,73.596
2582.793,run:denoise:15,65.337,69.746,5.022,73.596
2583.294,run:denoise:15,65.337,69.746,5.022,73.596
2583.795,run:denoise:15,65.337,69.746,5.022,73.596
2584.296,run:denoise:15,65.337,69.746,5.022,73.596
2584.797,run:denoise:15,65.337,69.746,5.024,73.596
2585.298,run:denoise:15,65.337,69.746,5.024,73.596
2585.799,run:denoise:15,65.337,69.746,5.024,73.596
2586.299,run:denoise:15,69.746,69.746,5.024,73.596
2586.8,run:denoise:15,69.746,69.746,5.023,73.596
2587.301,run:denoise:15,67.744,69.746,5.023,73.596
2587.801,run:denoise:15,69.746,69.746,5.023,73.596
2588.302,run:denoise:15,69.746,69.746,5.023,73.596
2588.803,run:denoise:15,65.715,69.746,5.021,73.596
2589.304,run:denoise:15,69.746,69.746,5.021,73.596
2589.805,run:denoise:15,67.352,69.746,5.021,73.596
2590.306,run:denoise:15,65.715,69.746,5.021,73.596
2590.806,run:denoise:15,69.746,69.746,5.022,73.596
2591.307,run:denoise:15,66.485,69.746,5.022,73.596
2591.808,run:denoise:15,69.746,69.746,5.023,73.596
2592.309,run:denoise:15,69.746,69.746,5.022,73.596
2592.809,run:denoise:15,65.463,69.746,5.022,73.596
2593.31,run:denoise:15,69.746,69.746,5.022,73.596
2593.811,run:denoise:15,66.47,69.746,5.022,73.596
2594.312,run:denoise:15,65.715,69.746,5.022,73.596
2594.812,run:denoise:15,69.746,69.746,5.022,73.596
2595.313,run:denoise:15,66.485,69.746,5.023,73.596
2595.814,run:denoise:15,64.204,69.746,5.022,73.596
2596.314,run:denoise:15,66.093,69.746,5.023,73.596
2596.815,run:denoise:15,65.337,69.746,5.026,73.596
2597.316,run:denoise:15,65.337,69.746,5.025,73.596
2597.817,run:denoise:15,65.337,69.746,5.024,73.596
2598.317,run:denoise:15,65.337,69.746,5.025,73.596
2598.818,run:denoise:15,65.337,69.746,5.023,73.596
2599.319,run:denoise:15,65.337,69.746,5.024,73.596
2599.82,run:denoise:15,65.337,69.746,5.024,73.596
2600.321,run:denoise:15,65.337,69.746,5.024,73.596
2600.822,run:denoise:15,65.337,69.746,5.024,73.596
2601.323,run:denoise:15,65.337,69.746,5.023,73.596
2601.823,run:denoise:15,65.337,69.746,5.024,73.596
2602.324,run:denoise:15,65.337,69.746,5.024,73.596
2602.825,run:denoise:15,65.337,69.746,5.026,73.596
2603.325,run:denoise:15,65.337,69.746,5.025,73.596
2603.826,run:denoise:15,69.746,69.746,5.025,73.596
2604.327,run:denoise:15,65.715,69.746,5.025,73.596
2604.828,run:denoise:15,69.746,69.746,5.024,73.596
2605.329,run:denoise:15,67.051,69.746,5.022,73.596
2605.83,run:denoise:15,69.746,69.746,5.024,73.596
2606.331,run:denoise:15,69.746,69.746,5.024,73.596
2606.831,run:denoise:15,65.967,69.746,5.027,73.596
2607.332,run:denoise:15,69.746,69.746,5.025,73.596
2607.833,run:denoise:15,69.746,69.746,5.025,73.596
2608.333,run:denoise:15,65.715,69.746,5.025,73.596
2608.834,run:denoise:15,69.746,69.746,5.025,73.596
2609.335,run:denoise:15,67.618,69.746,5.025,73.596
2609.836,run:denoise:15,69.746,69.746,5.025,73.596
2610.337,run:denoise:15,69.746,69.746,5.025,73.596
2610.838,run:denoise:15,66.478,69.746,5.025,73.596
2611.339,run:denoise:15,69.746,69.746,5.025,73.596
2611.84,run:denoise:15,69.746,69.746,5.025,73.596
2612.34,run:denoise:15,65.715,69.746,5.025,73.596
2612.841,run:denoise:15,69.746,69.746,5.024,73.596
2613.342,run:denoise:15,63.421,69.746,5.024,73.596
2613.842,run:denoise:15,64.581,69.746,5.024,73.596
2614.343,run:denoise:15,65.337,69.746,5.024,73.596
2614.844,run:denoise:15,65.337,69.746,5.025,73.596
2615.345,run:denoise:15,65.337,69.746,5.026,73.596
2615.902,run:denoise:15,65.337,69.746,5.04,73.596
2616.403,run:denoise:15,65.337,69.746,5.026,73.596
2616.904,run:denoise:15,65.337,69.746,5.025,73.596
2617.405,run:denoise:15,65.337,69.746,5.026,73.596
2617.905,run:denoise:15,65.337,69.746,5.026,73.596
2618.406,run:denoise:15,65.337,69.746,5.026,73.596
2618.907,run:denoise:15,65.337,69.746,5.026,73.596
2619.408,run:denoise:15,65.337,69.746,5.026,73.596
2619.908,run:denoise:15,65.337,69.746,5.026,73.596
2620.409,run:denoise:15,65.337,69.746,5.026,73.596
2620.91,run:denoise:15,65.337,69.746,5.026,73.596
2621.411,run:denoise:15,65.337,69.746,5.026,73.596
2621.912,run:denoise:15,65.337,69.746,5.026,73.596
2622.413,run:denoise:15,65.337,69.746,5.026,73.596
2622.913,run:denoise:15,69.746,69.746,5.025,73.596
2623.414,run:denoise:15,69.746,69.746,5.026,73.596
2623.915,run:denoise:15,65.715,69.746,5.026,73.596
2624.416,run:denoise:15,69.746,69.746,5.026,73.596
2624.916,run:denoise:15,67.24,69.746,5.026,73.596
2625.417,run:denoise:15,69.746,69.746,5.025,73.596
2625.918,run:denoise:15,69.746,69.746,5.025,73.596
2626.419,run:denoise:15,66.478,69.746,5.026,73.596
2626.919,run:denoise:15,69.746,69.746,5.026,73.596
2627.42,run:denoise:15,69.746,69.746,5.026,73.596
2627.921,run:denoise:15,65.715,69.746,5.026,73.596
2628.422,run:denoise:15,69.746,69.746,5.026,73.596
2628.922,run:denoise:15,67.482,69.746,5.026,73.596
2629.423,run:denoise:15,65.715,69.746,5.025,73.596
2629.924,run:denoise:15,69.746,69.746,5.025,73.596
2630.425,run:denoise:15,66.485,69.746,5.026,73.596
2630.925,run:denoise:15,69.746,69.746,5.02,73.596
2631.427,run:denoise:15,69.746,69.746,5.022,73.596
2631.928,run:denoise:15,65.337,69.746,5.022,73.596
2632.428,run:denoise:15,64.581,69.746,5.023,73.596
2632.929,run:denoise:15,65.337,69.746,5.021,73.596
2633.43,run:denoise:15,65.337,69.746,5.021,73.596
2633.931,run:denoise:15,65.337,69.746,5.021,73.596
2634.431,run:denoise:15,65.337,69.746,5.023,73.596
2634.932,run:denoise:15,65.337,69.746,5.021,73.596
2635.433,run:denoise:15,65.337,69.746,5.021,73.596
2635.934,run:denoise:15,65.337,69.746,5.023,73.596
2636.435,run:denoise:15,65.337,69.746,5.029,73.596
2636.936,run:denoise:15,65.337,69.746,5.023,73.596
2637.437,run:denoise:15,65.337,69.746,5.023,73.596
2637.938,run:denoise:15,65.337,69.746,5.023,73.596
2638.438,run:denoise:15,65.337,69.746,5.027,73.596
2638.939,run:denoise:15,65.337,69.746,5.024,73.596
2639.44,run:denoise:15,65.337,69.746,5.025,73.596
2639.941,run:denoise:15,65.337,69.746,5.025,73.596
2640.441,run:denoise:15,67.482,69.746,5.024,73.596
2640.942,run:denoise:15,69.746,69.746,5.024,73.596
2641.443,run:denoise:15,69.746,69.746,5.023,73.596
2641.944,run:denoise:15,65.967,69.746,5.023,73.596
2642.445,run:denoise:15,69.746,69.746,5.03,73.596
2642.946,run:denoise:15,69.746,69.746,5.022,73.596
2643.446,run:denoise:15,65.715,69.746,5.023,73.596
2643.947,run:denoise:15,69.746,69.746,5.023,73.596
2644.448,run:denoise:15,67.051,69.746,5.024,73.596
2644.949,run:denoise:15,69.746,69.746,5.025,73.596
2645.449,run:denoise:15,69.746,69.746,5.024,73.596
2645.95,run:denoise:15,65.967,69.746,5.024,73.596
2646.451,run:denoise:15,69.746,69.746,5.023,73.596
2646.952,run:denoise:15,69.746,69.746,5.023,73.596
2647.453,run:denoise:15,65.715,69.746,5.025,73.596
2647.954,run:denoise:15,69.746,69.746,5.024,73.596
2648.454,run:denoise:15,67.051,69.746,5.022,73.596
2648.955,run:denoise:15,69.746,69.746,5.022,73.596
2649.456,run:denoise:15,69.746,69.746,5.022,73.596
2649.957,run:denoise:15,65.714,69.746,5.022,73.596
2650.457,run:denoise:15,64.581,69.746,5.022,73.596
2650.958,run:denoise:15,65.337,69.746,5.022,73.596
2651.459,run:denoise:15,65.337,69.746,5.023,73.596
2651.96,run:denoise:15,65.337,69.746,5.022,73.596
2652.461,run:denoise:15,65.337,69.746,5.022,73.596
2652.962,run:denoise:15,65.337,69.746,5.022,73.596
2653.462,run:denoise:15,65.337,69.746,5.021,73.596
2653.963,run:denoise:15,65.337,69.746,5.023,73.596
2654.464,run:denoise:15,65.337,69.746,5.024,73.596
2654.965,run:denoise:15,65.337,69.746,5.023,73.596
2655.465,run:denoise:15,65.337,69.746,5.024,73.596
2655.966,run:denoise:15,65.337,69.746,5.022,73.596
2656.467,run:denoise:15,65.337,69.746,5.023,73.596
2656.968,run:denoise:15,65.337,69.746,5.025,73.596
2657.469,run:denoise:15,68.738,69.746,5.026,73.596
2657.97,run:denoise:15,69.746,69.746,5.027,73.596
2658.471,run:denoise:15,69.746,69.746,5.026,73.596
2658.971,run:denoise:15,65.463,69.746,5.026,73.596
2659.472,run:denoise:15,69.746,69.746,5.026,73.596
2659.973,run:denoise:15,66.848,69.746,5.025,73.596
2660.474,run:denoise:15,65.715,69.746,5.025,73.596
2660.974,run:denoise:15,69.746,69.746,5.025,73.596
2661.475,run:denoise:15,66.673,69.746,5.025,73.596
2661.976,run:denoise:15,69.746,69.746,5.025,73.596
2662.477,run:denoise:15,69.746,69.746,5.025,73.596
2662.978,run:denoise:15,65.967,69.746,5.025,73.596
2663.479,run:denoise:15,69.746,69.746,5.025,73.596
2663.979,run:denoise:15,69.746,69.746,5.025,73.596
2664.48,run:denoise:15,65.715,69.746,5.025,73.596
2664.981,run:denoise:15,69.746,69.746,5.025,73.596
2665.481,run:denoise:15,67.051,69.746,5.025,73.596
2665.982,run:denoise:15,69.746,69.746,5.026,73.596
2666.483,run:denoise:15,69.746,69.746,5.028,73.596
2666.984,run:denoise:15,65.714,69.746,5.028,73.596
2667.485,run:denoise:15,64.581,69.746,5.027,73.596
2667.986,run:denoise:15,65.337,69.746,5.026,73.596
2668.487,run:denoise:15,65.337,69.746,5.025,73.596
2668.987,run:denoise:15,65.337,69.746,5.026,73.596
2669.488,run:denoise:15,65.337,69.746,5.026,73.596
2669.989,run:denoise:15,65.337,69.746,5.025,73.596
2670.49,run:denoise:15,65.337,69.746,5.025,73.596
2670.99,run:denoise:15,65.337,69.746,5.025,73.596
2671.491,run:denoise:15,65.337,69.746,5.026,73.596
2671.992,run:denoise:15,65.337,69.746,5.026,73.596
2672.493,run:denoise:15,65.337,69.746,5.025,73.596
2672.994,run:denoise:15,65.337,69.746,5.025,73.596
2673.495,run:denoise:15,65.337,69.746,5.025,73.596
2673.996,run:denoise:15,69.746,69.746,5.026,73.596
2674.497,run:denoise:15,67.986,69.746,5.026,73.596
2674.997,run:denoise:15,65.715,69.746,5.026,73.596
2675.498,run:denoise:15,69.746,69.746,5.027,73.596
2675.999,run:denoise:15,66.485,69.746,5.027,73.596
2676.5,run:denoise:15,69.746,69.746,5.025,73.596
2677.0,run:denoise:15,69.746,69.746,5.025,73.596
2677.501,run:denoise:15,65.967,69.746,5.025,73.596
2678.003,run:denoise:15,69.746,69.746,5.026,73.596
2678.504,run:denoise:15,69.746,69.746,5.022,73.596
2679.004,run:denoise:15,65.715,69.746,5.022,73.596
2679.505,run:denoise:15,69.746,69.746,5.022,73.596
2680.006,run:denoise:15,67.051,69.746,5.022,73.596
2680.507,run:denoise:15,69.746,69.746,5.022,73.596
2681.007,run:denoise:15,69.746,69.746,5.022,73.596
2681.508,run:denoise:15,65.967,69.746,5.022,73.596
2682.009,run:denoise:15,69.746,69.746,5.023,73.596
2682.51,run:denoise:15,69.746,69.746,5.021,73.596
2683.01,run:denoise:15,65.715,69.746,5.022,73.596
2683.511,run:denoise:15,64.204,69.746,5.022,73.596
2684.012,run:denoise:15,66.674,69.746,5.024,73.596
2684.512,run:denoise:15,65.337,69.746,5.026,73.596
2685.013,run:denoise:15,65.337,69.746,5.026,73.596
2685.514,run:denoise:15,65.337,69.746,5.025,73.596
2686.015,run:denoise:15,65.337,69.746,5.026,73.596
2686.515,run:denoise:15,65.337,69.746,5.025,73.596
2687.016,run:denoise:15,65.337,69.746,5.025,73.596
2687.517,run:denoise:15,65.337,69.746,5.025,73.596
2688.018,run:denoise:15,65.337,69.746,5.025,73.596
2688.519,run:denoise:15,65.337,69.746,5.025,73.596
2689.02,run:denoise:15,65.337,69.746,5.025,73.596
2689.521,run:denoise:15,65.337,69.746,5.025,73.596
2690.021,run:denoise:15,69.746,69.746,5.025,73.596
2690.522,run:denoise:15,67.618,69.746,5.026,73.596
2691.023,run:denoise:15,66.47,69.746,4.991,73.596
2691.523,run:denoise:15,69.746,69.746,4.99,73.596
2692.024,run:denoise:15,66.485,69.746,4.99,73.596
2692.525,run:denoise:15,69.746,69.746,4.989,73.596
2693.026,run:denoise:15,69.746,69.746,4.989,73.596
2693.527,run:denoise:15,65.715,69.746,4.989,73.596
2694.028,run:denoise:15,69.746,69.746,4.989,73.596
2694.529,run:denoise:15,66.47,69.746,4.988,73.596
2695.029,run:denoise:15,65.715,69.746,4.988,73.596
2695.53,run:denoise:15,69.746,69.746,4.989,73.596
2696.031,run:denoise:15,66.674,69.746,4.989,73.596
2696.532,run:denoise:15,69.746,69.746,4.99,73.596
2697.032,run:denoise:15,69.746,69.746,4.99,73.596
2697.533,run:denoise:15,65.967,69.746,4.99,73.596
2698.034,run:denoise:15,69.746,69.746,4.99,73.596
2698.534,run:denoise:15,69.746,69.746,4.989,73.596
2699.035,run:denoise:15,65.337,69.746,4.989,73.596
2699.536,init,63.421,69.746,4.989,73.596
2700.037,init,63.421,69.746,4.989,73.596
2700.537,init,63.421,69.746,4.988,73.596
2701.038,init,63.421,69.746,4.989,73.596
2701.539,init,63.421,69.746,4.989,73.596
2702.04,init,63.421,69.746,4.99,73.596
2702.54,init,63.421,69.746,4.99,73.596
2703.041,init,63.421,69.746,4.99,73.596
2703.543,init,63.421,69.746,4.989,73.596
2704.043,init,63.421,69.746,4.989,73.596
2704.544,init,63.421,69.746,4.988,73.596
2705.045,run:denoise:16,65.101,69.746,5.013,73.234
2705.546,run:denoise:16,69.382,69.746,5.013,73.234
2706.046,run:denoise:16,69.382,69.746,5.014,73.234
2706.547,run:denoise:16,65.352,69.746,5.012,73.234
2707.048,run:denoise:16,69.382,69.746,5.012,73.234
2707.549,run:denoise:16,66.689,69.746,5.012,73.234
2708.05,run:denoise:16,69.382,69.746,5.013,73.234
2708.551,run:denoise:16,69.382,69.746,5.013,73.234
2709.051,run:denoise:16,65.604,69.746,5.013,73.234
2709.552,run:denoise:16,69.382,69.746,5.013,73.234
2710.053,run:denoise:16,69.382,69.746,5.013,73.234
2710.554,run:denoise:16,65.352,69.746,5.013,73.234
2711.054,run:denoise:16,69.382,69.746,5.013,73.234
2711.555,run:denoise:16,66.878,69.746,5.014,73.234
2712.056,run:denoise:16,69.382,69.746,5.014,73.234
2712.557,run:denoise:16,69.382,69.746,5.014,73.234
2713.057,run:denoise:16,66.877,69.746,5.014,73.234
2713.559,run:denoise:16,69.382,69.746,5.014,73.234
2714.059,run:denoise:16,69.382,69.746,5.015,73.234
2714.56,run:denoise:16,65.352,69.746,5.015,73.234
2715.061,run:denoise:16,63.449,69.746,5.015,73.234
2715.562,run:denoise:16,63.449,69.746,5.014,73.234
2716.063,run:denoise:16,63.449,69.746,5.014,73.234
2716.563,run:denoise:16,63.449,69.746,5.016,73.234
2717.064,run:denoise:16,63.449,69.746,5.015,73.234
2717.565,run:denoise:16,63.449,69.746,5.015,73.234
2718.066,run:denoise:16,63.449,69.746,5.015,73.234
2718.567,run:denoise:16,63.449,69.746,5.014,73.234
2719.068,run:denoise:16,63.449,69.746,5.014,73.234
2719.568,run:denoise:16,63.449,69.746,5.014,73.234
2720.069,run:denoise:16,63.449,69.746,5.014,73.234
2720.57,run:denoise:16,65.365,69.774,5.013,73.234
2721.071,run:denoise:16,65.366,69.774,5.012,73.234
2721.571,run:denoise:16,69.774,69.774,5.012,73.234
2722.072,run:denoise:16,66.702,69.774,5.013,73.234
2722.573,run:denoise:16,69.774,69.774,5.012,73.234
2723.074,run:denoise:16,69.774,69.774,5.014,73.234
2723.575,run:denoise:16,65.996,69.774,5.014,73.234
2724.076,run:denoise:16,69.774,69.774,5.014,73.234
2724.577,run:denoise:16,69.774,69.774,5.013,73.234
2725.077,run:denoise:16,65.744,69.774,5.013,73.234
2725.578,run:denoise:16,69.774,69.774,5.013,73.234
2726.079,run:denoise:16,67.08,69.774,5.013,73.234
2726.58,run:denoise:16,69.774,69.774,5.014,73.234
2727.08,run:denoise:16,69.774,69.774,5.014,73.234
2727.581,run:denoise:16,65.996,69.774,5.014,73.234
2728.082,run:denoise:16,69.774,69.774,5.014,73.234
2728.583,run:denoise:16,69.774,69.774,5.014,73.234
2729.084,run:denoise:16,65.744,69.774,5.012,73.234
2729.585,run:denoise:16,69.774,69.774,5.012,73.234
2730.086,run:denoise:16,67.08,69.774,5.012,73.234
2730.586,run:denoise:16,69.774,69.774,5.012,73.234
2731.087,run:denoise:16,64.61,69.774,5.012,73.234
2731.588,run:denoise:16,65.743,69.774,5.011,73.234
2732.089,run:denoise:16,65.365,69.774,5.013,73.234
2732.589,run:denoise:16,65.365,69.774,5.012,73.234
2733.09,run:denoise:16,65.365,69.774,5.012,73.234
2733.591,run:denoise:16,65.365,69.774,5.012,73.234
2734.093,run:denoise:16,65.365,69.774,5.011,73.234
2734.593,run:denoise:16,65.365,69.774,5.012,73.234
2735.094,run:denoise:16,65.365,69.774,5.014,73.234
2735.595,run:denoise:16,65.365,69.774,5.014,73.234
2736.096,run:denoise:16,65.365,69.774,5.014,73.234
2736.596,run:denoise:16,65.366,69.774,5.017,73.234
2737.097,run:denoise:16,65.365,69.774,5.019,73.234
2737.598,run:denoise:16,65.365,69.774,5.019,73.234
2738.099,run:denoise:16,65.743,69.774,5.019,73.234
2738.599,run:denoise:16,69.774,69.774,5.02,73.234
2739.1,run:denoise:16,66.702,69.774,5.019,73.234
2739.601,run:denoise:16,69.774,69.774,5.019,73.234
2740.102,run:denoise:16,69.774,69.774,5.019,73.234
2740.603,run:denoise:16,65.996,69.774,5.018,73.234
2741.104,run:denoise:16,69.774,69.774,5.02,73.234
2741.604,run:denoise:16,69.774,69.774,5.02,73.234
2742.105,run:denoise:16,65.743,69.774,5.02,73.234
2742.606,run:denoise:16,69.774,69.774,5.021,73.234
2743.106,run:denoise:16,66.702,69.774,5.021,73.234
2743.607,run:denoise:16,69.774,69.774,5.022,73.234
2744.108,run:denoise:16,69.774,69.774,5.022,73.234
2744.609,run:denoise:16,65.996,69.774,5.023,73.234
2745.11,run:denoise:16,69.774,69.774,5.023,73.234
2745.611,run:denoise:16,69.774,69.774,5.022,73.234
2746.111,run:denoise:16,65.743,69.774,5.022,73.234
2746.612,run:denoise:16,69.774,69.774,5.021,73.234
2747.113,run:denoise:16,66.702,69.774,5.022,73.234
2747.614,run:denoise:16,64.233,69.774,5.022,73.234
2748.114,run:denoise:16,66.121,69.774,5.022,73.234
2748.615,run:denoise:16,65.366,69.774,5.021,73.234
2749.116,run:denoise:16,65.366,69.774,5.019,73.234
2749.617,run:denoise:16,65.366,69.774,5.019,73.234
2750.118,run:denoise:16,65.366,69.774,5.019,73.234
2750.619,run:denoise:16,65.366,69.774,5.018,73.234
2751.119,run:denoise:16,65.366,69.774,5.018,73.234
2751.62,run:denoise:16,65.366,69.774,5.019,73.234
2752.123,run:denoise:16,65.366,69.774,5.019,73.234
2752.623,run:denoise:16,65.366,69.774,5.017,73.234
2753.124,run:denoise:16,65.366,69.774,5.02,73.234
2753.625,run:denoise:16,65.366,69.774,5.02,73.234
2754.126,run:denoise:16,65.365,69.774,5.02,73.234
2754.626,run:denoise:16,65.365,69.774,5.02,73.234
2755.128,run:denoise:16,65.366,69.774,5.021,73.234
2755.629,run:denoise:16,69.774,69.774,5.02,73.234
2756.129,run:denoise:16,65.996,69.774,5.02,73.234
2756.63,run:denoise:16,69.774,69.774,5.02,73.234
2757.131,run:denoise:16,69.774,69.774,5.019,73.234
2757.632,run:denoise:16,65.744,69.774,5.019,73.234
2758.132,run:denoise:16,69.774,69.774,5.019,73.234
2758.633,run:denoise:16,67.08,69.774,5.018,73.234
2759.134,run:denoise:16,69.774,69.774,5.019,73.234
2759.634,run:denoise:16,69.774,69.774,5.019,73.234
2760.136,run:denoise:16,65.996,69.774,5.019,73.234
2760.636,run:denoise:16,69.774,69.774,5.018,73.234
2761.137,run:denoise:16,69.774,69.774,5.019,73.234
2761.638,run:denoise:16,65.744,69.774,5.019,73.234
2762.139,run:denoise:16,69.774,69.774,5.019,73.234
2762.639,run:denoise:16,67.269,69.774,5.018,73.234
2763.14,run:denoise:16,69.774,69.774,5.018,73.234
2763.641,run:denoise:16,69.774,69.774,5.017,73.234
2764.142,run:denoise:16,65.996,69.774,5.017,73.234
2764.642,run:denoise:16,69.774,69.774,5.018,73.234
2765.143,run:denoise:16,64.61,69.774,5.018,73.234
2765.645,run:denoise:16,67.129,69.774,5.019,73.234
2766.145,run:denoise:16,65.365,69.774,5.019,73.234
2766.646,run:denoise:16,65.365,69.774,5.019,73.234
2767.147,run:denoise:16,65.365,69.774,5.019,73.234
2767.648,run:denoise:16,65.365,69.774,5.02,73.234
2768.149,run:denoise:16,65.365,69.774,5.02,73.234
2768.649,run:denoise:16,65.365,69.774,5.019,73.234
2769.15,run:denoise:16,65.365,69.774,5.019,73.234
2769.651,run:denoise:16,65.365,69.774,5.02,73.234
2770.152,run:denoise:16,65.365,69.774,5.02,73.234
2770.653,run:denoise:16,65.366,69.774,5.019,73.234
2771.154,run:denoise:16,65.365,69.774,5.019,73.234
2771.654,run:denoise:16,65.365,69.774,5.019,73.234
2772.155,run:denoise:16,65.366,69.774,5.019,73.234
2772.656,run:denoise:16,65.366,69.774,5.019,73.234
2773.157,run:denoise:16,65.365,69.774,5.019,73.234
2773.657,run:denoise:16,69.774,69.774,5.019,73.234
2774.158,run:denoise:16,65.996,69.774,5.019,73.234
2774.659,run:denoise:16,69.774,69.774,5.019,73.234
2775.159,run:denoise:16,69.774,69.774,5.019,73.234
2775.661,run:denoise:16,65.744,69.774,5.018,73.234
2776.162,run:denoise:16,69.774,69.774,5.019,73.234
2776.662,run:denoise:16,67.08,69.774,5.02,73.234
2777.163,run:denoise:16,69.774,69.774,5.021,73.234
2777.664,run:denoise:16,69.774,69.774,5.021,73.234
2778.165,run:denoise:16,65.996,69.774,5.021,73.234
2778.665,run:denoise:16,69.774,69.774,5.02,73.234
2779.166,run:denoise:16,69.774,69.774,5.02,73.234
2779.667,run:denoise:16,65.744,69.774,5.02,73.234
2780.167,run:denoise:16,69.774,69.774,5.02,73.234
2780.668,run:denoise:16,67.269,69.774,5.019,73.234
2781.17,run:denoise:16,69.774,69.774,5.019,73.234
2781.67,run:denoise:16,69.774,69.774,5.02,73.234
2782.171,run:denoise:16,66.702,69.774,5.02,73.234
2782.672,run:denoise:16,69.774,69.774,5.019,73.234
2783.173,run:denoise:16,64.232,69.774,5.021,73.234
2783.673,run:denoise:16,64.61,69.774,5.02,73.234
2784.174,run:denoise:16,65.365,69.774,5.02,73.234
2784.675,run:denoise:16,65.365,69.774,5.02,73.234
2785.176,run:denoise:16,65.365,69.774,5.02,73.234
2785.676,run:denoise:16,65.365,69.774,5.02,73.234
2786.178,run:denoise:16,65.365,69.774,5.021,73.234
2786.678,run:denoise:16,65.365,69.774,5.02,73.234
2787.179,run:denoise:16,65.365,69.774,5.02,73.234
2787.68,run:denoise:16,65.365,69.774,5.02,73.234
2788.181,run:denoise:16,65.365,69.774,5.021,73.234
2788.681,run:denoise:16,65.365,69.774,5.021,73.234
2789.182,run:denoise:16,65.366,69.774,5.021,73.234
2789.683,run:denoise:16,65.366,69.774,5.02,73.234
2790.184,run:denoise:16,65.365,69.774,5.022,73.234
2790.684,run:denoise:16,65.365,69.774,5.022,73.234
2791.185,run:denoise:16,65.366,69.774,5.021,73.234
2791.686,run:denoise:16,65.366,69.774,5.021,73.234
2792.187,run:denoise:16,65.996,69.774,5.021,73.234
2792.688,run:denoise:16,69.774,69.774,5.02,73.234
2793.189,run:denoise:16,69.774,69.774,5.02,73.234
2793.689,run:denoise:16,65.744,69.774,5.021,73.234
2794.19,run:denoise:16,69.774,69.774,5.021,73.234
2794.691,run:denoise:16,67.08,69.774,5.021,73.234
2795.192,run:denoise:16,69.774,69.774,5.021,73.234
2795.692,run:denoise:16,69.774,69.774,5.021,73.234
2796.193,run:denoise:16,65.996,69.774,5.021,73.234
2796.695,run:denoise:16,69.774,69.774,5.021,73.234
2797.196,run:denoise:16,69.774,69.774,5.021,73.234
2797.696,run:denoise:16,65.744,69.774,5.022,73.234
2798.197,run:denoise:16,69.774,69.774,5.022,73.234
2798.698,run:denoise:16,66.626,69.774,5.022,73.234
2799.198,run:denoise:16,66.499,69.774,5.022,73.234
2799.699,run:denoise:16,69.774,69.774,5.022,73.234
2800.2,run:denoise:16,67.646,69.774,5.023,73.234
2800.701,run:denoise:16,69.774,69.774,5.023,73.234
2801.201,run:denoise:16,69.774,69.774,5.023,73.234
2801.703,run:denoise:16,64.232,69.774,5.023,73.234
2802.203,run:denoise:16,66.121,69.774,5.023,73.234
2802.704,run:denoise:16,65.365,69.774,5.021,73.234
2803.205,run:denoise:16,65.365,69.774,5.021,73.234
2803.706,run:denoise:16,65.365,69.774,5.022,73.234
2804.206,run:denoise:16,65.365,69.774,5.022,73.234
2804.707,run:denoise:16,65.365,69.774,5.021,73.234
2805.208,run:denoise:16,65.365,69.774,5.022,73.234
2805.709,run:denoise:16,65.365,69.774,5.022,73.234
2806.209,run:denoise:16,65.365,69.774,5.022,73.234
2806.71,run:denoise:16,65.365,69.774,5.022,73.234
2807.211,run:denoise:16,65.365,69.774,5.022,73.234
2807.712,run:denoise:16,65.365,69.774,5.022,73.234
2808.213,run:denoise:16,65.366,69.774,5.022,73.234
2808.714,run:denoise:16,65.366,69.774,5.022,73.234
2809.214,run:denoise:16,65.996,69.774,5.023,73.234
2809.715,run:denoise:16,69.774,69.774,5.023,73.234
2810.216,run:denoise:16,69.774,69.774,5.024,73.234
2810.717,run:denoise:16,65.744,69.774,5.023,73.234
2811.217,run:denoise:16,69.774,69.774,5.018,73.234
2811.718,run:denoise:16,67.08,69.774,5.018,73.234
2812.219,run:denoise:16,69.774,69.774,5.018,73.234
2812.72,run:denoise:16,69.774,69.774,5.017,73.234
2813.221,run:denoise:16,65.996,69.774,5.017,73.234
2813.722,run:denoise:16,69.774,69.774,5.017,73.234
2814.222,run:denoise:16,69.774,69.774,5.018,73.234
2814.723,run:denoise:16,65.744,69.774,5.017,73.234
2815.224,run:denoise:16,69.774,69.774,5.017,73.234
2815.725,run:denoise:16,67.269,69.774,5.017,73.234
2816.225,run:denoise:16,69.774,69.774,5.017,73.234
2816.726,run:denoise:16,69.774,69.774,5.016,73.234
2817.227,run:denoise:16,67.646,69.774,5.016,73.234
2817.728,run:denoise:16,69.774,69.774,5.017,73.234
2818.229,run:denoise:16,69.774,69.774,5.018,73.234
2818.73,run:denoise:16,64.232,69.774,5.018,73.234
2819.23,run:denoise:16,66.121,69.774,5.018,73.234
2819.731,run:denoise:16,65.365,69.774,5.018,73.234
2820.232,run:denoise:16,65.365,69.774,5.018,73.234
2820.733,run:denoise:16,65.365,69.774,5.017,73.234
2821.235,run:denoise:16,65.365,69.774,5.017,73.234
2821.736,run:denoise:16,65.365,69.774,5.017,73.234
2822.237,run:denoise:16,65.365,69.774,5.016,73.234
2822.738,run:denoise:16,65.365,69.774,5.016,73.234
2823.239,run:denoise:16,65.365,69.774,5.016,73.234
2823.74,run:denoise:16,65.365,69.774,5.016,73.234
2824.24,run:denoise:16,65.365,69.774,5.015,73.234
2824.741,run:denoise:16,65.365,69.774,5.014,73.234
2825.242,run:denoise:16,65.366,69.774,5.013,73.234
2825.743,run:denoise:16,69.774,69.774,5.014,73.234
2826.243,run:denoise:16,67.08,69.774,5.016,73.234
2826.744,run:denoise:16,69.774,69.774,5.015,73.234
2827.245,run:denoise:16,69.774,69.774,5.016,73.234
2827.746,run:denoise:16,65.996,69.774,5.016,73.234
2828.247,run:denoise:16,69.774,69.774,5.015,73.234
2828.748,run:denoise:16,69.774,69.774,5.013,73.234
2829.248,run:denoise:16,65.744,69.774,5.013,73.234
2829.749,run:denoise:16,69.774,69.774,5.013,73.234
2830.25,run:denoise:16,67.269,69.774,5.014,73.234
2830.751,run:denoise:16,69.774,69.774,5.013,73.234
2831.251,run:denoise:16,69.774,69.774,5.013,73.234
2831.752,run:denoise:16,68.024,69.774,5.014,73.234
2832.253,run:denoise:16,69.774,69.774,5.012,73.234
2832.754,run:denoise:16,69.774,69.774,5.012,73.234
2833.255,run:denoise:16,65.744,69.774,5.013,73.234
2833.756,run:denoise:16,69.774,69.774,5.013,73.234
2834.256,run:denoise:16,67.51,69.774,5.014,73.234
2834.757,run:denoise:16,64.988,69.774,5.013,73.234
2835.258,run:denoise:16,64.61,69.774,5.013,73.234
2835.759,run:denoise:16,65.365,69.774,5.013,73.234
2836.259,run:denoise:16,65.365,69.774,5.014,73.234
2836.76,run:denoise:16,65.365,69.774,5.014,73.234
2837.261,run:denoise:16,65.365,69.774,5.015,73.234
2837.762,run:denoise:16,65.365,69.774,5.015,73.234
2838.263,run:denoise:16,65.365,69.774,5.015,73.234
2838.764,run:denoise:16,65.365,69.774,5.014,73.234
2839.264,run:denoise:16,65.365,69.774,5.015,73.234
2839.765,run:denoise:16,65.365,69.774,5.015,73.234
2840.266,run:denoise:16,65.365,69.774,5.015,73.234
2840.767,run:denoise:16,65.366,69.774,5.017,73.234
2841.267,run:denoise:16,65.365,69.774,5.016,73.234
2841.768,run:denoise:16,69.774,69.774,5.016,73.234
2842.269,run:denoise:16,66.513,69.774,5.016,73.234
2842.77,run:denoise:16,69.774,69.774,5.016,73.234
2843.27,run:denoise:16,69.774,69.774,5.016,73.234
2843.771,run:denoise:16,65.743,69.774,5.016,73.234
2844.272,run:denoise:16,69.774,69.774,5.016,73.234
2844.772,run:denoise:16,66.877,69.774,5.015,73.234
2845.273,run:denoise:16,65.743,69.774,5.015,73.234
2845.774,run:denoise:16,69.774,69.774,5.018,73.234
2846.275,run:denoise:16,66.702,69.774,5.017,73.234
2846.775,run:denoise:16,69.774,69.774,5.016,73.234
2847.276,run:denoise:16,69.774,69.774,5.016,73.234
2847.777,run:denoise:16,65.996,69.774,5.016,73.234
2848.278,run:denoise:16,69.774,69.774,5.016,73.234
2848.779,run:denoise:16,69.774,69.774,5.016,73.234
2849.28,run:denoise:16,65.743,69.774,5.016,73.234
2849.78,run:denoise:16,69.774,69.774,5.013,73.234
2850.281,run:denoise:16,67.08,69.774,5.014,73.234
2850.782,run:denoise:16,69.774,69.774,5.012,73.234
2851.283,init,63.45,69.774,5.011,73.234
2851.783,init,63.45,69.774,5.011,73.234
2852.284,init,63.45,69.774,5.012,73.234
2852.785,init,63.45,69.774,5.012,73.234
2853.286,init,63.45,69.774,5.011,73.234
2853.787,init,63.45,69.774,5.011,73.234
2854.288,init,63.45,69.774,5.011,73.234
2854.789,init,63.45,69.774,5.011,73.234
2855.289,init,63.45,69.774,5.011,73.234
2855.79,init,63.45,69.774,5.011,73.234
2856.291,init,63.45,69.774,5.011,73.234
2856.792,run:denoise:17,65.003,69.774,5.038,73.252
2857.292,run:denoise:17,69.411,69.774,5.04,73.252
2857.793,run:denoise:17,66.907,69.774,5.04,73.252
2858.295,run:denoise:17,69.411,69.774,5.041,73.252
2858.795,run:denoise:17,69.411,69.774,5.042,73.252
2859.296,run:denoise:17,66.144,69.774,5.041,73.252
2859.797,run:denoise:17,69.411,69.774,5.041,73.252
2860.298,run:denoise:17,69.411,69.774,5.041,73.252
2860.798,run:denoise:17,65.381,69.774,5.041,73.252
2861.299,run:denoise:17,69.411,69.774,5.041,73.252
2861.8,run:denoise:17,67.148,69.774,5.041,73.252
2862.3,run:denoise:17,65.381,69.774,5.042,73.252
2862.801,run:denoise:17,69.411,69.774,5.042,73.252
2863.303,run:denoise:17,66.151,69.774,5.041,73.252
2863.803,run:denoise:17,69.411,69.774,5.041,73.252
2864.304,run:denoise:17,69.411,69.774,5.041,73.252
2864.805,run:denoise:17,65.381,69.774,5.041,73.252
2865.305,run:denoise:17,69.411,69.774,5.04,73.252
2865.806,run:denoise:17,67.652,69.774,5.04,73.252
2866.307,run:denoise:17,65.381,69.774,5.04,73.252
2866.808,run:denoise:17,63.478,69.774,5.042,73.252
2867.309,run:denoise:17,63.478,69.774,5.042,73.252
2867.809,run:denoise:17,63.478,69.774,5.042,73.252
2868.31,run:denoise:17,63.478,69.774,5.041,73.252
2868.811,run:denoise:17,63.478,69.774,5.041,73.252
2869.312,run:denoise:17,63.478,69.774,5.041,73.252
2869.813,run:denoise:17,63.478,69.774,5.041,73.252
2870.314,run:denoise:17,63.478,69.774,5.039,73.252
2870.814,run:denoise:17,63.478,69.774,5.039,73.252
2871.315,run:denoise:17,63.478,69.774,5.039,73.252
2871.816,run:denoise:17,63.478,69.774,5.039,73.252
2872.317,run:denoise:17,65.394,69.803,5.039,73.252
2872.817,run:denoise:17,65.394,69.803,5.039,73.252
2873.318,run:denoise:17,69.802,69.803,5.04,73.252
2873.819,run:denoise:17,66.025,69.803,5.04,73.252
2874.32,run:denoise:17,69.802,69.803,5.04,73.252
2874.821,run:denoise:17,69.802,69.803,5.04,73.252
2875.322,run:denoise:17,65.772,69.803,5.041,73.252
2875.822,run:denoise:17,69.802,69.803,5.041,73.252
2876.323,run:denoise:17,67.109,69.803,5.041,73.252
2876.824,run:denoise:17,69.802,69.803,5.04,73.252
2877.324,run:denoise:17,69.802,69.803,5.041,73.252
2877.825,run:denoise:17,66.025,69.803,5.041,73.252
2878.326,run:denoise:17,69.802,69.803,5.041,73.252
2878.827,run:denoise:17,69.802,69.803,5.041,73.252
2879.328,run:denoise:17,65.772,69.803,5.041,73.252
2879.829,run:denoise:17,69.802,69.803,5.041,73.252
2880.329,run:denoise:17,67.298,69.803,5.041,73.252
2880.83,run:denoise:17,69.802,69.803,5.041,73.252
2881.331,run:denoise:17,69.802,69.803,5.039,73.252
2881.832,run:denoise:17,67.04,69.803,5.039,73.252
2882.332,run:denoise:17,69.802,69.803,5.039,73.252
2882.833,run:denoise:17,64.638,69.803,5.038,73.252
2883.334,run:denoise:17,67.158,69.803,5.04,73.252
2883.835,run:denoise:17,65.394,69.803,5.041,73.252
2884.336,run:denoise:17,65.394,69.803,5.041,73.252
2884.837,run:denoise:17,65.394,69.803,5.04,73.252
2885.338,run:denoise:17,65.394,69.803,5.041,73.252
2885.838,run:denoise:17,65.394,69.803,5.041,73.252
2886.339,run:denoise:17,65.394,69.803,5.041,73.252
2886.84,run:denoise:17,65.394,69.803,5.041,73.252
2887.341,run:denoise:17,65.394,69.803,5.041,73.252
2887.841,run:denoise:17,65.394,69.803,5.042,73.252
2888.342,run:denoise:17,65.394,69.803,5.042,73.252
2888.843,run:denoise:17,65.394,69.803,5.041,73.252
2889.344,run:denoise:17,65.394,69.803,5.041,73.252
2889.845,run:denoise:17,69.802,69.803,5.04,73.252
2890.346,run:denoise:17,69.802,69.803,5.04,73.252
2890.846,run:denoise:17,66.025,69.803,5.041,73.252
2891.347,run:denoise:17,69.802,69.803,5.04,73.252
2891.848,run:denoise:17,69.802,69.803,5.04,73.252
2892.349,run:denoise:17,65.772,69.803,5.04,73.252
2892.849,run:denoise:17,69.802,69.803,5.04,73.252
2893.35,run:denoise:17,67.109,69.803,5.041,73.252
2893.851,run:denoise:17,69.802,69.803,5.041,73.252
2894.352,run:denoise:17,69.802,69.803,5.042,73.252
2894.853,run:denoise:17,67.032,69.803,5.042,73.252
2895.354,run:denoise:17,69.802,69.803,5.041,73.252
2895.854,run:denoise:17,69.802,69.803,5.041,73.252
2896.355,run:denoise:17,65.772,69.803,5.041,73.252
2896.856,run:denoise:17,69.802,69.803,5.042,73.252
2897.357,run:denoise:17,66.655,69.803,5.042,73.252
2897.857,run:denoise:17,66.905,69.803,5.042,73.252
2898.358,run:denoise:17,69.802,69.803,5.042,73.252
2898.859,run:denoise:17,67.297,69.803,5.042,73.252
2899.36,run:denoise:17,64.261,69.803,5.043,73.252
2899.861,run:denoise:17,66.15,69.803,5.043,73.252
2900.362,run:denoise:17,65.394,69.803,5.043,73.252
2900.863,run:denoise:17,65.394,69.803,5.044,73.252
2901.363,run:denoise:17,65.394,69.803,5.043,73.252
2901.864,run:denoise:17,65.394,69.803,5.043,73.252
2902.365,run:denoise:17,65.394,69.803,5.043,73.252
2902.866,run:denoise:17,65.394,69.803,5.042,73.252
2903.366,run:denoise:17,65.394,69.803,5.042,73.252
2903.867,run:denoise:17,65.394,69.803,5.042,73.252
2904.368,run:denoise:17,65.394,69.803,5.042,73.252
2904.869,run:denoise:17,65.394,69.803,5.043,73.252
2905.37,run:denoise:17,63.478,69.803,5.043,73.252
2905.871,run:denoise:17,65.394,69.803,5.043,73.252
2906.371,run:denoise:17,65.394,69.803,5.043,73.252
2906.872,run:denoise:17,65.394,69.803,5.043,73.252
2907.373,run:denoise:17,68.795,69.803,5.043,73.252
2907.874,run:denoise:17,65.772,69.803,5.044,73.252
2908.374,run:denoise:17,69.802,69.803,5.043,73.252
2908.875,run:denoise:17,66.731,69.803,5.044,73.252
2909.376,run:denoise:17,69.802,69.803,5.043,73.252
2909.877,run:denoise:17,69.802,69.803,5.043,73.252
2910.378,run:denoise:17,66.025,69.803,5.044,73.252
2910.879,run:denoise:17,69.802,69.803,5.043,73.252
2911.379,run:denoise:17,69.802,69.803,5.043,73.252
2911.88,run:denoise:17,65.772,69.803,5.043,73.252
2912.381,run:denoise:17,69.802,69.803,5.043,73.252
2912.882,run:denoise:17,67.109,69.803,5.043,73.252
2913.382,run:denoise:17,69.802,69.803,5.042,73.252
2913.883,run:denoise:17,69.802,69.803,5.043,73.252
2914.384,run:denoise:17,66.025,69.803,5.043,73.252
2914.885,run:denoise:17,69.802,69.803,5.043,73.252
2915.386,run:denoise:17,69.802,69.803,5.043,73.252
2915.887,run:denoise:17,65.772,69.803,5.043,73.252
2916.388,run:denoise:17,69.802,69.803,5.043,73.252
2916.888,run:denoise:17,63.492,69.803,5.042,73.252
2917.389,run:denoise:17,64.638,69.803,5.042,73.252
2917.89,run:denoise:17,65.394,69.803,5.042,73.252
2918.391,run:denoise:17,65.394,69.803,5.043,73.252
2918.891,run:denoise:17,65.394,69.803,5.043,73.252
2919.392,run:denoise:17,65.394,69.803,5.042,73.252
2919.893,run:denoise:17,65.394,69.803,5.043,73.252
2920.394,run:denoise:17,65.394,69.803,5.042,73.252
2920.895,run:denoise:17,65.394,69.803,5.042,73.252
2921.396,run:denoise:17,65.394,69.803,5.042,73.252
2921.897,run:denoise:17,65.394,69.803,5.042,73.252
2922.397,run:denoise:17,65.394,69.803,5.042,73.252
2922.898,run:denoise:17,65.394,69.803,5.042,73.252
2923.399,run:denoise:17,65.394,69.803,5.068,73.252
2923.9,run:denoise:17,65.394,69.803,5.068,73.252
2924.4,run:denoise:17,65.394,69.803,5.068,73.252
2924.901,run:denoise:17,65.394,69.803,5.068,73.252
2925.402,run:denoise:17,65.394,69.803,5.068,73.252
2925.903,run:denoise:17,65.394,69.803,5.067,73.252
2926.404,run:denoise:17,69.802,69.803,5.067,73.252
2926.906,run:denoise:17,66.542,69.803,5.068,73.252
2927.406,run:denoise:17,69.802,69.803,5.067,73.252
2927.907,run:denoise:17,69.802,69.803,5.068,73.252
2928.408,run:denoise:17,65.772,69.803,5.067,73.252
2928.908,run:denoise:17,69.802,69.803,5.068,73.252
2929.409,run:denoise:17,66.15,69.803,5.068,73.252
2929.91,run:denoise:17,65.772,69.803,5.069,73.252
2930.411,run:denoise:17,69.802,69.803,5.068,73.252
2930.912,run:denoise:17,66.731,69.803,5.068,73.252
2931.413,run:denoise:17,69.802,69.803,5.068,73.252
2931.913,run:denoise:17,69.802,69.803,5.067,73.252
2932.414,run:denoise:17,66.025,69.803,5.067,73.252
2932.915,run:denoise:17,69.802,69.803,5.067,73.252
2933.416,run:denoise:17,68.795,69.803,5.067,73.252
2933.916,run:denoise:17,65.772,69.803,5.066,73.252
2934.417,run:denoise:17,69.802,69.803,5.071,73.252
2934.918,run:denoise:17,66.731,69.803,5.065,73.252
2935.419,run:denoise:17,69.802,69.803,5.065,73.252
2935.919,run:denoise:17,64.638,69.803,5.067,73.252
2936.421,run:denoise:17,65.394,69.803,5.075,73.252
2936.922,run:denoise:17,65.394,69.803,5.067,73.252
2937.422,run:denoise:17,65.394,69.803,5.067,73.252
2937.923,run:denoise:17,65.394,69.803,5.067,73.252
2938.424,run:denoise:17,65.394,69.803,5.068,73.252
2938.924,run:denoise:17,65.394,69.803,5.068,73.252
2939.425,run:denoise:17,65.394,69.803,5.067,73.252
2939.926,run:denoise:17,65.394,69.803,5.067,73.252
2940.427,run:denoise:17,65.394,69.803,5.068,73.252
2940.928,run:denoise:17,65.394,69.803,5.066,73.252
2941.429,run:denoise:17,65.394,69.803,5.066,73.252
2941.93,run:denoise:17,65.394,69.803,5.067,73.252
2942.43,run:denoise:17,65.394,69.803,5.071,73.252
2942.931,run:denoise:17,65.394,69.803,5.068,73.252
2943.432,run:denoise:17,65.394,69.803,5.068,73.252
2943.933,run:denoise:17,65.394,69.803,5.067,73.252
2944.433,run:denoise:17,69.802,69.803,5.075,73.252
2944.934,run:denoise:17,66.731,69.803,5.067,73.252
2945.435,run:denoise:17,69.802,69.803,5.067,73.252
2945.936,run:denoise:17,69.802,69.803,5.068,73.252
2946.437,run:denoise:17,66.025,69.803,5.074,73.252
2946.938,run:denoise:17,69.802,69.803,5.07,73.252
2947.438,run:denoise:17,69.802,69.803,5.071,73.252
2947.939,run:denoise:17,65.772,69.803,5.071,73.252
2948.44,run:denoise:17,69.802,69.803,5.074,73.252
2948.941,run:denoise:17,67.109,69.803,5.07,73.252
2949.441,run:denoise:17,69.802,69.803,5.07,73.252
2949.942,run:denoise:17,69.802,69.803,5.07,73.252
2950.443,run:denoise:17,67.032,69.803,5.076,73.252
2950.944,run:denoise:17,69.802,69.803,5.07,73.252
2951.444,run:denoise:17,69.802,69.803,5.069,73.252
2951.946,run:denoise:17,65.772,69.803,5.07,73.252
2952.446,run:denoise:17,69.802,69.803,5.068,73.252
2952.947,run:denoise:17,66.655,69.803,5.068,73.252
2953.448,run:denoise:17,69.802,69.803,5.068,73.252
2953.949,run:denoise:17,64.638,69.803,5.068,73.252
2954.449,run:denoise:17,65.394,69.803,5.068,73.252
2954.95,run:denoise:17,65.394,69.803,5.069,73.252
2955.451,run:denoise:17,65.394,69.803,5.069,73.252
2955.952,run:denoise:17,65.394,69.803,5.068,73.252
2956.452,run:denoise:17,65.394,69.803,5.067,73.252
2956.954,run:denoise:17,65.394,69.803,5.068,73.252
2957.454,run:denoise:17,65.394,69.803,5.068,73.252
2957.955,run:denoise:17,65.394,69.803,5.068,73.252
2958.456,run:denoise:17,65.394,69.803,5.068,73.252
2958.957,run:denoise:17,65.394,69.803,5.068,73.252
2959.457,run:denoise:17,65.394,69.803,5.068,73.252
2959.958,run:denoise:17,65.394,69.803,5.067,73.252
2960.459,run:denoise:17,65.394,69.803,5.067,73.252
2960.96,run:denoise:17,65.394,69.803,5.067,73.252
2961.46,run:denoise:17,69.802,69.803,5.068,73.252
2961.961,run:denoise:17,66.731,69.803,5.068,73.252
2962.463,run:denoise:17,69.802,69.803,5.067,73.252
2962.963,run:denoise:17,69.802,69.803,5.067,73.252
2963.464,run:denoise:17,66.025,69.803,5.067,73.252
2963.965,run:denoise:17,69.802,69.803,5.067,73.252
2964.466,run:denoise:17,69.802,69.803,5.069,73.252
2964.966,run:denoise:17,65.772,69.803,5.069,73.252
2965.467,run:denoise:17,69.802,69.803,5.07,73.252
2965.968,run:denoise:17,67.109,69.803,5.071,73.252
2966.469,run:denoise:17,69.802,69.803,5.07,73.252
2966.969,run:denoise:17,69.802,69.803,5.07,73.252
2967.471,run:denoise:17,67.675,69.803,5.07,73.252
2967.971,run:denoise:17,69.802,69.803,5.07,73.252
2968.472,run:denoise:17,69.802,69.803,5.07,73.252
2968.973,run:denoise:17,65.772,69.803,5.071,73.252
2969.474,run:denoise:17,69.802,69.803,5.07,73.252
2969.974,run:denoise:17,67.536,69.803,5.07,73.252
2970.475,run:denoise:17,64.639,69.803,5.069,73.252
2970.976,run:denoise:17,64.638,69.803,5.069,73.252
2971.477,run:denoise:17,65.394,69.803,5.069,73.252
2971.977,run:denoise:17,65.394,69.803,5.069,73.252
2972.479,run:denoise:17,65.394,69.803,5.069,73.252
2972.98,run:denoise:17,65.394,69.803,5.069,73.252
2973.48,run:denoise:17,65.394,69.803,5.069,73.252
2973.981,run:denoise:17,65.394,69.803,5.069,73.252
2974.482,run:denoise:17,65.394,69.803,5.069,73.252
2974.983,run:denoise:17,65.394,69.803,5.069,73.252
2975.483,run:denoise:17,65.394,69.803,5.069,73.252
2975.984,run:denoise:17,65.394,69.803,5.068,73.252
2976.485,run:denoise:17,65.394,69.803,5.071,73.252
2976.986,run:denoise:17,65.394,69.803,5.069,73.252
2977.486,run:denoise:17,69.802,69.803,5.07,73.252
2977.988,run:denoise:17,66.025,69.803,5.071,73.252
2978.488,run:denoise:17,69.802,69.803,5.07,73.252
2978.989,run:denoise:17,69.802,69.803,5.07,73.252
2979.49,run:denoise:17,65.772,69.803,5.069,73.252
2979.991,run:denoise:17,69.802,69.803,5.069,73.252
2980.491,run:denoise:17,67.109,69.803,5.071,73.252
2980.992,run:denoise:17,69.802,69.803,5.071,73.252
2981.493,run:denoise:17,69.802,69.803,5.07,73.252
2981.994,run:denoise:17,67.297,69.803,5.07,73.252
2982.494,run:denoise:17,69.802,69.803,5.07,73.252
2982.996,run:denoise:17,69.802,69.803,5.07,73.252
2983.497,run:denoise:17,65.772,69.803,5.07,73.252
2983.997,run:denoise:17,69.802,69.803,5.07,73.252
2984.498,run:denoise:17,68.043,69.803,5.07,73.252
2984.999,run:denoise:17,65.772,69.803,5.07,73.252
2985.5,run:denoise:17,69.802,69.803,5.07,73.252
2986.0,run:denoise:17,66.542,69.803,5.07,73.252
2986.501,run:denoise:17,69.802,69.803,5.069,73.252
2987.002,run:denoise:17,64.261,69.803,5.071,73.252
2987.503,run:denoise:17,64.638,69.803,5.071,73.252
2988.003,run:denoise:17,65.394,69.803,5.071,73.252
2988.505,run:denoise:17,65.394,69.803,5.069,73.252
2989.005,run:denoise:17,65.394,69.803,5.071,73.252
2989.506,run:denoise:17,65.394,69.803,5.071,73.252
2990.007,run:denoise:17,65.394,69.803,5.071,73.252
2990.508,run:denoise:17,65.394,69.803,5.07,73.252
2991.008,run:denoise:17,65.394,69.803,5.071,73.252
2991.509,run:denoise:17,65.394,69.803,5.07,73.252
2992.01,run:denoise:17,65.394,69.803,5.07,73.252
2992.511,run:denoise:17,65.394,69.803,5.07,73.252
2993.011,run:denoise:17,65.394,69.803,5.069,73.252
2993.513,run:denoise:17,69.802,69.803,5.069,73.252
2994.013,run:denoise:17,66.025,69.803,5.07,73.252
2994.514,run:denoise:17,69.802,69.803,5.068,73.252
2995.015,run:denoise:17,69.802,69.803,5.069,73.252
2995.516,run:denoise:17,65.772,69.803,5.069,73.252
2996.016,run:denoise:17,69.802,69.803,5.07,73.252
2996.517,run:denoise:17,67.109,69.803,5.067,73.252
2997.018,run:denoise:17,69.802,69.803,5.069,73.252
2997.519,run:denoise:17,69.802,69.803,5.069,73.252
2998.019,run:denoise:17,67.04,69.803,5.069,73.252
2998.521,run:denoise:17,69.802,69.803,5.069,73.252
2999.021,run:denoise:17,69.802,69.803,5.069,73.252
2999.522,run:denoise:17,65.772,69.803,5.069,73.252
3000.023,run:denoise:17,69.802,69.803,5.069,73.252
3000.524,run:denoise:17,67.539,69.803,5.069,73.252
3001.024,run:denoise:17,65.772,69.803,5.07,73.252
3001.525,run:denoise:17,69.802,69.803,5.07,73.252
3002.026,run:denoise:17,66.542,69.803,5.07,73.252
3002.526,run:denoise:17,69.802,69.803,5.07,73.252
3003.027,init,63.478,69.803,5.069,73.252
3003.529,init,63.478,69.803,5.069,73.252
3004.029,init,63.478,69.803,5.071,73.252
3004.53,init,63.478,69.803,5.072,73.252
3005.031,init,63.478,69.803,5.072,73.252
3005.532,init,63.478,69.803,5.073,73.252
3006.032,init,63.478,69.803,5.072,73.252
3006.533,init,63.478,69.803,5.072,73.252
3007.034,init,63.478,69.803,5.072,73.252
3007.535,init,63.478,69.803,5.071,73.252
3008.035,init,63.478,69.803,5.072,73.252
3008.536,run:denoise:18,65.032,69.803,5.096,73.27
3009.037,run:denoise:18,69.44,69.803,5.098,73.27
3009.538,run:denoise:18,66.369,69.803,5.098,73.27
3010.038,run:denoise:18,69.44,69.803,5.098,73.27
3010.539,run:denoise:18,69.44,69.803,5.096,73.27
3011.04,run:denoise:18,65.662,69.803,5.095,73.27
3011.541,run:denoise:18,69.44,69.803,5.096,73.27
3012.041,run:denoise:18,69.44,69.803,5.096,73.27
3012.542,run:denoise:18,65.41,69.803,5.094,73.27
3013.043,run:denoise:18,69.44,69.803,5.094,73.27
3013.544,run:denoise:18,66.746,69.803,5.094,73.27
3014.045,run:denoise:18,69.44,69.803,5.095,73.27
3014.546,run:denoise:18,69.44,69.803,5.096,73.27
3015.046,run:denoise:18,65.662,69.803,5.097,73.27
3015.547,run:denoise:18,69.44,69.803,5.096,73.27
3016.048,run:denoise:18,69.44,69.803,5.096,73.27
3016.549,run:denoise:18,65.41,69.803,5.097,73.27
3017.05,run:denoise:18,69.44,69.803,5.096,73.27
3017.55,run:denoise:18,66.746,69.803,5.096,73.27
3018.051,run:denoise:18,69.44,69.803,5.095,73.27
3018.552,run:denoise:18,63.507,69.803,5.097,73.27
3019.053,run:denoise:18,63.507,69.803,5.098,73.27
3019.554,run:denoise:18,63.507,69.803,5.098,73.27
3020.055,run:denoise:18,63.507,69.803,5.098,73.27
3020.555,run:denoise:18,63.507,69.803,5.097,73.27
3021.056,run:denoise:18,63.507,69.803,5.098,73.27
3021.557,run:denoise:18,63.507,69.803,5.097,73.27
3022.058,run:denoise:18,63.507,69.803,5.097,73.27
3022.559,run:denoise:18,63.507,69.803,5.097,73.27
3023.059,run:denoise:18,63.507,69.803,5.098,73.27
3023.56,run:denoise:18,63.507,69.803,5.097,73.27
3024.061,run:denoise:18,65.423,69.831,5.097,73.27
3024.562,run:denoise:18,65.423,69.831,5.098,73.27
3025.063,run:denoise:18,69.831,69.831,5.099,73.27
3025.564,run:denoise:18,65.801,69.831,5.098,73.27
3026.064,run:denoise:18,69.831,69.831,5.099,73.27
3026.565,run:denoise:18,66.179,69.831,5.097,73.27
3027.066,run:denoise:18,65.801,69.831,5.097,73.27
3027.567,run:denoise:18,69.831,69.831,5.098,73.27
3028.067,run:denoise:18,66.571,69.831,5.098,73.27
3028.568,run:denoise:18,69.831,69.831,5.096,73.27
3029.069,run:denoise:18,69.831,69.831,5.097,73.27
3029.57,run:denoise:18,66.053,69.831,5.097,73.27
3030.071,run:denoise:18,69.831,69.831,5.098,73.27
3030.572,run:denoise:18,68.823,69.831,5.099,73.27
3031.072,run:denoise:18,65.801,69.831,5.097,73.27
3031.573,run:denoise:18,69.831,69.831,5.099,73.27
3032.074,run:denoise:18,66.76,69.831,5.098,73.27
3032.575,run:denoise:18,69.831,69.831,5.097,73.27
3033.075,run:denoise:18,69.831,69.831,5.097,73.27
3033.576,run:denoise:18,66.053,69.831,5.097,73.27
3034.078,run:denoise:18,69.831,69.831,5.097,73.27
3034.578,run:denoise:18,64.671,69.831,5.095,73.27
3035.079,run:denoise:18,67.186,69.831,5.096,73.27
3035.58,run:denoise:18,65.423,69.831,5.098,73.27
3036.081,run:denoise:18,65.423,69.831,5.098,73.27
3036.581,run:denoise:18,65.423,69.831,5.097,73.27
3037.082,run:denoise:18,65.423,69.831,5.097,73.27
3037.583,run:denoise:18,65.423,69.831,5.097,73.27
3038.084,run:denoise:18,65.423,69.831,5.097,73.27
3038.584,run:denoise:18,65.423,69.831,5.096,73.27
3039.085,run:denoise:18,65.423,69.831,5.096,73.27
3039.587,run:denoise:18,65.423,69.831,5.096,73.27
3040.087,run:denoise:18,65.423,69.831,5.096,73.27
3040.588,run:denoise:18,65.423,69.831,5.096,73.27
3041.089,run:denoise:18,65.423,69.831,5.097,73.27
3041.589,run:denoise:18,69.831,69.831,5.097,73.27
3042.09,run:denoise:18,69.831,69.831,5.097,73.27
3042.591,run:denoise:18,65.801,69.831,5.096,73.27
3043.091,run:denoise:18,69.831,69.831,5.096,73.27
3043.592,run:denoise:18,66.179,69.831,5.096,73.27
3044.093,run:denoise:18,65.801,69.831,5.096,73.27
3044.595,run:denoise:18,69.831,69.831,5.096,73.27
3045.095,run:denoise:18,66.571,69.831,5.096,73.27
3045.596,run:denoise:18,69.831,69.831,5.097,73.27
3046.097,run:denoise:18,69.831,69.831,5.097,73.27
3046.598,run:denoise:18,66.053,69.831,5.098,73.27
3047.098,run:denoise:18,69.831,69.831,5.099,73.27
3047.599,run:denoise:18,68.823,69.831,5.098,73.27
3048.1,run:denoise:18,65.801,69.831,5.098,73.27
3048.6,run:denoise:18,69.831,69.831,5.099,73.27
3049.101,run:denoise:18,66.759,69.831,5.099,73.27
3049.602,run:denoise:18,69.831,69.831,5.099,73.27
3050.103,run:denoise:18,69.831,69.831,5.1,73.27
3050.604,run:denoise:18,66.053,69.831,5.099,73.27
3051.105,run:denoise:18,64.29,69.831,5.082,73.27
3051.606,run:denoise:18,67.568,69.831,5.082,73.27
3052.106,run:denoise:18,65.423,69.831,5.083,73.27
3052.607,run:denoise:18,65.423,69.831,5.081,73.27
3053.108,run:denoise:18,65.423,69.831,5.082,73.27
3053.609,run:denoise:18,65.423,69.831,5.079,73.27
3054.109,run:denoise:18,65.423,69.831,5.08,73.27
3054.61,run:denoise:18,65.423,69.831,5.079,73.27
3055.112,run:denoise:18,65.423,69.831,5.079,73.27
3055.612,run:denoise:18,65.423,69.831,5.081,73.27
3056.113,run:denoise:18,65.423,69.831,5.08,73.27
3056.614,run:denoise:18,65.423,69.831,5.08,73.27
3057.114,run:denoise:18,65.423,69.831,5.08,73.27
3057.615,run:denoise:18,65.423,69.831,5.08,73.27
3058.116,run:denoise:18,67.326,69.831,5.081,73.27
3058.617,run:denoise:18,65.423,69.831,5.08,73.27
3059.117,run:denoise:18,67.137,69.831,5.08,73.27
3059.618,run:denoise:18,69.831,69.831,5.08,73.27
3060.12,run:denoise:18,69.831,69.831,5.08,73.27
3060.62,run:denoise:18,68.081,69.831,5.079,73.27
3061.121,run:denoise:18,69.831,69.831,5.079,73.27
3061.622,run:denoise:18,69.831,69.831,5.079,73.27
3062.122,run:denoise:18,65.801,69.831,5.079,73.27
3062.623,run:denoise:18,69.831,69.831,5.079,73.27
3063.124,run:denoise:18,67.568,69.831,5.08,73.27
3063.625,run:denoise:18,65.801,69.831,5.08,73.27
3064.125,run:denoise:18,69.831,69.831,5.081,73.27
3064.626,run:denoise:18,66.571,69.831,5.08,73.27
3065.128,run:denoise:18,69.831,69.831,5.08,73.27
3065.628,run:denoise:18,69.831,69.831,5.08,73.27
3066.129,run:denoise:18,65.801,69.831,5.08,73.27
3066.63,run:denoise:18,69.831,69.831,5.078,73.27
3067.131,run:denoise:18,66.179,69.831,5.079,73.27
3067.631,run:denoise:18,65.801,69.831,5.079,73.27
3068.132,run:denoise:18,69.831,69.831,5.079,73.27
3068.633,run:denoise:18,63.561,69.831,5.079,73.27
3069.133,run:denoise:18,64.667,69.831,5.079,73.27
3069.634,run:denoise:18,65.423,69.831,5.078,73.27
3070.135,run:denoise:18,65.423,69.831,5.079,73.27
3070.636,run:denoise:18,65.423,69.831,5.078,73.27
3071.137,run:denoise:18,65.423,69.831,5.079,73.27
3071.638,run:denoise:18,65.423,69.831,5.079,73.27
3072.139,run:denoise:18,65.423,69.831,5.079,73.27
3072.639,run:denoise:18,65.423,69.831,5.078,73.27
3073.14,run:denoise:18,65.423,69.831,5.078,73.27
3073.641,run:denoise:18,65.423,69.831,5.078,73.27
3074.142,run:denoise:18,65.423,69.831,5.078,73.27
3074.642,run:denoise:18,65.423,69.831,5.078,73.27
3075.143,run:denoise:18,65.423,69.831,5.078,73.27
3075.645,run:denoise:18,65.423,69.831,5.079,73.27
3076.145,run:denoise:18,65.423,69.831,5.078,73.27
3076.646,run:denoise:18,65.423,69.831,5.078,73.27
3077.147,run:denoise:18,65.423,69.831,5.078,73.27
3077.648,run:denoise:18,65.423,69.831,5.079,73.27
3078.148,run:denoise:18,69.831,69.831,5.08,73.27
3078.649,run:denoise:18,66.053,69.831,5.078,73.27
3079.15,run:denoise:18,69.831,69.831,5.078,73.27
3079.65,run:denoise:18,69.831,69.831,5.078,73.27
3080.151,run:denoise:18,65.801,69.831,5.079,73.27
3080.652,run:denoise:18,69.831,69.831,5.079,73.27
3081.153,run:denoise:18,67.138,69.831,5.08,73.27
3081.653,run:denoise:18,69.831,69.831,5.08,73.27
3082.154,run:denoise:18,69.831,69.831,5.08,73.27
3082.655,run:denoise:18,66.053,69.831,5.08,73.27
3083.156,run:denoise:18,69.831,69.831,5.08,73.27
3083.656,run:denoise:18,69.831,69.831,5.081,73.27
3084.157,run:denoise:18,65.801,69.831,5.078,73.27
3084.658,run:denoise:18,69.831,69.831,5.079,73.27
3085.159,run:denoise:18,67.138,69.831,5.079,73.27
3085.659,run:denoise:18,69.831,69.831,5.079,73.27
3086.161,run:denoise:18,69.831,69.831,5.08,73.27
3086.661,run:denoise:18,66.053,69.831,5.082,73.27
3087.162,run:denoise:18,69.831,69.831,5.082,73.27
3087.663,run:denoise:18,64.667,69.831,5.081,73.27
3088.164,run:denoise:18,67.186,69.831,5.081,73.27
3088.664,run:denoise:18,65.423,69.831,5.08,73.27
3089.165,run:denoise:18,65.423,69.831,5.08,73.27
3089.666,run:denoise:18,65.423,69.831,5.08,73.27
3090.167,run:denoise:18,65.423,69.831,5.081,73.27
3090.667,run:denoise:18,65.423,69.831,5.08,73.27
3091.169,run:denoise:18,65.423,69.831,5.08,73.27
3091.67,run:denoise:18,65.423,69.831,5.08,73.27
3092.17,run:denoise:18,65.423,69.831,5.081,73.27
3092.671,run:denoise:18,65.423,69.831,5.08,73.27
3093.172,run:denoise:18,65.423,69.831,5.08,73.27
3093.673,run:denoise:18,65.423,69.831,5.08,73.27
3094.173,run:denoise:18,65.423,69.831,5.081,73.27
3094.674,run:denoise:18,65.423,69.831,5.079,73.27
3095.175,run:denoise:18,65.423,69.831,5.079,73.27
3095.676,run:denoise:18,65.423,69.831,5.079,73.27
3096.176,run:denoise:18,69.831,69.831,5.079,73.27
3096.677,run:denoise:18,68.081,69.831,5.078,73.27
3097.178,run:denoise:18,69.831,69.831,5.078,73.27
3097.679,run:denoise:18,69.831,69.831,5.078,73.27
3098.179,run:denoise:18,65.801,69.831,5.079,73.27
3098.68,run:denoise:18,69.831,69.831,5.079,73.27
3099.181,run:denoise:18,68.072,69.831,5.079,73.27
3099.682,run:denoise:18,65.801,69.831,5.08,73.27
3100.184,run:denoise:18,69.831,69.831,5.08,73.27
3100.685,run:denoise:18,66.571,69.831,5.078,73.27
3101.186,run:denoise:18,69.831,69.831,5.078,73.27
3101.687,run:denoise:18,69.831,69.831,5.078,73.27
3102.188,run:denoise:18,66.053,69.831,5.078,73.27
3102.689,run:denoise:18,69.831,69.831,5.077,73.27
3103.189,run:denoise:18,68.823,69.831,5.079,73.27
3103.69,run:denoise:18,65.801,69.831,5.079,73.27
3104.191,run:denoise:18,69.831,69.831,5.08,73.27
3104.692,run:denoise:18,66.759,69.831,5.08,73.27
3105.192,run:denoise:18,69.831,69.831,5.08,73.27
3105.693,run:denoise:18,64.667,69.831,5.079,73.27
3106.194,run:denoise:18,66.934,69.831,5.079,73.27
3106.696,run:denoise:18,65.423,69.831,5.082,73.27
3107.196,run:denoise:18,65.423,69.831,5.083,73.27
3107.697,run:denoise:18,65.423,69.831,5.083,73.27
3108.198,run:denoise:18,65.423,69.831,5.083,73.27
3108.698,run:denoise:18,65.423,69.831,5.083,73.27
3109.199,run:denoise:18,65.423,69.831,5.083,73.27
3109.7,run:denoise:18,65.423,69.831,5.083,73.27
3110.201,run:denoise:18,65.423,69.831,5.083,73.27
3110.701,run:denoise:18,65.423,69.831,5.083,73.27
3111.202,run:denoise:18,65.423,69.831,5.083,73.27
3111.703,run:denoise:18,65.423,69.831,5.083,73.27
3112.204,run:denoise:18,65.423,69.831,5.084,73.27
3112.705,run:denoise:18,65.423,69.831,5.083,73.27
3113.206,run:denoise:18,69.831,69.831,5.082,73.27
3113.706,run:denoise:18,67.069,69.831,5.082,73.27
3114.207,run:denoise:18,69.831,69.831,5.082,73.27
3114.708,run:denoise:18,69.831,69.831,5.08,73.27
3115.209,run:denoise:18,65.801,69.831,5.081,73.27
3115.709,run:denoise:18,69.831,69.831,5.081,73.27
3116.21,run:denoise:18,68.072,69.831,5.081,73.27
3116.711,run:denoise:18,65.801,69.831,5.082,73.27
3117.212,run:denoise:18,69.831,69.831,5.082,73.27
3117.713,run:denoise:18,66.571,69.831,5.081,73.27
3118.214,run:denoise:18,69.831,69.831,5.081,73.27
3118.715,run:denoise:18,69.831,69.831,5.082,73.27
3119.215,run:denoise:18,65.549,69.831,5.081,73.27
3119.716,run:denoise:18,69.831,69.831,5.081,73.27
3120.217,run:denoise:18,66.934,69.831,5.081,73.27
3120.717,run:denoise:18,65.801,69.831,5.081,73.27
3121.218,run:denoise:18,69.831,69.831,5.081,73.27
3121.719,run:denoise:18,66.759,69.831,5.081,73.27
3122.22,run:denoise:18,69.831,69.831,5.079,73.27
3122.721,run:denoise:18,64.667,69.831,5.078,73.27
3123.222,run:denoise:18,65.423,69.831,5.078,73.27
3123.722,run:denoise:18,65.423,69.831,5.079,73.27
3124.223,run:denoise:18,65.423,69.831,5.079,73.27
3124.724,run:denoise:18,65.423,69.831,5.08,73.27
3125.225,run:denoise:18,65.423,69.831,5.081,73.27
3125.725,run:denoise:18,65.423,69.831,5.081,73.27
3126.226,run:denoise:18,65.423,69.831,5.081,73.27
3126.727,run:denoise:18,65.423,69.831,5.083,73.27
3127.228,run:denoise:18,65.423,69.831,5.083,73.27
3127.729,run:denoise:18,65.423,69.831,5.084,73.27
3128.23,run:denoise:18,65.423,69.831,5.083,73.27
3128.731,run:denoise:18,65.423,69.831,5.083,73.27
3129.231,run:denoise:18,69.831,69.831,5.085,73.27
3129.732,run:denoise:18,65.801,69.831,5.082,73.27
3130.233,run:denoise:18,69.831,69.831,5.082,73.27
3130.733,run:denoise:18,67.137,69.831,5.081,73.27
3131.234,run:denoise:18,69.831,69.831,5.081,73.27
3131.735,run:denoise:18,69.831,69.831,5.081,73.27
3132.236,run:denoise:18,67.137,69.831,5.081,73.27
3132.737,run:denoise:18,69.831,69.831,5.08,73.27
3133.238,run:denoise:18,69.831,69.831,5.084,73.27
3133.739,run:denoise:18,65.801,69.831,5.085,73.27
3134.239,run:denoise:18,69.831,69.831,5.081,73.27
3134.74,run:denoise:18,67.568,69.831,5.08,73.27
3135.241,run:denoise:18,65.801,69.831,5.081,73.27
3135.742,run:denoise:18,69.831,69.831,5.08,73.27
3136.242,run:denoise:18,66.571,69.831,5.08,73.27
3136.743,run:denoise:18,69.831,69.831,5.081,73.27
3137.244,run:denoise:18,69.831,69.831,5.083,73.27
3137.745,run:denoise:18,65.801,69.831,5.083,73.27
3138.246,run:denoise:18,69.831,69.831,5.083,73.27
3138.747,run:denoise:18,63.535,69.831,5.082,73.27
3139.247,run:denoise:18,64.667,69.831,5.082,73.27
3139.748,run:denoise:18,65.423,69.831,5.082,73.27
3140.249,run:denoise:18,65.423,69.831,5.082,73.27
3140.75,run:denoise:18,65.423,69.831,5.082,73.27
3141.25,run:denoise:18,65.423,69.831,5.082,73.27
3141.751,run:denoise:18,65.423,69.831,5.082,73.27
3142.252,run:denoise:18,65.423,69.831,5.082,73.27
3142.753,run:denoise:18,65.423,69.831,5.08,73.27
3143.254,run:denoise:18,65.423,69.831,5.082,73.27
3143.755,run:denoise:18,65.423,69.831,5.081,73.27
3144.255,run:denoise:18,65.423,69.831,5.081,73.27
3144.756,run:denoise:18,65.423,69.831,5.081,73.27
3145.257,run:denoise:18,69.831,69.831,5.082,73.27
3145.758,run:denoise:18,65.801,69.831,5.082,73.27
3146.258,run:denoise:18,69.831,69.831,5.082,73.27
3146.759,run:denoise:18,67.137,69.831,5.083,73.27
3147.26,run:denoise:18,69.831,69.831,5.081,73.27
3147.761,run:denoise:18,69.831,69.831,5.081,73.27
3148.262,run:denoise:18,66.053,69.831,5.081,73.27
3148.763,run:denoise:18,69.831,69.831,5.081,73.27
3149.264,run:denoise:18,69.831,69.831,5.081,73.27
3149.764,run:denoise:18,65.801,69.831,5.081,73.27
3150.265,run:denoise:18,69.831,69.831,5.081,73.27
3150.766,run:denoise:18,67.564,69.831,5.08,73.27
3151.267,run:denoise:18,65.423,69.831,5.081,73.27
3151.767,run:denoise:18,69.831,69.831,5.081,73.27
3152.268,run:denoise:18,66.571,69.831,5.081,73.27
3152.769,run:denoise:18,69.831,69.831,5.081,73.27
3153.27,run:denoise:18,69.831,69.831,5.08,73.27
3153.77,run:denoise:18,65.801,69.831,5.08,73.27
3154.271,run:denoise:18,69.831,69.831,5.08,73.27
3154.772,init,63.507,69.831,5.08,73.27
3155.273,init,63.507,69.831,5.081,73.27
3155.773,init,63.507,69.831,5.082,73.27
3156.274,init,63.507,69.831,5.083,73.27
3156.775,init,63.507,69.831,5.085,73.27
3157.276,init,63.507,69.831,5.086,73.27
3157.776,init,63.507,69.831,5.086,73.27
3158.278,init,63.507,69.831,5.086,73.27
3158.779,init,63.507,69.831,5.085,73.27
3159.279,init,63.507,69.831,5.085,73.27
3159.78,init,63.507,69.831,5.085,73.27
3160.281,run:denoise:19,68.461,69.831,5.112,73.287
3160.782,run:denoise:19,69.469,69.831,5.113,73.287
3161.282,run:denoise:19,65.691,69.831,5.113,73.287
3161.783,run:denoise:19,69.469,69.831,5.113,73.287
3162.284,run:denoise:19,69.469,69.831,5.112,73.287
3162.785,run:denoise:19,65.438,69.831,5.111,73.287
3163.286,run:denoise:19,69.469,69.831,5.111,73.287
3163.786,run:denoise:19,66.775,69.831,5.111,73.287
3164.287,run:denoise:19,69.469,69.831,5.111,73.287
3164.788,run:denoise:19,69.469,69.831,5.11,73.287
3165.289,run:denoise:19,65.691,69.831,5.11,73.287
3165.789,run:denoise:19,69.469,69.831,5.11,73.287
3166.29,run:denoise:19,69.469,69.831,5.111,73.287
3166.791,run:denoise:19,65.438,69.831,5.112,73.287
3167.292,run:denoise:19,69.469,69.831,5.112,73.287
3167.792,run:denoise:19,66.775,69.831,5.112,73.287
3168.294,run:denoise:19,69.469,69.831,5.111,73.287
3168.795,run:denoise:19,69.469,69.831,5.11,73.287
3169.296,run:denoise:19,65.691,69.831,5.11,73.287
3169.796,run:denoise:19,69.469,69.831,5.112,73.287
3170.297,run:denoise:19,63.536,69.831,5.111,73.287
3170.798,run:denoise:19,63.536,69.831,5.111,73.287
3171.299,run:denoise:19,63.536,69.831,5.109,73.287
3171.799,run:denoise:19,63.536,69.831,5.107,73.287
3172.3,run:denoise:19,63.536,69.831,5.106,73.287
3172.801,run:denoise:19,63.536,69.831,5.106,73.287
3173.302,run:denoise:19,63.536,69.831,5.106,73.287
3173.803,run:denoise:19,63.536,69.831,5.107,73.287
3174.304,run:denoise:19,63.536,69.831,5.107,73.287
3174.804,run:denoise:19,63.536,69.831,5.106,73.287
3175.305,run:denoise:19,63.536,69.831,5.106,73.287
3175.806,run:denoise:19,65.452,69.86,5.107,73.287
3176.307,run:denoise:19,65.452,69.86,5.107,73.287
3176.808,run:denoise:19,67.166,69.86,5.108,73.287
3177.308,run:denoise:19,69.86,69.86,5.108,73.287
3177.809,run:denoise:19,69.86,69.86,5.108,73.287
3178.31,run:denoise:19,66.082,69.86,5.108,73.287
3178.811,run:denoise:19,69.86,69.86,5.108,73.287
3179.311,run:denoise:19,69.86,69.86,5.107,73.287
3179.812,run:denoise:19,65.83,69.86,5.107,73.287
3180.313,run:denoise:19,69.86,69.86,5.107,73.287
3180.813,run:denoise:19,67.354,69.86,5.107,73.287
3181.314,run:denoise:19,69.86,69.86,5.107,73.287
3181.815,run:denoise:19,69.86,69.86,5.107,73.287
3182.316,run:denoise:19,67.859,69.86,5.107,73.287
3182.816,run:denoise:19,69.86,69.86,5.107,73.287
3183.317,run:denoise:19,69.86,69.86,5.107,73.287
3183.818,run:denoise:19,65.83,69.86,5.108,73.287
3184.319,run:denoise:19,69.86,69.86,5.108,73.287
3184.82,run:denoise:19,67.593,69.86,5.108,73.287
3185.321,run:denoise:19,64.696,69.86,5.107,73.287
3185.822,run:denoise:19,69.86,69.86,5.107,73.287
3186.322,run:denoise:19,63.59,69.86,5.107,73.287
3186.823,run:denoise:19,64.696,69.86,5.106,73.287
3187.324,run:denoise:19,65.452,69.86,5.106,73.287
3187.824,run:denoise:19,65.452,69.86,5.107,73.287
3188.325,run:denoise:19,65.452,69.86,5.107,73.287
3188.827,run:denoise:19,65.452,69.86,5.105,73.287
3189.327,run:denoise:19,65.452,69.86,5.104,73.287
3189.828,run:denoise:19,65.452,69.86,5.105,73.287
3190.329,run:denoise:19,65.452,69.86,5.105,73.287
3190.83,run:denoise:19,65.452,69.86,5.106,73.287
3191.33,run:denoise:19,65.452,69.86,5.105,73.287
3191.831,run:denoise:19,65.452,69.86,5.105,73.287
3192.332,run:denoise:19,65.452,69.86,5.105,73.287
3192.833,run:denoise:19,65.452,69.86,5.105,73.287
3193.333,run:denoise:19,65.452,69.86,5.106,73.287
3193.834,run:denoise:19,67.166,69.86,5.107,73.287
3194.336,run:denoise:19,69.86,69.86,5.106,73.287
3194.836,run:denoise:19,69.86,69.86,5.109,73.287
3195.337,run:denoise:19,66.082,69.86,5.106,73.287
3195.838,run:denoise:19,69.86,69.86,5.108,73.287
3196.338,run:denoise:19,69.86,69.86,5.108,73.287
3196.839,run:denoise:19,65.83,69.86,5.108,73.287
3197.34,run:denoise:19,69.86,69.86,5.107,73.287
3197.841,run:denoise:19,67.354,69.86,5.107,73.287
3198.341,run:denoise:19,69.86,69.86,5.108,73.287
3198.842,run:denoise:19,69.86,69.86,5.108,73.287
3199.344,run:denoise:19,67.166,69.86,5.108,73.287
3199.844,run:denoise:19,69.86,69.86,5.106,73.287
3200.345,run:denoise:19,69.86,69.86,5.106,73.287
3200.846,run:denoise:19,65.83,69.86,5.105,73.287
3201.347,run:denoise:19,69.86,69.86,5.105,73.287
3201.847,run:denoise:19,66.712,69.86,5.105,73.287
3202.348,run:denoise:19,66.585,69.86,5.104,73.287
3202.849,run:denoise:19,69.86,69.86,5.105,73.287
3203.35,run:denoise:19,64.318,69.86,5.104,73.287
3203.85,run:denoise:19,66.208,69.86,5.105,73.287
3204.351,run:denoise:19,65.452,69.86,5.107,73.287
3204.853,run:denoise:19,65.452,69.86,5.106,73.287
3205.353,run:denoise:19,65.452,69.86,5.106,73.287
3205.854,run:denoise:19,65.452,69.86,5.107,73.287
3206.355,run:denoise:19,65.452,69.86,5.108,73.287
3206.856,run:denoise:19,65.452,69.86,5.107,73.287
3207.356,run:denoise:19,65.452,69.86,5.108,73.287
3207.857,run:denoise:19,65.452,69.86,5.108,73.287
3208.358,run:denoise:19,65.452,69.86,5.107,73.287
3208.859,run:denoise:19,65.452,69.86,5.106,73.287
3209.359,run:denoise:19,65.452,69.86,5.105,73.287
3209.861,run:denoise:19,65.452,69.86,5.105,73.287
3210.362,run:denoise:19,65.452,69.86,5.104,73.287
3210.862,run:denoise:19,65.452,69.86,5.105,73.287
3211.363,run:denoise:19,69.86,69.86,5.104,73.287
3211.864,run:denoise:19,66.585,69.86,5.104,73.287
3212.364,run:denoise:19,65.83,69.86,5.104,73.287
3212.865,run:denoise:19,69.86,69.86,5.104,73.287
3213.366,run:denoise:19,66.788,69.86,5.104,73.287
3213.867,run:denoise:19,69.86,69.86,5.104,73.287
3214.367,run:denoise:19,69.86,69.86,5.105,73.287
3214.869,run:denoise:19,66.082,69.86,5.104,73.287
3215.37,run:denoise:19,69.86,69.86,5.106,73.287
3215.914,run:denoise:19,69.86,69.86,5.122,73.287
3216.414,run:denoise:19,66.082,69.86,5.112,73.287
3216.915,run:denoise:19,69.86,69.86,5.112,73.287
3217.416,run:denoise:19,69.86,69.86,5.112,73.287
3217.917,run:denoise:19,65.83,69.86,5.112,73.287
3218.417,run:denoise:19,69.86,69.86,5.113,73.287
3218.918,run:denoise:19,67.166,69.86,5.114,73.287
3219.419,run:denoise:19,69.86,69.86,5.114,73.287
3219.92,run:denoise:19,69.86,69.86,5.114,73.287
3220.421,run:denoise:19,66.082,69.86,5.114,73.287
3220.922,run:denoise:19,64.319,69.86,5.113,73.287
3221.422,run:denoise:19,66.208,69.86,5.113,73.287
3221.923,run:denoise:19,65.452,69.86,5.113,73.287
3222.424,run:denoise:19,65.452,69.86,5.112,73.287
3222.925,run:denoise:19,65.452,69.86,5.111,73.287
3223.425,run:denoise:19,65.452,69.86,5.111,73.287
3223.926,run:denoise:19,65.452,69.86,5.111,73.287
3224.427,run:denoise:19,65.452,69.86,5.112,73.287
3224.928,run:denoise:19,65.452,69.86,5.111,73.287
3225.429,run:denoise:19,65.452,69.86,5.111,73.287
3225.93,run:denoise:19,65.452,69.86,5.11,73.287
3226.431,run:denoise:19,65.452,69.86,5.112,73.287
3226.931,run:denoise:19,65.452,69.86,5.11,73.287
3227.432,run:denoise:19,65.452,69.86,5.11,73.287
3227.933,run:denoise:19,65.452,69.86,5.111,73.287
3228.434,run:denoise:19,65.452,69.86,5.118,73.287
3228.934,run:denoise:19,65.452,69.86,5.112,73.287
3229.435,run:denoise:19,65.452,69.86,5.11,73.287
3229.936,run:denoise:19,69.86,69.86,5.11,73.287
3230.437,run:denoise:19,65.83,69.86,5.113,73.287
3230.938,run:denoise:19,69.86,69.86,5.109,73.287
3231.439,run:denoise:19,67.355,69.86,5.109,73.287
3231.94,run:denoise:19,69.86,69.86,5.11,73.287
3232.44,run:denoise:19,69.86,69.86,5.114,73.287
3232.941,run:denoise:19,66.599,69.86,5.109,73.287
3233.442,run:denoise:19,69.86,69.86,5.109,73.287
3233.943,run:denoise:19,69.86,69.86,5.108,73.287
3234.443,run:denoise:19,65.83,69.86,5.115,73.287
3234.944,run:denoise:19,69.86,69.86,5.109,73.287
3235.445,run:denoise:19,68.101,69.86,5.109,73.287
3235.946,run:denoise:19,65.83,69.86,5.11,73.287
3236.447,run:denoise:19,69.86,69.86,5.111,73.287
3236.948,run:denoise:19,66.599,69.86,5.112,73.287
3237.449,run:denoise:19,69.86,69.86,5.111,73.287
3237.949,run:denoise:19,69.86,69.86,5.111,73.287
3238.45,run:denoise:19,65.83,69.86,5.113,73.287
3238.951,run:denoise:19,69.86,69.86,5.112,73.287
3239.451,run:denoise:19,63.57,69.86,5.112,73.287
3239.952,run:denoise:19,64.696,69.86,5.113,73.287
3240.453,run:denoise:19,65.452,69.86,5.113,73.287
3240.954,run:denoise:19,65.452,69.86,5.112,73.287
3241.455,run:denoise:19,65.452,69.86,5.112,73.287
3241.956,run:denoise:19,65.452,69.86,5.112,73.287
3242.457,run:denoise:19,65.452,69.86,5.112,73.287
3242.957,run:denoise:19,65.452,69.86,5.113,73.287
3243.458,run:denoise:19,65.452,69.86,5.113,73.287
3243.959,run:denoise:19,65.452,69.86,5.113,73.287
3244.46,run:denoise:19,65.452,69.86,5.113,73.287
3244.96,run:denoise:19,65.452,69.86,5.114,73.287
3245.461,run:denoise:19,65.452,69.86,5.112,73.287
3245.962,run:denoise:19,65.452,69.86,5.113,73.287
3246.462,run:denoise:19,65.452,69.86,5.112,73.287
3246.963,run:denoise:19,65.452,69.86,5.113,73.287
3247.464,run:denoise:19,65.452,69.86,5.112,73.287
3247.965,run:denoise:19,69.86,69.86,5.112,73.287
3248.466,run:denoise:19,65.83,69.86,5.111,73.287
3248.966,run:denoise:19,69.86,69.86,5.111,73.287
3249.467,run:denoise:19,66.963,69.86,5.112,73.287
3249.968,run:denoise:19,65.83,69.86,5.112,73.287
3250.468,run:denoise:19,69.86,69.86,5.11,73.287
3250.969,run:denoise:19,66.788,69.86,5.11,73.287
3251.471,run:denoise:19,69.86,69.86,5.111,73.287
3251.971,run:denoise:19,69.86,69.86,5.112,73.287
3252.472,run:denoise:19,66.082,69.86,5.111,73.287
3252.973,run:denoise:19,69.86,69.86,5.111,73.287
3253.474,run:denoise:19,69.86,69.86,5.111,73.287
3253.974,run:denoise:19,65.83,69.86,5.111,73.287
3254.475,run:denoise:19,69.86,69.86,5.11,73.287
3254.976,run:denoise:19,67.166,69.86,5.111,73.287
3255.476,run:denoise:19,69.86,69.86,5.111,73.287
3255.977,run:denoise:19,69.86,69.86,5.111,73.287
3256.479,run:denoise:19,66.082,69.86,5.111,73.287
3256.979,run:denoise:19,69.86,69.86,5.11,73.287
3257.48,run:denoise:19,64.319,69.86,5.111,73.287
3257.981,run:denoise:19,64.696,69.86,5.111,73.287
3258.482,run:denoise:19,65.452,69.86,5.111,73.287
3258.982,run:denoise:19,65.452,69.86,5.112,73.287
3259.483,run:denoise:19,65.452,69.86,5.112,73.287
3259.984,run:denoise:19,65.452,69.86,5.112,73.287
3260.485,run:denoise:19,65.452,69.86,5.111,73.287
3260.985,run:denoise:19,65.452,69.86,5.111,73.287
3261.486,run:denoise:19,65.452,69.86,5.111,73.287
3261.987,run:denoise:19,65.452,69.86,5.112,73.287
3262.488,run:denoise:19,65.452,69.86,5.109,73.287
3262.989,run:denoise:19,65.452,69.86,5.112,73.287
3263.49,run:denoise:19,65.452,69.86,5.111,73.287
3263.99,run:denoise:19,65.452,69.86,5.112,73.287
3264.491,run:denoise:19,65.452,69.86,5.112,73.287
3264.992,run:denoise:19,69.86,69.86,5.113,73.287
3265.493,run:denoise:19,65.83,69.86,5.113,73.287
3265.993,run:denoise:19,69.86,69.86,5.113,73.287
3266.494,run:denoise:19,68.101,69.86,5.112,73.287
3266.996,run:denoise:19,65.83,69.86,5.113,73.287
3267.497,run:denoise:19,69.86,69.86,5.112,73.287
3267.997,run:denoise:19,66.599,69.86,5.112,73.287
3268.498,run:denoise:19,69.86,69.86,5.112,73.287
3268.999,run:denoise:19,69.86,69.86,5.113,73.287
3269.499,run:denoise:19,66.082,69.86,5.112,73.287
3270.0,run:denoise:19,69.86,69.86,5.113,73.287
3270.501,run:denoise:19,67.844,69.86,5.111,73.287
3271.002,run:denoise:19,65.83,69.86,5.111,73.287
3271.503,run:denoise:19,69.86,69.86,5.111,73.287
3272.004,run:denoise:19,66.788,69.86,5.111,73.287
3272.505,run:denoise:19,69.86,69.86,5.112,73.287
3273.005,run:denoise:19,69.86,69.86,5.113,73.287
3273.506,run:denoise:19,66.082,69.86,5.112,73.287
3274.007,run:denoise:19,69.86,69.86,5.112,73.287
3274.508,run:denoise:19,64.319,69.86,5.111,73.287
3275.008,run:denoise:19,64.696,69.86,5.112,73.287
3275.509,run:denoise:19,65.452,69.86,5.112,73.287
3276.01,run:denoise:19,65.452,69.86,5.112,73.287
3276.511,run:denoise:19,65.452,69.86,5.11,73.287
3277.011,run:denoise:19,65.452,69.86,5.112,73.287
3277.513,run:denoise:19,65.452,69.86,5.11,73.287
3278.014,run:denoise:19,65.452,69.86,5.11,73.287
3278.514,run:denoise:19,65.452,69.86,5.111,73.287
3279.015,run:denoise:19,65.452,69.86,5.109,73.287
3279.516,run:denoise:19,65.452,69.86,5.11,73.287
3280.017,run:denoise:19,65.452,69.86,5.11,73.287
3280.517,run:denoise:19,65.452,69.86,5.109,73.287
3281.018,run:denoise:19,65.452,69.86,5.11,73.287
3281.519,run:denoise:19,69.86,69.86,5.112,73.287
3282.02,run:denoise:19,69.86,69.86,5.113,73.287
3282.521,run:denoise:19,66.082,69.86,5.112,73.287
3283.022,run:denoise:19,69.86,69.86,5.112,73.287
3283.522,run:denoise:19,69.86,69.86,5.11,73.287
3284.023,run:denoise:19,65.83,69.86,5.11,73.287
3284.524,run:denoise:19,69.86,69.86,5.111,73.287
3285.025,run:denoise:19,67.355,69.86,5.112,73.287
3285.525,run:denoise:19,69.86,69.86,5.112,73.287
3286.026,run:denoise:19,69.86,69.86,5.111,73.287
3286.527,run:denoise:19,68.11,69.86,5.114,73.287
3287.028,run:denoise:19,69.86,69.86,5.113,73.287
3287.529,run:denoise:19,69.86,69.86,5.112,73.287
3288.03,run:denoise:19,65.83,69.86,5.112,73.287
3288.531,run:denoise:19,69.86,69.86,5.111,73.287
3289.031,run:denoise:19,67.596,69.86,5.111,73.287
3289.532,run:denoise:19,65.83,69.86,5.112,73.287
3290.033,run:denoise:19,69.86,69.86,5.112,73.287
3290.534,run:denoise:19,66.599,69.86,5.111,73.287
3291.034,run:denoise:19,64.319,69.86,5.111,73.287
3291.535,run:denoise:19,66.208,69.86,5.112,73.287
3292.036,run:denoise:19,65.452,69.86,5.112,73.287
3292.536,run:denoise:19,65.452,69.86,5.11,73.287
3293.038,run:denoise:19,65.452,69.86,5.11,73.287
3293.539,run:denoise:19,65.452,69.86,5.109,73.287
3294.04,run:denoise:19,65.452,69.86,5.109,73.287
3294.54,run:denoise:19,65.452,69.86,5.109,73.287
3295.041,run:denoise:19,65.452,69.86,5.109,73.287
3295.542,run:denoise:19,65.452,69.86,5.111,73.287
3296.043,run:denoise:19,65.452,69.86,5.111,73.287
3296.543,run:denoise:19,65.452,69.86,5.11,73.287
3297.044,load:decode,0.583,69.86,5.121,34.442
3297.545,load:decode,0.864,69.86,5.123,34.451
3298.046,load:decode,2.612,69.86,5.127,34.453
3298.673,load:decode,5.864,69.86,5.125,34.453
3299.174,load:decode,9.116,69.86,5.132,34.453
3299.675,run:decode:0,10.878,69.86,5.194,34.461
3300.175,run:decode:0,15.558,69.86,5.275,34.463
3300.676,run:decode:0,15.602,69.86,5.272,34.463
3301.177,run:decode:0,15.63,69.86,5.272,34.463
3301.677,run:decode:0,15.674,69.86,5.274,34.463
3302.178,run:decode:0,15.67,69.86,5.274,34.463
3302.679,run:decode:0,15.741,69.86,5.272,34.463
3303.18,run:decode:0,15.803,69.86,5.273,34.463
3303.681,run:decode:0,15.846,69.86,5.274,34.463
3304.182,run:decode:0,15.922,69.86,5.273,34.463
3304.683,run:decode:0,15.972,69.86,5.273,34.463
3305.183,run:decode:0,16.026,69.86,5.274,34.463
3305.684,run:decode:0,16.074,69.86,5.274,34.463
3306.185,run:decode:0,15.993,69.86,5.275,34.463
3306.686,run:decode:0,16.032,69.86,5.275,34.463
3307.186,run:decode:0,16.121,69.86,5.275,34.463
3307.687,run:decode:0,16.192,69.86,5.275,34.463
3308.188,run:decode:0,16.237,69.86,5.275,34.463
3308.689,run:decode:0,16.134,69.86,5.275,34.463
3309.189,run:decode:0,16.168,69.86,5.275,34.463
3309.69,run:decode:0,16.253,69.86,5.276,34.463
3310.191,run:decode:0,16.322,69.86,5.276,34.463
3310.692,run:decode:0,16.222,69.86,5.277,34.463
3311.192,run:decode:0,16.26,69.86,5.277,34.463
3311.693,run:decode:0,16.37,69.86,5.277,34.463
3312.194,run:decode:0,16.434,69.86,5.277,34.463
3312.695,run:decode:0,16.314,69.86,5.276,34.463
3313.195,run:decode:0,16.34,69.86,5.276,34.463
3313.696,run:decode:0,16.445,69.86,5.276,34.463
3314.197,run:decode:0,16.48,69.86,5.276,34.463
3314.698,run:decode:0,12.308,69.86,5.34,34.463
3315.198,run:decode:0,12.308,69.86,6.296,34.463
3315.699,run:decode:0,12.308,69.86,6.978,34.463
3316.2,run:decode:0,12.308,69.86,7.695,34.463
3316.701,run:decode:0,12.308,69.86,8.31,34.463
3317.201,run:decode:0,12.308,69.86,9.017,34.463
3317.702,run:decode:0,12.308,69.86,8.279,34.463
3318.203,run:decode:0,12.308,69.86,7.228,34.463
3318.704,run:decode:0,12.308,69.86,7.445,34.463
3319.204,run:decode:0,11.151,69.86,5.823,34.477
3319.705,encode_mp4:0,11.109,69.86,6.221,34.477
3320.206,encode_mp4:0,11.109,69.86,6.36,34.477
3320.709,encode_mp4:0,11.109,69.86,6.651,34.477
3321.21,encode_mp4:0,11.109,69.86,6.712,34.477
3321.712,encode_mp4:0,11.109,69.86,6.717,34.477
3322.213,encode_mp4:0,11.109,69.86,6.601,34.477
3322.714,encode_mp4:0,11.109,69.86,6.734,34.477
3323.215,encode_mp4:0,11.109,69.86,6.755,34.477
3323.716,run:decode:1,15.697,69.86,5.868,34.475
3324.217,run:decode:1,15.752,69.86,5.868,34.475
3324.718,run:decode:1,15.87,69.86,5.868,34.475
3325.219,run:decode:1,15.896,69.86,5.868,34.475
3325.72,run:decode:1,15.886,69.86,5.869,34.475
3326.22,run:decode:1,15.935,69.86,5.87,34.475
3326.721,run:decode:1,16.0,69.86,5.868,34.475
3327.222,run:decode:1,16.037,69.86,5.868,34.475
3327.722,run:decode:1,16.113,69.86,5.868,34.475
3328.223,run:decode:1,16.111,69.86,5.869,34.475
3328.724,run:decode:1,16.248,69.86,5.869,34.475
3329.225,run:decode:1,16.332,69.86,5.869,34.475
3329.726,run:decode:1,16.336,69.86,5.869,34.475
3330.227,run:decode:1,16.277,69.86,5.869,34.475
3330.728,run:decode:1,16.302,69.86,5.869,34.475
3331.229,run:decode:1,16.407,69.86,5.868,34.475
3331.73,run:decode:1,16.478,69.86,5.868,34.475
3332.231,run:decode:1,16.311,69.86,5.869,34.475
3332.731,run:decode:1,16.422,69.86,5.867,34.475
3333.232,run:decode:1,16.444,69.86,5.867,34.475
3333.733,run:decode:1,16.516,69.86,5.867,34.475
3334.234,run:decode:1,16.442,69.86,5.867,34.475
3334.735,run:decode:1,16.46,69.86,5.868,34.475
3335.236,run:decode:1,16.539,69.86,5.868,34.475
3335.737,run:decode:1,16.644,69.86,5.868,34.475
3336.237,run:decode:1,16.476,69.86,5.868,34.475
3336.738,run:decode:1,16.637,69.86,5.868,34.475
3337.239,run:decode:1,16.66,69.86,5.869,34.475
3337.74,run:decode:1,16.681,69.86,5.869,34.475
3338.24,run:decode:1,12.522,69.86,5.916,34.475
3338.741,run:decode:1,12.522,69.86,6.874,34.475
3339.242,run:decode:1,12.522,69.86,8.46,34.475
3339.744,run:decode:1,12.522,69.86,10.068,34.475
3340.246,run:decode:1,12.522,69.86,7.292,34.475
3340.746,run:decode:1,12.522,69.86,7.458,34.475
3341.248,encode_mp4:1,11.081,69.86,6.182,34.475
3341.749,encode_mp4:1,11.081,69.86,6.728,34.475
3342.251,encode_mp4:1,11.081,69.86,7.037,34.475
3342.752,encode_mp4:1,11.081,69.86,7.033,34.475
3343.253,encode_mp4:1,11.081,69.86,7.031,34.475
3343.754,encode_mp4:1,11.081,69.86,7.077,34.475
3344.255,run:decode:2,15.65,69.86,5.841,34.471
3344.756,run:decode:2,15.703,69.86,5.841,34.471
3345.257,run:decode:2,15.778,69.86,5.841,34.471
3345.757,run:decode:2,15.843,69.86,5.841,34.471
3346.258,run:decode:2,15.991,69.86,5.841,34.471
3346.759,run:decode:2,15.887,69.86,5.843,34.471
3347.26,run:decode:2,15.95,69.86,5.843,34.471
3347.76,run:decode:2,16.001,69.86,5.843,34.471
3348.261,run:decode:2,16.095,69.86,5.844,34.471
3348.762,run:decode:2,16.114,69.86,5.841,34.471
3349.263,run:decode:2,16.204,69.86,5.842,34.471
3349.763,run:decode:2,16.27,69.86,5.842,34.471
3350.264,run:decode:2,16.312,69.86,5.842,34.471
3350.765,run:decode:2,16.214,69.86,5.843,34.471
3351.266,run:decode:2,16.277,69.86,5.843,34.471
3351.766,run:decode:2,16.351,69.86,5.843,34.471
3352.267,run:decode:2,16.389,69.86,5.843,34.471
3352.768,run:decode:2,16.258,69.86,5.843,34.471
3353.269,run:decode:2,16.365,69.86,5.843,34.471
3353.769,run:decode:2,16.417,69.86,5.843,34.471
3354.27,run:decode:2,16.507,69.86,5.842,34.471
3354.771,run:decode:2,16.362,69.86,5.842,34.471
3355.272,run:decode:2,16.463,69.86,5.843,34.471
3355.773,run:decode:2,16.504,69.86,5.843,34.471
3356.274,run:decode:2,16.562,69.86,5.844,34.471
3356.775,run:decode:2,16.647,69.86,5.844,34.471
3357.275,run:decode:2,16.502,69.86,5.844,34.471
3357.776,run:decode:2,16.561,69.86,5.844,34.471
3358.277,run:decode:2,16.661,69.86,5.844,34.471
3358.777,run:decode:2,16.725,69.86,5.842,34.471
3359.278,run:decode:2,12.494,69.86,6.479,34.471
3359.779,run:decode:2,12.494,69.86,7.696,34.471
3360.281,run:decode:2,12.494,69.86,9.854,34.471
3360.782,run:decode:2,12.494,69.86,7.275,34.471
3361.283,run:decode:2,12.494,69.86,7.444,34.471
3361.783,run:decode:2,11.124,69.86,6.177,34.471
3362.284,encode_mp4:2,11.053,69.86,6.725,34.471
3362.786,encode_mp4:2,11.053,69.86,7.029,34.471
3363.287,encode_mp4:2,11.053,69.86,7.021,34.471
3363.788,encode_mp4:2,11.053,69.86,6.79,34.471
3364.29,encode_mp4:2,11.053,69.86,7.03,34.471
3364.791,run:decode:3,15.687,69.86,5.889,34.469
3365.292,run:decode:3,15.723,69.86,5.889,34.469
3365.793,run:decode:3,15.791,69.86,5.889,34.469
3366.294,run:decode:3,15.877,69.86,5.89,34.469
3366.795,run:decode:3,15.828,69.86,5.89,34.469
3367.296,run:decode:3,15.857,69.86,5.89,34.469
3367.796,run:decode:3,15.975,69.86,5.889,34.469
3368.297,run:decode:3,16.025,69.86,5.89,34.469
3368.798,run:decode:3,16.068,69.86,5.892,34.469
3369.299,run:decode:3,16.139,69.86,5.893,34.469
3369.8,run:decode:3,16.184,69.86,5.893,34.469
3370.3,run:decode:3,16.285,69.86,5.893,34.469
3370.801,run:decode:3,16.114,69.86,5.893,34.469
3371.302,run:decode:3,16.186,69.86,5.892,34.469
3371.803,run:decode:3,16.298,69.86,5.891,34.469
3372.304,run:decode:3,16.327,69.86,5.891,34.469
3372.805,run:decode:3,16.471,69.86,5.89,34.469
3373.306,run:decode:3,16.313,69.86,5.89,34.469
3373.807,run:decode:3,16.385,69.86,5.89,34.469
3374.307,run:decode:3,16.421,69.86,5.89,34.469
3374.808,run:decode:3,16.519,69.86,5.892,34.469
3375.309,run:decode:3,16.386,69.86,5.891,34.469
3375.81,run:decode:3,16.451,69.86,5.891,34.469
3376.311,run:decode:3,16.485,69.86,5.891,34.469
3376.812,run:decode:3,16.596,69.86,5.89,34.469
3377.313,run:decode:3,16.45,69.86,5.891,34.469
3377.814,run:decode:3,16.501,69.86,5.891,34.469
3378.314,run:decode:3,16.622,69.86,5.891,34.469
3378.815,run:decode:3,16.657,69.86,5.889,34.469
3379.316,run:decode:3,12.467,69.86,6.15,34.469
3379.817,run:decode:3,12.467,69.86,7.135,34.469
3380.318,run:decode:3,12.467,69.86,9.093,34.469
3380.819,run:decode:3,12.467,69.86,7.321,34.469
3381.32,run:decode:3,12.467,69.86,7.366,34.469
3381.82,run:decode:3,12.467,69.86,7.582,34.469
3382.321,encode_mp4:3,11.024,69.86,6.636,34.469
3382.823,encode_mp4:3,11.024,69.86,6.906,34.469
3383.324,encode_mp4:3,11.024,69.86,7.011,34.469
3383.826,encode_mp4:3,11.024,69.86,7.014,34.469
3384.327,encode_mp4:3,11.024,69.86,7.012,34.469
3384.829,encode_mp4:3,11.024,69.86,7.035,34.469
3385.33,encode_mp4:3,11.024,69.86,7.029,34.469
3385.831,run:decode:4,15.636,69.86,5.876,34.467
3386.331,run:decode:4,15.652,69.86,5.878,34.467
3386.832,run:decode:4,15.772,69.86,5.881,34.467
3387.333,run:decode:4,15.841,69.86,5.88,34.467
3387.834,run:decode:4,15.78,69.86,5.88,34.467
3388.335,run:decode:4,15.856,69.86,5.88,34.467
3388.836,run:decode:4,15.921,69.86,5.879,34.467
3389.337,run:decode:4,15.964,69.86,5.879,34.467
3389.838,run:decode:4,16.037,69.86,5.879,34.467
3390.339,run:decode:4,16.088,69.86,5.879,34.467
3390.84,run:decode:4,16.17,69.86,5.878,34.467
3391.341,run:decode:4,16.2,69.86,5.878,34.467
3391.841,run:decode:4,16.295,69.86,5.877,34.467
3392.342,run:decode:4,16.159,69.86,5.878,34.467
3392.843,run:decode:4,16.223,69.86,5.878,34.467
3393.344,run:decode:4,16.284,69.86,5.879,34.467
3393.845,run:decode:4,16.395,69.86,5.879,34.467
3394.346,run:decode:4,16.274,69.86,5.879,34.467
3394.847,run:decode:4,16.332,69.86,5.877,34.467
3395.348,run:decode:4,16.372,69.86,5.877,34.467
3395.848,run:decode:4,16.444,69.86,5.877,34.467
3396.349,run:decode:4,16.355,69.86,5.878,34.467
3396.85,run:decode:4,16.415,69.86,5.879,34.467
3397.35,run:decode:4,16.487,69.86,5.88,34.467
3397.851,run:decode:4,16.542,69.86,5.88,34.467
3398.352,run:decode:4,16.418,69.86,5.88,34.467
3398.853,run:decode:4,16.476,69.86,5.879,34.467
3399.354,run:decode:4,16.504,69.86,5.878,34.467
3399.855,run:decode:4,16.609,69.86,5.878,34.467
3400.355,run:decode:4,12.438,69.86,5.923,34.467
3400.856,run:decode:4,12.438,69.86,6.886,34.467
3401.357,run:decode:4,12.438,69.86,8.483,34.467
3401.858,run:decode:4,12.438,69.86,8.745,34.467
3402.359,run:decode:4,12.438,69.86,7.31,34.467
3402.859,run:decode:4,12.438,69.86,7.497,34.467
3403.36,encode_mp4:4,10.995,69.86,6.323,34.467
3403.862,encode_mp4:4,10.995,69.86,6.778,34.467
3404.363,encode_mp4:4,10.995,69.86,7.004,34.467
3404.864,encode_mp4:4,10.995,69.86,7.005,34.467
3405.365,encode_mp4:4,10.995,69.86,7.031,34.467
3405.866,run:decode:5,15.548,69.86,5.865,34.461
3406.367,run:decode:5,15.662,69.86,5.865,34.461
3406.965,run:decode:5,15.695,69.86,5.865,34.461
3407.466,run:decode:5,15.777,69.86,5.872,34.461
3407.966,run:decode:5,15.74,69.86,5.872,34.461
3408.467,run:decode:5,15.821,69.86,5.872,34.461
3408.969,run:decode:5,15.85,69.86,5.872,34.461
3409.47,run:decode:5,15.956,69.86,5.873,34.461
3409.97,run:decode:5,15.983,69.86,5.872,34.461
3410.471,run:decode:5,16.059,69.86,5.871,34.461
3410.972,run:decode:5,16.141,69.86,5.872,34.461
3411.473,run:decode:5,16.192,69.86,5.871,34.461
3411.974,run:decode:5,16.225,69.86,5.871,34.461
3412.474,run:decode:5,16.108,69.86,5.87,34.461
3412.976,run:decode:5,16.219,69.86,5.87,34.461
3413.477,run:decode:5,16.303,69.86,5.871,34.461
3413.977,run:decode:5,16.321,69.86,5.871,34.461
3414.478,run:decode:5,16.235,69.86,5.871,34.461
3414.979,run:decode:5,16.271,69.86,5.872,34.461
3415.48,run:decode:5,16.371,69.86,5.873,34.461
3415.981,run:decode:5,16.44,69.86,5.873,34.461
3416.481,run:decode:5,16.28,69.86,5.872,34.461
3416.982,run:decode:5,16.381,69.86,5.872,34.461
3417.483,run:decode:5,16.407,69.86,5.873,34.461
3417.984,run:decode:5,16.522,69.86,5.873,34.461
3418.484,run:decode:5,16.385,69.86,5.872,34.461
3418.985,run:decode:5,16.445,69.86,5.872,34.461
3419.486,run:decode:5,16.508,69.86,5.871,34.461
3419.987,run:decode:5,16.597,69.86,5.871,34.461
3420.487,run:decode:5,11.693,69.86,5.869,34.461
3420.988,run:decode:5,12.409,69.86,6.803,34.461
3421.489,run:decode:5,12.409,69.86,8.374,34.461
3421.99,run:decode:5,12.409,69.86,8.738,34.461
3422.49,run:decode:5,12.409,69.86,7.304,34.461
3422.991,run:decode:5,12.409,69.86,7.489,34.461
3423.493,encode_mp4:5,10.968,69.86,6.316,34.461
3423.994,encode_mp4:5,10.968,69.86,6.762,34.461
3424.498,encode_mp4:5,10.968,69.86,6.997,34.461
3425.0,encode_mp4:5,10.968,69.86,6.996,34.461
3425.506,encode_mp4:5,10.968,69.86,6.996,34.461
3426.007,encode_mp4:5,10.968,69.86,6.833,34.461
3426.508,encode_mp4:5,10.968,69.86,7.009,34.461
3427.009,run:decode:6,15.079,69.86,5.859,34.455
3427.51,run:decode:6,15.572,69.86,5.86,34.455
3428.012,run:decode:6,15.654,69.86,5.86,34.455
3428.513,run:decode:6,15.758,69.86,5.859,34.455
3429.014,run:decode:6,15.791,69.86,5.86,34.455
3429.515,run:decode:6,15.766,69.86,5.861,34.455
3430.016,run:decode:6,15.874,69.86,5.861,34.455
3430.517,run:decode:6,15.888,69.86,5.86,34.455
3431.017,run:decode:6,15.94,69.86,5.861,34.455
3431.518,run:decode:6,15.969,69.86,5.862,34.455
3432.019,run:decode:6,16.095,69.86,5.862,34.455
3432.52,run:decode:6,16.141,69.86,5.862,34.455
3433.021,run:decode:6,16.22,69.86,5.862,34.455
3433.521,run:decode:6,16.064,69.86,5.861,34.455
3434.023,run:decode:6,16.132,69.86,5.861,34.455
3434.523,run:decode:6,16.226,69.86,5.861,34.455
3435.024,run:decode:6,16.269,69.86,5.861,34.455
3435.525,run:decode:6,16.148,69.86,5.862,34.455
3436.026,run:decode:6,16.24,69.86,5.861,34.455
3436.526,run:decode:6,16.285,69.86,5.86,34.455
3437.027,run:decode:6,16.353,69.86,5.86,34.455
3437.528,run:decode:6,16.222,69.86,5.86,34.455
3438.029,run:decode:6,16.301,69.86,5.861,34.455
3438.529,run:decode:6,16.362,69.86,5.86,34.455
3439.031,run:decode:6,16.434,69.86,5.86,34.455
3439.531,run:decode:6,16.514,69.86,5.861,34.455
3440.032,run:decode:6,16.399,69.86,5.86,34.455
3440.533,run:decode:6,16.467,69.86,5.859,34.455
3441.034,run:decode:6,16.535,69.86,5.86,34.455
3441.535,run:decode:6,16.619,69.86,5.86,34.455
3442.036,run:decode:6,12.382,69.86,6.392,34.455
3442.536,run:decode:6,12.382,69.86,7.492,34.455
3443.037,run:decode:6,12.382,69.86,9.615,34.455
3443.538,run:decode:6,12.382,69.86,7.293,34.455
3444.039,run:decode:6,12.382,69.86,7.393,34.455
3444.54,run:decode:6,10.99,69.86,6.137,34.455
3445.041,encode_mp4:6,10.938,69.86,6.669,34.455
3445.542,encode_mp4:6,10.938,69.86,6.983,34.455
3446.043,encode_mp4:6,10.938,69.86,6.989,34.455
3446.544,encode_mp4:6,10.938,69.86,6.503,34.455
3447.045,encode_mp4:6,10.938,69.86,7.016,34.455
3447.546,run:decode:7,15.519,69.86,5.845,34.438
3448.047,run:decode:7,15.563,69.86,5.845,34.438
3448.548,run:decode:7,15.665,69.86,5.846,34.438
3449.049,run:decode:7,15.703,69.86,5.846,34.438
3449.55,run:decode:7,15.682,69.86,5.846,34.438
3450.051,run:decode:7,15.703,69.86,5.848,34.438
3450.552,run:decode:7,15.818,69.86,5.847,34.438
3451.053,run:decode:7,15.89,69.86,5.848,34.438
3451.553,run:decode:7,15.908,69.86,5.849,34.438
3452.054,run:decode:7,15.982,69.86,5.849,34.438
3452.555,run:decode:7,16.042,69.86,5.848,34.438
3453.056,run:decode:7,16.136,69.86,5.848,34.438
3453.556,run:decode:7,16.162,69.86,5.849,34.438
3454.058,run:decode:7,16.061,69.86,5.849,34.438
3454.559,run:decode:7,16.155,69.86,5.847,34.438
3455.059,run:decode:7,16.205,69.86,5.847,34.438
3455.56,run:decode:7,16.266,69.86,5.847,34.438
3456.061,run:decode:7,16.132,69.86,5.849,34.438
3456.562,run:decode:7,16.229,69.86,5.849,34.438
3457.062,run:decode:7,16.301,69.86,5.849,34.438
3457.563,run:decode:7,16.368,69.86,5.849,34.438
3458.064,run:decode:7,16.216,69.86,5.851,34.438
3458.565,run:decode:7,16.274,69.86,5.852,34.438
3459.066,run:decode:7,16.385,69.86,5.85,34.438
3459.567,run:decode:7,16.454,69.86,5.851,34.438
3460.068,run:decode:7,16.337,69.86,5.851,34.438
3460.569,run:decode:7,16.345,69.86,5.851,34.438
3461.07,run:decode:7,16.437,69.86,5.852,34.438
3461.57,run:decode:7,16.538,69.86,5.852,34.438
3462.071,run:decode:7,16.557,69.86,5.85,34.438
3462.572,run:decode:7,12.352,69.86,6.56,34.438
3463.073,run:decode:7,12.352,69.86,7.862,34.438
3463.574,run:decode:7,12.352,69.86,10.0,34.438
3464.074,run:decode:7,12.352,69.86,7.281,34.438
3464.575,run:decode:7,12.352,69.86,7.42,34.438
3465.077,encode_mp4:7,10.908,69.86,6.126,34.438
3465.578,encode_mp4:7,10.908,69.86,6.693,34.438
3466.079,encode_mp4:7,10.908,69.86,6.974,34.438
3466.58,encode_mp4:7,10.908,69.86,6.972,34.438
3467.081,encode_mp4:7,10.908,69.86,6.485,34.438
3467.582,encode_mp4:7,10.908,69.86,6.993,34.438
3468.083,run:decode:8,15.471,69.86,5.895,34.42
3468.584,run:decode:8,15.529,69.86,5.895,34.42
3469.085,run:decode:8,15.604,69.86,5.895,34.42
3469.587,run:decode:8,15.705,69.86,5.895,34.42
3470.088,run:decode:8,15.615,69.86,5.895,34.42
3470.589,run:decode:8,15.69,69.86,5.895,34.42
3471.09,run:decode:8,15.788,69.86,5.895,34.42
3471.591,run:decode:8,15.839,69.86,5.894,34.42
3472.091,run:decode:8,15.875,69.86,5.894,34.42
3472.592,run:decode:8,15.95,69.86,5.893,34.42
3473.093,run:decode:8,16.022,69.86,5.893,34.42
3473.594,run:decode:8,16.053,69.86,5.893,34.42
3474.094,run:decode:8,16.14,69.86,5.894,34.42
3474.595,run:decode:8,16.014,69.86,5.894,34.42
3475.096,run:decode:8,16.082,69.86,5.894,34.42
3475.597,run:decode:8,16.147,69.86,5.893,34.42
3476.097,run:decode:8,16.205,69.86,5.894,34.42
3476.599,run:decode:8,16.127,69.86,5.894,34.42
3477.099,run:decode:8,16.163,69.86,5.894,34.42
3477.6,run:decode:8,16.228,69.86,5.894,34.42
3478.101,run:decode:8,16.332,69.86,5.894,34.42
3478.602,run:decode:8,16.205,69.86,5.894,34.42
3479.103,run:decode:8,16.241,69.86,5.894,34.42
3479.603,run:decode:8,16.34,69.86,5.894,34.42
3480.104,run:decode:8,16.371,69.86,5.894,34.42
3480.605,run:decode:8,16.471,69.86,5.895,34.42
3481.106,run:decode:8,16.346,69.86,5.895,34.42
3481.606,run:decode:8,16.422,69.86,5.894,34.42
3482.107,run:decode:8,16.492,69.86,5.894,34.42
3482.608,run:decode:8,16.569,69.86,5.895,34.42
3483.109,run:decode:8,12.322,69.86,6.534,34.42
3483.609,run:decode:8,12.322,69.86,7.724,34.42
3484.11,run:decode:8,12.322,69.86,9.808,34.42
3484.612,run:decode:8,12.322,69.86,7.331,34.42
3485.112,run:decode:8,12.322,69.86,7.388,34.42
3485.614,encode_mp4:8,10.882,69.86,6.118,34.42
3486.115,encode_mp4:8,10.882,69.86,6.661,34.42
3486.616,encode_mp4:8,10.882,69.86,6.969,34.42
3487.117,encode_mp4:8,10.882,69.86,6.98,34.42
3487.618,encode_mp4:8,10.882,69.86,6.475,34.42
3488.119,encode_mp4:8,10.882,69.86,6.996,34.42
3488.62,run:decode:9,15.449,69.86,5.886,34.402
3489.121,run:decode:9,15.55,69.86,5.886,34.402
3489.622,run:decode:9,15.614,69.86,5.886,34.402
3490.123,run:decode:9,15.654,69.86,5.886,34.402
3490.624,run:decode:9,15.569,69.86,5.886,34.402
3491.125,run:decode:9,15.689,69.86,5.887,34.402
3491.625,run:decode:9,15.719,69.86,5.888,34.402
3492.126,run:decode:9,15.834,69.86,5.888,34.402
3492.627,run:decode:9,15.866,69.86,5.888,34.402
3493.128,run:decode:9,15.937,69.86,5.888,34.402
3493.628,run:decode:9,15.986,69.86,5.887,34.402
3494.129,run:decode:9,16.077,69.86,5.887,34.402
3494.631,run:decode:9,16.081,69.86,5.885,34.402
3495.132,run:decode:9,16.024,69.86,5.886,34.402
3495.632,run:decode:9,16.06,69.86,5.885,34.402
3496.133,run:decode:9,16.161,69.86,5.886,34.402
3496.634,run:decode:9,16.23,69.86,5.885,34.402
3497.135,run:decode:9,16.069,69.86,5.886,34.402
3497.635,run:decode:9,16.177,69.86,5.885,34.402
3498.136,run:decode:9,16.209,69.86,5.885,34.402
3498.637,run:decode:9,16.274,69.86,5.887,34.402
3499.138,run:decode:9,16.19,69.86,5.887,34.402
3499.64,run:decode:9,16.225,69.86,5.887,34.402
3500.141,run:decode:9,16.337,69.86,5.887,34.402
3500.641,run:decode:9,16.382,69.86,5.885,34.402
3501.142,run:decode:9,16.278,69.86,5.884,34.402
3501.643,run:decode:9,16.352,69.86,5.884,34.402
3502.144,run:decode:9,16.406,69.86,5.884,34.402
3502.644,run:decode:9,16.467,69.86,5.884,34.402
3503.145,run:decode:9,16.505,69.86,5.884,34.402
3503.646,run:decode:9,12.296,69.86,6.613,34.402
3504.147,run:decode:9,12.296,69.86,7.906,34.402
3504.647,run:decode:9,12.296,69.86,9.988,34.402
3505.149,run:decode:9,12.296,69.86,7.317,34.402
3505.65,run:decode:9,12.296,69.86,7.394,34.402
3506.151,encode_mp4:9,10.853,69.86,6.106,34.402
3506.652,encode_mp4:9,10.853,69.86,6.673,34.402
3507.154,encode_mp4:9,10.853,69.86,6.954,34.402
3507.655,encode_mp4:9,10.853,69.86,6.951,34.402
3508.159,encode_mp4:9,10.853,69.86,6.954,34.402
3508.66,encode_mp4:9,10.853,69.86,6.967,34.402
3509.168,encode_mp4:9,10.853,69.86,6.971,34.402
3509.669,encode_mp4:9,10.853,69.86,6.962,34.402
3510.17,run:decode:10,15.427,69.86,5.87,34.383
3510.671,run:decode:10,15.478,69.86,5.87,34.383
3511.171,run:decode:10,15.56,69.86,5.872,34.383
3511.672,run:decode:10,15.625,69.86,5.872,34.383
3512.173,run:decode:10,15.571,69.86,5.872,34.383
3512.674,run:decode:10,15.619,69.86,5.871,34.383
3513.174,run:decode:10,15.725,69.86,5.873,34.383
3513.675,run:decode:10,15.763,69.86,5.873,34.383
3514.176,run:decode:10,15.886,69.86,5.873,34.383
3514.677,run:decode:10,15.891,69.86,5.872,34.383
3515.178,run:decode:10,15.94,69.86,5.873,34.383
3515.679,run:decode:10,16.051,69.86,5.873,34.383
3516.18,run:decode:10,16.116,69.86,5.875,34.383
3516.681,run:decode:10,15.995,69.86,5.874,34.383
3517.181,run:decode:10,16.052,69.86,5.875,34.383
3517.682,run:decode:10,16.142,69.86,5.875,34.383
3518.183,run:decode:10,16.182,69.86,5.875,34.383
3518.684,run:decode:10,16.083,69.86,5.874,34.383
3519.185,run:decode:10,16.106,69.86,5.875,34.383
3519.686,run:decode:10,16.177,69.86,5.875,34.383
3520.187,run:decode:10,16.273,69.86,5.875,34.383
3520.687,run:decode:10,16.152,69.86,5.875,34.383
3521.188,run:decode:10,16.224,69.86,5.875,34.383
3521.689,run:decode:10,16.269,69.86,5.875,34.383
3522.19,run:decode:10,16.357,69.86,5.874,34.383
3522.69,run:decode:10,16.247,69.86,5.874,34.383
3523.191,run:decode:10,16.285,69.86,5.873,34.383
3523.692,run:decode:10,16.373,69.86,5.873,34.383
3524.193,run:decode:10,16.428,69.86,5.873,34.383
3524.694,run:decode:10,16.517,69.86,5.873,34.383
3525.195,run:decode:10,12.267,69.86,6.703,34.383
3525.696,run:decode:10,12.267,69.86,8.148,34.383
3526.196,run:decode:10,12.267,69.86,8.739,34.383
3526.697,run:decode:10,12.267,69.86,7.306,34.383
3527.198,run:decode:10,12.267,69.86,7.41,34.383
3527.7,encode_mp4:10,10.826,69.86,6.093,34.383
3528.201,encode_mp4:10,10.826,69.86,6.684,34.383
3528.703,encode_mp4:10,10.826,69.86,6.937,34.383
3529.204,encode_mp4:10,10.826,69.86,6.937,34.383
3529.705,encode_mp4:10,10.826,69.86,6.935,34.383
3530.216,encode_mp4:10,10.826,69.86,6.942,34.383
3530.719,run:decode:11,10.796,69.86,5.856,34.369
3531.22,run:decode:11,15.469,69.86,5.859,34.369
3531.721,run:decode:11,15.532,69.86,5.858,34.369
3532.221,run:decode:11,15.604,69.86,5.859,34.369
3532.722,run:decode:11,15.631,69.86,5.858,34.369
3533.223,run:decode:11,15.591,69.86,5.858,34.369
3533.724,run:decode:11,15.682,69.86,5.858,34.369
3534.225,run:decode:11,15.742,69.86,5.859,34.369
3534.726,run:decode:11,15.789,69.86,5.86,34.369
3535.227,run:decode:11,15.863,69.86,5.86,34.369
3535.728,run:decode:11,15.931,69.86,5.86,34.369
3536.228,run:decode:11,15.967,69.86,5.86,34.369
3536.729,run:decode:11,16.035,69.86,5.862,34.369
3537.23,run:decode:11,15.911,69.86,5.862,34.369
3537.731,run:decode:11,15.976,69.86,5.862,34.369
3538.232,run:decode:11,16.08,69.86,5.862,34.369
3538.732,run:decode:11,16.102,69.86,5.86,34.369
3539.233,run:decode:11,15.985,69.86,5.86,34.369
3539.734,run:decode:11,16.1,69.86,5.86,34.369
3540.235,run:decode:11,16.118,69.86,5.861,34.369
3540.736,run:decode:11,16.235,69.86,5.858,34.369
3541.236,run:decode:11,16.258,69.86,5.859,34.369
3541.737,run:decode:11,16.148,69.86,5.862,34.369
3542.238,run:decode:11,16.206,69.86,5.862,34.369
3542.739,run:decode:11,16.313,69.86,5.863,34.369
3543.24,run:decode:11,16.339,69.86,5.863,34.369
3543.74,run:decode:11,16.201,69.86,5.862,34.369
3544.241,run:decode:11,16.318,69.86,5.862,34.369
3544.742,run:decode:11,16.355,69.86,5.862,34.369
3545.243,run:decode:11,16.438,69.86,5.861,34.369
3545.744,run:decode:11,12.239,69.86,6.286,34.369
3546.245,run:decode:11,12.239,69.86,7.282,34.369
3546.745,run:decode:11,12.239,69.86,9.403,34.369
3547.246,run:decode:11,12.239,69.86,7.293,34.369
3547.747,run:decode:11,12.239,69.86,7.315,34.369
3548.248,run:decode:11,12.239,69.86,6.364,34.369
3548.75,encode_mp4:11,10.797,69.86,6.593,34.369
3549.251,encode_mp4:11,10.797,69.86,6.897,34.369
3549.754,encode_mp4:11,10.797,69.86,6.923,34.369
3550.257,encode_mp4:11,10.797,69.86,6.924,34.369
3550.757,encode_mp4:11,10.797,69.86,6.443,34.369
3551.259,encode_mp4:11,10.797,69.86,6.939,34.369
3551.76,encode_mp4:11,10.797,69.86,6.937,34.369
3552.26,run:decode:12,15.395,69.86,5.847,34.346
3552.761,run:decode:12,15.495,69.86,5.847,34.346
3553.262,run:decode:12,15.514,69.86,5.847,34.346
3553.763,run:decode:12,15.593,69.86,5.847,34.346
3554.264,run:decode:12,15.542,69.86,5.847,34.346
3554.765,run:decode:12,15.639,69.86,5.847,34.346
3555.266,run:decode:12,15.709,69.86,5.848,34.346
3555.767,run:decode:12,15.727,69.86,5.848,34.346
3556.268,run:decode:12,15.806,69.86,5.848,34.346
3556.768,run:decode:12,15.857,69.86,5.848,34.346
3557.269,run:decode:12,15.954,69.86,5.849,34.346
3557.77,run:decode:12,15.983,69.86,5.85,34.346
3558.271,run:decode:12,15.921,69.86,5.849,34.346
3558.771,run:decode:12,15.959,69.86,5.848,34.346
3559.273,run:decode:12,16.03,69.86,5.848,34.346
3559.774,run:decode:12,16.118,69.86,5.849,34.346
3560.275,run:decode:12,16.139,69.86,5.849,34.346
3560.775,run:decode:12,16.036,69.86,5.849,34.346
3561.276,run:decode:12,16.119,69.86,5.85,34.346
3561.777,run:decode:12,16.191,69.86,5.851,34.346
3562.278,run:decode:12,16.213,69.86,5.851,34.346
3562.779,run:decode:12,16.108,69.86,5.849,34.346
3563.28,run:decode:12,16.207,69.86,5.849,34.346
3563.78,run:decode:12,16.271,69.86,5.848,34.346
3564.282,run:decode:12,16.344,69.86,5.849,34.346
3564.782,run:decode:12,16.187,69.86,5.849,34.346
3565.283,run:decode:12,16.245,69.86,5.849,34.346
3565.784,run:decode:12,16.321,69.86,5.848,34.346
3566.285,run:decode:12,16.379,69.86,5.85,34.346
3566.785,run:decode:12,12.211,69.86,6.044,34.346
3567.286,run:decode:12,12.211,69.86,7.019,34.346
3567.787,run:decode:12,12.211,69.86,8.801,34.346
3568.288,run:decode:12,12.211,69.86,8.717,34.346
3568.789,run:decode:12,12.211,69.86,7.283,34.346
3569.29,run:decode:12,12.211,69.86,7.455,34.346
3569.792,encode_mp4:12,10.764,69.86,6.438,34.346
3570.292,encode_mp4:12,10.764,69.86,6.722,34.346
3570.796,encode_mp4:12,10.764,69.86,6.921,34.346
3571.297,encode_mp4:12,10.764,69.86,6.918,34.346
3571.798,encode_mp4:12,10.764,69.86,6.92,34.346
3572.299,encode_mp4:12,10.764,69.86,6.938,34.346
3572.8,encode_mp4:12,10.764,69.86,6.928,34.346
3573.301,run:decode:13,15.358,69.86,5.894,34.33
3573.802,run:decode:13,15.424,69.86,5.894,34.33
3574.303,run:decode:13,15.504,69.86,5.894,34.33
3574.804,run:decode:13,15.596,69.86,5.895,34.33
3575.305,run:decode:13,15.503,69.86,5.895,34.33
3575.806,run:decode:13,15.561,69.86,5.896,34.33
3576.307,run:decode:13,15.672,69.86,5.897,34.33
3576.807,run:decode:13,15.701,69.86,5.896,34.33
3577.308,run:decode:13,15.738,69.86,5.896,34.33
3577.809,run:decode:13,15.853,69.86,5.896,34.33
3578.31,run:decode:13,15.872,69.86,5.895,34.33
3578.811,run:decode:13,16.032,69.86,5.894,34.33
3579.311,run:decode:13,15.869,69.86,5.894,34.33
3579.812,run:decode:13,15.934,69.86,5.895,34.33
3580.313,run:decode:13,15.98,69.86,5.895,34.33
3580.813,run:decode:13,16.028,69.86,5.894,34.33
3581.314,run:decode:13,16.122,69.86,5.893,34.33
3581.815,run:decode:13,16.054,69.86,5.895,34.33
3582.316,run:decode:13,16.058,69.86,5.893,34.33
3582.816,run:decode:13,16.122,69.86,5.893,34.33
3583.317,run:decode:13,16.223,69.86,5.893,34.33
3583.818,run:decode:13,16.106,69.86,5.893,34.33
3584.319,run:decode:13,16.164,69.86,5.894,34.33
3584.82,run:decode:13,16.179,69.86,5.897,34.33
3585.321,run:decode:13,16.311,69.86,5.896,34.33
3585.822,run:decode:13,16.164,69.86,5.896,34.33
3586.322,run:decode:13,16.223,69.86,5.897,34.33
3586.823,run:decode:13,16.326,69.86,5.897,34.33
3587.324,run:decode:13,16.377,69.86,5.897,34.33
3587.825,run:decode:13,12.178,69.86,6.036,34.33
3588.326,run:decode:13,12.178,69.86,7.027,34.33
3588.826,run:decode:13,12.178,69.86,8.796,34.33
3589.327,run:decode:13,12.178,69.86,8.763,34.33
3589.829,run:decode:13,12.178,69.86,7.329,34.33
3590.329,run:decode:13,12.178,69.86,7.449,34.33
3590.831,encode_mp4:13,10.737,69.86,6.426,34.33
3591.331,encode_mp4:13,10.737,69.86,6.745,34.33
3591.835,encode_mp4:13,10.737,69.86,6.902,34.33
3592.337,encode_mp4:13,10.737,69.86,6.903,34.33
3592.838,encode_mp4:13,10.737,69.86,6.906,34.33
3593.339,encode_mp4:13,10.737,69.86,6.705,34.33
3593.84,encode_mp4:13,10.737,69.86,6.917,34.33
3594.342,encode_mp4:13,10.737,69.86,6.935,34.33
3594.843,run:decode:14,15.371,69.86,5.883,34.317
3595.344,run:decode:14,15.436,69.86,5.883,34.317
3595.845,run:decode:14,15.506,69.86,5.883,34.317
3596.346,run:decode:14,15.579,69.86,5.884,34.317
3596.847,run:decode:14,15.519,69.86,5.885,34.317
3597.347,run:decode:14,15.523,69.86,5.885,34.317
3597.848,run:decode:14,15.659,69.86,5.886,34.317
3598.349,run:decode:14,15.717,69.86,5.886,34.317
3598.85,run:decode:14,15.76,69.86,5.884,34.317
3599.351,run:decode:14,15.833,69.86,5.885,34.317
3599.853,run:decode:14,15.894,69.86,5.885,34.317
3600.353,run:decode:14,15.988,69.86,5.886,34.317
3600.854,run:decode:14,15.839,69.86,5.885,34.317
3601.355,run:decode:14,15.885,69.86,5.885,34.317
3601.856,run:decode:14,15.949,69.86,5.885,34.317
3602.356,run:decode:14,16.025,69.86,5.887,34.317
3602.857,run:decode:14,15.914,69.86,5.886,34.317
3603.358,run:decode:14,15.981,69.86,5.886,34.317
3603.859,run:decode:14,16.046,69.86,5.885,34.317
3604.36,run:decode:14,16.154,69.86,5.884,34.317
3604.861,run:decode:14,16.171,69.86,5.884,34.317
3605.362,run:decode:14,16.086,69.86,5.884,34.317
3605.862,run:decode:14,16.142,69.86,5.884,34.317
3606.363,run:decode:14,16.221,69.86,5.884,34.317
3606.864,run:decode:14,16.234,69.86,5.884,34.317
3607.365,run:decode:14,16.146,69.86,5.884,34.317
3607.865,run:decode:14,16.249,69.86,5.885,34.317
3608.366,run:decode:14,16.301,69.86,5.885,34.317
3608.867,run:decode:14,16.336,69.86,5.883,34.317
3609.368,run:decode:14,12.15,69.86,6.205,34.317
3609.869,run:decode:14,12.15,69.86,7.179,34.317
3610.37,run:decode:14,12.15,69.86,9.088,34.317
3610.871,run:decode:14,12.15,69.86,7.319,34.317
3611.372,run:decode:14,12.15,69.86,7.319,34.317
3611.873,run:decode:14,12.15,69.86,7.458,34.317
3612.373,encode_mp4:14,10.708,69.86,6.416,34.317
3612.874,encode_mp4:14,10.708,69.86,6.785,34.317
3613.377,encode_mp4:14,10.708,69.86,6.896,34.317
3613.879,encode_mp4:14,10.708,69.86,6.897,34.317
3614.38,encode_mp4:14,10.708,69.86,6.897,34.317
3614.887,encode_mp4:14,10.708,69.86,6.907,34.317
3615.388,encode_mp4:14,10.708,69.86,6.905,34.317
3615.888,run:decode:15,15.39,69.86,5.87,34.299
3616.389,run:decode:15,15.413,69.86,5.87,34.299
3616.89,run:decode:15,15.441,69.86,5.873,34.299
3617.391,run:decode:15,15.52,69.86,5.873,34.299
3617.892,run:decode:15,15.422,69.86,5.873,34.299
3618.392,run:decode:15,15.554,69.86,5.873,34.299
3618.893,run:decode:15,15.618,69.86,5.874,34.299
3619.395,run:decode:15,15.661,69.86,5.874,34.299
3619.895,run:decode:15,15.753,69.86,5.874,34.299
3620.396,run:decode:15,15.825,69.86,5.875,34.299
3620.897,run:decode:15,15.876,69.86,5.875,34.299
3621.398,run:decode:15,15.947,69.86,5.874,34.299
3621.898,run:decode:15,15.744,69.86,5.874,34.299
3622.399,run:decode:15,15.868,69.86,5.874,34.299
3622.9,run:decode:15,15.954,69.86,5.873,34.299
3623.401,run:decode:15,16.028,69.86,5.873,34.299
3623.901,run:decode:15,15.857,69.86,5.873,34.299
3624.403,run:decode:15,15.929,69.86,5.873,34.299
3624.904,run:decode:15,16.04,69.86,5.873,34.299
3625.405,run:decode:15,16.112,69.86,5.873,34.299
3625.906,run:decode:15,16.134,69.86,5.873,34.299
3626.406,run:decode:15,16.057,69.86,5.874,34.299
3626.907,run:decode:15,16.124,69.86,5.874,34.299
3627.408,run:decode:15,16.164,69.86,5.874,34.299
3627.909,run:decode:15,16.232,69.86,5.873,34.299
3628.409,run:decode:15,16.126,69.86,5.873,34.299
3628.91,run:decode:15,16.179,69.86,5.872,34.299
3629.412,run:decode:15,16.277,69.86,5.872,34.299
3629.913,run:decode:15,16.299,69.86,5.872,34.299
3630.413,run:decode:15,12.121,69.86,6.211,34.299
3630.914,run:decode:15,12.121,69.86,7.206,34.299
3631.415,run:decode:15,12.121,69.86,9.238,34.299
3631.916,run:decode:15,12.121,69.86,7.306,34.299
3632.416,run:decode:15,12.121,69.86,7.306,34.299
3632.917,run:decode:15,12.121,69.86,7.287,34.299
3633.418,encode_mp4:15,10.679,69.86,6.527,34.299
3633.92,encode_mp4:15,10.679,69.86,6.827,34.299
3634.423,encode_mp4:15,10.679,69.86,6.88,34.299
3634.925,encode_mp4:15,10.679,69.86,6.902,34.299
3635.426,encode_mp4:15,10.679,69.86,6.898,34.299
3635.928,encode_mp4:15,10.679,69.86,6.865,34.299
3636.435,encode_mp4:15,10.679,69.86,6.913,34.299
3636.936,run:decode:16,14.766,69.86,5.861,34.279
3637.436,run:decode:16,15.338,69.86,5.86,34.279
3637.937,run:decode:16,15.36,69.86,5.86,34.279
3638.438,run:decode:16,15.425,69.86,5.865,34.279
3638.939,run:decode:16,15.531,69.86,5.861,34.279
3639.44,run:decode:16,15.448,69.86,5.862,34.279
3639.941,run:decode:16,15.541,69.86,5.862,34.279
3640.441,run:decode:16,15.576,69.86,5.866,34.279
3640.942,run:decode:16,15.684,69.86,5.862,34.279
3641.443,run:decode:16,15.675,69.86,5.863,34.279
3641.944,run:decode:16,15.765,69.86,5.864,34.279
3642.445,run:decode:16,15.808,69.86,5.869,34.279
3642.945,run:decode:16,15.907,69.86,5.863,34.279
3643.446,run:decode:16,15.769,69.86,5.862,34.279
3643.948,run:decode:16,15.864,69.86,5.862,34.279
3644.448,run:decode:16,15.896,69.86,5.862,34.279
3644.949,run:decode:16,16.029,69.86,5.862,34.279
3645.45,run:decode:16,15.847,69.86,5.862,34.279
3645.951,run:decode:16,15.926,69.86,5.862,34.279
3646.451,run:decode:16,16.027,69.86,5.863,34.279
3646.952,run:decode:16,16.085,69.86,5.864,34.279
3647.453,run:decode:16,15.978,69.86,5.862,34.279
3647.954,run:decode:16,15.989,69.86,5.862,34.279
3648.454,run:decode:16,16.075,69.86,5.862,34.279
3648.955,run:decode:16,16.133,69.86,5.861,34.279
3649.456,run:decode:16,16.239,69.86,5.862,34.279
3649.957,run:decode:16,16.091,69.86,5.862,34.279
3650.457,run:decode:16,16.156,69.86,5.863,34.279
3650.958,run:decode:16,16.25,69.86,5.862,34.279
3651.459,run:decode:16,16.335,69.86,5.836,34.279
3651.96,run:decode:16,12.093,69.86,6.329,34.279
3652.461,run:decode:16,12.093,69.86,7.39,34.279
3652.961,run:decode:16,12.093,69.86,9.529,34.279
3653.462,run:decode:16,12.093,69.86,7.268,34.279
3653.964,run:decode:16,12.093,69.86,7.268,34.279
3654.464,run:decode:16,10.695,69.86,5.995,34.279
3654.965,encode_mp4:16,10.65,69.86,6.533,34.279
3655.467,encode_mp4:16,10.65,69.86,6.837,34.279
3655.968,encode_mp4:16,10.65,69.86,6.845,34.279
3656.475,encode_mp4:16,10.65,69.86,6.847,34.279
3656.976,encode_mp4:16,10.65,69.86,6.411,34.279
3657.48,encode_mp4:16,10.65,69.86,6.856,34.279
3657.981,run:decode:17,13.663,69.86,5.82,34.264
3658.482,run:decode:17,15.254,69.86,5.821,34.264
3658.983,run:decode:17,15.329,69.86,5.821,34.264
3659.484,run:decode:17,15.477,69.86,5.821,34.264
3659.985,run:decode:17,15.513,69.86,5.822,34.264
3660.486,run:decode:17,15.435,69.86,5.822,34.264
3660.986,run:decode:17,15.467,69.86,5.822,34.264
3661.487,run:decode:17,15.582,69.86,5.821,34.264
3661.988,run:decode:17,15.651,69.86,5.821,34.264
3662.489,run:decode:17,15.651,69.86,5.821,34.264
3662.99,run:decode:17,15.756,69.86,5.822,34.264
3663.491,run:decode:17,15.828,69.86,5.822,34.264
3663.992,run:decode:17,15.856,69.86,5.822,34.264
3664.493,run:decode:17,15.776,69.86,5.822,34.264
3664.994,run:decode:17,15.794,69.86,5.822,34.264
3665.494,run:decode:17,15.955,69.86,5.821,34.264
3665.995,run:decode:17,15.942,69.86,5.822,34.264
3666.496,run:decode:17,15.824,69.86,5.822,34.264
3666.996,run:decode:17,15.924,69.86,5.822,34.264
3667.497,run:decode:17,15.964,69.86,5.823,34.264
3667.998,run:decode:17,16.029,69.86,5.823,34.264
3668.499,run:decode:17,16.16,69.86,5.821,34.264
3668.999,run:decode:17,16.01,69.86,5.819,34.264
3669.5,run:decode:17,16.081,69.86,5.819,34.264
3670.001,run:decode:17,16.135,69.86,5.819,34.264
3670.502,run:decode:17,16.185,69.86,5.818,34.264
3671.002,run:decode:17,16.062,69.86,5.818,34.264
3671.503,run:decode:17,16.162,69.86,5.819,34.264
3672.004,run:decode:17,16.23,69.86,5.819,34.264
3672.505,run:decode:17,16.252,69.86,5.818,34.264
3673.006,run:decode:17,12.064,69.86,6.286,34.264
3673.506,run:decode:17,12.064,69.86,7.314,34.264
3674.007,run:decode:17,12.064,69.86,9.479,34.264
3674.509,run:decode:17,12.064,69.86,7.249,34.264
3675.009,run:decode:17,12.064,69.86,7.251,34.264
3675.515,run:decode:17,10.62,69.86,5.981,34.264
3676.016,encode_mp4:17,10.62,69.86,6.511,34.264
3676.517,encode_mp4:17,10.62,69.86,6.801,34.264
3677.019,encode_mp4:17,10.62,69.86,6.831,34.264
3677.521,encode_mp4:17,10.62,69.86,6.832,34.264
3678.022,encode_mp4:17,10.62,69.86,6.392,34.264
3678.524,encode_mp4:17,10.62,69.86,6.838,34.264
3679.025,run:decode:18,15.218,69.86,5.864,34.246
3679.526,run:decode:18,15.279,69.86,5.863,34.246
3680.027,run:decode:18,15.32,69.86,5.866,34.246
3680.527,run:decode:18,15.409,69.86,5.867,34.246
3681.028,run:decode:18,15.481,69.86,5.867,34.246
3681.529,run:decode:18,15.391,69.86,5.868,34.246
3682.03,run:decode:18,15.555,69.86,5.868,34.246
3682.531,run:decode:18,15.51,69.86,5.866,34.246
3683.031,run:decode:18,15.636,69.86,5.866,34.246
3683.532,run:decode:18,15.667,69.86,5.866,34.246
3684.033,run:decode:18,15.738,69.86,5.866,34.246
3684.534,run:decode:18,15.76,69.86,5.868,34.246
3685.035,run:decode:18,15.871,69.86,5.868,34.246
3685.536,run:decode:18,15.704,69.86,5.868,34.246
3686.036,run:decode:18,15.783,69.86,5.867,34.246
3686.537,run:decode:18,15.884,69.86,5.866,34.246
3687.038,run:decode:18,15.923,69.86,5.867,34.246
3687.539,run:decode:18,15.799,69.86,5.867,34.246
3688.039,run:decode:18,15.903,69.86,5.867,34.246
3688.54,run:decode:18,15.939,69.86,5.867,34.246
3689.041,run:decode:18,15.997,69.86,5.867,34.246
3689.542,run:decode:18,15.92,69.86,5.866,34.246
3690.043,run:decode:18,15.955,69.86,5.867,34.246
3690.543,run:decode:18,16.027,69.86,5.866,34.246
3691.044,run:decode:18,16.095,69.86,5.867,34.246
3691.545,run:decode:18,16.153,69.86,5.866,34.246
3692.046,run:decode:18,16.029,69.86,5.867,34.246
3692.546,run:decode:18,16.122,69.86,5.866,34.246
3693.047,run:decode:18,16.212,69.86,5.866,34.246
3693.548,run:decode:18,16.248,69.86,5.866,34.246
3694.049,run:decode:18,12.034,69.86,6.428,34.246
3694.55,run:decode:18,12.034,69.86,7.541,34.246
3695.05,run:decode:18,12.034,69.86,9.644,34.246
3695.551,run:decode:18,12.034,69.86,7.297,34.246
3696.052,run:decode:18,12.034,69.86,7.299,34.246
3696.553,run:decode:18,10.643,69.86,5.979,34.246
3697.054,encode_mp4:18,10.591,69.86,6.507,34.246
3697.556,encode_mp4:18,10.591,69.86,6.792,34.246
3698.057,encode_mp4:18,10.591,69.86,6.827,34.246
3698.561,encode_mp4:18,10.591,69.86,6.844,34.246
3699.062,encode_mp4:18,10.591,69.86,6.655,34.246
3699.563,encode_mp4:18,10.591,69.86,6.843,34.246
3700.063,run:decode:19,15.185,69.86,5.866,34.225
3700.564,run:decode:19,15.195,69.86,5.865,34.225
3701.065,run:decode:19,15.327,69.86,5.866,34.225
3701.566,run:decode:19,15.37,69.86,5.865,34.225
3702.066,run:decode:19,15.324,69.86,5.864,34.225
3702.567,run:decode:19,15.38,69.86,5.864,34.225
3703.069,run:decode:19,15.482,69.86,5.866,34.225
3703.57,run:decode:19,15.54,69.86,5.866,34.225
3704.071,run:decode:19,15.611,69.86,5.866,34.225
3704.572,run:decode:19,15.607,69.86,5.865,34.225
3705.073,run:decode:19,15.718,69.86,5.865,34.225
3705.573,run:decode:19,15.781,69.86,5.865,34.225
3706.074,run:decode:19,15.811,69.86,5.865,34.225
3706.575,run:decode:19,15.734,69.86,5.866,34.225
3707.076,run:decode:19,15.81,69.86,5.866,34.225
3707.577,run:decode:19,15.834,69.86,5.867,34.225
3708.078,run:decode:19,15.902,69.86,5.867,34.225
3708.579,run:decode:19,15.825,69.86,5.868,34.225
3709.08,run:decode:19,15.897,69.86,5.868,34.225
3709.581,run:decode:19,15.954,69.86,5.868,34.225
3710.082,run:decode:19,15.97,69.86,5.866,34.225
3710.583,run:decode:19,15.899,69.86,5.867,34.225
3711.084,run:decode:19,15.97,69.86,5.865,34.225
3711.584,run:decode:19,16.007,69.86,5.865,34.225
3712.085,run:decode:19,16.104,69.86,5.865,34.225
3712.586,run:decode:19,15.944,69.86,5.869,34.225
3713.087,run:decode:19,16.009,69.86,5.865,34.225
3713.587,run:decode:19,16.104,69.86,5.866,34.225
3714.088,run:decode:19,16.191,69.86,5.866,34.225
3714.589,run:decode:19,16.24,69.86,5.868,34.225
3715.09,run:decode:19,12.005,69.86,6.581,34.225
3715.591,run:decode:19,12.005,69.86,7.889,34.225
3716.091,run:decode:19,12.005,69.86,10.043,34.225
3716.592,run:decode:19,12.005,69.86,7.301,34.225
3717.093,run:decode:19,12.005,69.86,7.302,34.225
3717.596,encode_mp4:19,10.562,69.86,5.973,34.225
3718.097,encode_mp4:19,10.562,69.86,6.558,34.225
3718.598,encode_mp4:19,10.562,69.86,6.821,34.225
3719.099,encode_mp4:19,10.562,69.86,6.82,34.225
3719.6,encode_mp4:19,10.562,69.86,6.819,34.225
3720.101,encode_mp4:19,10.562,69.86,6.628,34.225
3720.602,encode_mp4:19,10.562,69.86,6.831,34.225
3721.296,free:decode,0.008,69.86,5.856,34.201
3721.317,init,0.008,69.86,5.854,1.219
