[mon ] telemetry -> /mnt/workspace/runs/batch20_sage_fbcache025-20260928-114735
[init] loading pipeline config from /mnt/workspace/MiniMax-H3
[mem] after config load            host_used=   3.6 GiB  hbm=   0.0 GiB  hbm_peak=   0.0 GiB

Loading weights:   0%|                                | 0/1058 [00:00<?, ?it/s]
Loading weights:   0%|                      | 1/1058 [00:07<2:18:03,  7.84s/it]
Loading weights:   0%|                        | 5/1058 [00:09<25:48,  1.47s/it]
Loading weights:   1%|▏                      | 10/1058 [00:09<10:44,  1.63it/s]
Loading weights:   1%|▎                      | 12/1058 [00:09<08:28,  2.06it/s]
Loading weights:   1%|▎                      | 15/1058 [00:10<06:58,  2.49it/s]
Loading weights:   2%|▎                      | 16/1058 [00:11<09:31,  1.82it/s]
Loading weights:   2%|▍                      | 21/1058 [00:12<05:30,  3.14it/s]
Loading weights:   2%|▌                      | 25/1058 [00:13<04:37,  3.72it/s]
Loading weights:   3%|▌                      | 27/1058 [00:13<04:55,  3.49it/s]
Loading weights:   3%|▌                      | 28/1058 [00:14<05:52,  2.92it/s]
Loading weights:   3%|▋                      | 32/1058 [00:15<04:14,  4.04it/s]
Loading weights:   3%|▊                      | 37/1058 [00:15<03:27,  4.93it/s]
Loading weights:   4%|▊                      | 38/1058 [00:16<04:24,  3.85it/s]
Loading weights:   4%|▊                      | 39/1058 [00:17<05:26,  3.12it/s]
Loading weights:   4%|▉                      | 42/1058 [00:17<03:57,  4.27it/s]
Loading weights:   4%|▉                      | 44/1058 [00:17<03:25,  4.93it/s]
Loading weights:   5%|█                      | 48/1058 [00:19<04:31,  3.72it/s]
Loading weights:   5%|█                      | 50/1058 [00:19<04:49,  3.48it/s]
Loading weights:   5%|█▏                     | 54/1058 [00:20<03:18,  5.06it/s]
Loading weights:   5%|█▏                     | 56/1058 [00:20<02:59,  5.59it/s]
Loading weights:   6%|█▎                     | 59/1058 [00:20<03:19,  5.01it/s]
Loading weights:   6%|█▎                     | 60/1058 [00:21<04:25,  3.76it/s]
Loading weights:   6%|█▎                     | 61/1058 [00:22<05:34,  2.98it/s]
Loading weights:   6%|█▍                     | 65/1058 [00:22<03:25,  4.84it/s]
Loading weights:   6%|█▍                     | 66/1058 [00:22<03:27,  4.79it/s]
Loading weights:   7%|█▌                     | 70/1058 [00:23<03:13,  5.09it/s]
Loading weights:   7%|█▌                     | 71/1058 [00:24<04:23,  3.75it/s]
Loading weights:   7%|█▌                     | 72/1058 [00:25<05:34,  2.95it/s]
Loading weights:   7%|█▋                     | 75/1058 [00:25<03:50,  4.27it/s]
Loading weights:   7%|█▋                     | 78/1058 [00:25<02:51,  5.72it/s]
Loading weights:   8%|█▊                     | 81/1058 [00:26<03:14,  5.02it/s]
Loading weights:   8%|█▊                     | 82/1058 [00:26<04:25,  3.68it/s]
Loading weights:   8%|█▊                     | 83/1058 [00:27<05:35,  2.91it/s]
Loading weights:   8%|█▉                     | 87/1058 [00:27<03:20,  4.85it/s]
Loading weights:   8%|█▉                     | 89/1058 [00:28<02:56,  5.49it/s]
Loading weights:   9%|█▉                     | 91/1058 [00:28<03:35,  4.48it/s]
Loading weights:   9%|██                     | 93/1058 [00:29<04:01,  3.99it/s]
Loading weights:   9%|██                     | 94/1058 [00:30<05:14,  3.07it/s]
Loading weights:   9%|██▏                    | 98/1058 [00:30<03:09,  5.07it/s]
Loading weights:   9%|██                    | 100/1058 [00:30<02:48,  5.70it/s]
Loading weights:  10%|██                    | 102/1058 [00:31<03:36,  4.42it/s]
Loading weights:  10%|██▏                   | 104/1058 [00:32<04:08,  3.84it/s]
Loading weights:  10%|██▏                   | 105/1058 [00:32<05:18,  2.99it/s]
Loading weights:  10%|██▎                   | 109/1058 [00:33<03:36,  4.39it/s]
Loading weights:  11%|██▎                   | 114/1058 [00:33<02:58,  5.29it/s]
Loading weights:  11%|██▍                   | 115/1058 [00:34<03:49,  4.12it/s]
Loading weights:  11%|██▍                   | 116/1058 [00:35<04:48,  3.27it/s]
Loading weights:  11%|██▍                   | 120/1058 [00:35<03:03,  5.11it/s]
Loading weights:  12%|██▌                   | 122/1058 [00:35<02:43,  5.71it/s]
Loading weights:  12%|██▌                   | 125/1058 [00:36<03:04,  5.05it/s]
Loading weights:  12%|██▌                   | 126/1058 [00:37<05:30,  2.82it/s]
Loading weights:  12%|██▋                   | 131/1058 [00:38<03:07,  4.95it/s]
Loading weights:  13%|██▊                   | 133/1058 [00:38<02:47,  5.53it/s]
Loading weights:  13%|██▊                   | 136/1058 [00:38<03:03,  5.02it/s]
Loading weights:  13%|██▊                   | 137/1058 [00:39<04:00,  3.83it/s]
Loading weights:  13%|██▊                   | 138/1058 [00:40<05:04,  3.03it/s]
Loading weights:  13%|██▉                   | 142/1058 [00:40<03:29,  4.36it/s]
Loading weights:  14%|███                   | 147/1058 [00:41<02:52,  5.29it/s]
Loading weights:  14%|███                   | 148/1058 [00:42<03:43,  4.07it/s]
Loading weights:  14%|███                   | 149/1058 [00:42<04:41,  3.23it/s]
Loading weights:  14%|███▏                  | 153/1058 [00:43<02:55,  5.16it/s]
Loading weights:  15%|███▎                  | 157/1058 [00:43<02:50,  5.28it/s]
Loading weights:  15%|███▎                  | 159/1058 [00:45<04:30,  3.33it/s]
Loading weights:  16%|███▍                  | 164/1058 [00:45<02:50,  5.24it/s]
Loading weights:  16%|███▍                  | 166/1058 [00:45<02:36,  5.70it/s]
Loading weights:  16%|███▍                  | 168/1058 [00:46<03:14,  4.57it/s]
Loading weights:  16%|███▌                  | 170/1058 [00:47<03:41,  4.01it/s]
Loading weights:  16%|███▌                  | 171/1058 [00:47<04:40,  3.16it/s]
Loading weights:  17%|███▋                  | 175/1058 [00:48<02:57,  4.97it/s]
Loading weights:  17%|███▋                  | 177/1058 [00:48<02:38,  5.57it/s]
Loading weights:  17%|███▋                  | 180/1058 [00:48<02:56,  4.98it/s]
Loading weights:  17%|███▊                  | 181/1058 [00:50<05:25,  2.69it/s]
Loading weights:  18%|███▊                  | 186/1058 [00:50<03:02,  4.78it/s]
Loading weights:  18%|███▉                  | 187/1058 [00:50<03:03,  4.74it/s]
Loading weights:  18%|███▉                  | 191/1058 [00:51<02:52,  5.02it/s]
Loading weights:  18%|███▉                  | 192/1058 [00:52<03:48,  3.80it/s]
Loading weights:  18%|████                  | 193/1058 [00:53<04:47,  3.01it/s]
Loading weights:  19%|████                  | 197/1058 [00:53<03:17,  4.37it/s]
Loading weights:  19%|████▏                 | 202/1058 [00:54<02:42,  5.28it/s]
Loading weights:  19%|████▏                 | 203/1058 [00:54<03:29,  4.09it/s]
Loading weights:  19%|████▏                 | 204/1058 [00:55<04:24,  3.22it/s]
Loading weights:  20%|████▎                 | 208/1058 [00:55<02:47,  5.09it/s]
Loading weights:  20%|████▎                 | 209/1058 [00:55<02:50,  4.97it/s]
Loading weights:  20%|████▍                 | 213/1058 [00:56<02:21,  5.99it/s]
Loading weights:  20%|████▍                 | 215/1058 [00:57<02:55,  4.82it/s]
Loading weights:  21%|████▌                 | 219/1058 [00:57<02:24,  5.80it/s]
Loading weights:  21%|████▋                 | 224/1058 [00:58<02:15,  6.16it/s]
Loading weights:  21%|████▋                 | 225/1058 [00:59<04:05,  3.39it/s]
Loading weights:  22%|████▊                 | 230/1058 [00:59<02:29,  5.54it/s]
Loading weights:  22%|████▉                 | 237/1058 [01:00<01:25,  9.56it/s]
Loading weights:  23%|█████                 | 246/1058 [01:00<01:09, 11.71it/s]
Loading weights:  24%|█████▏                | 249/1058 [01:00<01:05, 12.33it/s]
Loading weights:  24%|█████▍                | 259/1058 [01:00<00:39, 20.17it/s]
Loading weights:  25%|█████▌                | 268/1058 [01:01<00:28, 27.62it/s]
Loading weights:  26%|█████▋                | 273/1058 [01:01<00:54, 14.30it/s]
Loading weights:  26%|█████▊                | 277/1058 [01:02<01:02, 12.51it/s]
Loading weights:  26%|█████▊                | 280/1058 [01:03<01:56,  6.69it/s]
Loading weights:  27%|█████▊                | 282/1058 [01:04<02:18,  5.59it/s]
Loading weights:  27%|█████▉                | 285/1058 [01:04<02:00,  6.40it/s]
Loading weights:  27%|█████▉                | 287/1058 [01:05<01:54,  6.75it/s]
Loading weights:  27%|██████                | 289/1058 [01:05<02:28,  5.19it/s]
Loading weights:  28%|██████                | 291/1058 [01:06<02:56,  4.35it/s]
Loading weights:  28%|██████                | 292/1058 [01:07<03:46,  3.38it/s]
Loading weights:  28%|██████▏               | 296/1058 [01:07<02:44,  4.63it/s]
Loading weights:  28%|██████▎               | 301/1058 [01:07<01:48,  7.00it/s]
Loading weights:  29%|██████▎               | 303/1058 [01:08<01:35,  7.89it/s]
Loading weights:  30%|██████▌               | 313/1058 [01:08<00:53, 13.96it/s]
Loading weights:  30%|██████▌               | 317/1058 [01:08<00:49, 14.99it/s]
Loading weights:  31%|██████▋               | 323/1058 [01:08<00:38, 18.88it/s]
Loading weights:  31%|██████▊               | 326/1058 [01:09<00:46, 15.72it/s]
Loading weights:  31%|██████▊               | 329/1058 [01:09<00:54, 13.45it/s]
Loading weights:  32%|██████▉               | 334/1058 [01:10<01:13,  9.80it/s]
Loading weights:  33%|███████▏              | 345/1058 [01:10<00:38, 18.33it/s]
Loading weights:  33%|███████▎              | 349/1058 [01:10<00:49, 14.44it/s]
Loading weights:  33%|███████▎              | 352/1058 [01:11<00:54, 12.85it/s]
Loading weights:  34%|███████▍              | 356/1058 [01:11<01:07, 10.44it/s]
Loading weights:  34%|███████▍              | 358/1058 [01:12<01:50,  6.34it/s]
Loading weights:  34%|███████▌              | 362/1058 [01:12<01:23,  8.36it/s]
Loading weights:  34%|███████▌              | 364/1058 [01:12<01:16,  9.04it/s]
Loading weights:  35%|███████▋              | 367/1058 [01:13<01:58,  5.84it/s]
Loading weights:  35%|███████▋              | 369/1058 [01:14<02:20,  4.92it/s]
Loading weights:  35%|███████▊              | 373/1058 [01:14<01:36,  7.12it/s]
Loading weights:  35%|███████▊              | 375/1058 [01:14<01:23,  8.20it/s]
Loading weights:  36%|███████▊              | 377/1058 [01:15<01:55,  5.92it/s]
Loading weights:  36%|███████▉              | 379/1058 [01:16<02:11,  5.14it/s]
Loading weights:  36%|███████▉              | 380/1058 [01:16<02:43,  4.13it/s]
Loading weights:  36%|███████▉              | 384/1058 [01:16<01:41,  6.63it/s]
Loading weights:  36%|████████              | 386/1058 [01:16<01:28,  7.59it/s]
Loading weights:  37%|████████              | 389/1058 [01:17<01:38,  6.81it/s]
Loading weights:  37%|████████▏             | 391/1058 [01:18<02:36,  4.27it/s]
Loading weights:  37%|████████▏             | 395/1058 [01:18<01:43,  6.40it/s]
Loading weights:  38%|████████▎             | 397/1058 [01:18<01:32,  7.17it/s]
Loading weights:  38%|████████▎             | 400/1058 [01:19<01:46,  6.16it/s]
Loading weights:  38%|████████▎             | 401/1058 [01:20<02:30,  4.35it/s]
Loading weights:  38%|████████▎             | 402/1058 [01:20<03:16,  3.34it/s]
Loading weights:  38%|████████▍             | 406/1058 [01:20<01:59,  5.47it/s]
Loading weights:  39%|████████▍             | 408/1058 [01:21<01:46,  6.12it/s]
Loading weights:  39%|████████▌             | 410/1058 [01:21<02:17,  4.72it/s]
Loading weights:  39%|████████▌             | 412/1058 [01:22<02:38,  4.08it/s]
Loading weights:  39%|████████▌             | 413/1058 [01:23<03:20,  3.21it/s]
Loading weights:  39%|████████▋             | 417/1058 [01:23<02:01,  5.29it/s]
Loading weights:  40%|████████▋             | 418/1058 [01:23<02:01,  5.27it/s]
Loading weights:  40%|████████▊             | 422/1058 [01:24<02:29,  4.25it/s]
Loading weights:  40%|████████▊             | 424/1058 [01:25<02:38,  3.99it/s]
Loading weights:  40%|████████▉             | 428/1058 [01:25<01:56,  5.40it/s]
Loading weights:  41%|█████████             | 433/1058 [01:26<01:43,  6.02it/s]
Loading weights:  41%|█████████             | 434/1058 [01:26<02:14,  4.64it/s]
Loading weights:  41%|█████████             | 435/1058 [01:27<02:45,  3.76it/s]
Loading weights:  41%|█████████▏            | 439/1058 [01:27<01:46,  5.80it/s]
Loading weights:  42%|█████████▏            | 441/1058 [01:27<01:35,  6.49it/s]
Loading weights:  42%|█████████▏            | 443/1058 [01:28<01:56,  5.27it/s]
Loading weights:  42%|█████████▎            | 445/1058 [01:29<02:04,  4.94it/s]
Loading weights:  42%|█████████▎            | 446/1058 [01:29<02:41,  3.78it/s]
Loading weights:  43%|█████████▎            | 450/1058 [01:29<01:39,  6.14it/s]
Loading weights:  43%|█████████▍            | 452/1058 [01:29<01:24,  7.13it/s]
Loading weights:  43%|█████████▍            | 455/1058 [01:30<01:33,  6.47it/s]
Loading weights:  43%|█████████▍            | 456/1058 [01:30<02:00,  4.98it/s]
Loading weights:  43%|█████████▌            | 457/1058 [01:31<02:32,  3.94it/s]
Loading weights:  44%|█████████▌            | 461/1058 [01:31<01:29,  6.67it/s]
Loading weights:  44%|█████████▋            | 463/1058 [01:31<01:20,  7.41it/s]
Loading weights:  44%|█████████▋            | 465/1058 [01:32<01:37,  6.06it/s]
Loading weights:  44%|█████████▋            | 467/1058 [01:32<01:44,  5.68it/s]
Loading weights:  44%|█████████▋            | 468/1058 [01:33<01:54,  5.14it/s]
Loading weights:  45%|█████████▊            | 472/1058 [01:33<01:13,  7.97it/s]
Loading weights:  45%|█████████▉            | 476/1058 [01:33<01:13,  7.96it/s]
Loading weights:  45%|█████████▉            | 478/1058 [01:34<01:29,  6.45it/s]
Loading weights:  45%|█████████▉            | 479/1058 [01:34<02:00,  4.79it/s]
Loading weights:  46%|██████████            | 483/1058 [01:35<01:19,  7.24it/s]
Loading weights:  46%|██████████            | 485/1058 [01:35<01:13,  7.82it/s]
Loading weights:  46%|██████████▏           | 488/1058 [01:35<01:23,  6.83it/s]
Loading weights:  46%|██████████▏           | 489/1058 [01:36<01:48,  5.22it/s]
Loading weights:  46%|██████████▏           | 490/1058 [01:36<02:21,  4.02it/s]
Loading weights:  47%|██████████▎           | 494/1058 [01:37<01:36,  5.84it/s]
Loading weights:  47%|██████████▍           | 499/1058 [01:37<01:19,  7.06it/s]
Loading weights:  47%|██████████▍           | 500/1058 [01:38<01:42,  5.46it/s]
Loading weights:  47%|██████████▍           | 501/1058 [01:38<02:08,  4.33it/s]
Loading weights:  48%|██████████▌           | 505/1058 [01:38<01:20,  6.84it/s]
Loading weights:  48%|██████████▌           | 507/1058 [01:39<01:12,  7.58it/s]
Loading weights:  48%|██████████▌           | 509/1058 [01:39<01:32,  5.94it/s]
Loading weights:  48%|██████████▋           | 511/1058 [01:40<01:47,  5.10it/s]
Loading weights:  48%|██████████▋           | 512/1058 [01:40<02:15,  4.04it/s]
Loading weights:  49%|██████████▋           | 516/1058 [01:40<01:21,  6.68it/s]
Loading weights:  49%|██████████▊           | 518/1058 [01:40<01:11,  7.55it/s]
Loading weights:  49%|██████████▊           | 521/1058 [01:42<01:53,  4.73it/s]
Loading weights:  49%|██████████▉           | 523/1058 [01:42<01:55,  4.65it/s]
Loading weights:  50%|██████████▉           | 527/1058 [01:42<01:17,  6.89it/s]
Loading weights:  50%|███████████           | 529/1058 [01:42<01:10,  7.51it/s]
Loading weights:  50%|███████████           | 532/1058 [01:43<01:17,  6.75it/s]
Loading weights:  50%|███████████           | 533/1058 [01:43<01:24,  6.22it/s]
Loading weights:  51%|███████████▏          | 538/1058 [01:43<00:48, 10.74it/s]
Loading weights:  52%|███████████▎          | 545/1058 [01:43<00:29, 17.19it/s]
Loading weights:  52%|███████████▌          | 554/1058 [01:44<00:18, 27.89it/s]
Loading weights:  53%|███████████▋          | 562/1058 [01:44<00:13, 36.68it/s]
Loading weights:  54%|███████████▊          | 568/1058 [01:44<00:13, 36.08it/s]
Loading weights:  54%|███████████▉          | 573/1058 [01:44<00:20, 23.69it/s]
Loading weights:  55%|███████████▉          | 577/1058 [01:45<00:33, 14.39it/s]
Loading weights:  55%|████████████          | 580/1058 [01:45<00:43, 11.07it/s]
Loading weights:  55%|████████████▏         | 584/1058 [01:46<00:36, 12.99it/s]
Loading weights:  56%|████████████▏         | 589/1058 [01:46<00:33, 13.98it/s]
Loading weights:  56%|████████████▎         | 593/1058 [01:46<00:30, 15.27it/s]
Loading weights:  56%|████████████▍         | 596/1058 [01:46<00:30, 15.14it/s]
Loading weights:  57%|████████████▍         | 598/1058 [01:47<00:50,  9.11it/s]
Loading weights:  57%|████████████▍         | 600/1058 [01:48<01:30,  5.06it/s]
Loading weights:  57%|████████████▌         | 604/1058 [01:48<01:04,  7.02it/s]
Loading weights:  57%|████████████▌         | 606/1058 [01:48<00:59,  7.61it/s]
Loading weights:  58%|████████████▋         | 609/1058 [01:49<01:05,  6.83it/s]
Loading weights:  58%|████████████▋         | 611/1058 [01:50<01:55,  3.86it/s]
Loading weights:  58%|████████████▊         | 615/1058 [01:50<01:19,  5.60it/s]
Loading weights:  58%|████████████▊         | 617/1058 [01:51<01:10,  6.26it/s]
Loading weights:  59%|████████████▉         | 620/1058 [01:51<01:16,  5.74it/s]
Loading weights:  59%|████████████▉         | 621/1058 [01:52<01:39,  4.39it/s]
Loading weights:  59%|████████████▉         | 622/1058 [01:52<02:05,  3.47it/s]
Loading weights:  59%|█████████████         | 626/1058 [01:53<01:16,  5.61it/s]
Loading weights:  59%|█████████████         | 628/1058 [01:53<01:08,  6.29it/s]
Loading weights:  60%|█████████████         | 631/1058 [01:53<01:15,  5.64it/s]
Loading weights:  60%|█████████████▏        | 632/1058 [01:55<02:22,  3.00it/s]
Loading weights:  60%|█████████████▏        | 637/1058 [01:55<01:18,  5.35it/s]
Loading weights:  60%|█████████████▎        | 639/1058 [01:55<01:09,  6.02it/s]
Loading weights:  61%|█████████████▎        | 642/1058 [01:56<01:43,  4.02it/s]
Loading weights:  61%|█████████████▍        | 644/1058 [01:57<01:49,  3.78it/s]
Loading weights:  61%|█████████████▍        | 647/1058 [01:57<01:22,  5.01it/s]
Loading weights:  61%|█████████████▍        | 649/1058 [01:57<01:11,  5.74it/s]
Loading weights:  62%|█████████████▌        | 653/1058 [01:58<01:08,  5.90it/s]
Loading weights:  62%|█████████████▌        | 654/1058 [01:59<01:32,  4.37it/s]
Loading weights:  62%|█████████████▌        | 655/1058 [01:59<01:59,  3.38it/s]
Loading weights:  62%|█████████████▋        | 659/1058 [02:00<01:13,  5.40it/s]
Loading weights:  62%|█████████████▋        | 660/1058 [02:00<01:15,  5.24it/s]
Loading weights:  63%|█████████████▊        | 664/1058 [02:01<01:12,  5.42it/s]
Loading weights:  63%|█████████████▊        | 665/1058 [02:01<01:40,  3.91it/s]
Loading weights:  63%|█████████████▊        | 666/1058 [02:02<02:08,  3.04it/s]
Loading weights:  63%|█████████████▉        | 669/1058 [02:02<01:28,  4.40it/s]
Loading weights:  63%|█████████████▉        | 671/1058 [02:02<01:15,  5.15it/s]
Loading weights:  64%|██████████████        | 675/1058 [02:03<01:12,  5.32it/s]
Loading weights:  64%|██████████████        | 676/1058 [02:04<01:36,  3.96it/s]
Loading weights:  64%|██████████████        | 677/1058 [02:04<02:00,  3.15it/s]
Loading weights:  64%|██████████████▏       | 681/1058 [02:05<01:12,  5.19it/s]
Loading weights:  65%|██████████████▏       | 683/1058 [02:05<01:04,  5.83it/s]
Loading weights:  65%|██████████████▎       | 686/1058 [02:06<01:09,  5.34it/s]
Loading weights:  65%|██████████████▎       | 687/1058 [02:06<01:31,  4.04it/s]
Loading weights:  65%|██████████████▎       | 688/1058 [02:07<01:54,  3.24it/s]
Loading weights:  65%|██████████████▍       | 692/1058 [02:07<01:07,  5.41it/s]
Loading weights:  66%|██████████████▍       | 694/1058 [02:07<00:59,  6.10it/s]
Loading weights:  66%|██████████████▍       | 697/1058 [02:08<01:03,  5.70it/s]
Loading weights:  66%|██████████████▌       | 698/1058 [02:08<01:28,  4.09it/s]
Loading weights:  66%|██████████████▌       | 699/1058 [02:09<01:20,  4.46it/s]
Loading weights:  67%|██████████████▋       | 705/1058 [02:09<00:37,  9.35it/s]
Loading weights:  69%|███████████████       | 725/1058 [02:09<00:10, 31.49it/s]
Loading weights:  72%|███████████████▊      | 759/1058 [02:09<00:04, 73.73it/s]
Loading weights:  74%|████████████████▏     | 780/1058 [02:09<00:02, 94.84it/s]
Loading weights:  76%|████████████████     | 809/1058 [02:09<00:01, 128.67it/s]
Loading weights:  79%|████████████████▌    | 833/1058 [02:09<00:01, 146.47it/s]
Loading weights:  81%|████████████████▉    | 856/1058 [02:09<00:01, 159.04it/s]
Loading weights:  83%|█████████████████▍   | 879/1058 [02:10<00:01, 175.26it/s]
Loading weights:  85%|█████████████████▊   | 900/1058 [02:10<00:00, 171.18it/s]
Loading weights:  87%|██████████████████▎  | 920/1058 [02:10<00:00, 155.20it/s]
Loading weights:  89%|██████████████████▋  | 939/1058 [02:10<00:00, 151.52it/s]
Loading weights:  91%|███████████████████▏ | 964/1058 [02:10<00:00, 164.16it/s]
Loading weights:  93%|███████████████████▌ | 984/1058 [02:10<00:00, 168.37it/s]
Loading weights:  98%|███████████████████▌| 1033/1058 [02:10<00:00, 230.68it/s]
Loading weights: 100%|███████████████████▉| 1057/1058 [02:11<00:00, 130.36it/s]
Loading weights: 100%|█████████████████████| 1058/1058 [02:11<00:00,  8.06it/s]
[load] text_encoder: 33.36B params -> bfloat16 33.36B/62.1GiB
[load] ['text_encoder', 'tokenizer', 'processor'] in 134.1s
[mem] loaded for text_encoder      host_used=   3.9 GiB  hbm=  62.1 GiB  hbm_peak=  62.1 GiB
[run ] text_encoder:0 took 0.9s
[run ] text_encoder:1 took 0.1s
[run ] text_encoder:2 took 0.1s
[run ] text_encoder:3 took 0.1s
[run ] text_encoder:4 took 0.1s
[run ] text_encoder:5 took 0.1s
[run ] text_encoder:6 took 0.1s
[run ] text_encoder:7 took 0.1s
[run ] text_encoder:8 took 0.1s
[run ] text_encoder:9 took 0.1s
[run ] text_encoder:10 took 0.1s
[run ] text_encoder:11 took 0.1s
[run ] text_encoder:12 took 0.1s
[run ] text_encoder:13 took 0.1s
[run ] text_encoder:14 took 0.1s
[run ] text_encoder:15 took 0.1s
[run ] text_encoder:16 took 0.1s
[run ] text_encoder:17 took 0.1s
[run ] text_encoder:18 took 0.1s
[run ] text_encoder:19 took 0.1s
[mem] ran text_encoder             host_used=   4.4 GiB  hbm=  62.1 GiB  hbm_peak=  62.2 GiB
[free] ['text_encoder']
/usr/local/lib/python3.12/site-packages/torch/nn/utils/weight_norm.py:144: FutureWarning: `torch.nn.utils.weight_norm` is deprecated in favor of `torch.nn.utils.parametrizations.weight_norm`.
  WeightNorm.apply(module, name, dim)

Loading checkpoint shards:   0%|                         | 0/3 [00:00<?, ?it/s]
Loading checkpoint shards:  33%|█████▋           | 1/3 [00:01<00:03,  1.69s/it]
Loading checkpoint shards:  67%|███████████▎     | 2/3 [00:02<00:01,  1.24s/it]
Loading checkpoint shards: 100%|█████████████████| 3/3 [00:02<00:00,  1.12it/s]
[load] vae: 2.60B params -> float32 2.60B/9.7GiB
[load] audio_vae: 0.15B params -> float32 0.15B/0.6GiB
[load] ['vae', 'audio_vae'] in 3.5s
[mem] loaded for vae_encoder       host_used=   4.4 GiB  hbm=  10.3 GiB  hbm_peak=  62.2 GiB
[run ] vae_encoder:0 took 0.0s
[run ] vae_encoder:1 took 0.0s
[run ] vae_encoder:2 took 0.0s
[run ] vae_encoder:3 took 0.0s
[run ] vae_encoder:4 took 0.0s
[run ] vae_encoder:5 took 0.0s
[run ] vae_encoder:6 took 0.0s
[run ] vae_encoder:7 took 0.0s
[run ] vae_encoder:8 took 0.0s
[run ] vae_encoder:9 took 0.0s
[run ] vae_encoder:10 took 0.0s
[run ] vae_encoder:11 took 0.0s
[run ] vae_encoder:12 took 0.0s
[run ] vae_encoder:13 took 0.0s
[run ] vae_encoder:14 took 0.0s
[run ] vae_encoder:15 took 0.0s
[run ] vae_encoder:16 took 0.0s
[run ] vae_encoder:17 took 0.0s
[run ] vae_encoder:18 took 0.0s
[run ] vae_encoder:19 took 0.0s
[mem] ran vae_encoder              host_used=   4.4 GiB  hbm=  10.3 GiB  hbm_peak=  62.2 GiB
[free] ['vae', 'audio_vae']

Loading checkpoint shards:   0%|                        | 0/14 [00:00<?, ?it/s]
Loading checkpoint shards:   7%|█▏              | 1/14 [00:10<02:14, 10.34s/it]
Loading checkpoint shards:  14%|██▎             | 2/14 [00:21<02:09, 10.78s/it]
Loading checkpoint shards:  21%|███▍            | 3/14 [00:33<02:02, 11.15s/it]
Loading checkpoint shards:  29%|████▌           | 4/14 [00:43<01:47, 10.79s/it]
Loading checkpoint shards:  36%|█████▋          | 5/14 [00:50<01:26,  9.62s/it]
Loading checkpoint shards:  43%|██████▊         | 6/14 [01:02<01:23, 10.43s/it]
Loading checkpoint shards:  50%|████████        | 7/14 [01:12<01:10, 10.05s/it]
Loading checkpoint shards:  57%|█████████▏      | 8/14 [01:23<01:02, 10.39s/it]
Loading checkpoint shards:  64%|██████████▎     | 9/14 [01:34<00:53, 10.73s/it]
Loading checkpoint shards:  71%|██████████▋    | 10/14 [01:46<00:43, 10.93s/it]
Loading checkpoint shards:  79%|███████████▊   | 11/14 [01:58<00:33, 11.26s/it]
Loading checkpoint shards:  86%|████████████▊  | 12/14 [02:10<00:23, 11.70s/it]
Loading checkpoint shards:  93%|█████████████▉ | 13/14 [02:22<00:11, 11.79s/it]
Loading checkpoint shards: 100%|███████████████| 14/14 [02:35<00:00, 12.00s/it]
Loading checkpoint shards: 100%|███████████████| 14/14 [02:35<00:00, 11.09s/it]
[load] transformer: 33.12B params -> bfloat16 33.11B/61.7GiB, float32 0.02B/0.1GiB
[load] ['transformer', 'scheduler', 'audio_scheduler'] in 155.3s
[mem] loaded for denoise           host_used=   4.4 GiB  hbm=  61.8 GiB  hbm_peak=  62.2 GiB
[fbc ] FBCache enabled: threshold=0.25

  0%|                                                   | 0/49 [00:00<?, ?it/s]
  2%|▉                                          | 1/49 [00:15<12:29, 15.61s/it]
  4%|█▊                                         | 2/49 [00:15<05:10,  6.62s/it]
  6%|██▋                                        | 3/49 [00:16<02:52,  3.74s/it]
  8%|███▌                                       | 4/49 [00:16<01:47,  2.39s/it]
 10%|████▍                                      | 5/49 [00:26<03:45,  5.12s/it]
 12%|█████▎                                     | 6/49 [00:32<03:50,  5.37s/it]
 14%|██████▏                                    | 7/49 [00:32<02:36,  3.72s/it]
 16%|███████                                    | 8/49 [00:33<01:48,  2.64s/it]
 18%|███████▉                                   | 9/49 [00:33<01:16,  1.92s/it]
 20%|████████▌                                 | 10/49 [00:43<02:51,  4.39s/it]
 22%|█████████▍                                | 11/49 [00:49<03:03,  4.84s/it]
 24%|██████████▎                               | 12/49 [00:49<02:08,  3.46s/it]
 27%|███████████▏                              | 13/49 [00:49<01:30,  2.51s/it]
 29%|████████████                              | 14/49 [00:50<01:04,  1.85s/it]
 31%|████████████▊                             | 15/49 [00:50<00:47,  1.39s/it]
 33%|█████████████▋                            | 16/49 [00:50<00:35,  1.07s/it]
 35%|██████████████▌                           | 17/49 [00:51<00:27,  1.18it/s]
 37%|███████████████▍                          | 18/49 [01:01<01:50,  3.57s/it]
 39%|████████████████▎                         | 19/49 [01:06<02:07,  4.26s/it]
 41%|█████████████████▏                        | 20/49 [01:07<01:29,  3.08s/it]
 43%|██████████████████                        | 21/49 [01:07<01:02,  2.25s/it]
 45%|██████████████████▊                       | 22/49 [01:07<00:45,  1.67s/it]
 47%|███████████████████▋                      | 23/49 [01:08<00:32,  1.27s/it]
 49%|████████████████████▌                     | 24/49 [01:08<00:24,  1.02it/s]
 51%|█████████████████████▍                    | 25/49 [01:08<00:18,  1.27it/s]
 53%|██████████████████████▎                   | 26/49 [01:09<00:14,  1.54it/s]
 55%|███████████████████████▏                  | 27/49 [01:09<00:12,  1.82it/s]
 57%|████████████████████████                  | 28/49 [01:09<00:10,  2.07it/s]
 59%|████████████████████████▊                 | 29/49 [01:19<01:06,  3.31s/it]
 61%|█████████████████████████▋                | 30/49 [01:25<01:17,  4.07s/it]
 63%|██████████████████████████▌               | 31/49 [01:25<00:53,  2.95s/it]
 65%|███████████████████████████▍              | 32/49 [01:26<00:36,  2.16s/it]
 67%|████████████████████████████▎             | 33/49 [01:26<00:25,  1.61s/it]
 69%|█████████████████████████████▏            | 34/49 [01:26<00:18,  1.22s/it]
 71%|██████████████████████████████            | 35/49 [01:27<00:13,  1.05it/s]
 73%|██████████████████████████████▊           | 36/49 [01:27<00:09,  1.31it/s]
 76%|███████████████████████████████▋          | 37/49 [01:27<00:07,  1.58it/s]
 78%|████████████████████████████████▌         | 38/49 [01:37<00:37,  3.42s/it]
 80%|█████████████████████████████████▍        | 39/49 [01:43<00:41,  4.14s/it]
 82%|██████████████████████████████████▎       | 40/49 [01:43<00:26,  3.00s/it]
 84%|███████████████████████████████████▏      | 41/49 [01:44<00:17,  2.19s/it]
 86%|████████████████████████████████████      | 42/49 [01:44<00:11,  1.63s/it]
 88%|████████████████████████████████████▊     | 43/49 [01:44<00:07,  1.24s/it]
 90%|█████████████████████████████████████▋    | 44/49 [01:54<00:19,  3.84s/it]
 92%|██████████████████████████████████████▌   | 45/49 [02:00<00:17,  4.44s/it]
 94%|███████████████████████████████████████▍  | 46/49 [02:00<00:09,  3.20s/it]
 96%|████████████████████████████████████████▎ | 47/49 [02:01<00:04,  2.34s/it]
 98%|█████████████████████████████████████████▏| 48/49 [02:11<00:04,  4.61s/it]
100%|██████████████████████████████████████████| 49/49 [02:16<00:00,  4.98s/it]
100%|██████████████████████████████████████████| 49/49 [02:16<00:00,  2.80s/it]
[run ] denoise:0 took 137.0s
[mem] ran denoise:0                host_used=   4.5 GiB  hbm=  63.0 GiB  hbm_peak=  69.3 GiB

  0%|                                                   | 0/49 [00:00<?, ?it/s]
  2%|▉                                          | 1/49 [00:15<12:20, 15.42s/it]
  4%|█▊                                         | 2/49 [00:15<05:07,  6.54s/it]
  6%|██▋                                        | 3/49 [00:16<02:50,  3.70s/it]
  8%|███▌                                       | 4/49 [00:25<04:36,  6.15s/it]
 10%|████▍                                      | 5/49 [00:31<04:25,  6.04s/it]
 12%|█████▎                                     | 6/49 [00:32<02:56,  4.10s/it]
 14%|██████▏                                    | 7/49 [00:32<02:00,  2.86s/it]
 16%|███████                                    | 8/49 [00:32<01:24,  2.05s/it]
 18%|███████▉                                   | 9/49 [00:42<03:00,  4.51s/it]
 20%|████████▌                                 | 10/49 [00:48<03:11,  4.92s/it]
 22%|█████████▍                                | 11/49 [00:48<02:13,  3.51s/it]
 24%|██████████▎                               | 12/49 [00:49<01:34,  2.54s/it]
 27%|███████████▏                              | 13/49 [00:49<01:07,  1.87s/it]
 29%|████████████                              | 14/49 [00:49<00:49,  1.40s/it]
 31%|████████████▊                             | 15/49 [00:50<00:36,  1.08s/it]
 33%|█████████████▋                            | 16/49 [00:50<00:28,  1.17it/s]
 35%|██████████████▌                           | 17/49 [01:00<01:54,  3.57s/it]
 37%|███████████████▍                          | 18/49 [01:06<02:11,  4.25s/it]
 39%|████████████████▎                         | 19/49 [01:06<01:32,  3.07s/it]
 41%|█████████████████▏                        | 20/49 [01:06<01:05,  2.25s/it]
 43%|██████████████████                        | 21/49 [01:07<00:46,  1.67s/it]
 45%|██████████████████▊                       | 22/49 [01:07<00:34,  1.27s/it]
 47%|███████████████████▋                      | 23/49 [01:07<00:25,  1.02it/s]
 49%|████████████████████▌                     | 24/49 [01:08<00:19,  1.27it/s]
 51%|█████████████████████▍                    | 25/49 [01:08<00:15,  1.55it/s]
 53%|██████████████████████▎                   | 26/49 [01:08<00:12,  1.82it/s]
 55%|███████████████████████▏                  | 27/49 [01:09<00:10,  2.07it/s]
 57%|████████████████████████                  | 28/49 [01:19<01:09,  3.31s/it]
 59%|████████████████████████▊                 | 29/49 [01:24<01:21,  4.07s/it]
 61%|█████████████████████████▋                | 30/49 [01:25<00:55,  2.94s/it]
 63%|██████████████████████████▌               | 31/49 [01:25<00:38,  2.16s/it]
 65%|███████████████████████████▍              | 32/49 [01:25<00:27,  1.61s/it]
 67%|████████████████████████████▎             | 33/49 [01:26<00:19,  1.22s/it]
 69%|█████████████████████████████▏            | 34/49 [01:26<00:14,  1.05it/s]
 71%|██████████████████████████████            | 35/49 [01:26<00:10,  1.31it/s]
 73%|██████████████████████████████▊           | 36/49 [01:27<00:08,  1.58it/s]
 76%|███████████████████████████████▋          | 37/49 [01:37<00:40,  3.41s/it]
 78%|████████████████████████████████▌         | 38/49 [01:42<00:45,  4.14s/it]
 80%|█████████████████████████████████▍        | 39/49 [01:43<00:29,  2.99s/it]
 82%|██████████████████████████████████▎       | 40/49 [01:43<00:19,  2.19s/it]
 84%|███████████████████████████████████▏      | 41/49 [01:43<00:13,  1.63s/it]
 86%|████████████████████████████████████      | 42/49 [01:44<00:08,  1.24s/it]
 88%|████████████████████████████████████▊     | 43/49 [01:54<00:23,  3.84s/it]
 90%|█████████████████████████████████████▋    | 44/49 [01:59<00:22,  4.43s/it]
 92%|██████████████████████████████████████▌   | 45/49 [02:00<00:12,  3.20s/it]
 94%|███████████████████████████████████████▍  | 46/49 [02:00<00:07,  2.34s/it]
 96%|████████████████████████████████████████▎ | 47/49 [02:10<00:09,  4.60s/it]
 98%|█████████████████████████████████████████▏| 48/49 [02:16<00:04,  4.97s/it]
100%|██████████████████████████████████████████| 49/49 [02:26<00:00,  6.45s/it]
100%|██████████████████████████████████████████| 49/49 [02:26<00:00,  2.98s/it]
[run ] denoise:1 took 146.2s
[mem] ran denoise:1                host_used=   4.6 GiB  hbm=  63.0 GiB  hbm_peak=  69.3 GiB

  0%|                                                   | 0/49 [00:00<?, ?it/s]
  2%|▉                                          | 1/49 [00:15<12:19, 15.41s/it]
  4%|█▊                                         | 2/49 [00:15<05:07,  6.53s/it]
  6%|██▋                                        | 3/49 [00:16<02:50,  3.70s/it]
  8%|███▌                                       | 4/49 [00:16<01:46,  2.37s/it]
 10%|████▍                                      | 5/49 [00:26<03:43,  5.09s/it]
 12%|█████▎                                     | 6/49 [00:32<03:49,  5.34s/it]
 14%|██████▏                                    | 7/49 [00:32<02:35,  3.70s/it]
 16%|███████                                    | 8/49 [00:32<01:47,  2.63s/it]
 18%|███████▉                                   | 9/49 [00:33<01:16,  1.91s/it]
 20%|████████▌                                 | 10/49 [00:33<00:55,  1.42s/it]
 22%|█████████▍                                | 11/49 [00:43<02:32,  4.02s/it]
 24%|██████████▎                               | 12/49 [00:49<02:49,  4.57s/it]
 27%|███████████▏                              | 13/49 [00:49<01:58,  3.28s/it]
 29%|████████████                              | 14/49 [00:49<01:23,  2.39s/it]
 31%|████████████▊                             | 15/49 [00:50<01:00,  1.77s/it]
 33%|█████████████▋                            | 16/49 [00:50<00:43,  1.33s/it]
 35%|██████████████▌                           | 17/49 [00:50<00:32,  1.03s/it]
 37%|███████████████▍                          | 18/49 [00:51<00:25,  1.22it/s]
 39%|████████████████▎                         | 19/49 [00:51<00:20,  1.49it/s]
 41%|█████████████████▏                        | 20/49 [01:01<01:39,  3.44s/it]
 43%|██████████████████                        | 21/49 [01:07<01:56,  4.16s/it]
 45%|██████████████████▊                       | 22/49 [01:07<01:21,  3.01s/it]
 47%|███████████████████▋                      | 23/49 [01:07<00:57,  2.20s/it]
 49%|████████████████████▌                     | 24/49 [01:08<00:40,  1.64s/it]
 51%|█████████████████████▍                    | 25/49 [01:08<00:29,  1.24s/it]
 53%|██████████████████████▎                   | 26/49 [01:08<00:22,  1.03it/s]
 55%|███████████████████████▏                  | 27/49 [01:09<00:17,  1.29it/s]
 57%|████████████████████████                  | 28/49 [01:09<00:13,  1.56it/s]
 59%|████████████████████████▊                 | 29/49 [01:09<00:10,  1.84it/s]
 61%|█████████████████████████▋                | 30/49 [01:19<01:03,  3.35s/it]
 63%|██████████████████████████▌               | 31/49 [01:25<01:13,  4.10s/it]
 65%|███████████████████████████▍              | 32/49 [01:25<00:50,  2.96s/it]
 67%|████████████████████████████▎             | 33/49 [01:26<00:34,  2.17s/it]
 69%|█████████████████████████████▏            | 34/49 [01:26<00:24,  1.62s/it]
 71%|██████████████████████████████            | 35/49 [01:26<00:17,  1.23s/it]
 73%|██████████████████████████████▊           | 36/49 [01:27<00:12,  1.04it/s]
 76%|███████████████████████████████▋          | 37/49 [01:27<00:09,  1.30it/s]
 78%|████████████████████████████████▌         | 38/49 [01:37<00:38,  3.51s/it]
 80%|█████████████████████████████████▍        | 39/49 [01:43<00:42,  4.21s/it]
 82%|██████████████████████████████████▎       | 40/49 [01:43<00:27,  3.04s/it]
 84%|███████████████████████████████████▏      | 41/49 [01:43<00:17,  2.23s/it]
 86%|████████████████████████████████████      | 42/49 [01:44<00:11,  1.65s/it]
 88%|████████████████████████████████████▊     | 43/49 [01:44<00:07,  1.26s/it]
 90%|█████████████████████████████████████▋    | 44/49 [01:54<00:19,  3.85s/it]
 92%|██████████████████████████████████████▌   | 45/49 [02:00<00:17,  4.44s/it]
 94%|███████████████████████████████████████▍  | 46/49 [02:00<00:09,  3.21s/it]
 96%|████████████████████████████████████████▎ | 47/49 [02:10<00:10,  5.22s/it]
 98%|█████████████████████████████████████████▏| 48/49 [02:16<00:05,  5.40s/it]
100%|██████████████████████████████████████████| 49/49 [02:26<00:00,  6.75s/it]
100%|██████████████████████████████████████████| 49/49 [02:26<00:00,  2.98s/it]
[run ] denoise:2 took 146.2s
[mem] ran denoise:2                host_used=   4.6 GiB  hbm=  63.0 GiB  hbm_peak=  69.4 GiB

  0%|                                                   | 0/49 [00:00<?, ?it/s]
  2%|▉                                          | 1/49 [00:15<12:19, 15.41s/it]
  4%|█▊                                         | 2/49 [00:15<05:07,  6.53s/it]
  6%|██▋                                        | 3/49 [00:16<02:50,  3.70s/it]
  8%|███▌                                       | 4/49 [00:16<01:46,  2.37s/it]
 10%|████▍                                      | 5/49 [00:26<03:43,  5.09s/it]
 12%|█████▎                                     | 6/49 [00:32<03:49,  5.34s/it]
 14%|██████▏                                    | 7/49 [00:32<02:35,  3.70s/it]
 16%|███████                                    | 8/49 [00:32<01:47,  2.63s/it]
 18%|███████▉                                   | 9/49 [00:33<01:16,  1.91s/it]
 20%|████████▌                                 | 10/49 [00:42<02:50,  4.38s/it]
 22%|█████████▍                                | 11/49 [00:48<03:03,  4.82s/it]
 24%|██████████▎                               | 12/49 [00:49<02:07,  3.45s/it]
 27%|███████████▏                              | 13/49 [00:49<01:30,  2.51s/it]
 29%|████████████                              | 14/49 [00:49<01:04,  1.85s/it]
 31%|████████████▊                             | 15/49 [00:50<00:47,  1.39s/it]
 33%|█████████████▋                            | 16/49 [00:50<00:35,  1.07s/it]
 35%|██████████████▌                           | 17/49 [00:50<00:27,  1.18it/s]
 37%|███████████████▍                          | 18/49 [01:00<01:50,  3.57s/it]
 39%|████████████████▎                         | 19/49 [01:06<02:07,  4.25s/it]
 41%|█████████████████▏                        | 20/49 [01:06<01:29,  3.07s/it]
 43%|██████████████████                        | 21/49 [01:07<01:02,  2.25s/it]
 45%|██████████████████▊                       | 22/49 [01:07<00:45,  1.67s/it]
 47%|███████████████████▋                      | 23/49 [01:07<00:32,  1.27s/it]
 49%|████████████████████▌                     | 24/49 [01:08<00:24,  1.02it/s]
 51%|█████████████████████▍                    | 25/49 [01:08<00:18,  1.27it/s]
 53%|██████████████████████▎                   | 26/49 [01:08<00:14,  1.55it/s]
 55%|███████████████████████▏                  | 27/49 [01:09<00:12,  1.82it/s]
 57%|████████████████████████                  | 28/49 [01:19<01:10,  3.36s/it]
 59%|████████████████████████▊                 | 29/49 [01:24<01:21,  4.10s/it]
 61%|█████████████████████████▋                | 30/49 [01:25<00:56,  2.97s/it]
 63%|██████████████████████████▌               | 31/49 [01:25<00:39,  2.17s/it]
 65%|███████████████████████████▍              | 32/49 [01:25<00:27,  1.62s/it]
 67%|████████████████████████████▎             | 33/49 [01:26<00:19,  1.23s/it]
 69%|█████████████████████████████▏            | 34/49 [01:26<00:14,  1.04it/s]
 71%|██████████████████████████████            | 35/49 [01:26<00:10,  1.30it/s]
 73%|██████████████████████████████▊           | 36/49 [01:27<00:08,  1.58it/s]
 76%|███████████████████████████████▋          | 37/49 [01:37<00:40,  3.42s/it]
 78%|████████████████████████████████▌         | 38/49 [01:42<00:45,  4.14s/it]
 80%|█████████████████████████████████▍        | 39/49 [01:43<00:29,  2.99s/it]
 82%|██████████████████████████████████▎       | 40/49 [01:43<00:19,  2.19s/it]
 84%|███████████████████████████████████▏      | 41/49 [01:43<00:13,  1.63s/it]
 86%|████████████████████████████████████      | 42/49 [01:44<00:08,  1.24s/it]
 88%|████████████████████████████████████▊     | 43/49 [01:54<00:23,  3.84s/it]
 90%|█████████████████████████████████████▋    | 44/49 [01:59<00:22,  4.43s/it]
 92%|██████████████████████████████████████▌   | 45/49 [02:00<00:12,  3.20s/it]
 94%|███████████████████████████████████████▍  | 46/49 [02:00<00:07,  2.34s/it]
 96%|████████████████████████████████████████▎ | 47/49 [02:10<00:09,  4.60s/it]
 98%|█████████████████████████████████████████▏| 48/49 [02:16<00:04,  4.97s/it]
100%|██████████████████████████████████████████| 49/49 [02:26<00:00,  6.45s/it]
100%|██████████████████████████████████████████| 49/49 [02:26<00:00,  2.98s/it]
[run ] denoise:3 took 146.2s
[mem] ran denoise:3                host_used=   4.6 GiB  hbm=  63.1 GiB  hbm_peak=  69.4 GiB

  0%|                                                   | 0/49 [00:00<?, ?it/s]
  2%|▉                                          | 1/49 [00:15<12:19, 15.42s/it]
  4%|█▊                                         | 2/49 [00:15<05:07,  6.54s/it]
  6%|██▋                                        | 3/49 [00:16<02:50,  3.70s/it]
  8%|███▌                                       | 4/49 [00:25<04:36,  6.15s/it]
 10%|████▍                                      | 5/49 [00:31<04:25,  6.04s/it]
 12%|█████▎                                     | 6/49 [00:32<02:56,  4.09s/it]
 14%|██████▏                                    | 7/49 [00:32<02:00,  2.86s/it]
 16%|███████                                    | 8/49 [00:32<01:24,  2.05s/it]
 18%|███████▉                                   | 9/49 [00:42<03:00,  4.51s/it]
 20%|████████▌                                 | 10/49 [00:48<03:11,  4.92s/it]
 22%|█████████▍                                | 11/49 [00:48<02:13,  3.51s/it]
 24%|██████████▎                               | 12/49 [00:49<01:34,  2.54s/it]
 27%|███████████▏                              | 13/49 [00:49<01:07,  1.87s/it]
 29%|████████████                              | 14/49 [00:49<00:49,  1.40s/it]
 31%|████████████▊                             | 15/49 [00:50<00:36,  1.08s/it]
 33%|█████████████▋                            | 16/49 [00:50<00:28,  1.17it/s]
 35%|██████████████▌                           | 17/49 [01:00<01:54,  3.57s/it]
 37%|███████████████▍                          | 18/49 [01:06<02:11,  4.25s/it]
 39%|████████████████▎                         | 19/49 [01:06<01:32,  3.07s/it]
 41%|█████████████████▏                        | 20/49 [01:06<01:05,  2.25s/it]
 43%|██████████████████                        | 21/49 [01:07<00:46,  1.67s/it]
 45%|██████████████████▊                       | 22/49 [01:07<00:34,  1.27s/it]
 47%|███████████████████▋                      | 23/49 [01:07<00:25,  1.02it/s]
 49%|████████████████████▌                     | 24/49 [01:08<00:19,  1.27it/s]
 51%|█████████████████████▍                    | 25/49 [01:08<00:15,  1.54it/s]
 53%|██████████████████████▎                   | 26/49 [01:08<00:12,  1.82it/s]
 55%|███████████████████████▏                  | 27/49 [01:09<00:10,  2.07it/s]
 57%|████████████████████████                  | 28/49 [01:19<01:09,  3.31s/it]
 59%|████████████████████████▊                 | 29/49 [01:24<01:21,  4.07s/it]
 61%|█████████████████████████▋                | 30/49 [01:25<00:55,  2.94s/it]
 63%|██████████████████████████▌               | 31/49 [01:25<00:38,  2.16s/it]
 65%|███████████████████████████▍              | 32/49 [01:25<00:27,  1.61s/it]
 67%|████████████████████████████▎             | 33/49 [01:26<00:19,  1.22s/it]
 69%|█████████████████████████████▏            | 34/49 [01:26<00:14,  1.05it/s]
 71%|██████████████████████████████            | 35/49 [01:26<00:10,  1.31it/s]
 73%|██████████████████████████████▊           | 36/49 [01:27<00:08,  1.58it/s]
 76%|███████████████████████████████▋          | 37/49 [01:37<00:40,  3.41s/it]
 78%|████████████████████████████████▌         | 38/49 [01:42<00:45,  4.14s/it]
 80%|█████████████████████████████████▍        | 39/49 [01:43<00:29,  2.99s/it]
 82%|██████████████████████████████████▎       | 40/49 [01:43<00:19,  2.19s/it]
 84%|███████████████████████████████████▏      | 41/49 [01:43<00:13,  1.63s/it]
 86%|████████████████████████████████████      | 42/49 [01:44<00:08,  1.24s/it]
 88%|████████████████████████████████████▊     | 43/49 [01:54<00:23,  3.84s/it]
 90%|█████████████████████████████████████▋    | 44/49 [01:59<00:22,  4.43s/it]
 92%|██████████████████████████████████████▌   | 45/49 [02:00<00:12,  3.20s/it]
 94%|███████████████████████████████████████▍  | 46/49 [02:00<00:07,  2.34s/it]
 96%|████████████████████████████████████████▎ | 47/49 [02:10<00:09,  4.60s/it]
 98%|█████████████████████████████████████████▏| 48/49 [02:16<00:04,  4.97s/it]
100%|██████████████████████████████████████████| 49/49 [02:26<00:00,  6.44s/it]
100%|██████████████████████████████████████████| 49/49 [02:26<00:00,  2.98s/it]
[run ] denoise:4 took 146.2s
[mem] ran denoise:4                host_used=   4.6 GiB  hbm=  63.1 GiB  hbm_peak=  69.4 GiB

  0%|                                                   | 0/49 [00:00<?, ?it/s]
  2%|▉                                          | 1/49 [00:15<12:20, 15.42s/it]
  4%|█▊                                         | 2/49 [00:15<05:07,  6.54s/it]
  6%|██▋                                        | 3/49 [00:16<02:50,  3.70s/it]
  8%|███▌                                       | 4/49 [00:16<01:46,  2.37s/it]
 10%|████▍                                      | 5/49 [00:26<03:43,  5.09s/it]
 12%|█████▎                                     | 6/49 [00:32<03:49,  5.34s/it]
 14%|██████▏                                    | 7/49 [00:32<02:35,  3.70s/it]
 16%|███████                                    | 8/49 [00:32<01:47,  2.63s/it]
 18%|███████▉                                   | 9/49 [00:33<01:16,  1.91s/it]
 20%|████████▌                                 | 10/49 [00:43<02:50,  4.38s/it]
 22%|█████████▍                                | 11/49 [00:48<03:03,  4.82s/it]
 24%|██████████▎                               | 12/49 [00:49<02:07,  3.46s/it]
 27%|███████████▏                              | 13/49 [00:49<01:30,  2.51s/it]
 29%|████████████                              | 14/49 [00:49<01:04,  1.85s/it]
 31%|████████████▊                             | 15/49 [00:50<00:47,  1.39s/it]
 33%|█████████████▋                            | 16/49 [00:50<00:35,  1.07s/it]
 35%|██████████████▌                           | 17/49 [00:50<00:27,  1.18it/s]
 37%|███████████████▍                          | 18/49 [01:00<01:50,  3.57s/it]
 39%|████████████████▎                         | 19/49 [01:06<02:07,  4.25s/it]
 41%|█████████████████▏                        | 20/49 [01:06<01:29,  3.07s/it]
 43%|██████████████████                        | 21/49 [01:07<01:02,  2.25s/it]
 45%|██████████████████▊                       | 22/49 [01:07<00:45,  1.67s/it]
 47%|███████████████████▋                      | 23/49 [01:07<00:32,  1.27s/it]
 49%|████████████████████▌                     | 24/49 [01:08<00:24,  1.02it/s]
 51%|█████████████████████▍                    | 25/49 [01:08<00:18,  1.27it/s]
 53%|██████████████████████▎                   | 26/49 [01:08<00:14,  1.54it/s]
 55%|███████████████████████▏                  | 27/49 [01:09<00:12,  1.82it/s]
 57%|████████████████████████                  | 28/49 [01:19<01:10,  3.36s/it]
 59%|████████████████████████▊                 | 29/49 [01:24<01:22,  4.10s/it]
 61%|█████████████████████████▋                | 30/49 [01:25<00:56,  2.97s/it]
 63%|██████████████████████████▌               | 31/49 [01:25<00:39,  2.17s/it]
 65%|███████████████████████████▍              | 32/49 [01:25<00:27,  1.62s/it]
 67%|████████████████████████████▎             | 33/49 [01:26<00:19,  1.23s/it]
 69%|█████████████████████████████▏            | 34/49 [01:26<00:14,  1.04it/s]
 71%|██████████████████████████████            | 35/49 [01:26<00:10,  1.30it/s]
 73%|██████████████████████████████▊           | 36/49 [01:27<00:08,  1.57it/s]
 76%|███████████████████████████████▋          | 37/49 [01:37<00:40,  3.42s/it]
 78%|████████████████████████████████▌         | 38/49 [01:42<00:45,  4.14s/it]
 80%|█████████████████████████████████▍        | 39/49 [01:43<00:29,  3.00s/it]
 82%|██████████████████████████████████▎       | 40/49 [01:43<00:19,  2.19s/it]
 84%|███████████████████████████████████▏      | 41/49 [01:43<00:13,  1.63s/it]
 86%|████████████████████████████████████      | 42/49 [01:44<00:08,  1.24s/it]
 88%|████████████████████████████████████▊     | 43/49 [01:54<00:23,  3.84s/it]
 90%|█████████████████████████████████████▋    | 44/49 [01:59<00:22,  4.44s/it]
 92%|██████████████████████████████████████▌   | 45/49 [02:00<00:12,  3.20s/it]
 94%|███████████████████████████████████████▍  | 46/49 [02:00<00:07,  2.34s/it]
 96%|████████████████████████████████████████▎ | 47/49 [02:10<00:09,  4.61s/it]
 98%|█████████████████████████████████████████▏| 48/49 [02:16<00:04,  4.97s/it]
100%|██████████████████████████████████████████| 49/49 [02:26<00:00,  6.45s/it]
100%|██████████████████████████████████████████| 49/49 [02:26<00:00,  2.98s/it]
[run ] denoise:5 took 146.3s
[mem] ran denoise:5                host_used=   4.7 GiB  hbm=  63.1 GiB  hbm_peak=  69.5 GiB

  0%|                                                   | 0/49 [00:00<?, ?it/s]
  2%|▉                                          | 1/49 [00:15<12:20, 15.42s/it]
  4%|█▊                                         | 2/49 [00:15<05:07,  6.54s/it]
  6%|██▋                                        | 3/49 [00:16<02:50,  3.70s/it]
  8%|███▌                                       | 4/49 [00:25<04:36,  6.15s/it]
 10%|████▍                                      | 5/49 [00:31<04:25,  6.04s/it]
 12%|█████▎                                     | 6/49 [00:32<02:56,  4.10s/it]
 14%|██████▏                                    | 7/49 [00:32<02:00,  2.86s/it]
 16%|███████                                    | 8/49 [00:32<01:24,  2.06s/it]
 18%|███████▉                                   | 9/49 [00:42<03:00,  4.51s/it]
 20%|████████▌                                 | 10/49 [00:48<03:11,  4.92s/it]
 22%|█████████▍                                | 11/49 [00:48<02:13,  3.51s/it]
 24%|██████████▎                               | 12/49 [00:49<01:34,  2.54s/it]
 27%|███████████▏                              | 13/49 [00:49<01:07,  1.87s/it]
 29%|████████████                              | 14/49 [00:49<00:49,  1.40s/it]
 31%|████████████▊                             | 15/49 [00:50<00:36,  1.08s/it]
 33%|█████████████▋                            | 16/49 [00:50<00:28,  1.17it/s]
 35%|██████████████▌                           | 17/49 [01:00<01:54,  3.58s/it]
 37%|███████████████▍                          | 18/49 [01:06<02:11,  4.25s/it]
 39%|████████████████▎                         | 19/49 [01:06<01:32,  3.07s/it]
 41%|█████████████████▏                        | 20/49 [01:06<01:05,  2.25s/it]
 43%|██████████████████                        | 21/49 [01:07<00:46,  1.67s/it]
 45%|██████████████████▊                       | 22/49 [01:07<00:34,  1.27s/it]
 47%|███████████████████▋                      | 23/49 [01:07<00:25,  1.02it/s]
 49%|████████████████████▌                     | 24/49 [01:08<00:19,  1.27it/s]
 51%|█████████████████████▍                    | 25/49 [01:08<00:15,  1.55it/s]
 53%|██████████████████████▎                   | 26/49 [01:08<00:12,  1.82it/s]
 55%|███████████████████████▏                  | 27/49 [01:09<00:10,  2.07it/s]
 57%|████████████████████████                  | 28/49 [01:19<01:09,  3.31s/it]
 59%|████████████████████████▊                 | 29/49 [01:24<01:21,  4.07s/it]
 61%|█████████████████████████▋                | 30/49 [01:25<00:55,  2.94s/it]
 63%|██████████████████████████▌               | 31/49 [01:25<00:38,  2.16s/it]
 65%|███████████████████████████▍              | 32/49 [01:25<00:27,  1.61s/it]
 67%|████████████████████████████▎             | 33/49 [01:26<00:19,  1.22s/it]
 69%|█████████████████████████████▏            | 34/49 [01:26<00:14,  1.05it/s]
 71%|██████████████████████████████            | 35/49 [01:26<00:10,  1.31it/s]
 73%|██████████████████████████████▊           | 36/49 [01:27<00:08,  1.58it/s]
 76%|███████████████████████████████▋          | 37/49 [01:37<00:40,  3.41s/it]
 78%|████████████████████████████████▌         | 38/49 [01:42<00:45,  4.14s/it]
 80%|█████████████████████████████████▍        | 39/49 [01:43<00:29,  3.00s/it]
 82%|██████████████████████████████████▎       | 40/49 [01:43<00:19,  2.19s/it]
 84%|███████████████████████████████████▏      | 41/49 [01:43<00:13,  1.63s/it]
 86%|████████████████████████████████████      | 42/49 [01:44<00:08,  1.24s/it]
 88%|████████████████████████████████████▊     | 43/49 [01:54<00:23,  3.84s/it]
 90%|█████████████████████████████████████▋    | 44/49 [01:59<00:22,  4.44s/it]
 92%|██████████████████████████████████████▌   | 45/49 [02:00<00:12,  3.20s/it]
 94%|███████████████████████████████████████▍  | 46/49 [02:00<00:07,  2.34s/it]
 96%|████████████████████████████████████████▎ | 47/49 [02:10<00:09,  4.61s/it]
 98%|█████████████████████████████████████████▏| 48/49 [02:16<00:04,  4.97s/it]
100%|██████████████████████████████████████████| 49/49 [02:26<00:00,  6.45s/it]
100%|██████████████████████████████████████████| 49/49 [02:26<00:00,  2.98s/it]
[run ] denoise:6 took 146.3s
[mem] ran denoise:6                host_used=   4.7 GiB  hbm=  63.2 GiB  hbm_peak=  69.5 GiB

  0%|                                                   | 0/49 [00:00<?, ?it/s]
  2%|▉                                          | 1/49 [00:15<12:19, 15.42s/it]
  4%|█▊                                         | 2/49 [00:15<05:07,  6.53s/it]
  6%|██▋                                        | 3/49 [00:16<02:50,  3.70s/it]
  8%|███▌                                       | 4/49 [00:16<01:46,  2.37s/it]
 10%|████▍                                      | 5/49 [00:26<03:43,  5.09s/it]
 12%|█████▎                                     | 6/49 [00:32<03:49,  5.34s/it]
 14%|██████▏                                    | 7/49 [00:32<02:35,  3.70s/it]
 16%|███████                                    | 8/49 [00:32<01:47,  2.63s/it]
 18%|███████▉                                   | 9/49 [00:33<01:16,  1.91s/it]
 20%|████████▌                                 | 10/49 [00:33<00:55,  1.42s/it]
 22%|█████████▍                                | 11/49 [00:43<02:32,  4.02s/it]
 24%|██████████▎                               | 12/49 [00:49<02:49,  4.57s/it]
 27%|███████████▏                              | 13/49 [00:49<01:58,  3.28s/it]
 29%|████████████                              | 14/49 [00:49<01:23,  2.39s/it]
 31%|████████████▊                             | 15/49 [00:50<01:00,  1.77s/it]
 33%|█████████████▋                            | 16/49 [00:50<00:43,  1.33s/it]
 35%|██████████████▌                           | 17/49 [00:50<00:32,  1.03s/it]
 37%|███████████████▍                          | 18/49 [00:51<00:25,  1.22it/s]
 39%|████████████████▎                         | 19/49 [01:01<01:46,  3.55s/it]
 41%|█████████████████▏                        | 20/49 [01:06<02:02,  4.23s/it]
 43%|██████████████████                        | 21/49 [01:07<01:25,  3.06s/it]
 45%|██████████████████▊                       | 22/49 [01:07<01:00,  2.24s/it]
 47%|███████████████████▋                      | 23/49 [01:07<00:43,  1.67s/it]
 49%|████████████████████▌                     | 24/49 [01:08<00:31,  1.26s/it]
 51%|█████████████████████▍                    | 25/49 [01:08<00:23,  1.02it/s]
 53%|██████████████████████▎                   | 26/49 [01:08<00:18,  1.27it/s]
 55%|███████████████████████▏                  | 27/49 [01:09<00:14,  1.55it/s]
 57%|████████████████████████                  | 28/49 [01:09<00:11,  1.82it/s]
 59%|████████████████████████▊                 | 29/49 [01:09<00:09,  2.07it/s]
 61%|█████████████████████████▋                | 30/49 [01:19<01:02,  3.31s/it]
 63%|██████████████████████████▌               | 31/49 [01:25<01:13,  4.07s/it]
 65%|███████████████████████████▍              | 32/49 [01:25<00:50,  2.94s/it]
 67%|████████████████████████████▎             | 33/49 [01:26<00:34,  2.16s/it]
 69%|█████████████████████████████▏            | 34/49 [01:26<00:24,  1.61s/it]
 71%|██████████████████████████████            | 35/49 [01:26<00:17,  1.22s/it]
 73%|██████████████████████████████▊           | 36/49 [01:27<00:12,  1.05it/s]
 76%|███████████████████████████████▋          | 37/49 [01:27<00:09,  1.31it/s]
 78%|████████████████████████████████▌         | 38/49 [01:27<00:06,  1.58it/s]
 80%|█████████████████████████████████▍        | 39/49 [01:37<00:34,  3.42s/it]
 82%|██████████████████████████████████▎       | 40/49 [01:43<00:37,  4.14s/it]
 84%|███████████████████████████████████▏      | 41/49 [01:43<00:23,  3.00s/it]
 86%|████████████████████████████████████      | 42/49 [01:44<00:15,  2.19s/it]
 88%|████████████████████████████████████▊     | 43/49 [01:44<00:09,  1.63s/it]
 90%|█████████████████████████████████████▋    | 44/49 [01:54<00:20,  4.11s/it]
 92%|██████████████████████████████████████▌   | 45/49 [02:00<00:18,  4.63s/it]
 94%|███████████████████████████████████████▍  | 46/49 [02:00<00:10,  3.34s/it]
 96%|████████████████████████████████████████▎ | 47/49 [02:00<00:04,  2.43s/it]
 98%|█████████████████████████████████████████▏| 48/49 [02:10<00:04,  4.67s/it]
100%|██████████████████████████████████████████| 49/49 [02:16<00:00,  5.02s/it]
100%|██████████████████████████████████████████| 49/49 [02:16<00:00,  2.79s/it]
[run ] denoise:7 took 136.7s
[mem] ran denoise:7                host_used=   4.7 GiB  hbm=  63.2 GiB  hbm_peak=  69.5 GiB

  0%|                                                   | 0/49 [00:00<?, ?it/s]
  2%|▉                                          | 1/49 [00:15<12:20, 15.42s/it]
  4%|█▊                                         | 2/49 [00:15<05:07,  6.54s/it]
  6%|██▋                                        | 3/49 [00:16<02:50,  3.70s/it]
  8%|███▌                                       | 4/49 [00:16<01:46,  2.37s/it]
 10%|████▍                                      | 5/49 [00:26<03:43,  5.09s/it]
 12%|█████▎                                     | 6/49 [00:32<03:49,  5.34s/it]
 14%|██████▏                                    | 7/49 [00:32<02:35,  3.70s/it]
 16%|███████                                    | 8/49 [00:32<01:47,  2.63s/it]
 18%|███████▉                                   | 9/49 [00:33<01:16,  1.91s/it]
 20%|████████▌                                 | 10/49 [00:43<02:50,  4.38s/it]
 22%|█████████▍                                | 11/49 [00:48<03:03,  4.82s/it]
 24%|██████████▎                               | 12/49 [00:49<02:07,  3.46s/it]
 27%|███████████▏                              | 13/49 [00:49<01:30,  2.51s/it]
 29%|████████████                              | 14/49 [00:49<01:04,  1.85s/it]
 31%|████████████▊                             | 15/49 [00:50<00:47,  1.39s/it]
 33%|█████████████▋                            | 16/49 [00:50<00:35,  1.07s/it]
 35%|██████████████▌                           | 17/49 [00:50<00:27,  1.18it/s]
 37%|███████████████▍                          | 18/49 [01:00<01:50,  3.57s/it]
 39%|████████████████▎                         | 19/49 [01:06<02:07,  4.25s/it]
 41%|█████████████████▏                        | 20/49 [01:06<01:29,  3.07s/it]
 43%|██████████████████                        | 21/49 [01:07<01:02,  2.25s/it]
 45%|██████████████████▊                       | 22/49 [01:07<00:45,  1.67s/it]
 47%|███████████████████▋                      | 23/49 [01:07<00:32,  1.27s/it]
 49%|████████████████████▌                     | 24/49 [01:08<00:24,  1.02it/s]
 51%|█████████████████████▍                    | 25/49 [01:08<00:18,  1.27it/s]
 53%|██████████████████████▎                   | 26/49 [01:08<00:14,  1.55it/s]
 55%|███████████████████████▏                  | 27/49 [01:09<00:12,  1.82it/s]
 57%|████████████████████████                  | 28/49 [01:19<01:10,  3.36s/it]
 59%|████████████████████████▊                 | 29/49 [01:24<01:22,  4.10s/it]
 61%|█████████████████████████▋                | 30/49 [01:25<00:56,  2.97s/it]
 63%|██████████████████████████▌               | 31/49 [01:25<00:39,  2.18s/it]
 65%|███████████████████████████▍              | 32/49 [01:25<00:27,  1.62s/it]
 67%|████████████████████████████▎             | 33/49 [01:26<00:19,  1.23s/it]
 69%|█████████████████████████████▏            | 34/49 [01:26<00:14,  1.04it/s]
 71%|██████████████████████████████            | 35/49 [01:26<00:10,  1.30it/s]
 73%|██████████████████████████████▊           | 36/49 [01:27<00:08,  1.57it/s]
 76%|███████████████████████████████▋          | 37/49 [01:37<00:41,  3.42s/it]
 78%|████████████████████████████████▌         | 38/49 [01:42<00:45,  4.14s/it]
 80%|█████████████████████████████████▍        | 39/49 [01:43<00:29,  3.00s/it]
 82%|██████████████████████████████████▎       | 40/49 [01:43<00:19,  2.20s/it]
 84%|███████████████████████████████████▏      | 41/49 [01:43<00:13,  1.63s/it]
 86%|████████████████████████████████████      | 42/49 [01:44<00:08,  1.24s/it]
 88%|████████████████████████████████████▊     | 43/49 [01:54<00:23,  3.84s/it]
 90%|█████████████████████████████████████▋    | 44/49 [01:59<00:22,  4.44s/it]
 92%|██████████████████████████████████████▌   | 45/49 [02:00<00:12,  3.20s/it]
 94%|███████████████████████████████████████▍  | 46/49 [02:00<00:07,  2.34s/it]
 96%|████████████████████████████████████████▎ | 47/49 [02:10<00:09,  4.61s/it]
 98%|█████████████████████████████████████████▏| 48/49 [02:16<00:04,  4.98s/it]
100%|██████████████████████████████████████████| 49/49 [02:26<00:00,  6.45s/it]
100%|██████████████████████████████████████████| 49/49 [02:26<00:00,  2.98s/it]
[run ] denoise:8 took 146.3s
[mem] ran denoise:8                host_used=   4.7 GiB  hbm=  63.2 GiB  hbm_peak=  69.5 GiB

  0%|                                                   | 0/49 [00:00<?, ?it/s]
  2%|▉                                          | 1/49 [00:15<12:20, 15.43s/it]
  4%|█▊                                         | 2/49 [00:15<05:07,  6.54s/it]
  6%|██▋                                        | 3/49 [00:16<02:50,  3.70s/it]
  8%|███▌                                       | 4/49 [00:25<04:36,  6.15s/it]
 10%|████▍                                      | 5/49 [00:31<04:25,  6.04s/it]
 12%|█████▎                                     | 6/49 [00:32<02:56,  4.10s/it]
 14%|██████▏                                    | 7/49 [00:32<02:00,  2.86s/it]
 16%|███████                                    | 8/49 [00:32<01:24,  2.05s/it]
 18%|███████▉                                   | 9/49 [00:42<03:00,  4.51s/it]
 20%|████████▌                                 | 10/49 [00:48<03:11,  4.92s/it]
 22%|█████████▍                                | 11/49 [00:48<02:13,  3.51s/it]
 24%|██████████▎                               | 12/49 [00:49<01:34,  2.54s/it]
 27%|███████████▏                              | 13/49 [00:49<01:07,  1.87s/it]
 29%|████████████                              | 14/49 [00:49<00:49,  1.40s/it]
 31%|████████████▊                             | 15/49 [00:50<00:36,  1.08s/it]
 33%|█████████████▋                            | 16/49 [01:00<02:03,  3.74s/it]
 35%|██████████████▌                           | 17/49 [01:05<02:19,  4.37s/it]
 37%|███████████████▍                          | 18/49 [01:06<01:37,  3.15s/it]
 39%|████████████████▎                         | 19/49 [01:06<01:09,  2.30s/it]
 41%|█████████████████▏                        | 20/49 [01:06<00:49,  1.71s/it]
 43%|██████████████████                        | 21/49 [01:07<00:36,  1.29s/it]
 45%|██████████████████▊                       | 22/49 [01:07<00:27,  1.00s/it]
 47%|███████████████████▋                      | 23/49 [01:07<00:20,  1.25it/s]
 49%|████████████████████▌                     | 24/49 [01:08<00:16,  1.52it/s]
 51%|█████████████████████▍                    | 25/49 [01:08<00:13,  1.80it/s]
 53%|██████████████████████▎                   | 26/49 [01:18<01:17,  3.36s/it]
 55%|███████████████████████▏                  | 27/49 [01:24<01:30,  4.10s/it]
 57%|████████████████████████                  | 28/49 [01:24<01:02,  2.97s/it]
 59%|████████████████████████▊                 | 29/49 [01:24<00:43,  2.18s/it]
 61%|█████████████████████████▋                | 30/49 [01:25<00:30,  1.62s/it]
 63%|██████████████████████████▌               | 31/49 [01:25<00:22,  1.23s/it]
 65%|███████████████████████████▍              | 32/49 [01:25<00:16,  1.04it/s]
 67%|████████████████████████████▎             | 33/49 [01:26<00:12,  1.30it/s]
 69%|█████████████████████████████▏            | 34/49 [01:26<00:09,  1.57it/s]
 71%|██████████████████████████████            | 35/49 [01:26<00:07,  1.85it/s]
 73%|██████████████████████████████▊           | 36/49 [01:36<00:43,  3.35s/it]
 76%|███████████████████████████████▋          | 37/49 [01:42<00:49,  4.09s/it]
 78%|████████████████████████████████▌         | 38/49 [01:42<00:32,  2.96s/it]
 80%|█████████████████████████████████▍        | 39/49 [01:43<00:21,  2.17s/it]
 82%|██████████████████████████████████▎       | 40/49 [01:43<00:14,  1.62s/it]
 84%|███████████████████████████████████▏      | 41/49 [01:43<00:09,  1.23s/it]
 86%|████████████████████████████████████      | 42/49 [01:53<00:26,  3.83s/it]
 88%|████████████████████████████████████▊     | 43/49 [01:59<00:26,  4.43s/it]
 90%|█████████████████████████████████████▋    | 44/49 [01:59<00:15,  3.20s/it]
 92%|██████████████████████████████████████▌   | 45/49 [02:00<00:09,  2.34s/it]
 94%|███████████████████████████████████████▍  | 46/49 [02:10<00:13,  4.60s/it]
 96%|████████████████████████████████████████▎ | 47/49 [02:15<00:09,  4.97s/it]
 98%|█████████████████████████████████████████▏| 48/49 [02:16<00:03,  3.58s/it]
100%|██████████████████████████████████████████| 49/49 [02:26<00:00,  5.47s/it]
100%|██████████████████████████████████████████| 49/49 [02:26<00:00,  2.98s/it]
[run ] denoise:9 took 146.3s
[mem] ran denoise:9                host_used=   4.8 GiB  hbm=  63.2 GiB  hbm_peak=  69.6 GiB

  0%|                                                   | 0/49 [00:00<?, ?it/s]
  2%|▉                                          | 1/49 [00:15<12:19, 15.42s/it]
  4%|█▊                                         | 2/49 [00:15<05:07,  6.54s/it]
  6%|██▋                                        | 3/49 [00:16<02:50,  3.70s/it]
  8%|███▌                                       | 4/49 [00:16<01:46,  2.37s/it]
 10%|████▍                                      | 5/49 [00:26<03:43,  5.09s/it]
 12%|█████▎                                     | 6/49 [00:32<03:49,  5.34s/it]
 14%|██████▏                                    | 7/49 [00:32<02:35,  3.70s/it]
 16%|███████                                    | 8/49 [00:32<01:47,  2.63s/it]
 18%|███████▉                                   | 9/49 [00:33<01:16,  1.91s/it]
 20%|████████▌                                 | 10/49 [00:33<00:55,  1.42s/it]
 22%|█████████▍                                | 11/49 [00:43<02:32,  4.02s/it]
 24%|██████████▎                               | 12/49 [00:49<02:49,  4.57s/it]
 27%|███████████▏                              | 13/49 [00:49<01:58,  3.28s/it]
 29%|████████████                              | 14/49 [00:49<01:23,  2.39s/it]
 31%|████████████▊                             | 15/49 [00:50<01:00,  1.77s/it]
 33%|█████████████▋                            | 16/49 [00:50<00:44,  1.33s/it]
 35%|██████████████▌                           | 17/49 [00:50<00:32,  1.03s/it]
 37%|███████████████▍                          | 18/49 [00:51<00:25,  1.22it/s]
 39%|████████████████▎                         | 19/49 [00:51<00:20,  1.49it/s]
 41%|█████████████████▏                        | 20/49 [01:01<01:39,  3.44s/it]
 43%|██████████████████                        | 21/49 [01:07<01:56,  4.16s/it]
 45%|██████████████████▊                       | 22/49 [01:07<01:21,  3.01s/it]
 47%|███████████████████▋                      | 23/49 [01:07<00:57,  2.20s/it]
 49%|████████████████████▌                     | 24/49 [01:08<00:40,  1.64s/it]
 51%|█████████████████████▍                    | 25/49 [01:08<00:29,  1.25s/it]
 53%|██████████████████████▎                   | 26/49 [01:08<00:22,  1.03it/s]
 55%|███████████████████████▏                  | 27/49 [01:09<00:17,  1.29it/s]
 57%|████████████████████████                  | 28/49 [01:09<00:13,  1.56it/s]
 59%|████████████████████████▊                 | 29/49 [01:09<00:10,  1.83it/s]
 61%|█████████████████████████▋                | 30/49 [01:10<00:09,  2.09it/s]
 63%|██████████████████████████▌               | 31/49 [01:20<00:59,  3.31s/it]
 65%|███████████████████████████▍              | 32/49 [01:25<01:09,  4.06s/it]
 67%|████████████████████████████▎             | 33/49 [01:26<00:47,  2.94s/it]
 69%|█████████████████████████████▏            | 34/49 [01:26<00:32,  2.16s/it]
 71%|██████████████████████████████            | 35/49 [01:26<00:22,  1.61s/it]
 73%|██████████████████████████████▊           | 36/49 [01:27<00:15,  1.22s/it]
 76%|███████████████████████████████▋          | 37/49 [01:27<00:11,  1.05it/s]
 78%|████████████████████████████████▌         | 38/49 [01:27<00:08,  1.31it/s]
 80%|█████████████████████████████████▍        | 39/49 [01:37<00:35,  3.51s/it]
 82%|██████████████████████████████████▎       | 40/49 [01:43<00:37,  4.20s/it]
 84%|███████████████████████████████████▏      | 41/49 [01:43<00:24,  3.04s/it]
 86%|████████████████████████████████████      | 42/49 [01:44<00:15,  2.22s/it]
 88%|████████████████████████████████████▊     | 43/49 [01:44<00:09,  1.65s/it]
 90%|█████████████████████████████████████▋    | 44/49 [01:54<00:20,  4.13s/it]
 92%|██████████████████████████████████████▌   | 45/49 [02:00<00:18,  4.64s/it]
 94%|███████████████████████████████████████▍  | 46/49 [02:00<00:10,  3.34s/it]
 96%|████████████████████████████████████████▎ | 47/49 [02:10<00:10,  5.31s/it]
 98%|█████████████████████████████████████████▏| 48/49 [02:16<00:05,  5.47s/it]
100%|██████████████████████████████████████████| 49/49 [02:26<00:00,  6.80s/it]
100%|██████████████████████████████████████████| 49/49 [02:26<00:00,  2.98s/it]
[run ] denoise:10 took 146.2s
[mem] ran denoise:10               host_used=   4.8 GiB  hbm=  63.3 GiB  hbm_peak=  69.6 GiB

  0%|                                                   | 0/49 [00:00<?, ?it/s]
  2%|▉                                          | 1/49 [00:15<12:20, 15.43s/it]
  4%|█▊                                         | 2/49 [00:15<05:07,  6.54s/it]
  6%|██▋                                        | 3/49 [00:16<02:50,  3.70s/it]
  8%|███▌                                       | 4/49 [00:25<04:36,  6.15s/it]
 10%|████▍                                      | 5/49 [00:31<04:25,  6.04s/it]
 12%|█████▎                                     | 6/49 [00:32<02:56,  4.10s/it]
 14%|██████▏                                    | 7/49 [00:32<02:00,  2.86s/it]
 16%|███████                                    | 8/49 [00:32<01:24,  2.06s/it]
 18%|███████▉                                   | 9/49 [00:42<03:00,  4.51s/it]
 20%|████████▌                                 | 10/49 [00:48<03:11,  4.92s/it]
 22%|█████████▍                                | 11/49 [00:48<02:13,  3.51s/it]
 24%|██████████▎                               | 12/49 [00:49<01:34,  2.54s/it]
 27%|███████████▏                              | 13/49 [00:49<01:07,  1.87s/it]
 29%|████████████                              | 14/49 [00:49<00:49,  1.40s/it]
 31%|████████████▊                             | 15/49 [00:50<00:36,  1.08s/it]
 33%|█████████████▋                            | 16/49 [00:50<00:28,  1.17it/s]
 35%|██████████████▌                           | 17/49 [01:00<01:54,  3.58s/it]
 37%|███████████████▍                          | 18/49 [01:06<02:11,  4.25s/it]
 39%|████████████████▎                         | 19/49 [01:06<01:32,  3.07s/it]
 41%|█████████████████▏                        | 20/49 [01:06<01:05,  2.25s/it]
 43%|██████████████████                        | 21/49 [01:07<00:46,  1.67s/it]
 45%|██████████████████▊                       | 22/49 [01:07<00:34,  1.27s/it]
 47%|███████████████████▋                      | 23/49 [01:07<00:25,  1.02it/s]
 49%|████████████████████▌                     | 24/49 [01:08<00:19,  1.27it/s]
 51%|█████████████████████▍                    | 25/49 [01:08<00:15,  1.54it/s]
 53%|██████████████████████▎                   | 26/49 [01:08<00:12,  1.82it/s]
 55%|███████████████████████▏                  | 27/49 [01:09<00:10,  2.07it/s]
 57%|████████████████████████                  | 28/49 [01:19<01:09,  3.31s/it]
 59%|████████████████████████▊                 | 29/49 [01:24<01:21,  4.07s/it]
 61%|█████████████████████████▋                | 30/49 [01:25<00:55,  2.94s/it]
 63%|██████████████████████████▌               | 31/49 [01:25<00:38,  2.16s/it]
 65%|███████████████████████████▍              | 32/49 [01:25<00:27,  1.61s/it]
 67%|████████████████████████████▎             | 33/49 [01:26<00:19,  1.22s/it]
 69%|█████████████████████████████▏            | 34/49 [01:26<00:14,  1.05it/s]
 71%|██████████████████████████████            | 35/49 [01:26<00:10,  1.31it/s]
 73%|██████████████████████████████▊           | 36/49 [01:27<00:08,  1.58it/s]
 76%|███████████████████████████████▋          | 37/49 [01:37<00:40,  3.41s/it]
 78%|████████████████████████████████▌         | 38/49 [01:42<00:45,  4.14s/it]
 80%|█████████████████████████████████▍        | 39/49 [01:43<00:29,  2.99s/it]
 82%|██████████████████████████████████▎       | 40/49 [01:43<00:19,  2.19s/it]
 84%|███████████████████████████████████▏      | 41/49 [01:43<00:13,  1.63s/it]
 86%|████████████████████████████████████      | 42/49 [01:44<00:08,  1.24s/it]
 88%|████████████████████████████████████▊     | 43/49 [01:54<00:23,  3.84s/it]
 90%|█████████████████████████████████████▋    | 44/49 [01:59<00:22,  4.44s/it]
 92%|██████████████████████████████████████▌   | 45/49 [02:00<00:12,  3.20s/it]
 94%|███████████████████████████████████████▍  | 46/49 [02:00<00:07,  2.34s/it]
 96%|████████████████████████████████████████▎ | 47/49 [02:10<00:09,  4.61s/it]
 98%|█████████████████████████████████████████▏| 48/49 [02:16<00:04,  4.97s/it]
100%|██████████████████████████████████████████| 49/49 [02:26<00:00,  6.45s/it]
100%|██████████████████████████████████████████| 49/49 [02:26<00:00,  2.98s/it]
[run ] denoise:11 took 146.3s
[mem] ran denoise:11               host_used=   4.9 GiB  hbm=  63.3 GiB  hbm_peak=  69.6 GiB

  0%|                                                   | 0/49 [00:00<?, ?it/s]
  2%|▉                                          | 1/49 [00:15<12:20, 15.42s/it]
  4%|█▊                                         | 2/49 [00:15<05:07,  6.54s/it]
  6%|██▋                                        | 3/49 [00:16<02:50,  3.70s/it]
  8%|███▌                                       | 4/49 [00:16<01:46,  2.37s/it]
 10%|████▍                                      | 5/49 [00:26<03:43,  5.09s/it]
 12%|█████▎                                     | 6/49 [00:32<03:49,  5.34s/it]
 14%|██████▏                                    | 7/49 [00:32<02:35,  3.70s/it]
 16%|███████                                    | 8/49 [00:32<01:47,  2.63s/it]
 18%|███████▉                                   | 9/49 [00:33<01:16,  1.91s/it]
 20%|████████▌                                 | 10/49 [00:43<02:50,  4.38s/it]
 22%|█████████▍                                | 11/49 [00:48<03:03,  4.82s/it]
 24%|██████████▎                               | 12/49 [00:49<02:07,  3.45s/it]
 27%|███████████▏                              | 13/49 [00:49<01:30,  2.51s/it]
 29%|████████████                              | 14/49 [00:49<01:04,  1.85s/it]
 31%|████████████▊                             | 15/49 [00:50<00:47,  1.39s/it]
 33%|█████████████▋                            | 16/49 [00:50<00:35,  1.07s/it]
 35%|██████████████▌                           | 17/49 [00:50<00:27,  1.18it/s]
 37%|███████████████▍                          | 18/49 [01:00<01:50,  3.57s/it]
 39%|████████████████▎                         | 19/49 [01:06<02:07,  4.25s/it]
 41%|█████████████████▏                        | 20/49 [01:06<01:29,  3.07s/it]
 43%|██████████████████                        | 21/49 [01:07<01:02,  2.25s/it]
 45%|██████████████████▊                       | 22/49 [01:07<00:45,  1.67s/it]
 47%|███████████████████▋                      | 23/49 [01:07<00:32,  1.27s/it]
 49%|████████████████████▌                     | 24/49 [01:08<00:24,  1.02it/s]
 51%|█████████████████████▍                    | 25/49 [01:08<00:18,  1.27it/s]
 53%|██████████████████████▎                   | 26/49 [01:08<00:14,  1.55it/s]
 55%|███████████████████████▏                  | 27/49 [01:09<00:12,  1.82it/s]
 57%|████████████████████████                  | 28/49 [01:19<01:10,  3.36s/it]
 59%|████████████████████████▊                 | 29/49 [01:24<01:22,  4.10s/it]
 61%|█████████████████████████▋                | 30/49 [01:25<00:56,  2.97s/it]
 63%|██████████████████████████▌               | 31/49 [01:25<00:39,  2.17s/it]
 65%|███████████████████████████▍              | 32/49 [01:25<00:27,  1.62s/it]
 67%|████████████████████████████▎             | 33/49 [01:26<00:19,  1.23s/it]
 69%|█████████████████████████████▏            | 34/49 [01:26<00:14,  1.04it/s]
 71%|██████████████████████████████            | 35/49 [01:26<00:10,  1.30it/s]
 73%|██████████████████████████████▊           | 36/49 [01:27<00:08,  1.57it/s]
 76%|███████████████████████████████▋          | 37/49 [01:37<00:40,  3.41s/it]
 78%|████████████████████████████████▌         | 38/49 [01:42<00:45,  4.14s/it]
 80%|█████████████████████████████████▍        | 39/49 [01:43<00:29,  3.00s/it]
 82%|██████████████████████████████████▎       | 40/49 [01:43<00:19,  2.19s/it]
 84%|███████████████████████████████████▏      | 41/49 [01:43<00:13,  1.63s/it]
 86%|████████████████████████████████████      | 42/49 [01:44<00:08,  1.24s/it]
 88%|████████████████████████████████████▊     | 43/49 [01:54<00:23,  3.84s/it]
 90%|█████████████████████████████████████▋    | 44/49 [01:59<00:22,  4.44s/it]
 92%|██████████████████████████████████████▌   | 45/49 [02:00<00:12,  3.20s/it]
 94%|███████████████████████████████████████▍  | 46/49 [02:00<00:07,  2.34s/it]
 96%|████████████████████████████████████████▎ | 47/49 [02:10<00:09,  4.61s/it]
 98%|█████████████████████████████████████████▏| 48/49 [02:16<00:04,  4.98s/it]
100%|██████████████████████████████████████████| 49/49 [02:26<00:00,  6.45s/it]
100%|██████████████████████████████████████████| 49/49 [02:26<00:00,  2.98s/it]
[run ] denoise:12 took 146.3s
[mem] ran denoise:12               host_used=   4.9 GiB  hbm=  63.3 GiB  hbm_peak=  69.7 GiB

  0%|                                                   | 0/49 [00:00<?, ?it/s]
  2%|▉                                          | 1/49 [00:15<12:20, 15.42s/it]
  4%|█▊                                         | 2/49 [00:15<05:07,  6.54s/it]
  6%|██▋                                        | 3/49 [00:16<02:50,  3.70s/it]
  8%|███▌                                       | 4/49 [00:25<04:36,  6.15s/it]
 10%|████▍                                      | 5/49 [00:31<04:25,  6.04s/it]
 12%|█████▎                                     | 6/49 [00:32<02:56,  4.09s/it]
 14%|██████▏                                    | 7/49 [00:32<02:00,  2.86s/it]
 16%|███████                                    | 8/49 [00:32<01:24,  2.05s/it]
 18%|███████▉                                   | 9/49 [00:42<03:00,  4.51s/it]
 20%|████████▌                                 | 10/49 [00:48<03:11,  4.92s/it]
 22%|█████████▍                                | 11/49 [00:48<02:13,  3.51s/it]
 24%|██████████▎                               | 12/49 [00:49<01:34,  2.54s/it]
 27%|███████████▏                              | 13/49 [00:49<01:07,  1.87s/it]
 29%|████████████                              | 14/49 [00:49<00:49,  1.40s/it]
 31%|████████████▊                             | 15/49 [00:50<00:36,  1.08s/it]
 33%|█████████████▋                            | 16/49 [01:00<02:03,  3.73s/it]
 35%|██████████████▌                           | 17/49 [01:05<02:19,  4.36s/it]
 37%|███████████████▍                          | 18/49 [01:06<01:37,  3.15s/it]
 39%|████████████████▎                         | 19/49 [01:06<01:09,  2.30s/it]
 41%|█████████████████▏                        | 20/49 [01:06<00:49,  1.71s/it]
 43%|██████████████████                        | 21/49 [01:07<00:36,  1.29s/it]
 45%|██████████████████▊                       | 22/49 [01:07<00:27,  1.00s/it]
 47%|███████████████████▋                      | 23/49 [01:07<00:20,  1.25it/s]
 49%|████████████████████▌                     | 24/49 [01:08<00:16,  1.52it/s]
 51%|█████████████████████▍                    | 25/49 [01:08<00:13,  1.80it/s]
 53%|██████████████████████▎                   | 26/49 [01:18<01:17,  3.36s/it]
 55%|███████████████████████▏                  | 27/49 [01:24<01:30,  4.10s/it]
 57%|████████████████████████                  | 28/49 [01:24<01:02,  2.97s/it]
 59%|████████████████████████▊                 | 29/49 [01:24<00:43,  2.17s/it]
 61%|█████████████████████████▋                | 30/49 [01:25<00:30,  1.62s/it]
 63%|██████████████████████████▌               | 31/49 [01:25<00:22,  1.23s/it]
 65%|███████████████████████████▍              | 32/49 [01:25<00:16,  1.04it/s]
 67%|████████████████████████████▎             | 33/49 [01:26<00:12,  1.30it/s]
 69%|█████████████████████████████▏            | 34/49 [01:26<00:09,  1.57it/s]
 71%|██████████████████████████████            | 35/49 [01:26<00:07,  1.84it/s]
 73%|██████████████████████████████▊           | 36/49 [01:36<00:43,  3.35s/it]
 76%|███████████████████████████████▋          | 37/49 [01:42<00:49,  4.09s/it]
 78%|████████████████████████████████▌         | 38/49 [01:42<00:32,  2.96s/it]
 80%|█████████████████████████████████▍        | 39/49 [01:43<00:21,  2.17s/it]
 82%|██████████████████████████████████▎       | 40/49 [01:43<00:14,  1.62s/it]
 84%|███████████████████████████████████▏      | 41/49 [01:43<00:09,  1.23s/it]
 86%|████████████████████████████████████      | 42/49 [01:53<00:26,  3.83s/it]
 88%|████████████████████████████████████▊     | 43/49 [01:59<00:26,  4.43s/it]
 90%|█████████████████████████████████████▋    | 44/49 [01:59<00:15,  3.20s/it]
 92%|██████████████████████████████████████▌   | 45/49 [02:00<00:09,  2.34s/it]
 94%|███████████████████████████████████████▍  | 46/49 [02:10<00:13,  4.60s/it]
 96%|████████████████████████████████████████▎ | 47/49 [02:15<00:09,  4.97s/it]
 98%|█████████████████████████████████████████▏| 48/49 [02:16<00:03,  3.58s/it]
100%|██████████████████████████████████████████| 49/49 [02:26<00:00,  5.47s/it]
100%|██████████████████████████████████████████| 49/49 [02:26<00:00,  2.98s/it]
[run ] denoise:13 took 146.2s
[mem] ran denoise:13               host_used=   4.9 GiB  hbm=  63.4 GiB  hbm_peak=  69.7 GiB

  0%|                                                   | 0/49 [00:00<?, ?it/s]
  2%|▉                                          | 1/49 [00:15<12:20, 15.42s/it]
  4%|█▊                                         | 2/49 [00:15<05:07,  6.54s/it]
  6%|██▋                                        | 3/49 [00:16<02:50,  3.70s/it]
  8%|███▌                                       | 4/49 [00:25<04:36,  6.15s/it]
 10%|████▍                                      | 5/49 [00:31<04:25,  6.04s/it]
 12%|█████▎                                     | 6/49 [00:32<02:56,  4.10s/it]
 14%|██████▏                                    | 7/49 [00:32<02:00,  2.86s/it]
 16%|███████                                    | 8/49 [00:32<01:24,  2.06s/it]
 18%|███████▉                                   | 9/49 [00:42<03:00,  4.51s/it]
 20%|████████▌                                 | 10/49 [00:48<03:11,  4.92s/it]
 22%|█████████▍                                | 11/49 [00:48<02:13,  3.51s/it]
 24%|██████████▎                               | 12/49 [00:49<01:34,  2.54s/it]
 27%|███████████▏                              | 13/49 [00:49<01:07,  1.87s/it]
 29%|████████████                              | 14/49 [00:49<00:49,  1.40s/it]
 31%|████████████▊                             | 15/49 [00:50<00:36,  1.08s/it]
 33%|█████████████▋                            | 16/49 [01:00<02:03,  3.74s/it]
 35%|██████████████▌                           | 17/49 [01:05<02:19,  4.37s/it]
 37%|███████████████▍                          | 18/49 [01:06<01:37,  3.15s/it]
 39%|████████████████▎                         | 19/49 [01:06<01:09,  2.30s/it]
 41%|█████████████████▏                        | 20/49 [01:06<00:49,  1.71s/it]
 43%|██████████████████                        | 21/49 [01:07<00:36,  1.29s/it]
 45%|██████████████████▊                       | 22/49 [01:07<00:27,  1.00s/it]
 47%|███████████████████▋                      | 23/49 [01:07<00:20,  1.25it/s]
 49%|████████████████████▌                     | 24/49 [01:08<00:16,  1.52it/s]
 51%|█████████████████████▍                    | 25/49 [01:08<00:13,  1.79it/s]
 53%|██████████████████████▎                   | 26/49 [01:18<01:17,  3.36s/it]
 55%|███████████████████████▏                  | 27/49 [01:24<01:30,  4.10s/it]
 57%|████████████████████████                  | 28/49 [01:24<01:02,  2.97s/it]
 59%|████████████████████████▊                 | 29/49 [01:24<00:43,  2.18s/it]
 61%|█████████████████████████▋                | 30/49 [01:25<00:30,  1.62s/it]
 63%|██████████████████████████▌               | 31/49 [01:25<00:22,  1.23s/it]
 65%|███████████████████████████▍              | 32/49 [01:25<00:16,  1.04it/s]
 67%|████████████████████████████▎             | 33/49 [01:26<00:12,  1.30it/s]
 69%|█████████████████████████████▏            | 34/49 [01:26<00:09,  1.57it/s]
 71%|██████████████████████████████            | 35/49 [01:36<00:47,  3.42s/it]
 73%|██████████████████████████████▊           | 36/49 [01:42<00:53,  4.14s/it]
 76%|███████████████████████████████▋          | 37/49 [01:42<00:35,  3.00s/it]
 78%|████████████████████████████████▌         | 38/49 [01:42<00:24,  2.19s/it]
 80%|█████████████████████████████████▍        | 39/49 [01:43<00:16,  1.63s/it]
 82%|██████████████████████████████████▎       | 40/49 [01:43<00:11,  1.24s/it]
 84%|███████████████████████████████████▏      | 41/49 [01:43<00:07,  1.04it/s]
 86%|████████████████████████████████████      | 42/49 [01:53<00:25,  3.65s/it]
 88%|████████████████████████████████████▊     | 43/49 [01:59<00:25,  4.30s/it]
 90%|█████████████████████████████████████▋    | 44/49 [01:59<00:15,  3.11s/it]
 92%|██████████████████████████████████████▌   | 45/49 [02:00<00:09,  2.27s/it]
 94%|███████████████████████████████████████▍  | 46/49 [02:10<00:13,  4.56s/it]
 96%|████████████████████████████████████████▎ | 47/49 [02:15<00:09,  4.94s/it]
 98%|█████████████████████████████████████████▏| 48/49 [02:16<00:03,  3.55s/it]
100%|██████████████████████████████████████████| 49/49 [02:26<00:00,  5.45s/it]
100%|██████████████████████████████████████████| 49/49 [02:26<00:00,  2.98s/it]
[run ] denoise:14 took 146.3s
[mem] ran denoise:14               host_used=   5.0 GiB  hbm=  63.4 GiB  hbm_peak=  69.7 GiB

  0%|                                                   | 0/49 [00:00<?, ?it/s]
  2%|▉                                          | 1/49 [00:15<12:20, 15.42s/it]
  4%|█▊                                         | 2/49 [00:15<05:07,  6.54s/it]
  6%|██▋                                        | 3/49 [00:16<02:50,  3.70s/it]
  8%|███▌                                       | 4/49 [00:25<04:36,  6.15s/it]
 10%|████▍                                      | 5/49 [00:31<04:25,  6.04s/it]
 12%|█████▎                                     | 6/49 [00:32<02:56,  4.10s/it]
 14%|██████▏                                    | 7/49 [00:32<02:00,  2.86s/it]
 16%|███████                                    | 8/49 [00:32<01:24,  2.05s/it]
 18%|███████▉                                   | 9/49 [00:42<03:00,  4.51s/it]
 20%|████████▌                                 | 10/49 [00:48<03:11,  4.92s/it]
 22%|█████████▍                                | 11/49 [00:48<02:13,  3.51s/it]
 24%|██████████▎                               | 12/49 [00:49<01:34,  2.54s/it]
 27%|███████████▏                              | 13/49 [00:49<01:07,  1.87s/it]
 29%|████████████                              | 14/49 [00:49<00:49,  1.40s/it]
 31%|████████████▊                             | 15/49 [00:50<00:36,  1.08s/it]
 33%|█████████████▋                            | 16/49 [00:50<00:28,  1.17it/s]
 35%|██████████████▌                           | 17/49 [01:00<01:54,  3.57s/it]
 37%|███████████████▍                          | 18/49 [01:06<02:11,  4.25s/it]
 39%|████████████████▎                         | 19/49 [01:06<01:32,  3.07s/it]
 41%|█████████████████▏                        | 20/49 [01:06<01:05,  2.25s/it]
 43%|██████████████████                        | 21/49 [01:07<00:46,  1.67s/it]
 45%|██████████████████▊                       | 22/49 [01:07<00:34,  1.27s/it]
 47%|███████████████████▋                      | 23/49 [01:07<00:25,  1.02it/s]
 49%|████████████████████▌                     | 24/49 [01:08<00:19,  1.27it/s]
 51%|█████████████████████▍                    | 25/49 [01:08<00:15,  1.54it/s]
 53%|██████████████████████▎                   | 26/49 [01:08<00:12,  1.82it/s]
 55%|███████████████████████▏                  | 27/49 [01:09<00:10,  2.07it/s]
 57%|████████████████████████                  | 28/49 [01:19<01:09,  3.31s/it]
 59%|████████████████████████▊                 | 29/49 [01:24<01:21,  4.07s/it]
 61%|█████████████████████████▋                | 30/49 [01:25<00:55,  2.94s/it]
 63%|██████████████████████████▌               | 31/49 [01:25<00:38,  2.16s/it]
 65%|███████████████████████████▍              | 32/49 [01:25<00:27,  1.61s/it]
 67%|████████████████████████████▎             | 33/49 [01:26<00:19,  1.22s/it]
 69%|█████████████████████████████▏            | 34/49 [01:26<00:14,  1.05it/s]
 71%|██████████████████████████████            | 35/49 [01:26<00:10,  1.31it/s]
 73%|██████████████████████████████▊           | 36/49 [01:27<00:08,  1.58it/s]
 76%|███████████████████████████████▋          | 37/49 [01:37<00:40,  3.41s/it]
 78%|████████████████████████████████▌         | 38/49 [01:42<00:45,  4.14s/it]
 80%|█████████████████████████████████▍        | 39/49 [01:43<00:29,  3.00s/it]
 82%|██████████████████████████████████▎       | 40/49 [01:43<00:19,  2.19s/it]
 84%|███████████████████████████████████▏      | 41/49 [01:43<00:13,  1.63s/it]
 86%|████████████████████████████████████      | 42/49 [01:44<00:08,  1.24s/it]
 88%|████████████████████████████████████▊     | 43/49 [01:54<00:23,  3.84s/it]
 90%|█████████████████████████████████████▋    | 44/49 [01:59<00:22,  4.44s/it]
 92%|██████████████████████████████████████▌   | 45/49 [02:00<00:12,  3.20s/it]
 94%|███████████████████████████████████████▍  | 46/49 [02:00<00:07,  2.34s/it]
 96%|████████████████████████████████████████▎ | 47/49 [02:10<00:09,  4.61s/it]
 98%|█████████████████████████████████████████▏| 48/49 [02:16<00:04,  4.97s/it]
100%|██████████████████████████████████████████| 49/49 [02:26<00:00,  6.45s/it]
100%|██████████████████████████████████████████| 49/49 [02:26<00:00,  2.98s/it]
[run ] denoise:15 took 146.3s
[mem] ran denoise:15               host_used=   5.0 GiB  hbm=  63.4 GiB  hbm_peak=  69.7 GiB

  0%|                                                   | 0/49 [00:00<?, ?it/s]
  2%|▉                                          | 1/49 [00:15<12:20, 15.42s/it]
  4%|█▊                                         | 2/49 [00:15<05:07,  6.54s/it]
  6%|██▋                                        | 3/49 [00:16<02:50,  3.70s/it]
  8%|███▌                                       | 4/49 [00:25<04:36,  6.15s/it]
 10%|████▍                                      | 5/49 [00:31<04:25,  6.04s/it]
 12%|█████▎                                     | 6/49 [00:32<02:56,  4.10s/it]
 14%|██████▏                                    | 7/49 [00:32<02:00,  2.86s/it]
 16%|███████                                    | 8/49 [00:32<01:24,  2.06s/it]
 18%|███████▉                                   | 9/49 [00:42<03:00,  4.51s/it]
 20%|████████▌                                 | 10/49 [00:48<03:11,  4.92s/it]
 22%|█████████▍                                | 11/49 [00:48<02:13,  3.51s/it]
 24%|██████████▎                               | 12/49 [00:49<01:34,  2.54s/it]
 27%|███████████▏                              | 13/49 [00:49<01:07,  1.87s/it]
 29%|████████████                              | 14/49 [00:49<00:49,  1.40s/it]
 31%|████████████▊                             | 15/49 [00:50<00:36,  1.08s/it]
 33%|█████████████▋                            | 16/49 [01:00<02:03,  3.74s/it]
 35%|██████████████▌                           | 17/49 [01:05<02:19,  4.37s/it]
 37%|███████████████▍                          | 18/49 [01:06<01:37,  3.15s/it]
 39%|████████████████▎                         | 19/49 [01:06<01:09,  2.30s/it]
 41%|█████████████████▏                        | 20/49 [01:06<00:49,  1.71s/it]
 43%|██████████████████                        | 21/49 [01:07<00:36,  1.29s/it]
 45%|██████████████████▊                       | 22/49 [01:07<00:27,  1.00s/it]
 47%|███████████████████▋                      | 23/49 [01:07<00:20,  1.25it/s]
 49%|████████████████████▌                     | 24/49 [01:08<00:16,  1.52it/s]
 51%|█████████████████████▍                    | 25/49 [01:08<00:13,  1.80it/s]
 53%|██████████████████████▎                   | 26/49 [01:18<01:17,  3.36s/it]
 55%|███████████████████████▏                  | 27/49 [01:24<01:30,  4.10s/it]
 57%|████████████████████████                  | 28/49 [01:24<01:02,  2.97s/it]
 59%|████████████████████████▊                 | 29/49 [01:24<00:43,  2.18s/it]
 61%|█████████████████████████▋                | 30/49 [01:25<00:30,  1.62s/it]
 63%|██████████████████████████▌               | 31/49 [01:25<00:22,  1.23s/it]
 65%|███████████████████████████▍              | 32/49 [01:25<00:16,  1.04it/s]
 67%|████████████████████████████▎             | 33/49 [01:26<00:12,  1.30it/s]
 69%|█████████████████████████████▏            | 34/49 [01:26<00:09,  1.57it/s]
 71%|██████████████████████████████            | 35/49 [01:26<00:07,  1.84it/s]
 73%|██████████████████████████████▊           | 36/49 [01:36<00:43,  3.35s/it]
 76%|███████████████████████████████▋          | 37/49 [01:42<00:49,  4.10s/it]
 78%|████████████████████████████████▌         | 38/49 [01:42<00:32,  2.96s/it]
 80%|█████████████████████████████████▍        | 39/49 [01:43<00:21,  2.17s/it]
 82%|██████████████████████████████████▎       | 40/49 [01:43<00:14,  1.62s/it]
 84%|███████████████████████████████████▏      | 41/49 [01:43<00:09,  1.23s/it]
 86%|████████████████████████████████████      | 42/49 [01:53<00:26,  3.83s/it]
 88%|████████████████████████████████████▊     | 43/49 [01:59<00:26,  4.43s/it]
 90%|█████████████████████████████████████▋    | 44/49 [01:59<00:15,  3.20s/it]
 92%|██████████████████████████████████████▌   | 45/49 [02:00<00:09,  2.34s/it]
 94%|███████████████████████████████████████▍  | 46/49 [02:10<00:13,  4.60s/it]
 96%|████████████████████████████████████████▎ | 47/49 [02:15<00:09,  4.97s/it]
 98%|█████████████████████████████████████████▏| 48/49 [02:16<00:03,  3.58s/it]
100%|██████████████████████████████████████████| 49/49 [02:26<00:00,  5.47s/it]
100%|██████████████████████████████████████████| 49/49 [02:26<00:00,  2.98s/it]
[run ] denoise:16 took 146.3s
[mem] ran denoise:16               host_used=   5.0 GiB  hbm=  63.4 GiB  hbm_peak=  69.8 GiB

  0%|                                                   | 0/49 [00:00<?, ?it/s]
  2%|▉                                          | 1/49 [00:15<12:20, 15.42s/it]
  4%|█▊                                         | 2/49 [00:15<05:07,  6.54s/it]
  6%|██▋                                        | 3/49 [00:16<02:50,  3.70s/it]
  8%|███▌                                       | 4/49 [00:25<04:36,  6.15s/it]
 10%|████▍                                      | 5/49 [00:31<04:25,  6.04s/it]
 12%|█████▎                                     | 6/49 [00:32<02:56,  4.09s/it]
 14%|██████▏                                    | 7/49 [00:32<02:00,  2.86s/it]
 16%|███████                                    | 8/49 [00:32<01:24,  2.05s/it]
 18%|███████▉                                   | 9/49 [00:42<03:00,  4.51s/it]
 20%|████████▌                                 | 10/49 [00:48<03:11,  4.92s/it]
 22%|█████████▍                                | 11/49 [00:48<02:13,  3.51s/it]
 24%|██████████▎                               | 12/49 [00:49<01:34,  2.54s/it]
 27%|███████████▏                              | 13/49 [00:49<01:07,  1.87s/it]
 29%|████████████                              | 14/49 [00:49<00:49,  1.40s/it]
 31%|████████████▊                             | 15/49 [00:50<00:36,  1.08s/it]
 33%|█████████████▋                            | 16/49 [00:50<00:28,  1.17it/s]
 35%|██████████████▌                           | 17/49 [01:00<01:54,  3.57s/it]
 37%|███████████████▍                          | 18/49 [01:06<02:11,  4.25s/it]
 39%|████████████████▎                         | 19/49 [01:06<01:32,  3.07s/it]
 41%|█████████████████▏                        | 20/49 [01:06<01:05,  2.25s/it]
 43%|██████████████████                        | 21/49 [01:07<00:46,  1.67s/it]
 45%|██████████████████▊                       | 22/49 [01:07<00:34,  1.27s/it]
 47%|███████████████████▋                      | 23/49 [01:07<00:25,  1.02it/s]
 49%|████████████████████▌                     | 24/49 [01:08<00:19,  1.27it/s]
 51%|█████████████████████▍                    | 25/49 [01:08<00:15,  1.54it/s]
 53%|██████████████████████▎                   | 26/49 [01:08<00:12,  1.82it/s]
 55%|███████████████████████▏                  | 27/49 [01:09<00:10,  2.07it/s]
 57%|████████████████████████                  | 28/49 [01:19<01:09,  3.31s/it]
 59%|████████████████████████▊                 | 29/49 [01:24<01:21,  4.07s/it]
 61%|█████████████████████████▋                | 30/49 [01:25<00:55,  2.94s/it]
 63%|██████████████████████████▌               | 31/49 [01:25<00:38,  2.16s/it]
 65%|███████████████████████████▍              | 32/49 [01:25<00:27,  1.61s/it]
 67%|████████████████████████████▎             | 33/49 [01:26<00:19,  1.22s/it]
 69%|█████████████████████████████▏            | 34/49 [01:26<00:14,  1.05it/s]
 71%|██████████████████████████████            | 35/49 [01:26<00:10,  1.31it/s]
 73%|██████████████████████████████▊           | 36/49 [01:27<00:08,  1.58it/s]
 76%|███████████████████████████████▋          | 37/49 [01:37<00:40,  3.41s/it]
 78%|████████████████████████████████▌         | 38/49 [01:42<00:45,  4.14s/it]
 80%|█████████████████████████████████▍        | 39/49 [01:43<00:29,  2.99s/it]
 82%|██████████████████████████████████▎       | 40/49 [01:43<00:19,  2.19s/it]
 84%|███████████████████████████████████▏      | 41/49 [01:43<00:13,  1.63s/it]
 86%|████████████████████████████████████      | 42/49 [01:44<00:08,  1.24s/it]
 88%|████████████████████████████████████▊     | 43/49 [01:54<00:23,  3.84s/it]
 90%|█████████████████████████████████████▋    | 44/49 [01:59<00:22,  4.43s/it]
 92%|██████████████████████████████████████▌   | 45/49 [02:00<00:12,  3.20s/it]
 94%|███████████████████████████████████████▍  | 46/49 [02:00<00:07,  2.34s/it]
 96%|████████████████████████████████████████▎ | 47/49 [02:10<00:09,  4.60s/it]
 98%|█████████████████████████████████████████▏| 48/49 [02:16<00:04,  4.97s/it]
100%|██████████████████████████████████████████| 49/49 [02:26<00:00,  6.45s/it]
100%|██████████████████████████████████████████| 49/49 [02:26<00:00,  2.98s/it]
[run ] denoise:17 took 146.2s
[mem] ran denoise:17               host_used=   5.1 GiB  hbm=  63.5 GiB  hbm_peak=  69.8 GiB

  0%|                                                   | 0/49 [00:00<?, ?it/s]
  2%|▉                                          | 1/49 [00:15<12:20, 15.42s/it]
  4%|█▊                                         | 2/49 [00:15<05:07,  6.54s/it]
  6%|██▋                                        | 3/49 [00:16<02:50,  3.70s/it]
  8%|███▌                                       | 4/49 [00:25<04:36,  6.15s/it]
 10%|████▍                                      | 5/49 [00:31<04:25,  6.04s/it]
 12%|█████▎                                     | 6/49 [00:32<02:56,  4.10s/it]
 14%|██████▏                                    | 7/49 [00:32<02:00,  2.86s/it]
 16%|███████                                    | 8/49 [00:32<01:24,  2.05s/it]
 18%|███████▉                                   | 9/49 [00:42<03:00,  4.51s/it]
 20%|████████▌                                 | 10/49 [00:48<03:11,  4.92s/it]
 22%|█████████▍                                | 11/49 [00:48<02:13,  3.51s/it]
 24%|██████████▎                               | 12/49 [00:49<01:34,  2.54s/it]
 27%|███████████▏                              | 13/49 [00:49<01:07,  1.87s/it]
 29%|████████████                              | 14/49 [00:49<00:49,  1.40s/it]
 31%|████████████▊                             | 15/49 [00:50<00:36,  1.08s/it]
 33%|█████████████▋                            | 16/49 [00:50<00:28,  1.17it/s]
 35%|██████████████▌                           | 17/49 [01:00<01:54,  3.57s/it]
 37%|███████████████▍                          | 18/49 [01:06<02:11,  4.25s/it]
 39%|████████████████▎                         | 19/49 [01:06<01:32,  3.07s/it]
 41%|█████████████████▏                        | 20/49 [01:06<01:05,  2.25s/it]
 43%|██████████████████                        | 21/49 [01:07<00:46,  1.67s/it]
 45%|██████████████████▊                       | 22/49 [01:07<00:34,  1.27s/it]
 47%|███████████████████▋                      | 23/49 [01:07<00:25,  1.02it/s]
 49%|████████████████████▌                     | 24/49 [01:08<00:19,  1.27it/s]
 51%|█████████████████████▍                    | 25/49 [01:08<00:15,  1.54it/s]
 53%|██████████████████████▎                   | 26/49 [01:08<00:12,  1.82it/s]
 55%|███████████████████████▏                  | 27/49 [01:09<00:10,  2.07it/s]
 57%|████████████████████████                  | 28/49 [01:19<01:09,  3.31s/it]
 59%|████████████████████████▊                 | 29/49 [01:24<01:21,  4.07s/it]
 61%|█████████████████████████▋                | 30/49 [01:25<00:55,  2.94s/it]
 63%|██████████████████████████▌               | 31/49 [01:25<00:38,  2.16s/it]
 65%|███████████████████████████▍              | 32/49 [01:25<00:27,  1.61s/it]
 67%|████████████████████████████▎             | 33/49 [01:26<00:19,  1.22s/it]
 69%|█████████████████████████████▏            | 34/49 [01:26<00:14,  1.05it/s]
 71%|██████████████████████████████            | 35/49 [01:26<00:10,  1.31it/s]
 73%|██████████████████████████████▊           | 36/49 [01:27<00:08,  1.58it/s]
 76%|███████████████████████████████▋          | 37/49 [01:37<00:40,  3.41s/it]
 78%|████████████████████████████████▌         | 38/49 [01:42<00:45,  4.14s/it]
 80%|█████████████████████████████████▍        | 39/49 [01:43<00:29,  3.00s/it]
 82%|██████████████████████████████████▎       | 40/49 [01:43<00:19,  2.19s/it]
 84%|███████████████████████████████████▏      | 41/49 [01:43<00:13,  1.63s/it]
 86%|████████████████████████████████████      | 42/49 [01:44<00:08,  1.24s/it]
 88%|████████████████████████████████████▊     | 43/49 [01:54<00:23,  3.84s/it]
 90%|█████████████████████████████████████▋    | 44/49 [01:59<00:22,  4.44s/it]
 92%|██████████████████████████████████████▌   | 45/49 [02:00<00:12,  3.20s/it]
 94%|███████████████████████████████████████▍  | 46/49 [02:00<00:07,  2.34s/it]
 96%|████████████████████████████████████████▎ | 47/49 [02:10<00:09,  4.61s/it]
 98%|█████████████████████████████████████████▏| 48/49 [02:16<00:04,  4.97s/it]
100%|██████████████████████████████████████████| 49/49 [02:26<00:00,  6.45s/it]
100%|██████████████████████████████████████████| 49/49 [02:26<00:00,  2.98s/it]
[run ] denoise:18 took 146.3s
[mem] ran denoise:18               host_used=   5.1 GiB  hbm=  63.5 GiB  hbm_peak=  69.8 GiB

  0%|                                                   | 0/49 [00:00<?, ?it/s]
  2%|▉                                          | 1/49 [00:15<12:20, 15.42s/it]
  4%|█▊                                         | 2/49 [00:15<05:07,  6.54s/it]
  6%|██▋                                        | 3/49 [00:16<02:50,  3.70s/it]
  8%|███▌                                       | 4/49 [00:16<01:46,  2.37s/it]
 10%|████▍                                      | 5/49 [00:26<03:43,  5.09s/it]
 12%|█████▎                                     | 6/49 [00:32<03:49,  5.34s/it]
 14%|██████▏                                    | 7/49 [00:32<02:35,  3.70s/it]
 16%|███████                                    | 8/49 [00:32<01:47,  2.63s/it]
 18%|███████▉                                   | 9/49 [00:33<01:16,  1.91s/it]
 20%|████████▌                                 | 10/49 [00:43<02:50,  4.38s/it]
 22%|█████████▍                                | 11/49 [00:48<03:03,  4.82s/it]
 24%|██████████▎                               | 12/49 [00:49<02:07,  3.46s/it]
 27%|███████████▏                              | 13/49 [00:49<01:30,  2.51s/it]
 29%|████████████                              | 14/49 [00:49<01:04,  1.85s/it]
 31%|████████████▊                             | 15/49 [00:50<00:47,  1.39s/it]
 33%|█████████████▋                            | 16/49 [00:50<00:35,  1.07s/it]
 35%|██████████████▌                           | 17/49 [00:50<00:27,  1.18it/s]
 37%|███████████████▍                          | 18/49 [01:00<01:50,  3.57s/it]
 39%|████████████████▎                         | 19/49 [01:06<02:07,  4.25s/it]
 41%|█████████████████▏                        | 20/49 [01:06<01:29,  3.07s/it]
 43%|██████████████████                        | 21/49 [01:07<01:02,  2.25s/it]
 45%|██████████████████▊                       | 22/49 [01:07<00:45,  1.67s/it]
 47%|███████████████████▋                      | 23/49 [01:07<00:32,  1.27s/it]
 49%|████████████████████▌                     | 24/49 [01:08<00:24,  1.02it/s]
 51%|█████████████████████▍                    | 25/49 [01:08<00:18,  1.27it/s]
 53%|██████████████████████▎                   | 26/49 [01:08<00:14,  1.54it/s]
 55%|███████████████████████▏                  | 27/49 [01:09<00:12,  1.82it/s]
 57%|████████████████████████                  | 28/49 [01:09<00:10,  2.07it/s]
 59%|████████████████████████▊                 | 29/49 [01:19<01:06,  3.31s/it]
 61%|█████████████████████████▋                | 30/49 [01:25<01:17,  4.07s/it]
 63%|██████████████████████████▌               | 31/49 [01:25<00:53,  2.95s/it]
 65%|███████████████████████████▍              | 32/49 [01:25<00:36,  2.16s/it]
 67%|████████████████████████████▎             | 33/49 [01:26<00:25,  1.61s/it]
 69%|█████████████████████████████▏            | 34/49 [01:26<00:18,  1.22s/it]
 71%|██████████████████████████████            | 35/49 [01:26<00:13,  1.05it/s]
 73%|██████████████████████████████▊           | 36/49 [01:27<00:09,  1.31it/s]
 76%|███████████████████████████████▋          | 37/49 [01:27<00:07,  1.58it/s]
 78%|████████████████████████████████▌         | 38/49 [01:37<00:37,  3.41s/it]
 80%|█████████████████████████████████▍        | 39/49 [01:43<00:41,  4.14s/it]
 82%|██████████████████████████████████▎       | 40/49 [01:43<00:26,  3.00s/it]
 84%|███████████████████████████████████▏      | 41/49 [01:43<00:17,  2.19s/it]
 86%|████████████████████████████████████      | 42/49 [01:44<00:11,  1.63s/it]
 88%|████████████████████████████████████▊     | 43/49 [01:44<00:07,  1.24s/it]
 90%|█████████████████████████████████████▋    | 44/49 [01:54<00:19,  3.84s/it]
 92%|██████████████████████████████████████▌   | 45/49 [02:00<00:17,  4.44s/it]
 94%|███████████████████████████████████████▍  | 46/49 [02:00<00:09,  3.20s/it]
 96%|████████████████████████████████████████▎ | 47/49 [02:00<00:04,  2.34s/it]
 98%|█████████████████████████████████████████▏| 48/49 [02:10<00:04,  4.61s/it]
100%|██████████████████████████████████████████| 49/49 [02:16<00:00,  4.97s/it]
100%|██████████████████████████████████████████| 49/49 [02:16<00:00,  2.79s/it]
[run ] denoise:19 took 136.7s
[mem] ran denoise:19               host_used=   5.1 GiB  hbm=  63.5 GiB  hbm_peak=  69.9 GiB
[free] ['transformer', 'scheduler', 'audio_scheduler']

Loading checkpoint shards:   0%|                         | 0/3 [00:00<?, ?it/s]
Loading checkpoint shards:  33%|█████▋           | 1/3 [00:00<00:01,  1.14it/s]
Loading checkpoint shards:  67%|███████████▎     | 2/3 [00:01<00:00,  1.17it/s]
Loading checkpoint shards: 100%|█████████████████| 3/3 [00:01<00:00,  1.69it/s]
[load] vae: 2.60B params -> float32 2.60B/9.7GiB
[load] audio_vae: 0.15B params -> float32 0.15B/0.6GiB
[load] ['vae', 'audio_vae'] in 2.6s
[mem] loaded for decode            host_used=   5.1 GiB  hbm=  10.9 GiB  hbm_peak=  69.9 GiB
[run ] decode:0 took 19.6s
[mem] ran decode:0                 host_used=   5.8 GiB  hbm=  11.1 GiB  hbm_peak=  69.9 GiB
[out ] /mnt/workspace/outputs/batch20_sage_fbcache025-20260928-114735/video-0.mp4 frames=124 audio=(165600, 2) sr=32000
[run ] decode:1 took 17.8s
[mem] ran decode:1                 host_used=   6.2 GiB  hbm=  11.1 GiB  hbm_peak=  69.9 GiB
[out ] /mnt/workspace/outputs/batch20_sage_fbcache025-20260928-114735/video-1.mp4 frames=124 audio=(165600, 2) sr=32000
[run ] decode:2 took 17.6s
[mem] ran decode:2                 host_used=   6.2 GiB  hbm=  11.1 GiB  hbm_peak=  69.9 GiB
[out ] /mnt/workspace/outputs/batch20_sage_fbcache025-20260928-114735/video-2.mp4 frames=124 audio=(165600, 2) sr=32000
[run ] decode:3 took 17.6s
[mem] ran decode:3                 host_used=   6.2 GiB  hbm=  11.0 GiB  hbm_peak=  69.9 GiB
[out ] /mnt/workspace/outputs/batch20_sage_fbcache025-20260928-114735/video-3.mp4 frames=124 audio=(165600, 2) sr=32000
[run ] decode:4 took 17.7s
[mem] ran decode:4                 host_used=   6.2 GiB  hbm=  11.0 GiB  hbm_peak=  69.9 GiB
[out ] /mnt/workspace/outputs/batch20_sage_fbcache025-20260928-114735/video-4.mp4 frames=124 audio=(165600, 2) sr=32000
[run ] decode:5 took 17.6s
[mem] ran decode:5                 host_used=   6.1 GiB  hbm=  11.0 GiB  hbm_peak=  69.9 GiB
[out ] /mnt/workspace/outputs/batch20_sage_fbcache025-20260928-114735/video-5.mp4 frames=124 audio=(165600, 2) sr=32000
[run ] decode:6 took 17.6s
[mem] ran decode:6                 host_used=   6.1 GiB  hbm=  10.9 GiB  hbm_peak=  69.9 GiB
[out ] /mnt/workspace/outputs/batch20_sage_fbcache025-20260928-114735/video-6.mp4 frames=124 audio=(165600, 2) sr=32000
[run ] decode:7 took 17.6s
[mem] ran decode:7                 host_used=   6.1 GiB  hbm=  10.9 GiB  hbm_peak=  69.9 GiB
[out ] /mnt/workspace/outputs/batch20_sage_fbcache025-20260928-114735/video-7.mp4 frames=124 audio=(165600, 2) sr=32000
[run ] decode:8 took 17.7s
[mem] ran decode:8                 host_used=   6.1 GiB  hbm=  10.9 GiB  hbm_peak=  69.9 GiB
[out ] /mnt/workspace/outputs/batch20_sage_fbcache025-20260928-114735/video-8.mp4 frames=124 audio=(165600, 2) sr=32000
[run ] decode:9 took 17.6s
[mem] ran decode:9                 host_used=   6.1 GiB  hbm=  10.9 GiB  hbm_peak=  69.9 GiB
[out ] /mnt/workspace/outputs/batch20_sage_fbcache025-20260928-114735/video-9.mp4 frames=124 audio=(165600, 2) sr=32000
[run ] decode:10 took 17.6s
[mem] ran decode:10                host_used=   6.1 GiB  hbm=  10.8 GiB  hbm_peak=  69.9 GiB
[out ] /mnt/workspace/outputs/batch20_sage_fbcache025-20260928-114735/video-10.mp4 frames=124 audio=(165600, 2) sr=32000
[run ] decode:11 took 17.6s
[mem] ran decode:11                host_used=   6.1 GiB  hbm=  10.8 GiB  hbm_peak=  69.9 GiB
[out ] /mnt/workspace/outputs/batch20_sage_fbcache025-20260928-114735/video-11.mp4 frames=124 audio=(165600, 2) sr=32000
[run ] decode:12 took 17.6s
[mem] ran decode:12                host_used=   6.1 GiB  hbm=  10.8 GiB  hbm_peak=  69.9 GiB
[out ] /mnt/workspace/outputs/batch20_sage_fbcache025-20260928-114735/video-12.mp4 frames=124 audio=(165600, 2) sr=32000
[run ] decode:13 took 17.6s
[mem] ran decode:13                host_used=   6.1 GiB  hbm=  10.7 GiB  hbm_peak=  69.9 GiB
[out ] /mnt/workspace/outputs/batch20_sage_fbcache025-20260928-114735/video-13.mp4 frames=124 audio=(165600, 2) sr=32000
[run ] decode:14 took 17.7s
[mem] ran decode:14                host_used=   6.0 GiB  hbm=  10.7 GiB  hbm_peak=  69.9 GiB
[out ] /mnt/workspace/outputs/batch20_sage_fbcache025-20260928-114735/video-14.mp4 frames=124 audio=(165600, 2) sr=32000
[run ] decode:15 took 17.6s
[mem] ran decode:15                host_used=   6.0 GiB  hbm=  10.7 GiB  hbm_peak=  69.9 GiB
[out ] /mnt/workspace/outputs/batch20_sage_fbcache025-20260928-114735/video-15.mp4 frames=124 audio=(165600, 2) sr=32000
[run ] decode:16 took 17.6s
[mem] ran decode:16                host_used=   6.0 GiB  hbm=  10.6 GiB  hbm_peak=  69.9 GiB
[out ] /mnt/workspace/outputs/batch20_sage_fbcache025-20260928-114735/video-16.mp4 frames=124 audio=(165600, 2) sr=32000
[run ] decode:17 took 17.6s
[mem] ran decode:17                host_used=   6.0 GiB  hbm=  10.6 GiB  hbm_peak=  69.9 GiB
[out ] /mnt/workspace/outputs/batch20_sage_fbcache025-20260928-114735/video-17.mp4 frames=124 audio=(165600, 2) sr=32000
[run ] decode:18 took 17.6s
[mem] ran decode:18                host_used=   6.0 GiB  hbm=  10.6 GiB  hbm_peak=  69.9 GiB
[out ] /mnt/workspace/outputs/batch20_sage_fbcache025-20260928-114735/video-18.mp4 frames=124 audio=(165600, 2) sr=32000
[run ] decode:19 took 17.6s
[mem] ran decode:19                host_used=   6.0 GiB  hbm=  10.6 GiB  hbm_peak=  69.9 GiB
[out ] /mnt/workspace/outputs/batch20_sage_fbcache025-20260928-114735/video-19.mp4 frames=124 audio=(165600, 2) sr=32000
[free] ['vae', 'audio_vae']
[done] batch of 20 videos, wall time 3711.2s
