t_rel,phase,hbm_alloc_gib,hbm_peak_gib,host_used_gib,nvml_used_gib
4.195,init,0.0,0.0,3.56,0.687
4.697,sglang:subprocess,0.0,0.0,3.762,0.687
5.197,sglang:subprocess,0.0,0.0,3.818,0.687
5.698,sglang:subprocess,0.0,0.0,3.84,0.687
6.199,sglang:subprocess,0.0,0.0,3.883,0.687
6.7,sglang:subprocess,0.0,0.0,3.907,0.687
7.2,sglang:subprocess,0.0,0.0,3.937,0.687
7.701,sglang:subprocess,0.0,0.0,3.945,0.687
8.202,sglang:subprocess,0.0,0.0,3.953,0.687
8.702,sglang:subprocess,0.0,0.0,3.955,0.687
9.203,sglang:subprocess,0.0,0.0,3.955,0.687
9.704,sglang:subprocess,0.0,0.0,3.959,0.687
10.205,sglang:subprocess,0.0,0.0,3.982,0.687
10.705,sglang:subprocess,0.0,0.0,4.008,0.687
11.206,sglang:subprocess,0.0,0.0,4.036,0.687
11.707,sglang:subprocess,0.0,0.0,4.073,0.687
12.207,sglang:subprocess,0.0,0.0,4.115,0.687
12.708,sglang:subprocess,0.0,0.0,4.151,0.687
13.209,sglang:subprocess,0.0,0.0,4.19,0.687
13.71,sglang:subprocess,0.0,0.0,4.199,0.687
14.21,sglang:subprocess,0.0,0.0,4.221,0.687
14.711,sglang:subprocess,0.0,0.0,4.236,0.687
15.211,sglang:subprocess,0.0,0.0,4.237,0.687
15.712,sglang:subprocess,0.0,0.0,4.235,0.687
16.213,sglang:subprocess,0.0,0.0,4.237,0.687
16.713,sglang:subprocess,0.0,0.0,4.243,0.687
17.214,sglang:subprocess,0.0,0.0,4.26,0.687
17.715,sglang:subprocess,0.0,0.0,4.28,0.687
18.215,sglang:subprocess,0.0,0.0,4.34,0.687
18.716,sglang:subprocess,0.0,0.0,4.348,0.687
19.217,sglang:subprocess,0.0,0.0,4.37,0.687
19.718,sglang:subprocess,0.0,0.0,4.376,0.687
20.218,sglang:subprocess,0.0,0.0,4.378,0.687
20.719,sglang:subprocess,0.0,0.0,4.4,0.687
21.22,sglang:subprocess,0.0,0.0,4.415,0.687
21.72,sglang:subprocess,0.0,0.0,4.422,0.687
22.221,sglang:subprocess,0.0,0.0,4.426,0.687
22.722,sglang:subprocess,0.0,0.0,4.428,0.687
23.222,sglang:subprocess,0.0,0.0,4.427,0.687
23.723,sglang:subprocess,0.0,0.0,4.423,0.687
24.224,sglang:subprocess,0.0,0.0,4.428,0.687
24.732,sglang:subprocess,0.0,0.0,4.471,0.687
25.232,sglang:subprocess,0.0,0.0,4.68,0.687
25.733,sglang:subprocess,0.0,0.0,4.718,0.687
26.234,sglang:subprocess,0.0,0.0,4.744,0.687
26.734,sglang:subprocess,0.0,0.0,4.789,0.687
27.235,sglang:subprocess,0.0,0.0,4.814,0.687
27.736,sglang:subprocess,0.0,0.0,4.842,0.687
28.236,sglang:subprocess,0.0,0.0,4.849,0.687
28.737,sglang:subprocess,0.0,0.0,4.855,0.687
29.238,sglang:subprocess,0.0,0.0,4.855,0.687
29.739,sglang:subprocess,0.0,0.0,4.856,0.687
30.239,sglang:subprocess,0.0,0.0,4.859,0.687
30.74,sglang:subprocess,0.0,0.0,4.892,0.687
31.241,sglang:subprocess,0.0,0.0,4.917,0.687
31.741,sglang:subprocess,0.0,0.0,4.955,0.687
32.242,sglang:subprocess,0.0,0.0,5.002,0.687
32.743,sglang:subprocess,0.0,0.0,5.037,0.687
33.243,sglang:subprocess,0.0,0.0,5.071,0.687
33.744,sglang:subprocess,0.0,0.0,5.088,0.687
34.245,sglang:subprocess,0.0,0.0,5.097,0.687
34.746,sglang:subprocess,0.0,0.0,5.123,0.687
35.246,sglang:subprocess,0.0,0.0,5.127,0.687
35.747,sglang:subprocess,0.0,0.0,5.128,0.687
36.248,sglang:subprocess,0.0,0.0,5.13,0.687
36.748,sglang:subprocess,0.0,0.0,5.132,0.687
37.249,sglang:subprocess,0.0,0.0,5.148,0.687
37.75,sglang:subprocess,0.0,0.0,5.172,0.687
38.25,sglang:subprocess,0.0,0.0,5.211,0.687
38.751,sglang:subprocess,0.0,0.0,5.237,0.687
39.252,sglang:subprocess,0.0,0.0,5.264,0.687
39.753,sglang:subprocess,0.0,0.0,5.272,0.687
40.253,sglang:subprocess,0.0,0.0,5.27,0.687
40.754,sglang:subprocess,0.0,0.0,5.498,1.098
41.255,sglang:subprocess,0.0,0.0,5.605,1.615
41.755,sglang:subprocess,0.0,0.0,5.617,1.615
42.256,sglang:subprocess,0.0,0.0,5.62,1.615
42.757,sglang:subprocess,0.0,0.0,5.625,1.615
43.257,sglang:subprocess,0.0,0.0,5.625,1.615
43.758,sglang:subprocess,0.0,0.0,5.624,1.615
44.259,sglang:subprocess,0.0,0.0,5.625,1.615
44.759,sglang:subprocess,0.0,0.0,5.644,1.615
45.26,sglang:subprocess,0.0,0.0,5.851,1.615
45.761,sglang:subprocess,0.0,0.0,6.243,1.615
46.262,sglang:subprocess,0.0,0.0,6.501,1.615
46.762,sglang:subprocess,0.0,0.0,6.674,1.615
47.263,sglang:subprocess,0.0,0.0,6.845,1.615
47.764,sglang:subprocess,0.0,0.0,7.024,1.615
48.264,sglang:subprocess,0.0,0.0,7.199,1.615
48.765,sglang:subprocess,0.0,0.0,7.368,1.615
49.266,sglang:subprocess,0.0,0.0,7.54,1.615
49.767,sglang:subprocess,0.0,0.0,7.71,1.615
50.268,sglang:subprocess,0.0,0.0,7.885,1.615
50.768,sglang:subprocess,0.0,0.0,8.054,1.615
51.269,sglang:subprocess,0.0,0.0,8.226,1.615
51.77,sglang:subprocess,0.0,0.0,8.399,1.615
52.27,sglang:subprocess,0.0,0.0,8.569,1.615
52.771,sglang:subprocess,0.0,0.0,8.74,1.615
53.272,sglang:subprocess,0.0,0.0,8.912,1.615
53.772,sglang:subprocess,0.0,0.0,9.082,1.615
54.273,sglang:subprocess,0.0,0.0,9.246,1.615
54.774,sglang:subprocess,0.0,0.0,9.417,1.615
55.274,sglang:subprocess,0.0,0.0,9.588,1.615
55.775,sglang:subprocess,0.0,0.0,9.761,1.615
56.277,sglang:subprocess,0.0,0.0,9.934,1.615
56.778,sglang:subprocess,0.0,0.0,10.105,1.615
57.278,sglang:subprocess,0.0,0.0,10.277,1.615
57.779,sglang:subprocess,0.0,0.0,10.419,1.615
58.28,sglang:subprocess,0.0,0.0,10.608,1.615
58.781,sglang:subprocess,0.0,0.0,10.783,1.615
59.281,sglang:subprocess,0.0,0.0,10.953,1.615
59.782,sglang:subprocess,0.0,0.0,11.125,1.615
60.283,sglang:subprocess,0.0,0.0,11.298,1.615
60.784,sglang:subprocess,0.0,0.0,11.468,1.615
61.284,sglang:subprocess,0.0,0.0,11.639,1.615
61.785,sglang:subprocess,0.0,0.0,11.815,1.615
62.286,sglang:subprocess,0.0,0.0,11.986,1.615
62.786,sglang:subprocess,0.0,0.0,12.153,1.615
63.287,sglang:subprocess,0.0,0.0,12.324,1.615
63.788,sglang:subprocess,0.0,0.0,12.497,1.615
64.289,sglang:subprocess,0.0,0.0,12.667,1.615
64.789,sglang:subprocess,0.0,0.0,12.837,1.615
65.29,sglang:subprocess,0.0,0.0,13.009,1.615
65.791,sglang:subprocess,0.0,0.0,13.178,1.615
66.292,sglang:subprocess,0.0,0.0,13.348,1.615
66.792,sglang:subprocess,0.0,0.0,13.52,1.615
67.293,sglang:subprocess,0.0,0.0,13.689,1.615
67.794,sglang:subprocess,0.0,0.0,13.867,1.615
68.294,sglang:subprocess,0.0,0.0,14.039,1.615
68.795,sglang:subprocess,0.0,0.0,14.211,1.615
69.296,sglang:subprocess,0.0,0.0,14.386,1.615
69.796,sglang:subprocess,0.0,0.0,14.559,1.615
70.297,sglang:subprocess,0.0,0.0,14.728,1.615
70.798,sglang:subprocess,0.0,0.0,14.901,1.615
71.299,sglang:subprocess,0.0,0.0,15.063,1.615
71.799,sglang:subprocess,0.0,0.0,15.227,1.615
72.3,sglang:subprocess,0.0,0.0,15.403,1.615
72.801,sglang:subprocess,0.0,0.0,15.575,1.615
73.301,sglang:subprocess,0.0,0.0,15.745,1.615
73.802,sglang:subprocess,0.0,0.0,15.914,1.615
74.304,sglang:subprocess,0.0,0.0,16.085,1.615
74.804,sglang:subprocess,0.0,0.0,16.258,1.615
75.305,sglang:subprocess,0.0,0.0,16.429,1.615
75.806,sglang:subprocess,0.0,0.0,16.603,1.615
76.307,sglang:subprocess,0.0,0.0,16.777,1.615
76.808,sglang:subprocess,0.0,0.0,16.947,1.615
77.308,sglang:subprocess,0.0,0.0,17.121,1.615
77.809,sglang:subprocess,0.0,0.0,17.296,1.615
78.31,sglang:subprocess,0.0,0.0,17.466,1.615
78.81,sglang:subprocess,0.0,0.0,17.636,1.615
79.311,sglang:subprocess,0.0,0.0,17.804,1.615
79.812,sglang:subprocess,0.0,0.0,17.976,1.615
80.312,sglang:subprocess,0.0,0.0,18.146,1.615
80.813,sglang:subprocess,0.0,0.0,18.316,1.615
81.314,sglang:subprocess,0.0,0.0,18.489,1.615
81.815,sglang:subprocess,0.0,0.0,18.661,1.615
82.316,sglang:subprocess,0.0,0.0,18.837,1.615
82.816,sglang:subprocess,0.0,0.0,19.007,1.615
83.317,sglang:subprocess,0.0,0.0,19.174,1.615
83.818,sglang:subprocess,0.0,0.0,19.342,1.615
84.318,sglang:subprocess,0.0,0.0,19.477,1.615
84.819,sglang:subprocess,0.0,0.0,19.679,1.615
85.32,sglang:subprocess,0.0,0.0,19.851,1.615
85.82,sglang:subprocess,0.0,0.0,20.023,1.615
86.321,sglang:subprocess,0.0,0.0,20.195,1.615
86.822,sglang:subprocess,0.0,0.0,20.365,1.615
87.323,sglang:subprocess,0.0,0.0,20.537,1.615
87.823,sglang:subprocess,0.0,0.0,20.712,1.615
88.324,sglang:subprocess,0.0,0.0,20.887,1.615
88.825,sglang:subprocess,0.0,0.0,21.058,1.615
89.326,sglang:subprocess,0.0,0.0,21.229,1.615
89.826,sglang:subprocess,0.0,0.0,21.403,1.615
90.327,sglang:subprocess,0.0,0.0,21.576,1.615
90.828,sglang:subprocess,0.0,0.0,21.742,1.615
91.328,sglang:subprocess,0.0,0.0,21.914,1.615
91.829,sglang:subprocess,0.0,0.0,22.089,1.615
92.331,sglang:subprocess,0.0,0.0,22.257,1.615
92.831,sglang:subprocess,0.0,0.0,22.428,1.615
93.332,sglang:subprocess,0.0,0.0,22.6,1.615
93.833,sglang:subprocess,0.0,0.0,22.765,1.615
94.333,sglang:subprocess,0.0,0.0,22.938,1.615
94.834,sglang:subprocess,0.0,0.0,23.111,1.615
95.335,sglang:subprocess,0.0,0.0,23.279,1.615
95.835,sglang:subprocess,0.0,0.0,23.451,1.615
96.336,sglang:subprocess,0.0,0.0,23.623,1.615
96.837,sglang:subprocess,0.0,0.0,23.795,1.615
97.338,sglang:subprocess,0.0,0.0,23.967,1.615
97.839,sglang:subprocess,0.0,0.0,24.139,1.615
98.339,sglang:subprocess,0.0,0.0,24.311,1.615
98.84,sglang:subprocess,0.0,0.0,24.484,1.615
99.341,sglang:subprocess,0.0,0.0,24.655,1.615
99.841,sglang:subprocess,0.0,0.0,24.826,1.615
100.342,sglang:subprocess,0.0,0.0,24.999,1.615
100.843,sglang:subprocess,0.0,0.0,25.169,1.615
101.343,sglang:subprocess,0.0,0.0,25.339,1.615
101.844,sglang:subprocess,0.0,0.0,25.509,1.615
102.345,sglang:subprocess,0.0,0.0,25.684,1.615
102.846,sglang:subprocess,0.0,0.0,25.855,1.615
103.347,sglang:subprocess,0.0,0.0,26.027,1.615
103.848,sglang:subprocess,0.0,0.0,26.201,1.615
104.348,sglang:subprocess,0.0,0.0,26.371,1.615
104.849,sglang:subprocess,0.0,0.0,26.536,1.615
105.35,sglang:subprocess,0.0,0.0,26.707,1.615
105.85,sglang:subprocess,0.0,0.0,26.876,1.615
106.351,sglang:subprocess,0.0,0.0,27.048,1.615
106.852,sglang:subprocess,0.0,0.0,27.219,1.615
107.352,sglang:subprocess,0.0,0.0,27.389,1.615
107.853,sglang:subprocess,0.0,0.0,27.563,1.615
108.354,sglang:subprocess,0.0,0.0,27.737,1.615
108.855,sglang:subprocess,0.0,0.0,27.91,1.615
109.356,sglang:subprocess,0.0,0.0,28.085,1.615
109.856,sglang:subprocess,0.0,0.0,28.253,1.615
110.357,sglang:subprocess,0.0,0.0,28.426,1.615
110.858,sglang:subprocess,0.0,0.0,28.587,1.615
111.358,sglang:subprocess,0.0,0.0,28.76,1.615
111.859,sglang:subprocess,0.0,0.0,28.934,1.615
112.36,sglang:subprocess,0.0,0.0,29.106,1.615
112.86,sglang:subprocess,0.0,0.0,29.277,1.615
113.361,sglang:subprocess,0.0,0.0,29.453,1.615
113.862,sglang:subprocess,0.0,0.0,29.618,1.615
114.363,sglang:subprocess,0.0,0.0,29.79,1.615
114.863,sglang:subprocess,0.0,0.0,29.961,1.615
115.364,sglang:subprocess,0.0,0.0,30.131,1.615
115.865,sglang:subprocess,0.0,0.0,30.304,1.615
116.365,sglang:subprocess,0.0,0.0,30.477,1.615
116.866,sglang:subprocess,0.0,0.0,30.648,1.615
117.367,sglang:subprocess,0.0,0.0,30.817,1.615
117.867,sglang:subprocess,0.0,0.0,30.99,1.615
118.368,sglang:subprocess,0.0,0.0,31.163,1.615
118.869,sglang:subprocess,0.0,0.0,31.332,1.615
119.37,sglang:subprocess,0.0,0.0,31.507,1.615
119.871,sglang:subprocess,0.0,0.0,31.675,1.615
120.371,sglang:subprocess,0.0,0.0,31.848,1.615
120.872,sglang:subprocess,0.0,0.0,32.02,1.615
121.373,sglang:subprocess,0.0,0.0,32.192,1.615
121.873,sglang:subprocess,0.0,0.0,32.361,1.615
122.374,sglang:subprocess,0.0,0.0,32.535,1.615
122.875,sglang:subprocess,0.0,0.0,32.706,1.615
123.375,sglang:subprocess,0.0,0.0,32.883,1.615
123.877,sglang:subprocess,0.0,0.0,33.052,1.615
124.377,sglang:subprocess,0.0,0.0,33.214,1.615
124.878,sglang:subprocess,0.0,0.0,33.423,1.615
125.379,sglang:subprocess,0.0,0.0,33.607,1.615
125.88,sglang:subprocess,0.0,0.0,33.771,1.615
126.38,sglang:subprocess,0.0,0.0,33.938,1.615
126.881,sglang:subprocess,0.0,0.0,34.111,1.615
127.382,sglang:subprocess,0.0,0.0,34.292,1.615
127.882,sglang:subprocess,0.0,0.0,34.455,1.615
128.387,sglang:subprocess,0.0,0.0,34.628,1.615
128.887,sglang:subprocess,0.0,0.0,34.757,1.615
129.389,sglang:subprocess,0.0,0.0,34.932,1.615
129.889,sglang:subprocess,0.0,0.0,35.094,1.615
130.39,sglang:subprocess,0.0,0.0,35.265,1.615
130.893,sglang:subprocess,0.0,0.0,35.438,1.615
131.394,sglang:subprocess,0.0,0.0,35.612,1.615
131.895,sglang:subprocess,0.0,0.0,35.782,1.615
132.395,sglang:subprocess,0.0,0.0,35.952,1.615
132.896,sglang:subprocess,0.0,0.0,36.125,1.615
133.397,sglang:subprocess,0.0,0.0,36.298,1.615
133.897,sglang:subprocess,0.0,0.0,36.466,1.615
134.398,sglang:subprocess,0.0,0.0,36.641,1.615
134.899,sglang:subprocess,0.0,0.0,36.815,1.615
135.4,sglang:subprocess,0.0,0.0,36.985,1.615
135.9,sglang:subprocess,0.0,0.0,37.154,1.615
136.401,sglang:subprocess,0.0,0.0,37.325,1.615
136.902,sglang:subprocess,0.0,0.0,37.498,1.615
137.402,sglang:subprocess,0.0,0.0,37.672,1.615
137.903,sglang:subprocess,0.0,0.0,37.834,1.615
138.404,sglang:subprocess,0.0,0.0,38.005,1.615
138.904,sglang:subprocess,0.0,0.0,38.177,1.615
139.405,sglang:subprocess,0.0,0.0,38.351,1.615
139.906,sglang:subprocess,0.0,0.0,38.521,1.615
140.407,sglang:subprocess,0.0,0.0,38.693,1.615
140.908,sglang:subprocess,0.0,0.0,38.865,1.615
141.408,sglang:subprocess,0.0,0.0,39.041,1.615
141.909,sglang:subprocess,0.0,0.0,39.212,1.615
142.41,sglang:subprocess,0.0,0.0,39.38,1.615
142.91,sglang:subprocess,0.0,0.0,39.552,1.615
143.411,sglang:subprocess,0.0,0.0,39.723,1.615
143.912,sglang:subprocess,0.0,0.0,39.894,1.615
144.412,sglang:subprocess,0.0,0.0,40.065,1.615
144.914,sglang:subprocess,0.0,0.0,40.236,1.615
145.414,sglang:subprocess,0.0,0.0,40.407,1.615
145.915,sglang:subprocess,0.0,0.0,40.576,1.615
146.416,sglang:subprocess,0.0,0.0,40.744,1.615
146.916,sglang:subprocess,0.0,0.0,40.917,1.615
147.417,sglang:subprocess,0.0,0.0,41.089,1.615
147.918,sglang:subprocess,0.0,0.0,41.262,1.615
148.418,sglang:subprocess,0.0,0.0,41.434,1.615
148.919,sglang:subprocess,0.0,0.0,41.607,1.615
149.42,sglang:subprocess,0.0,0.0,41.78,1.615
149.92,sglang:subprocess,0.0,0.0,41.949,1.615
150.421,sglang:subprocess,0.0,0.0,42.126,1.615
150.922,sglang:subprocess,0.0,0.0,42.287,1.615
151.423,sglang:subprocess,0.0,0.0,42.461,1.615
151.923,sglang:subprocess,0.0,0.0,42.631,1.615
152.424,sglang:subprocess,0.0,0.0,42.804,1.615
152.925,sglang:subprocess,0.0,0.0,42.974,1.615
153.425,sglang:subprocess,0.0,0.0,43.143,1.615
153.926,sglang:subprocess,0.0,0.0,43.316,1.615
154.427,sglang:subprocess,0.0,0.0,43.49,1.615
154.928,sglang:subprocess,0.0,0.0,43.663,1.615
155.429,sglang:subprocess,0.0,0.0,43.829,1.615
155.929,sglang:subprocess,0.0,0.0,43.997,1.615
156.43,sglang:subprocess,0.0,0.0,44.174,1.615
156.931,sglang:subprocess,0.0,0.0,44.343,1.615
157.431,sglang:subprocess,0.0,0.0,44.515,1.615
157.932,sglang:subprocess,0.0,0.0,44.689,1.615
158.433,sglang:subprocess,0.0,0.0,44.859,1.615
158.934,sglang:subprocess,0.0,0.0,45.032,1.615
159.434,sglang:subprocess,0.0,0.0,45.199,1.615
159.935,sglang:subprocess,0.0,0.0,45.37,1.615
160.436,sglang:subprocess,0.0,0.0,45.543,1.615
160.937,sglang:subprocess,0.0,0.0,45.713,1.615
161.438,sglang:subprocess,0.0,0.0,45.886,1.615
161.938,sglang:subprocess,0.0,0.0,46.057,1.615
162.439,sglang:subprocess,0.0,0.0,46.227,1.615
162.94,sglang:subprocess,0.0,0.0,46.398,1.615
163.441,sglang:subprocess,0.0,0.0,46.572,1.615
163.941,sglang:subprocess,0.0,0.0,46.745,1.615
164.442,sglang:subprocess,0.0,0.0,46.908,1.615
164.943,sglang:subprocess,0.0,0.0,47.08,1.615
165.443,sglang:subprocess,0.0,0.0,47.256,1.615
165.944,sglang:subprocess,0.0,0.0,47.425,1.615
166.445,sglang:subprocess,0.0,0.0,47.593,1.615
166.946,sglang:subprocess,0.0,0.0,47.764,1.615
167.446,sglang:subprocess,0.0,0.0,47.937,1.615
167.947,sglang:subprocess,0.0,0.0,48.111,1.615
168.448,sglang:subprocess,0.0,0.0,48.282,1.615
168.948,sglang:subprocess,0.0,0.0,48.453,1.615
169.449,sglang:subprocess,0.0,0.0,48.627,1.615
169.95,sglang:subprocess,0.0,0.0,48.797,1.615
170.452,sglang:subprocess,0.0,0.0,48.969,1.615
170.952,sglang:subprocess,0.0,0.0,49.143,1.615
171.453,sglang:subprocess,0.0,0.0,49.315,1.615
171.954,sglang:subprocess,0.0,0.0,49.484,1.615
172.455,sglang:subprocess,0.0,0.0,49.654,1.615
172.957,sglang:subprocess,0.0,0.0,49.823,1.615
173.457,sglang:subprocess,0.0,0.0,49.997,1.615
173.958,sglang:subprocess,0.0,0.0,50.17,1.615
174.459,sglang:subprocess,0.0,0.0,50.335,1.615
174.967,sglang:subprocess,0.0,0.0,50.511,1.615
175.467,sglang:subprocess,0.0,0.0,50.685,1.615
175.968,sglang:subprocess,0.0,0.0,50.854,1.615
176.469,sglang:subprocess,0.0,0.0,51.026,1.615
176.97,sglang:subprocess,0.0,0.0,51.198,1.615
177.47,sglang:subprocess,0.0,0.0,51.349,1.615
177.971,sglang:subprocess,0.0,0.0,51.541,1.615
178.472,sglang:subprocess,0.0,0.0,51.713,1.615
178.972,sglang:subprocess,0.0,0.0,51.884,1.615
179.473,sglang:subprocess,0.0,0.0,52.056,1.615
179.974,sglang:subprocess,0.0,0.0,52.226,1.615
180.474,sglang:subprocess,0.0,0.0,52.398,1.615
180.975,sglang:subprocess,0.0,0.0,52.568,1.615
181.48,sglang:subprocess,0.0,0.0,52.729,1.615
181.986,sglang:subprocess,0.0,0.0,52.908,1.615
182.487,sglang:subprocess,0.0,0.0,53.078,1.615
182.988,sglang:subprocess,0.0,0.0,53.248,1.615
183.489,sglang:subprocess,0.0,0.0,53.416,1.615
183.989,sglang:subprocess,0.0,0.0,53.597,1.615
184.49,sglang:subprocess,0.0,0.0,53.769,1.615
184.991,sglang:subprocess,0.0,0.0,53.911,1.615
185.491,sglang:subprocess,0.0,0.0,54.105,1.615
185.992,sglang:subprocess,0.0,0.0,54.279,1.615
186.493,sglang:subprocess,0.0,0.0,54.452,1.615
186.994,sglang:subprocess,0.0,0.0,54.623,1.615
187.495,sglang:subprocess,0.0,0.0,54.8,1.615
187.995,sglang:subprocess,0.0,0.0,54.97,1.615
188.496,sglang:subprocess,0.0,0.0,55.145,1.615
188.997,sglang:subprocess,0.0,0.0,55.315,1.615
189.498,sglang:subprocess,0.0,0.0,55.486,1.615
189.999,sglang:subprocess,0.0,0.0,55.656,1.615
190.499,sglang:subprocess,0.0,0.0,55.825,1.615
191.0,sglang:subprocess,0.0,0.0,55.995,1.615
191.501,sglang:subprocess,0.0,0.0,56.165,1.615
192.001,sglang:subprocess,0.0,0.0,56.338,1.615
192.502,sglang:subprocess,0.0,0.0,56.507,1.615
193.003,sglang:subprocess,0.0,0.0,56.68,1.615
193.504,sglang:subprocess,0.0,0.0,56.849,1.615
194.004,sglang:subprocess,0.0,0.0,57.02,1.615
194.505,sglang:subprocess,0.0,0.0,57.194,1.615
195.006,sglang:subprocess,0.0,0.0,57.364,1.615
195.506,sglang:subprocess,0.0,0.0,57.531,1.615
196.007,sglang:subprocess,0.0,0.0,57.702,1.615
196.508,sglang:subprocess,0.0,0.0,57.873,1.615
197.008,sglang:subprocess,0.0,0.0,58.046,1.615
197.51,sglang:subprocess,0.0,0.0,58.22,1.615
198.011,sglang:subprocess,0.0,0.0,58.393,1.615
198.511,sglang:subprocess,0.0,0.0,58.56,1.615
199.012,sglang:subprocess,0.0,0.0,58.733,1.615
199.513,sglang:subprocess,0.0,0.0,58.904,1.615
200.013,sglang:subprocess,0.0,0.0,59.076,1.615
200.514,sglang:subprocess,0.0,0.0,59.248,1.615
201.015,sglang:subprocess,0.0,0.0,59.417,1.615
201.516,sglang:subprocess,0.0,0.0,59.588,1.615
202.016,sglang:subprocess,0.0,0.0,59.76,1.615
202.517,sglang:subprocess,0.0,0.0,59.932,1.615
203.018,sglang:subprocess,0.0,0.0,60.103,1.615
203.519,sglang:subprocess,0.0,0.0,60.275,1.615
204.019,sglang:subprocess,0.0,0.0,60.436,1.615
204.52,sglang:subprocess,0.0,0.0,60.608,1.615
205.021,sglang:subprocess,0.0,0.0,60.781,1.615
205.521,sglang:subprocess,0.0,0.0,60.95,1.615
206.022,sglang:subprocess,0.0,0.0,61.122,1.615
206.523,sglang:subprocess,0.0,0.0,61.291,1.615
207.023,sglang:subprocess,0.0,0.0,61.462,1.615
207.524,sglang:subprocess,0.0,0.0,61.639,1.615
208.025,sglang:subprocess,0.0,0.0,61.81,1.615
208.526,sglang:subprocess,0.0,0.0,61.991,1.615
209.027,sglang:subprocess,0.0,0.0,62.163,1.615
209.527,sglang:subprocess,0.0,0.0,62.327,1.615
210.028,sglang:subprocess,0.0,0.0,62.492,1.615
210.529,sglang:subprocess,0.0,0.0,62.677,1.615
211.029,sglang:subprocess,0.0,0.0,62.839,1.615
211.53,sglang:subprocess,0.0,0.0,63.01,1.615
212.038,sglang:subprocess,0.0,0.0,63.189,1.615
212.539,sglang:subprocess,0.0,0.0,63.351,1.615
213.039,sglang:subprocess,0.0,0.0,63.524,1.615
213.541,sglang:subprocess,0.0,0.0,63.7,1.615
214.041,sglang:subprocess,0.0,0.0,63.873,1.615
214.542,sglang:subprocess,0.0,0.0,64.057,1.615
215.043,sglang:subprocess,0.0,0.0,64.211,1.615
215.543,sglang:subprocess,0.0,0.0,64.381,1.615
216.044,sglang:subprocess,0.0,0.0,64.55,1.615
216.545,sglang:subprocess,0.0,0.0,64.724,1.615
217.045,sglang:subprocess,0.0,0.0,64.896,1.615
217.546,sglang:subprocess,0.0,0.0,65.061,1.615
218.047,sglang:subprocess,0.0,0.0,65.228,1.615
218.548,sglang:subprocess,0.0,0.0,65.403,1.615
219.049,sglang:subprocess,0.0,0.0,65.582,1.615
219.549,sglang:subprocess,0.0,0.0,65.746,1.615
220.05,sglang:subprocess,0.0,0.0,65.916,1.615
220.551,sglang:subprocess,0.0,0.0,66.089,1.615
221.051,sglang:subprocess,0.0,0.0,66.258,1.615
221.552,sglang:subprocess,0.0,0.0,66.431,1.615
222.053,sglang:subprocess,0.0,0.0,66.604,1.615
222.553,sglang:subprocess,0.0,0.0,66.775,1.615
223.054,sglang:subprocess,0.0,0.0,66.948,1.615
223.555,sglang:subprocess,0.0,0.0,67.114,1.615
224.056,sglang:subprocess,0.0,0.0,67.287,1.615
224.56,sglang:subprocess,0.0,0.0,67.46,1.615
225.061,sglang:subprocess,0.0,0.0,67.628,1.615
225.561,sglang:subprocess,0.0,0.0,67.801,1.615
226.062,sglang:subprocess,0.0,0.0,67.971,1.615
226.563,sglang:subprocess,0.0,0.0,68.143,1.615
227.063,sglang:subprocess,0.0,0.0,68.313,1.615
227.564,sglang:subprocess,0.0,0.0,68.484,1.615
228.065,sglang:subprocess,0.0,0.0,68.649,1.615
228.565,sglang:subprocess,0.0,0.0,68.822,1.615
229.067,sglang:subprocess,0.0,0.0,68.992,1.615
229.567,sglang:subprocess,0.0,0.0,69.167,1.615
230.068,sglang:subprocess,0.0,0.0,69.337,1.615
230.569,sglang:subprocess,0.0,0.0,69.509,1.615
231.069,sglang:subprocess,0.0,0.0,69.682,1.615
231.57,sglang:subprocess,0.0,0.0,69.851,1.615
232.071,sglang:subprocess,0.0,0.0,70.023,1.615
232.572,sglang:subprocess,0.0,0.0,70.198,1.615
233.072,sglang:subprocess,0.0,0.0,70.367,1.615
233.573,sglang:subprocess,0.0,0.0,70.536,1.615
234.074,sglang:subprocess,0.0,0.0,70.707,1.615
234.575,sglang:subprocess,0.0,0.0,70.882,1.615
235.076,sglang:subprocess,0.0,0.0,71.052,1.615
235.576,sglang:subprocess,0.0,0.0,71.224,1.615
236.077,sglang:subprocess,0.0,0.0,71.398,1.615
236.578,sglang:subprocess,0.0,0.0,71.564,1.615
237.078,sglang:subprocess,0.0,0.0,71.738,1.615
237.579,sglang:subprocess,0.0,0.0,71.907,1.615
238.08,sglang:subprocess,0.0,0.0,72.082,1.615
238.58,sglang:subprocess,0.0,0.0,72.249,1.615
239.081,sglang:subprocess,0.0,0.0,72.422,1.615
239.582,sglang:subprocess,0.0,0.0,72.591,1.615
240.083,sglang:subprocess,0.0,0.0,72.761,1.615
240.584,sglang:subprocess,0.0,0.0,72.935,1.615
241.084,sglang:subprocess,0.0,0.0,73.102,1.615
241.585,sglang:subprocess,0.0,0.0,73.274,1.615
242.086,sglang:subprocess,0.0,0.0,73.448,1.615
242.587,sglang:subprocess,0.0,0.0,73.616,1.615
243.087,sglang:subprocess,0.0,0.0,73.829,1.615
243.588,sglang:subprocess,0.0,0.0,73.96,1.615
244.089,sglang:subprocess,0.0,0.0,74.132,1.615
244.59,sglang:subprocess,0.0,0.0,74.301,1.615
245.091,sglang:subprocess,0.0,0.0,74.473,1.615
245.591,sglang:subprocess,0.0,0.0,74.644,1.615
246.092,sglang:subprocess,0.0,0.0,74.817,1.615
246.593,sglang:subprocess,0.0,0.0,74.989,1.615
247.093,sglang:subprocess,0.0,0.0,75.159,1.615
247.594,sglang:subprocess,0.0,0.0,75.33,1.615
248.095,sglang:subprocess,0.0,0.0,75.499,1.615
248.595,sglang:subprocess,0.0,0.0,75.67,1.615
249.096,sglang:subprocess,0.0,0.0,75.846,1.615
249.597,sglang:subprocess,0.0,0.0,76.017,1.615
250.098,sglang:subprocess,0.0,0.0,76.19,1.615
250.599,sglang:subprocess,0.0,0.0,76.357,1.615
251.099,sglang:subprocess,0.0,0.0,76.557,1.615
251.6,sglang:subprocess,0.0,0.0,76.7,1.615
252.102,sglang:subprocess,0.0,0.0,76.873,1.615
252.602,sglang:subprocess,0.0,0.0,77.045,1.615
253.103,sglang:subprocess,0.0,0.0,77.232,1.615
253.604,sglang:subprocess,0.0,0.0,77.383,1.615
254.105,sglang:subprocess,0.0,0.0,77.559,1.615
254.606,sglang:subprocess,0.0,0.0,77.727,1.615
255.106,sglang:subprocess,0.0,0.0,77.902,1.615
255.608,sglang:subprocess,0.0,0.0,78.067,1.615
256.109,sglang:subprocess,0.0,0.0,78.241,1.615
256.61,sglang:subprocess,0.0,0.0,78.41,1.615
257.11,sglang:subprocess,0.0,0.0,78.582,1.615
257.611,sglang:subprocess,0.0,0.0,78.757,1.615
258.112,sglang:subprocess,0.0,0.0,78.927,1.615
258.612,sglang:subprocess,0.0,0.0,79.098,1.615
259.113,sglang:subprocess,0.0,0.0,79.273,1.615
259.614,sglang:subprocess,0.0,0.0,79.44,1.615
260.114,sglang:subprocess,0.0,0.0,79.613,1.615
260.615,sglang:subprocess,0.0,0.0,79.783,1.615
261.116,sglang:subprocess,0.0,0.0,79.957,1.615
261.617,sglang:subprocess,0.0,0.0,80.075,1.615
262.125,sglang:subprocess,0.0,0.0,80.1,1.615
262.625,sglang:subprocess,0.0,0.0,80.089,2.186
263.126,sglang:subprocess,0.0,0.0,80.091,2.186
263.627,sglang:subprocess,0.0,0.0,80.095,2.186
264.127,sglang:subprocess,0.0,0.0,80.109,2.186
264.628,sglang:subprocess,0.0,0.0,80.237,2.186
265.129,sglang:subprocess,0.0,0.0,80.742,2.186
265.629,sglang:subprocess,0.0,0.0,80.997,2.188
266.131,sglang:subprocess,0.0,0.0,81.0,2.188
266.631,sglang:subprocess,0.0,0.0,81.568,2.188
267.132,sglang:subprocess,0.0,0.0,81.723,2.19
267.633,sglang:subprocess,0.0,0.0,81.728,2.19
268.133,sglang:subprocess,0.0,0.0,81.726,2.19
268.635,sglang:subprocess,0.0,0.0,81.746,2.19
269.136,sglang:subprocess,0.0,0.0,81.905,2.19
269.642,sglang:subprocess,0.0,0.0,82.009,2.19
270.146,sglang:subprocess,0.0,0.0,81.858,2.19
270.647,sglang:subprocess,0.0,0.0,81.944,2.19
271.149,sglang:subprocess,0.0,0.0,81.927,2.19
271.649,sglang:subprocess,0.0,0.0,81.909,2.19
272.15,sglang:subprocess,0.0,0.0,81.957,2.192
272.651,sglang:subprocess,0.0,0.0,82.173,2.311
273.152,sglang:subprocess,0.0,0.0,82.408,4.303
273.661,sglang:subprocess,0.0,0.0,82.192,4.303
274.163,sglang:subprocess,0.0,0.0,82.416,4.303
274.664,sglang:subprocess,0.0,0.0,82.258,4.303
275.165,sglang:subprocess,0.0,0.0,82.404,4.303
275.669,sglang:subprocess,0.0,0.0,82.181,4.303
276.17,sglang:subprocess,0.0,0.0,82.196,4.303
276.68,sglang:subprocess,0.0,0.0,82.397,4.303
277.182,sglang:subprocess,0.0,0.0,82.391,4.303
277.683,sglang:subprocess,0.0,0.0,82.189,4.303
278.184,sglang:subprocess,0.0,0.0,82.322,4.303
278.685,sglang:subprocess,0.0,0.0,82.175,4.303
279.185,sglang:subprocess,0.0,0.0,82.379,4.303
279.688,sglang:subprocess,0.0,0.0,82.314,4.303
280.194,sglang:subprocess,0.0,0.0,82.22,4.303
280.698,sglang:subprocess,0.0,0.0,82.295,4.303
281.199,sglang:subprocess,0.0,0.0,82.246,4.442
281.7,sglang:subprocess,0.0,0.0,81.999,5.889
282.2,sglang:subprocess,0.0,0.0,82.003,6.182
282.701,sglang:subprocess,0.0,0.0,82.062,6.416
283.202,sglang:subprocess,0.0,0.0,82.503,7.51
283.702,sglang:subprocess,0.0,0.0,82.671,7.514
284.203,sglang:subprocess,0.0,0.0,82.671,7.514
284.704,sglang:subprocess,0.0,0.0,82.67,7.514
285.205,sglang:subprocess,0.0,0.0,82.67,7.514
285.705,sglang:subprocess,0.0,0.0,82.67,7.514
286.206,sglang:subprocess,0.0,0.0,82.671,7.514
286.707,sglang:subprocess,0.0,0.0,82.671,7.514
287.208,sglang:subprocess,0.0,0.0,82.672,7.514
287.709,sglang:subprocess,0.0,0.0,82.661,7.514
288.209,sglang:subprocess,0.0,0.0,82.703,8.256
288.71,sglang:subprocess,0.0,0.0,82.809,11.01
289.211,sglang:subprocess,0.0,0.0,82.824,12.651
289.712,sglang:subprocess,0.0,0.0,83.833,13.024
290.212,sglang:subprocess,0.0,0.0,84.242,13.785
290.713,sglang:subprocess,0.0,0.0,84.243,13.785
291.214,sglang:subprocess,0.0,0.0,84.245,14.861
291.714,sglang:subprocess,0.0,0.0,84.245,14.861
292.215,sglang:subprocess,0.0,0.0,84.249,14.861
292.716,sglang:subprocess,0.0,0.0,84.248,14.861
293.217,sglang:subprocess,0.0,0.0,84.249,15.565
293.718,sglang:subprocess,0.0,0.0,84.264,15.565
294.218,sglang:subprocess,0.0,0.0,84.263,15.565
294.719,sglang:subprocess,0.0,0.0,84.255,15.565
295.22,sglang:subprocess,0.0,0.0,84.252,15.565
295.72,sglang:subprocess,0.0,0.0,84.252,15.565
296.221,sglang:subprocess,0.0,0.0,84.252,15.565
296.722,sglang:subprocess,0.0,0.0,84.253,15.565
297.222,sglang:subprocess,0.0,0.0,84.252,15.565
297.723,sglang:subprocess,0.0,0.0,84.251,15.565
298.224,sglang:subprocess,0.0,0.0,84.253,15.565
298.725,sglang:subprocess,0.0,0.0,84.249,15.565
299.225,sglang:subprocess,0.0,0.0,84.251,15.565
299.726,sglang:subprocess,0.0,0.0,84.243,15.565
300.227,sglang:subprocess,0.0,0.0,84.251,15.565
300.727,sglang:subprocess,0.0,0.0,84.251,15.565
301.228,sglang:subprocess,0.0,0.0,84.252,15.565
301.729,sglang:subprocess,0.0,0.0,84.256,15.565
302.229,sglang:subprocess,0.0,0.0,84.257,15.565
302.731,sglang:subprocess,0.0,0.0,84.257,15.565
303.232,sglang:subprocess,0.0,0.0,84.257,15.565
303.732,sglang:subprocess,0.0,0.0,84.258,15.565
304.233,sglang:subprocess,0.0,0.0,84.257,15.565
304.734,sglang:subprocess,0.0,0.0,84.258,15.565
305.234,sglang:subprocess,0.0,0.0,84.258,15.565
305.735,sglang:subprocess,0.0,0.0,84.255,15.565
306.236,sglang:subprocess,0.0,0.0,84.254,15.565
306.736,sglang:subprocess,0.0,0.0,84.254,15.565
307.237,sglang:subprocess,0.0,0.0,84.254,15.565
307.739,sglang:subprocess,0.0,0.0,84.255,15.565
308.24,sglang:subprocess,0.0,0.0,84.254,15.565
308.74,sglang:subprocess,0.0,0.0,84.255,15.565
309.241,sglang:subprocess,0.0,0.0,84.254,15.565
309.742,sglang:subprocess,0.0,0.0,84.254,15.565
310.242,sglang:subprocess,0.0,0.0,84.254,15.565
310.743,sglang:subprocess,0.0,0.0,84.254,15.565
311.244,sglang:subprocess,0.0,0.0,84.254,15.565
311.744,sglang:subprocess,0.0,0.0,84.254,15.565
312.245,sglang:subprocess,0.0,0.0,84.255,15.565
312.746,sglang:subprocess,0.0,0.0,84.255,15.565
313.247,sglang:subprocess,0.0,0.0,84.255,15.565
313.748,sglang:subprocess,0.0,0.0,84.255,15.565
314.248,sglang:subprocess,0.0,0.0,84.256,15.565
314.749,sglang:subprocess,0.0,0.0,84.256,15.565
315.25,sglang:subprocess,0.0,0.0,84.256,15.565
315.75,sglang:subprocess,0.0,0.0,84.256,15.565
316.251,sglang:subprocess,0.0,0.0,84.255,15.565
316.752,sglang:subprocess,0.0,0.0,84.256,15.565
317.252,sglang:subprocess,0.0,0.0,84.255,15.565
317.753,sglang:subprocess,0.0,0.0,84.253,15.565
318.254,sglang:subprocess,0.0,0.0,84.253,15.565
318.755,sglang:subprocess,0.0,0.0,84.255,15.565
319.256,sglang:subprocess,0.0,0.0,84.256,15.565
319.756,sglang:subprocess,0.0,0.0,84.254,15.565
320.26,sglang:subprocess,0.0,0.0,84.254,15.565
320.761,sglang:subprocess,0.0,0.0,84.256,15.565
321.261,sglang:subprocess,0.0,0.0,84.256,15.565
321.762,sglang:subprocess,0.0,0.0,84.255,15.565
322.263,sglang:subprocess,0.0,0.0,84.256,15.565
322.763,sglang:subprocess,0.0,0.0,84.257,15.565
323.264,sglang:subprocess,0.0,0.0,84.257,15.565
323.765,sglang:subprocess,0.0,0.0,84.259,15.565
324.266,sglang:subprocess,0.0,0.0,84.258,15.565
324.767,sglang:subprocess,0.0,0.0,84.259,15.565
325.267,sglang:subprocess,0.0,0.0,84.259,15.565
325.768,sglang:subprocess,0.0,0.0,84.26,15.565
326.269,sglang:subprocess,0.0,0.0,84.26,15.565
326.769,sglang:subprocess,0.0,0.0,84.257,15.565
327.27,sglang:subprocess,0.0,0.0,84.258,15.565
327.771,sglang:subprocess,0.0,0.0,84.259,15.565
328.271,sglang:subprocess,0.0,0.0,84.255,15.565
328.772,sglang:subprocess,0.0,0.0,84.256,15.565
329.274,sglang:subprocess,0.0,0.0,84.256,15.565
329.774,sglang:subprocess,0.0,0.0,84.255,15.565
330.275,sglang:subprocess,0.0,0.0,84.255,15.565
330.776,sglang:subprocess,0.0,0.0,84.255,15.565
331.276,sglang:subprocess,0.0,0.0,84.254,15.565
331.777,sglang:subprocess,0.0,0.0,84.254,15.565
332.278,sglang:subprocess,0.0,0.0,84.255,15.565
332.779,sglang:subprocess,0.0,0.0,84.256,15.565
333.279,sglang:subprocess,0.0,0.0,84.256,15.565
333.78,sglang:subprocess,0.0,0.0,84.256,15.565
334.282,sglang:subprocess,0.0,0.0,84.257,15.565
334.783,sglang:subprocess,0.0,0.0,84.257,15.565
335.283,sglang:subprocess,0.0,0.0,84.258,15.565
335.784,sglang:subprocess,0.0,0.0,84.257,15.565
336.285,sglang:subprocess,0.0,0.0,84.257,15.565
336.785,sglang:subprocess,0.0,0.0,84.236,15.565
337.286,sglang:subprocess,0.0,0.0,84.235,15.565
337.787,sglang:subprocess,0.0,0.0,84.237,15.565
338.287,sglang:subprocess,0.0,0.0,84.237,15.565
338.788,sglang:subprocess,0.0,0.0,84.238,15.565
339.289,sglang:subprocess,0.0,0.0,84.238,15.565
339.79,sglang:subprocess,0.0,0.0,84.237,15.565
340.291,sglang:subprocess,0.0,0.0,84.239,15.565
340.791,sglang:subprocess,0.0,0.0,84.238,15.565
341.292,sglang:subprocess,0.0,0.0,84.237,15.565
341.793,sglang:subprocess,0.0,0.0,84.237,15.565
342.293,sglang:subprocess,0.0,0.0,84.236,15.565
342.794,sglang:subprocess,0.0,0.0,84.235,15.565
343.295,sglang:subprocess,0.0,0.0,84.236,15.565
343.795,sglang:subprocess,0.0,0.0,84.232,15.565
344.305,sglang:subprocess,0.0,0.0,84.231,15.565
344.806,sglang:subprocess,0.0,0.0,84.23,15.565
345.307,sglang:subprocess,0.0,0.0,84.23,15.565
345.808,sglang:subprocess,0.0,0.0,84.229,15.565
346.308,sglang:subprocess,0.0,0.0,84.229,15.565
346.809,sglang:subprocess,0.0,0.0,84.231,15.565
347.31,sglang:subprocess,0.0,0.0,84.231,15.565
347.81,sglang:subprocess,0.0,0.0,84.236,15.565
348.311,sglang:subprocess,0.0,0.0,84.236,15.565
348.812,sglang:subprocess,0.0,0.0,84.236,15.565
349.312,sglang:subprocess,0.0,0.0,84.236,15.565
349.813,sglang:subprocess,0.0,0.0,84.236,15.565
350.314,sglang:subprocess,0.0,0.0,84.236,15.565
350.815,sglang:subprocess,0.0,0.0,84.237,15.565
351.316,sglang:subprocess,0.0,0.0,84.237,15.565
351.816,sglang:subprocess,0.0,0.0,84.237,15.565
352.317,sglang:subprocess,0.0,0.0,84.237,15.565
352.818,sglang:subprocess,0.0,0.0,84.238,15.565
353.318,sglang:subprocess,0.0,0.0,84.238,15.565
353.819,sglang:subprocess,0.0,0.0,84.228,15.565
354.32,sglang:subprocess,0.0,0.0,84.226,15.565
354.82,sglang:subprocess,0.0,0.0,84.227,15.565
355.321,sglang:subprocess,0.0,0.0,84.227,15.565
355.822,sglang:subprocess,0.0,0.0,84.228,15.565
356.323,sglang:subprocess,0.0,0.0,84.23,15.565
356.823,sglang:subprocess,0.0,0.0,84.23,15.565
357.324,sglang:subprocess,0.0,0.0,84.229,15.565
357.825,sglang:subprocess,0.0,0.0,84.23,15.565
358.325,sglang:subprocess,0.0,0.0,84.231,15.565
358.826,sglang:subprocess,0.0,0.0,84.232,15.565
359.327,sglang:subprocess,0.0,0.0,84.234,15.565
359.827,sglang:subprocess,0.0,0.0,84.235,15.565
360.328,sglang:subprocess,0.0,0.0,84.235,15.565
360.829,sglang:subprocess,0.0,0.0,84.235,15.565
361.33,sglang:subprocess,0.0,0.0,84.234,15.565
361.831,sglang:subprocess,0.0,0.0,84.233,15.565
362.331,sglang:subprocess,0.0,0.0,84.234,15.565
362.832,sglang:subprocess,0.0,0.0,84.235,15.565
363.333,sglang:subprocess,0.0,0.0,84.235,15.565
363.833,sglang:subprocess,0.0,0.0,84.234,15.565
364.334,sglang:subprocess,0.0,0.0,84.231,15.565
364.835,sglang:subprocess,0.0,0.0,84.232,15.565
365.335,sglang:subprocess,0.0,0.0,84.232,15.565
365.837,sglang:subprocess,0.0,0.0,84.231,15.565
366.337,sglang:subprocess,0.0,0.0,84.231,15.565
366.838,sglang:subprocess,0.0,0.0,84.231,15.565
367.339,sglang:subprocess,0.0,0.0,84.232,15.565
367.839,sglang:subprocess,0.0,0.0,84.235,15.565
368.34,sglang:subprocess,0.0,0.0,84.235,15.565
368.841,sglang:subprocess,0.0,0.0,84.236,15.565
369.346,sglang:subprocess,0.0,0.0,84.25,15.565
369.846,sglang:subprocess,0.0,0.0,84.235,15.565
370.347,sglang:subprocess,0.0,0.0,84.234,15.565
370.848,sglang:subprocess,0.0,0.0,84.234,15.565
371.349,sglang:subprocess,0.0,0.0,84.236,15.565
371.849,sglang:subprocess,0.0,0.0,84.235,15.565
372.35,sglang:subprocess,0.0,0.0,84.237,15.565
372.851,sglang:subprocess,0.0,0.0,84.23,15.565
373.351,sglang:subprocess,0.0,0.0,84.231,15.565
373.852,sglang:subprocess,0.0,0.0,84.231,15.565
374.353,sglang:subprocess,0.0,0.0,84.232,15.565
374.853,sglang:subprocess,0.0,0.0,84.232,15.565
375.354,sglang:subprocess,0.0,0.0,84.232,15.565
375.855,sglang:subprocess,0.0,0.0,84.232,15.565
376.356,sglang:subprocess,0.0,0.0,84.232,15.565
376.857,sglang:subprocess,0.0,0.0,84.232,15.565
377.357,sglang:subprocess,0.0,0.0,84.232,15.565
377.858,sglang:subprocess,0.0,0.0,84.236,15.565
378.359,sglang:subprocess,0.0,0.0,84.237,15.565
378.859,sglang:subprocess,0.0,0.0,84.237,15.565
379.36,sglang:subprocess,0.0,0.0,84.238,15.565
379.861,sglang:subprocess,0.0,0.0,84.238,15.565
380.361,sglang:subprocess,0.0,0.0,84.238,15.565
380.862,sglang:subprocess,0.0,0.0,84.238,15.565
381.363,sglang:subprocess,0.0,0.0,84.239,15.565
381.864,sglang:subprocess,0.0,0.0,84.239,15.565
382.364,sglang:subprocess,0.0,0.0,84.239,15.565
382.865,sglang:subprocess,0.0,0.0,84.235,15.565
383.366,sglang:subprocess,0.0,0.0,84.237,15.565
383.866,sglang:subprocess,0.0,0.0,84.236,15.565
384.367,sglang:subprocess,0.0,0.0,84.234,15.565
384.868,sglang:subprocess,0.0,0.0,84.235,15.565
385.368,sglang:subprocess,0.0,0.0,84.234,15.565
385.869,sglang:subprocess,0.0,0.0,84.233,15.565
386.37,sglang:subprocess,0.0,0.0,84.234,15.565
386.871,sglang:subprocess,0.0,0.0,84.234,15.565
387.372,sglang:subprocess,0.0,0.0,84.238,15.567
387.872,sglang:subprocess,0.0,0.0,84.242,16.563
388.373,sglang:subprocess,0.0,0.0,84.243,16.934
388.874,sglang:subprocess,0.0,0.0,84.246,16.934
389.374,sglang:subprocess,0.0,0.0,84.249,16.934
389.875,sglang:subprocess,0.0,0.0,84.249,17.324
390.376,sglang:subprocess,0.0,0.0,84.25,17.324
390.876,sglang:subprocess,0.0,0.0,84.251,17.324
391.377,sglang:subprocess,0.0,0.0,84.252,17.324
391.878,sglang:subprocess,0.0,0.0,84.25,17.324
392.379,sglang:subprocess,0.0,0.0,84.249,17.324
392.88,sglang:subprocess,0.0,0.0,84.249,17.324
393.38,sglang:subprocess,0.0,0.0,84.247,17.324
393.881,sglang:subprocess,0.0,0.0,84.244,17.324
394.382,sglang:subprocess,0.0,0.0,84.243,17.324
394.882,sglang:subprocess,0.0,0.0,84.242,17.324
395.383,sglang:subprocess,0.0,0.0,84.233,17.324
395.884,sglang:subprocess,0.0,0.0,84.233,17.324
396.389,sglang:subprocess,0.0,0.0,84.233,17.324
396.89,sglang:subprocess,0.0,0.0,84.234,17.324
397.391,sglang:subprocess,0.0,0.0,84.24,17.324
397.892,sglang:subprocess,0.0,0.0,84.241,17.324
398.393,sglang:subprocess,0.0,0.0,84.243,17.324
398.893,sglang:subprocess,0.0,0.0,84.246,17.324
399.394,sglang:subprocess,0.0,0.0,84.246,17.324
399.895,sglang:subprocess,0.0,0.0,84.247,17.324
400.395,sglang:subprocess,0.0,0.0,84.246,17.324
400.896,sglang:subprocess,0.0,0.0,84.245,17.324
401.397,sglang:subprocess,0.0,0.0,84.245,17.324
401.897,sglang:subprocess,0.0,0.0,84.247,17.324
402.398,sglang:subprocess,0.0,0.0,84.247,17.324
402.899,sglang:subprocess,0.0,0.0,84.247,17.324
403.4,sglang:subprocess,0.0,0.0,84.248,17.324
403.9,sglang:subprocess,0.0,0.0,84.243,17.324
404.401,sglang:subprocess,0.0,0.0,84.243,17.324
404.902,sglang:subprocess,0.0,0.0,84.243,17.324
405.402,sglang:subprocess,0.0,0.0,84.241,17.324
405.903,sglang:subprocess,0.0,0.0,84.242,17.324
406.404,sglang:subprocess,0.0,0.0,84.242,17.324
406.904,sglang:subprocess,0.0,0.0,84.243,17.324
407.405,sglang:subprocess,0.0,0.0,84.242,17.324
407.906,sglang:subprocess,0.0,0.0,84.245,17.324
408.407,sglang:subprocess,0.0,0.0,84.245,17.324
408.907,sglang:subprocess,0.0,0.0,84.246,17.324
409.408,sglang:subprocess,0.0,0.0,84.245,17.324
409.909,sglang:subprocess,0.0,0.0,84.247,17.324
410.41,sglang:subprocess,0.0,0.0,84.248,17.324
410.91,sglang:subprocess,0.0,0.0,84.249,17.324
411.411,sglang:subprocess,0.0,0.0,84.247,17.324
411.912,sglang:subprocess,0.0,0.0,84.247,17.324
412.413,sglang:subprocess,0.0,0.0,84.248,17.324
412.914,sglang:subprocess,0.0,0.0,84.248,17.324
413.415,sglang:subprocess,0.0,0.0,84.246,17.324
413.915,sglang:subprocess,0.0,0.0,84.248,17.324
414.416,sglang:subprocess,0.0,0.0,84.243,17.324
414.917,sglang:subprocess,0.0,0.0,84.243,17.324
415.417,sglang:subprocess,0.0,0.0,84.243,17.324
415.918,sglang:subprocess,0.0,0.0,84.243,17.324
416.419,sglang:subprocess,0.0,0.0,84.244,17.324
416.919,sglang:subprocess,0.0,0.0,84.244,17.324
417.42,sglang:subprocess,0.0,0.0,84.243,17.324
417.921,sglang:subprocess,0.0,0.0,84.247,17.324
418.422,sglang:subprocess,0.0,0.0,84.241,17.324
418.923,sglang:subprocess,0.0,0.0,84.242,17.324
419.423,sglang:subprocess,0.0,0.0,84.243,17.324
419.924,sglang:subprocess,0.0,0.0,84.242,17.324
420.425,sglang:subprocess,0.0,0.0,84.241,17.324
420.925,sglang:subprocess,0.0,0.0,84.241,17.324
421.426,sglang:subprocess,0.0,0.0,84.24,17.324
421.927,sglang:subprocess,0.0,0.0,84.24,17.324
422.427,sglang:subprocess,0.0,0.0,84.241,17.324
422.928,sglang:subprocess,0.0,0.0,84.241,17.324
423.429,sglang:subprocess,0.0,0.0,84.241,17.324
423.93,sglang:subprocess,0.0,0.0,84.239,17.324
424.43,sglang:subprocess,0.0,0.0,84.239,17.324
424.931,sglang:subprocess,0.0,0.0,84.239,17.324
425.432,sglang:subprocess,0.0,0.0,84.238,17.324
425.932,sglang:subprocess,0.0,0.0,84.239,17.324
426.433,sglang:subprocess,0.0,0.0,84.238,17.324
426.934,sglang:subprocess,0.0,0.0,84.238,17.324
427.435,sglang:subprocess,0.0,0.0,84.237,17.324
427.935,sglang:subprocess,0.0,0.0,84.24,17.324
428.436,sglang:subprocess,0.0,0.0,84.242,17.324
428.937,sglang:subprocess,0.0,0.0,84.244,17.324
429.438,sglang:subprocess,0.0,0.0,84.242,17.324
429.938,sglang:subprocess,0.0,0.0,84.243,17.324
430.439,sglang:subprocess,0.0,0.0,84.243,17.324
430.94,sglang:subprocess,0.0,0.0,84.243,17.324
431.44,sglang:subprocess,0.0,0.0,84.242,17.324
431.941,sglang:subprocess,0.0,0.0,84.242,17.324
432.442,sglang:subprocess,0.0,0.0,84.244,17.324
432.942,sglang:subprocess,0.0,0.0,84.239,17.324
433.443,sglang:subprocess,0.0,0.0,84.237,17.324
433.945,sglang:subprocess,0.0,0.0,84.256,17.324
434.445,sglang:subprocess,0.0,0.0,84.277,17.324
434.946,sglang:subprocess,0.0,0.0,84.276,17.324
435.447,sglang:subprocess,0.0,0.0,84.277,17.324
435.952,sglang:subprocess,0.0,0.0,84.276,17.324
436.453,sglang:subprocess,0.0,0.0,84.237,17.324
436.953,sglang:subprocess,0.0,0.0,84.237,17.324
437.454,sglang:subprocess,0.0,0.0,84.236,17.324
437.955,sglang:subprocess,0.0,0.0,84.242,17.324
438.456,sglang:subprocess,0.0,0.0,84.242,17.324
438.957,sglang:subprocess,0.0,0.0,84.242,17.324
439.459,sglang:subprocess,0.0,0.0,84.242,17.324
439.959,sglang:subprocess,0.0,0.0,84.243,17.324
440.46,sglang:subprocess,0.0,0.0,84.242,17.324
440.961,sglang:subprocess,0.0,0.0,84.242,17.324
441.461,sglang:subprocess,0.0,0.0,84.242,17.324
441.962,sglang:subprocess,0.0,0.0,84.242,17.324
442.463,sglang:subprocess,0.0,0.0,84.241,17.324
442.963,sglang:subprocess,0.0,0.0,84.242,17.324
443.464,sglang:subprocess,0.0,0.0,84.241,17.324
443.965,sglang:subprocess,0.0,0.0,84.242,17.324
444.466,sglang:subprocess,0.0,0.0,84.237,17.324
444.967,sglang:subprocess,0.0,0.0,84.238,17.324
445.467,sglang:subprocess,0.0,0.0,84.236,17.324
445.968,sglang:subprocess,0.0,0.0,84.238,17.324
446.469,sglang:subprocess,0.0,0.0,84.238,17.324
446.969,sglang:subprocess,0.0,0.0,84.239,17.324
447.47,sglang:subprocess,0.0,0.0,84.239,17.324
447.971,sglang:subprocess,0.0,0.0,84.24,17.324
448.471,sglang:subprocess,0.0,0.0,84.242,17.324
448.972,sglang:subprocess,0.0,0.0,84.241,17.324
449.473,sglang:subprocess,0.0,0.0,84.243,17.324
449.974,sglang:subprocess,0.0,0.0,84.243,17.324
450.474,sglang:subprocess,0.0,0.0,84.243,17.324
450.975,sglang:subprocess,0.0,0.0,84.245,17.324
451.476,sglang:subprocess,0.0,0.0,84.244,17.324
451.977,sglang:subprocess,0.0,0.0,84.244,17.324
452.477,sglang:subprocess,0.0,0.0,84.244,17.324
452.978,sglang:subprocess,0.0,0.0,84.245,17.324
453.479,sglang:subprocess,0.0,0.0,84.245,17.324
453.979,sglang:subprocess,0.0,0.0,84.247,17.324
454.48,sglang:subprocess,0.0,0.0,84.25,17.324
454.981,sglang:subprocess,0.0,0.0,84.251,17.324
455.482,sglang:subprocess,0.0,0.0,84.243,17.324
455.983,sglang:subprocess,0.0,0.0,84.244,17.324
456.483,sglang:subprocess,0.0,0.0,84.245,17.324
456.984,sglang:subprocess,0.0,0.0,84.245,17.324
457.485,sglang:subprocess,0.0,0.0,84.246,17.324
457.985,sglang:subprocess,0.0,0.0,84.247,17.324
458.486,sglang:subprocess,0.0,0.0,84.247,17.324
458.987,sglang:subprocess,0.0,0.0,84.249,17.324
459.487,sglang:subprocess,0.0,0.0,84.248,17.324
459.988,sglang:subprocess,0.0,0.0,84.248,17.324
460.489,sglang:subprocess,0.0,0.0,84.248,17.324
460.99,sglang:subprocess,0.0,0.0,84.249,17.324
461.49,sglang:subprocess,0.0,0.0,84.248,17.324
461.991,sglang:subprocess,0.0,0.0,84.249,17.324
462.492,sglang:subprocess,0.0,0.0,84.249,17.324
462.992,sglang:subprocess,0.0,0.0,84.25,17.324
463.493,sglang:subprocess,0.0,0.0,84.249,17.324
463.994,sglang:subprocess,0.0,0.0,84.25,17.324
464.494,sglang:subprocess,0.0,0.0,84.25,17.324
464.995,sglang:subprocess,0.0,0.0,84.247,17.324
465.496,sglang:subprocess,0.0,0.0,84.246,17.324
465.997,sglang:subprocess,0.0,0.0,84.246,17.324
466.498,sglang:subprocess,0.0,0.0,84.245,17.324
466.998,sglang:subprocess,0.0,0.0,84.248,17.324
467.499,sglang:subprocess,0.0,0.0,84.246,17.324
468.0,sglang:subprocess,0.0,0.0,84.249,17.324
468.5,sglang:subprocess,0.0,0.0,84.249,17.324
469.001,sglang:subprocess,0.0,0.0,84.249,17.324
469.502,sglang:subprocess,0.0,0.0,84.248,17.324
470.002,sglang:subprocess,0.0,0.0,84.249,17.324
470.503,sglang:subprocess,0.0,0.0,84.248,17.324
471.004,sglang:subprocess,0.0,0.0,84.251,17.324
471.505,sglang:subprocess,0.0,0.0,84.25,17.324
472.005,sglang:subprocess,0.0,0.0,84.251,17.324
472.506,sglang:subprocess,0.0,0.0,84.25,17.324
473.007,sglang:subprocess,0.0,0.0,84.251,17.324
473.508,sglang:subprocess,0.0,0.0,84.25,17.324
474.008,sglang:subprocess,0.0,0.0,84.248,17.324
474.509,sglang:subprocess,0.0,0.0,84.248,17.324
475.01,sglang:subprocess,0.0,0.0,84.249,17.324
475.511,sglang:subprocess,0.0,0.0,84.247,17.324
476.012,sglang:subprocess,0.0,0.0,84.247,17.324
476.513,sglang:subprocess,0.0,0.0,84.248,17.324
477.013,sglang:subprocess,0.0,0.0,84.247,17.324
477.514,sglang:subprocess,0.0,0.0,84.249,17.324
478.015,sglang:subprocess,0.0,0.0,84.25,17.324
478.515,sglang:subprocess,0.0,0.0,84.25,17.324
479.016,sglang:subprocess,0.0,0.0,84.25,17.324
479.517,sglang:subprocess,0.0,0.0,84.251,17.324
480.017,sglang:subprocess,0.0,0.0,84.252,17.324
480.518,sglang:subprocess,0.0,0.0,84.252,17.324
481.019,sglang:subprocess,0.0,0.0,84.252,17.324
481.52,sglang:subprocess,0.0,0.0,84.251,17.324
482.021,sglang:subprocess,0.0,0.0,84.252,17.324
482.521,sglang:subprocess,0.0,0.0,84.253,17.324
483.022,sglang:subprocess,0.0,0.0,84.252,17.324
483.523,sglang:subprocess,0.0,0.0,84.251,17.324
484.023,sglang:subprocess,0.0,0.0,84.248,17.324
484.524,sglang:subprocess,0.0,0.0,84.249,17.324
485.025,sglang:subprocess,0.0,0.0,84.249,17.324
485.525,sglang:subprocess,0.0,0.0,84.248,17.324
486.026,sglang:subprocess,0.0,0.0,84.248,17.324
486.527,sglang:subprocess,0.0,0.0,84.249,17.324
487.028,sglang:subprocess,0.0,0.0,84.25,17.324
487.528,sglang:subprocess,0.0,0.0,84.255,17.324
488.029,sglang:subprocess,0.0,0.0,84.255,17.324
488.53,sglang:subprocess,0.0,0.0,84.255,17.324
489.03,sglang:subprocess,0.0,0.0,84.254,17.324
489.531,sglang:subprocess,0.0,0.0,84.253,17.324
490.032,sglang:subprocess,0.0,0.0,84.253,17.324
490.532,sglang:subprocess,0.0,0.0,84.253,17.324
491.033,sglang:subprocess,0.0,0.0,84.252,17.324
491.534,sglang:subprocess,0.0,0.0,84.249,17.324
492.035,sglang:subprocess,0.0,0.0,84.25,17.324
492.536,sglang:subprocess,0.0,0.0,84.248,17.324
493.037,sglang:subprocess,0.0,0.0,84.249,17.324
493.538,sglang:subprocess,0.0,0.0,84.229,17.324
494.038,sglang:subprocess,0.0,0.0,84.233,17.324
494.539,sglang:subprocess,0.0,0.0,84.235,17.324
495.04,sglang:subprocess,0.0,0.0,84.237,17.324
495.541,sglang:subprocess,0.0,0.0,84.238,17.324
496.041,sglang:subprocess,0.0,0.0,84.239,17.324
496.542,sglang:subprocess,0.0,0.0,84.239,17.324
497.043,sglang:subprocess,0.0,0.0,84.24,17.324
497.544,sglang:subprocess,0.0,0.0,84.245,17.324
498.045,sglang:subprocess,0.0,0.0,84.246,17.324
498.546,sglang:subprocess,0.0,0.0,84.245,17.324
499.046,sglang:subprocess,0.0,0.0,84.246,17.324
499.547,sglang:subprocess,0.0,0.0,84.245,17.324
500.048,sglang:subprocess,0.0,0.0,84.245,17.324
500.549,sglang:subprocess,0.0,0.0,84.245,17.324
501.049,sglang:subprocess,0.0,0.0,84.245,17.324
501.55,sglang:subprocess,0.0,0.0,84.246,17.324
502.051,sglang:subprocess,0.0,0.0,84.247,17.324
502.552,sglang:subprocess,0.0,0.0,84.248,17.324
503.053,sglang:subprocess,0.0,0.0,84.248,17.324
503.553,sglang:subprocess,0.0,0.0,84.243,17.324
504.054,sglang:subprocess,0.0,0.0,84.243,17.324
504.555,sglang:subprocess,0.0,0.0,84.241,17.324
505.055,sglang:subprocess,0.0,0.0,84.241,17.324
505.556,sglang:subprocess,0.0,0.0,84.241,17.324
506.057,sglang:subprocess,0.0,0.0,84.242,17.324
506.557,sglang:subprocess,0.0,0.0,84.241,17.324
507.058,sglang:subprocess,0.0,0.0,84.241,17.324
507.559,sglang:subprocess,0.0,0.0,84.244,17.324
508.06,sglang:subprocess,0.0,0.0,84.244,17.324
508.561,sglang:subprocess,0.0,0.0,84.244,17.324
509.061,sglang:subprocess,0.0,0.0,84.245,17.324
509.562,sglang:subprocess,0.0,0.0,84.245,17.324
510.063,sglang:subprocess,0.0,0.0,84.246,17.324
510.564,sglang:subprocess,0.0,0.0,84.246,17.324
511.064,sglang:subprocess,0.0,0.0,84.246,17.324
511.565,sglang:subprocess,0.0,0.0,84.246,17.324
512.066,sglang:subprocess,0.0,0.0,84.247,17.324
512.575,sglang:subprocess,0.0,0.0,84.247,17.324
513.076,sglang:subprocess,0.0,0.0,84.247,17.324
513.576,sglang:subprocess,0.0,0.0,84.246,17.324
514.077,sglang:subprocess,0.0,0.0,84.246,17.324
514.578,sglang:subprocess,0.0,0.0,84.243,17.324
515.079,sglang:subprocess,0.0,0.0,84.243,17.324
515.579,sglang:subprocess,0.0,0.0,84.24,17.324
516.08,sglang:subprocess,0.0,0.0,84.242,17.324
516.581,sglang:subprocess,0.0,0.0,84.241,17.324
517.081,sglang:subprocess,0.0,0.0,84.241,17.324
517.582,sglang:subprocess,0.0,0.0,84.242,17.324
518.083,sglang:subprocess,0.0,0.0,84.244,17.324
518.584,sglang:subprocess,0.0,0.0,84.243,17.324
519.084,sglang:subprocess,0.0,0.0,84.243,17.324
519.585,sglang:subprocess,0.0,0.0,84.242,17.324
520.086,sglang:subprocess,0.0,0.0,84.243,17.324
520.587,sglang:subprocess,0.0,0.0,84.243,17.324
521.087,sglang:subprocess,0.0,0.0,84.242,17.324
521.588,sglang:subprocess,0.0,0.0,84.242,17.324
522.089,sglang:subprocess,0.0,0.0,84.244,17.324
522.589,sglang:subprocess,0.0,0.0,84.243,17.324
523.09,sglang:subprocess,0.0,0.0,84.244,17.324
523.591,sglang:subprocess,0.0,0.0,84.242,17.324
524.092,sglang:subprocess,0.0,0.0,84.238,17.324
524.592,sglang:subprocess,0.0,0.0,84.239,17.324
525.093,sglang:subprocess,0.0,0.0,84.239,17.324
525.594,sglang:subprocess,0.0,0.0,84.239,17.324
526.094,sglang:subprocess,0.0,0.0,84.241,17.324
526.595,sglang:subprocess,0.0,0.0,84.24,17.324
527.096,sglang:subprocess,0.0,0.0,84.24,17.324
527.596,sglang:subprocess,0.0,0.0,84.241,17.324
528.097,sglang:subprocess,0.0,0.0,84.243,17.324
528.598,sglang:subprocess,0.0,0.0,84.244,17.324
529.099,sglang:subprocess,0.0,0.0,84.244,17.324
529.6,sglang:subprocess,0.0,0.0,84.243,17.324
530.1,sglang:subprocess,0.0,0.0,84.244,17.324
530.601,sglang:subprocess,0.0,0.0,84.246,17.324
531.102,sglang:subprocess,0.0,0.0,84.247,17.324
531.602,sglang:subprocess,0.0,0.0,84.246,17.324
532.103,sglang:subprocess,0.0,0.0,84.246,17.324
532.604,sglang:subprocess,0.0,0.0,84.246,17.324
533.104,sglang:subprocess,0.0,0.0,84.247,17.324
533.605,sglang:subprocess,0.0,0.0,84.246,17.324
534.106,sglang:subprocess,0.0,0.0,84.241,17.324
534.607,sglang:subprocess,0.0,0.0,84.241,17.324
535.107,sglang:subprocess,0.0,0.0,84.241,17.324
535.608,sglang:subprocess,0.0,0.0,84.239,17.324
536.109,sglang:subprocess,0.0,0.0,84.24,17.324
536.609,sglang:subprocess,0.0,0.0,84.242,17.324
537.11,sglang:subprocess,0.0,0.0,84.241,17.324
537.611,sglang:subprocess,0.0,0.0,84.242,17.324
538.111,sglang:subprocess,0.0,0.0,84.243,17.324
538.612,sglang:subprocess,0.0,0.0,84.244,17.324
539.113,sglang:subprocess,0.0,0.0,84.244,17.324
539.614,sglang:subprocess,0.0,0.0,84.243,17.324
540.115,sglang:subprocess,0.0,0.0,84.243,17.324
540.615,sglang:subprocess,0.0,0.0,84.244,17.324
541.116,sglang:subprocess,0.0,0.0,84.244,17.324
541.617,sglang:subprocess,0.0,0.0,84.242,17.324
542.117,sglang:subprocess,0.0,0.0,84.242,17.324
542.618,sglang:subprocess,0.0,0.0,84.243,17.324
543.119,sglang:subprocess,0.0,0.0,84.243,17.324
543.619,sglang:subprocess,0.0,0.0,84.243,17.324
544.12,sglang:subprocess,0.0,0.0,84.239,17.324
544.621,sglang:subprocess,0.0,0.0,84.238,17.324
545.122,sglang:subprocess,0.0,0.0,84.238,17.324
545.622,sglang:subprocess,0.0,0.0,84.237,17.324
546.123,sglang:subprocess,0.0,0.0,84.238,17.324
546.624,sglang:subprocess,0.0,0.0,84.238,17.324
547.125,sglang:subprocess,0.0,0.0,84.238,17.324
547.626,sglang:subprocess,0.0,0.0,84.242,17.324
548.126,sglang:subprocess,0.0,0.0,84.243,17.324
548.627,sglang:subprocess,0.0,0.0,84.243,17.324
549.128,sglang:subprocess,0.0,0.0,84.244,17.324
549.629,sglang:subprocess,0.0,0.0,84.243,17.324
550.13,sglang:subprocess,0.0,0.0,84.244,17.324
550.63,sglang:subprocess,0.0,0.0,84.243,17.324
551.131,sglang:subprocess,0.0,0.0,84.242,17.324
551.632,sglang:subprocess,0.0,0.0,84.243,17.324
552.132,sglang:subprocess,0.0,0.0,84.243,17.324
552.633,sglang:subprocess,0.0,0.0,84.245,17.324
553.134,sglang:subprocess,0.0,0.0,84.245,17.324
553.64,sglang:subprocess,0.0,0.0,84.241,17.324
554.141,sglang:subprocess,0.0,0.0,84.241,17.324
554.642,sglang:subprocess,0.0,0.0,84.24,17.324
555.143,sglang:subprocess,0.0,0.0,84.241,17.324
555.643,sglang:subprocess,0.0,0.0,84.239,17.324
556.144,sglang:subprocess,0.0,0.0,84.24,17.324
556.645,sglang:subprocess,0.0,0.0,84.241,17.324
557.145,sglang:subprocess,0.0,0.0,84.242,17.324
557.646,sglang:subprocess,0.0,0.0,84.243,17.324
558.147,sglang:subprocess,0.0,0.0,84.243,17.324
558.647,sglang:subprocess,0.0,0.0,84.244,17.324
559.148,sglang:subprocess,0.0,0.0,84.244,17.324
559.649,sglang:subprocess,0.0,0.0,84.245,17.324
560.15,sglang:subprocess,0.0,0.0,84.247,17.324
560.651,sglang:subprocess,0.0,0.0,84.248,17.324
561.151,sglang:subprocess,0.0,0.0,84.247,17.324
561.652,sglang:subprocess,0.0,0.0,84.248,17.324
562.153,sglang:subprocess,0.0,0.0,84.248,17.324
562.653,sglang:subprocess,0.0,0.0,84.248,17.324
563.154,sglang:subprocess,0.0,0.0,84.248,17.324
563.655,sglang:subprocess,0.0,0.0,84.248,17.324
564.155,sglang:subprocess,0.0,0.0,84.242,17.324
564.656,sglang:subprocess,0.0,0.0,84.243,17.324
565.157,sglang:subprocess,0.0,0.0,84.244,17.324
565.658,sglang:subprocess,0.0,0.0,84.243,17.324
566.159,sglang:subprocess,0.0,0.0,84.243,17.324
566.659,sglang:subprocess,0.0,0.0,84.243,17.324
567.16,sglang:subprocess,0.0,0.0,84.272,17.324
567.661,sglang:subprocess,0.0,0.0,84.245,17.324
568.161,sglang:subprocess,0.0,0.0,84.246,17.324
568.662,sglang:subprocess,0.0,0.0,84.246,17.324
569.163,sglang:subprocess,0.0,0.0,84.246,17.324
569.663,sglang:subprocess,0.0,0.0,84.245,17.324
570.164,sglang:subprocess,0.0,0.0,84.245,17.324
570.665,sglang:subprocess,0.0,0.0,84.245,17.324
571.166,sglang:subprocess,0.0,0.0,84.245,17.324
571.666,sglang:subprocess,0.0,0.0,84.245,17.324
572.168,sglang:subprocess,0.0,0.0,84.245,17.324
572.668,sglang:subprocess,0.0,0.0,84.247,17.324
573.169,sglang:subprocess,0.0,0.0,84.247,17.324
573.67,sglang:subprocess,0.0,0.0,84.247,17.324
574.17,sglang:subprocess,0.0,0.0,84.245,17.324
574.671,sglang:subprocess,0.0,0.0,84.245,17.324
575.172,sglang:subprocess,0.0,0.0,84.245,17.324
575.672,sglang:subprocess,0.0,0.0,84.244,17.324
576.185,sglang:subprocess,0.0,0.0,84.245,17.324
576.685,sglang:subprocess,0.0,0.0,84.246,17.324
577.186,sglang:subprocess,0.0,0.0,84.246,17.324
577.687,sglang:subprocess,0.0,0.0,84.245,17.324
578.196,sglang:subprocess,0.0,0.0,84.246,17.324
578.697,sglang:subprocess,0.0,0.0,84.246,17.324
579.197,sglang:subprocess,0.0,0.0,84.247,17.324
579.698,sglang:subprocess,0.0,0.0,84.245,17.324
580.199,sglang:subprocess,0.0,0.0,84.246,17.324
580.699,sglang:subprocess,0.0,0.0,84.248,17.324
581.2,sglang:subprocess,0.0,0.0,84.248,17.324
581.701,sglang:subprocess,0.0,0.0,84.248,17.324
582.202,sglang:subprocess,0.0,0.0,84.248,17.324
582.703,sglang:subprocess,0.0,0.0,84.248,17.324
583.203,sglang:subprocess,0.0,0.0,84.247,17.324
583.704,sglang:subprocess,0.0,0.0,84.246,17.324
584.205,sglang:subprocess,0.0,0.0,84.245,17.324
584.705,sglang:subprocess,0.0,0.0,84.247,17.324
585.206,sglang:subprocess,0.0,0.0,84.246,17.324
585.707,sglang:subprocess,0.0,0.0,84.246,17.324
586.207,sglang:subprocess,0.0,0.0,84.248,17.324
586.708,sglang:subprocess,0.0,0.0,84.248,17.324
587.209,sglang:subprocess,0.0,0.0,84.249,17.324
587.71,sglang:subprocess,0.0,0.0,84.25,17.324
588.212,sglang:subprocess,0.0,0.0,84.25,17.324
588.712,sglang:subprocess,0.0,0.0,84.251,17.324
589.213,sglang:subprocess,0.0,0.0,84.253,17.324
589.714,sglang:subprocess,0.0,0.0,84.253,17.324
590.214,sglang:subprocess,0.0,0.0,84.253,17.324
590.715,sglang:subprocess,0.0,0.0,84.252,17.324
591.216,sglang:subprocess,0.0,0.0,84.251,17.324
591.717,sglang:subprocess,0.0,0.0,84.252,17.324
592.217,sglang:subprocess,0.0,0.0,84.25,17.324
592.718,sglang:subprocess,0.0,0.0,84.251,17.324
593.219,sglang:subprocess,0.0,0.0,84.251,17.324
593.719,sglang:subprocess,0.0,0.0,84.251,17.324
594.22,sglang:subprocess,0.0,0.0,84.252,17.324
594.721,sglang:subprocess,0.0,0.0,84.249,17.324
595.221,sglang:subprocess,0.0,0.0,84.248,17.324
595.722,sglang:subprocess,0.0,0.0,84.247,17.324
596.223,sglang:subprocess,0.0,0.0,84.248,17.324
596.732,sglang:subprocess,0.0,0.0,84.247,17.324
597.233,sglang:subprocess,0.0,0.0,84.248,17.324
597.734,sglang:subprocess,0.0,0.0,84.249,17.324
598.235,sglang:subprocess,0.0,0.0,84.248,17.324
598.735,sglang:subprocess,0.0,0.0,84.248,17.324
599.236,sglang:subprocess,0.0,0.0,84.248,17.324
599.737,sglang:subprocess,0.0,0.0,84.248,17.324
600.237,sglang:subprocess,0.0,0.0,84.248,17.324
600.738,sglang:subprocess,0.0,0.0,84.249,17.324
601.239,sglang:subprocess,0.0,0.0,84.248,17.324
601.739,sglang:subprocess,0.0,0.0,84.249,17.324
602.241,sglang:subprocess,0.0,0.0,84.249,17.324
602.741,sglang:subprocess,0.0,0.0,84.25,17.324
603.242,sglang:subprocess,0.0,0.0,84.249,17.324
603.743,sglang:subprocess,0.0,0.0,84.25,17.324
604.243,sglang:subprocess,0.0,0.0,84.251,17.324
604.744,sglang:subprocess,0.0,0.0,84.251,17.324
605.245,sglang:subprocess,0.0,0.0,84.251,17.324
605.745,sglang:subprocess,0.0,0.0,84.251,17.324
606.246,sglang:subprocess,0.0,0.0,84.251,17.324
606.747,sglang:subprocess,0.0,0.0,84.246,17.324
607.247,sglang:subprocess,0.0,0.0,84.246,17.324
607.748,sglang:subprocess,0.0,0.0,84.237,17.324
608.249,sglang:subprocess,0.0,0.0,84.238,17.324
608.75,sglang:subprocess,0.0,0.0,84.242,17.324
609.25,sglang:subprocess,0.0,0.0,84.247,17.324
609.751,sglang:subprocess,0.0,0.0,84.248,17.324
610.252,sglang:subprocess,0.0,0.0,84.249,17.324
610.752,sglang:subprocess,0.0,0.0,84.253,17.324
611.253,sglang:subprocess,0.0,0.0,84.253,17.324
611.754,sglang:subprocess,0.0,0.0,84.249,17.324
612.254,sglang:subprocess,0.0,0.0,84.248,17.324
612.756,sglang:subprocess,0.0,0.0,84.248,17.324
613.256,sglang:subprocess,0.0,0.0,84.246,17.324
613.757,sglang:subprocess,0.0,0.0,84.246,17.324
614.258,sglang:subprocess,0.0,0.0,84.247,17.324
614.758,sglang:subprocess,0.0,0.0,84.246,17.324
615.262,sglang:subprocess,0.0,0.0,84.247,17.324
615.763,sglang:subprocess,0.0,0.0,84.246,17.324
616.264,sglang:subprocess,0.0,0.0,84.246,17.324
616.764,sglang:subprocess,0.0,0.0,84.247,17.324
617.265,sglang:subprocess,0.0,0.0,84.247,17.324
617.766,sglang:subprocess,0.0,0.0,84.249,17.324
618.267,sglang:subprocess,0.0,0.0,84.249,17.324
618.768,sglang:subprocess,0.0,0.0,84.249,17.324
619.268,sglang:subprocess,0.0,0.0,84.249,17.324
619.769,sglang:subprocess,0.0,0.0,84.25,17.324
620.27,sglang:subprocess,0.0,0.0,84.251,17.324
620.77,sglang:subprocess,0.0,0.0,84.251,17.324
621.271,sglang:subprocess,0.0,0.0,84.251,17.324
621.772,sglang:subprocess,0.0,0.0,84.248,17.324
622.272,sglang:subprocess,0.0,0.0,84.247,17.324
622.773,sglang:subprocess,0.0,0.0,84.248,17.324
623.274,sglang:subprocess,0.0,0.0,84.219,17.324
623.775,sglang:subprocess,0.0,0.0,84.216,17.324
624.275,sglang:subprocess,0.0,0.0,84.228,17.324
624.776,sglang:subprocess,0.0,0.0,84.229,17.324
625.277,sglang:subprocess,0.0,0.0,84.229,17.324
625.777,sglang:subprocess,0.0,0.0,84.226,17.324
626.278,sglang:subprocess,0.0,0.0,84.228,17.324
626.779,sglang:subprocess,0.0,0.0,84.229,17.324
627.279,sglang:subprocess,0.0,0.0,84.235,17.324
627.78,sglang:subprocess,0.0,0.0,84.244,17.324
628.281,sglang:subprocess,0.0,0.0,84.251,17.324
628.782,sglang:subprocess,0.0,0.0,84.253,17.324
629.286,sglang:subprocess,0.0,0.0,84.255,17.324
629.787,sglang:subprocess,0.0,0.0,84.259,17.324
630.287,sglang:subprocess,0.0,0.0,84.26,17.324
630.788,sglang:subprocess,0.0,0.0,84.26,17.324
631.289,sglang:subprocess,0.0,0.0,84.261,17.324
631.789,sglang:subprocess,0.0,0.0,84.26,17.324
632.29,sglang:subprocess,0.0,0.0,84.261,17.324
632.791,sglang:subprocess,0.0,0.0,84.259,17.324
633.291,sglang:subprocess,0.0,0.0,84.257,17.324
633.792,sglang:subprocess,0.0,0.0,84.258,17.324
634.293,sglang:subprocess,0.0,0.0,84.258,17.324
634.794,sglang:subprocess,0.0,0.0,84.258,17.324
635.294,sglang:subprocess,0.0,0.0,84.259,17.324
635.803,sglang:subprocess,0.0,0.0,84.248,17.324
636.303,sglang:subprocess,0.0,0.0,84.243,17.324
636.804,sglang:subprocess,0.0,0.0,84.244,17.324
637.305,sglang:subprocess,0.0,0.0,84.246,17.324
637.812,sglang:subprocess,0.0,0.0,84.251,17.324
638.313,sglang:subprocess,0.0,0.0,84.252,17.324
638.813,sglang:subprocess,0.0,0.0,84.252,17.324
639.314,sglang:subprocess,0.0,0.0,84.252,17.324
639.815,sglang:subprocess,0.0,0.0,84.254,17.324
640.316,sglang:subprocess,0.0,0.0,84.254,17.324
640.816,sglang:subprocess,0.0,0.0,84.253,17.324
641.317,sglang:subprocess,0.0,0.0,84.253,17.324
641.818,sglang:subprocess,0.0,0.0,84.252,17.324
642.318,sglang:subprocess,0.0,0.0,84.251,17.324
642.819,sglang:subprocess,0.0,0.0,84.252,17.324
643.32,sglang:subprocess,0.0,0.0,84.252,17.324
643.821,sglang:subprocess,0.0,0.0,84.253,17.324
644.322,sglang:subprocess,0.0,0.0,84.254,17.324
644.822,sglang:subprocess,0.0,0.0,84.254,17.324
645.323,sglang:subprocess,0.0,0.0,84.254,17.324
645.824,sglang:subprocess,0.0,0.0,84.254,17.324
646.324,sglang:subprocess,0.0,0.0,84.254,17.324
646.825,sglang:subprocess,0.0,0.0,84.254,17.324
647.326,sglang:subprocess,0.0,0.0,84.255,17.324
647.826,sglang:subprocess,0.0,0.0,84.254,17.324
648.327,sglang:subprocess,0.0,0.0,84.254,17.324
648.828,sglang:subprocess,0.0,0.0,84.255,17.324
649.328,sglang:subprocess,0.0,0.0,84.255,17.324
649.829,sglang:subprocess,0.0,0.0,84.254,17.324
650.33,sglang:subprocess,0.0,0.0,84.256,17.324
650.831,sglang:subprocess,0.0,0.0,84.256,17.324
651.332,sglang:subprocess,0.0,0.0,84.256,17.324
651.833,sglang:subprocess,0.0,0.0,84.251,17.324
652.333,sglang:subprocess,0.0,0.0,84.251,17.324
652.834,sglang:subprocess,0.0,0.0,84.252,17.324
653.335,sglang:subprocess,0.0,0.0,84.253,17.324
653.835,sglang:subprocess,0.0,0.0,84.252,17.324
654.337,sglang:subprocess,0.0,0.0,84.252,17.324
654.838,sglang:subprocess,0.0,0.0,84.253,17.324
655.338,sglang:subprocess,0.0,0.0,84.253,17.324
655.839,sglang:subprocess,0.0,0.0,84.253,17.324
656.34,sglang:subprocess,0.0,0.0,84.253,17.324
656.84,sglang:subprocess,0.0,0.0,84.253,17.324
657.341,sglang:subprocess,0.0,0.0,84.254,17.324
657.842,sglang:subprocess,0.0,0.0,84.253,17.324
658.343,sglang:subprocess,0.0,0.0,84.254,17.324
658.844,sglang:subprocess,0.0,0.0,84.255,17.324
659.344,sglang:subprocess,0.0,0.0,84.255,17.324
659.845,sglang:subprocess,0.0,0.0,84.254,17.324
660.352,sglang:subprocess,0.0,0.0,84.253,17.324
660.853,sglang:subprocess,0.0,0.0,84.254,17.324
661.353,sglang:subprocess,0.0,0.0,84.253,17.324
661.854,sglang:subprocess,0.0,0.0,84.242,17.324
662.355,sglang:subprocess,0.0,0.0,84.246,17.324
662.855,sglang:subprocess,0.0,0.0,84.247,17.324
663.356,sglang:subprocess,0.0,0.0,84.247,17.324
663.857,sglang:subprocess,0.0,0.0,84.249,17.324
664.357,sglang:subprocess,0.0,0.0,84.251,17.324
664.858,sglang:subprocess,0.0,0.0,84.252,17.324
665.359,sglang:subprocess,0.0,0.0,84.255,17.324
665.86,sglang:subprocess,0.0,0.0,84.251,17.324
666.361,sglang:subprocess,0.0,0.0,84.251,17.324
666.861,sglang:subprocess,0.0,0.0,84.252,17.324
667.362,sglang:subprocess,0.0,0.0,84.251,17.324
667.863,sglang:subprocess,0.0,0.0,84.253,17.324
668.363,sglang:subprocess,0.0,0.0,84.253,17.324
668.864,sglang:subprocess,0.0,0.0,84.253,17.324
669.365,sglang:subprocess,0.0,0.0,84.26,17.324
669.865,sglang:subprocess,0.0,0.0,84.254,17.324
670.366,sglang:subprocess,0.0,0.0,84.256,17.324
670.867,sglang:subprocess,0.0,0.0,84.256,17.324
671.368,sglang:subprocess,0.0,0.0,84.256,17.324
671.868,sglang:subprocess,0.0,0.0,84.255,17.324
672.369,sglang:subprocess,0.0,0.0,84.255,17.324
672.87,sglang:subprocess,0.0,0.0,84.256,17.324
673.37,sglang:subprocess,0.0,0.0,84.257,17.324
673.871,sglang:subprocess,0.0,0.0,84.257,17.324
674.372,sglang:subprocess,0.0,0.0,84.253,17.324
674.873,sglang:subprocess,0.0,0.0,84.252,17.324
675.373,sglang:subprocess,0.0,0.0,84.253,17.324
675.874,sglang:subprocess,0.0,0.0,84.253,17.324
676.375,sglang:subprocess,0.0,0.0,84.253,17.324
676.876,sglang:subprocess,0.0,0.0,84.252,17.324
677.376,sglang:subprocess,0.0,0.0,84.251,17.324
677.877,sglang:subprocess,0.0,0.0,84.249,17.324
678.378,sglang:subprocess,0.0,0.0,84.25,17.324
678.878,sglang:subprocess,0.0,0.0,84.25,17.324
679.379,sglang:subprocess,0.0,0.0,84.253,17.324
679.88,sglang:subprocess,0.0,0.0,84.252,17.324
680.38,sglang:subprocess,0.0,0.0,84.251,17.324
680.881,sglang:subprocess,0.0,0.0,84.251,17.324
681.382,sglang:subprocess,0.0,0.0,84.258,17.324
681.883,sglang:subprocess,0.0,0.0,84.252,17.324
682.383,sglang:subprocess,0.0,0.0,84.251,17.324
682.884,sglang:subprocess,0.0,0.0,84.255,17.324
683.385,sglang:subprocess,0.0,0.0,84.25,17.324
683.886,sglang:subprocess,0.0,0.0,84.251,17.324
684.386,sglang:subprocess,0.0,0.0,84.251,17.324
684.887,sglang:subprocess,0.0,0.0,84.252,17.324
685.388,sglang:subprocess,0.0,0.0,84.259,17.324
685.888,sglang:subprocess,0.0,0.0,84.255,17.324
686.39,sglang:subprocess,0.0,0.0,84.256,17.324
686.89,sglang:subprocess,0.0,0.0,84.255,17.324
687.391,sglang:subprocess,0.0,0.0,84.254,17.324
687.891,sglang:subprocess,0.0,0.0,84.255,17.324
688.392,sglang:subprocess,0.0,0.0,84.255,17.324
688.893,sglang:subprocess,0.0,0.0,84.257,17.324
689.394,sglang:subprocess,0.0,0.0,84.257,17.324
689.895,sglang:subprocess,0.0,0.0,84.257,17.324
690.395,sglang:subprocess,0.0,0.0,84.257,17.324
690.896,sglang:subprocess,0.0,0.0,84.256,17.324
691.397,sglang:subprocess,0.0,0.0,84.256,17.324
691.898,sglang:subprocess,0.0,0.0,84.252,17.324
692.399,sglang:subprocess,0.0,0.0,84.253,17.324
692.9,sglang:subprocess,0.0,0.0,84.251,17.324
693.404,sglang:subprocess,0.0,0.0,84.251,17.324
693.904,sglang:subprocess,0.0,0.0,84.251,17.324
694.405,sglang:subprocess,0.0,0.0,84.25,17.324
694.906,sglang:subprocess,0.0,0.0,84.253,17.324
695.406,sglang:subprocess,0.0,0.0,84.253,17.324
695.907,sglang:subprocess,0.0,0.0,84.252,17.324
696.408,sglang:subprocess,0.0,0.0,84.253,17.324
696.909,sglang:subprocess,0.0,0.0,84.251,17.324
697.41,sglang:subprocess,0.0,0.0,84.251,17.324
697.91,sglang:subprocess,0.0,0.0,84.242,17.324
698.411,sglang:subprocess,0.0,0.0,84.245,17.324
698.912,sglang:subprocess,0.0,0.0,84.248,17.324
699.412,sglang:subprocess,0.0,0.0,84.243,17.324
699.913,sglang:subprocess,0.0,0.0,84.251,17.324
700.414,sglang:subprocess,0.0,0.0,84.252,17.324
700.915,sglang:subprocess,0.0,0.0,84.253,17.324
701.415,sglang:subprocess,0.0,0.0,84.253,17.324
701.916,sglang:subprocess,0.0,0.0,84.253,17.324
702.417,sglang:subprocess,0.0,0.0,84.249,17.324
702.918,sglang:subprocess,0.0,0.0,84.25,17.324
703.418,sglang:subprocess,0.0,0.0,84.25,17.324
703.919,sglang:subprocess,0.0,0.0,84.251,17.324
704.42,sglang:subprocess,0.0,0.0,84.251,17.324
704.92,sglang:subprocess,0.0,0.0,84.25,17.324
705.421,sglang:subprocess,0.0,0.0,84.248,17.324
705.922,sglang:subprocess,0.0,0.0,84.248,17.324
706.422,sglang:subprocess,0.0,0.0,84.248,17.324
706.923,sglang:subprocess,0.0,0.0,84.249,17.324
707.424,sglang:subprocess,0.0,0.0,84.25,17.324
707.925,sglang:subprocess,0.0,0.0,84.254,17.324
708.425,sglang:subprocess,0.0,0.0,84.254,17.324
708.926,sglang:subprocess,0.0,0.0,84.253,17.324
709.427,sglang:subprocess,0.0,0.0,84.254,17.324
709.927,sglang:subprocess,0.0,0.0,84.255,17.324
710.428,sglang:subprocess,0.0,0.0,84.255,17.324
710.929,sglang:subprocess,0.0,0.0,84.255,17.324
711.429,sglang:subprocess,0.0,0.0,84.255,17.324
711.93,sglang:subprocess,0.0,0.0,84.254,17.324
712.431,sglang:subprocess,0.0,0.0,84.255,17.324
712.932,sglang:subprocess,0.0,0.0,84.255,17.324
713.432,sglang:subprocess,0.0,0.0,84.238,17.324
713.933,sglang:subprocess,0.0,0.0,84.239,17.324
714.434,sglang:subprocess,0.0,0.0,84.239,17.324
714.934,sglang:subprocess,0.0,0.0,84.244,17.324
715.435,sglang:subprocess,0.0,0.0,84.245,17.324
715.941,sglang:subprocess,0.0,0.0,84.246,17.324
716.442,sglang:subprocess,0.0,0.0,84.247,17.324
716.942,sglang:subprocess,0.0,0.0,84.247,17.324
717.443,sglang:subprocess,0.0,0.0,84.25,17.324
717.944,sglang:subprocess,0.0,0.0,84.255,17.324
718.445,sglang:subprocess,0.0,0.0,84.255,17.324
718.946,sglang:subprocess,0.0,0.0,84.256,17.324
719.446,sglang:subprocess,0.0,0.0,84.254,17.324
719.947,sglang:subprocess,0.0,0.0,84.256,17.324
720.448,sglang:subprocess,0.0,0.0,84.255,17.324
720.948,sglang:subprocess,0.0,0.0,84.256,17.324
721.45,sglang:subprocess,0.0,0.0,84.255,17.324
721.95,sglang:subprocess,0.0,0.0,84.253,17.324
722.451,sglang:subprocess,0.0,0.0,84.253,17.324
722.952,sglang:subprocess,0.0,0.0,84.253,17.324
723.453,sglang:subprocess,0.0,0.0,84.251,17.324
723.953,sglang:subprocess,0.0,0.0,84.251,17.324
724.454,sglang:subprocess,0.0,0.0,84.251,17.324
724.955,sglang:subprocess,0.0,0.0,84.251,17.324
725.455,sglang:subprocess,0.0,0.0,84.251,17.324
725.956,sglang:subprocess,0.0,0.0,84.252,17.324
726.457,sglang:subprocess,0.0,0.0,84.251,17.324
726.957,sglang:subprocess,0.0,0.0,84.252,17.324
727.458,sglang:subprocess,0.0,0.0,84.25,17.324
727.959,sglang:subprocess,0.0,0.0,84.254,17.324
728.46,sglang:subprocess,0.0,0.0,84.254,17.324
728.96,sglang:subprocess,0.0,0.0,84.254,17.324
729.461,sglang:subprocess,0.0,0.0,84.255,17.324
729.962,sglang:subprocess,0.0,0.0,84.255,17.324
730.462,sglang:subprocess,0.0,0.0,84.255,17.324
730.963,sglang:subprocess,0.0,0.0,84.255,17.324
731.464,sglang:subprocess,0.0,0.0,84.254,17.324
731.964,sglang:subprocess,0.0,0.0,84.255,17.324
732.465,sglang:subprocess,0.0,0.0,84.255,17.324
732.966,sglang:subprocess,0.0,0.0,84.255,17.324
733.466,sglang:subprocess,0.0,0.0,84.255,17.324
733.968,sglang:subprocess,0.0,0.0,84.254,17.324
734.468,sglang:subprocess,0.0,0.0,84.249,17.324
734.969,sglang:subprocess,0.0,0.0,84.25,17.324
735.47,sglang:subprocess,0.0,0.0,84.25,17.324
735.971,sglang:subprocess,0.0,0.0,84.25,17.324
736.471,sglang:subprocess,0.0,0.0,84.251,17.324
736.972,sglang:subprocess,0.0,0.0,84.251,17.324
737.473,sglang:subprocess,0.0,0.0,84.25,17.324
737.973,sglang:subprocess,0.0,0.0,84.253,17.324
738.474,sglang:subprocess,0.0,0.0,84.253,17.324
738.975,sglang:subprocess,0.0,0.0,84.253,17.324
739.476,sglang:subprocess,0.0,0.0,84.253,17.324
739.976,sglang:subprocess,0.0,0.0,84.254,17.324
740.477,sglang:subprocess,0.0,0.0,84.254,17.324
740.978,sglang:subprocess,0.0,0.0,84.255,17.324
741.478,sglang:subprocess,0.0,0.0,84.255,17.324
741.979,sglang:subprocess,0.0,0.0,84.27,17.324
742.48,sglang:subprocess,0.0,0.0,84.268,17.324
742.98,sglang:subprocess,0.0,0.0,84.253,17.324
743.481,sglang:subprocess,0.0,0.0,84.252,17.324
743.982,sglang:subprocess,0.0,0.0,84.248,17.324
744.483,sglang:subprocess,0.0,0.0,84.249,17.324
744.984,sglang:subprocess,0.0,0.0,84.249,17.324
745.484,sglang:subprocess,0.0,0.0,84.249,17.324
745.985,sglang:subprocess,0.0,0.0,84.25,17.324
746.486,sglang:subprocess,0.0,0.0,84.249,17.324
746.986,sglang:subprocess,0.0,0.0,84.249,17.324
747.487,sglang:subprocess,0.0,0.0,84.249,17.324
747.988,sglang:subprocess,0.0,0.0,84.246,17.324
748.488,sglang:subprocess,0.0,0.0,84.247,17.324
748.989,sglang:subprocess,0.0,0.0,84.247,17.324
749.49,sglang:subprocess,0.0,0.0,84.248,17.324
749.991,sglang:subprocess,0.0,0.0,84.248,17.324
750.491,sglang:subprocess,0.0,0.0,84.248,17.324
750.992,sglang:subprocess,0.0,0.0,84.248,17.324
751.493,sglang:subprocess,0.0,0.0,84.248,17.324
751.993,sglang:subprocess,0.0,0.0,84.247,17.324
752.494,sglang:subprocess,0.0,0.0,84.247,17.324
752.995,sglang:subprocess,0.0,0.0,84.246,17.324
753.495,sglang:subprocess,0.0,0.0,84.244,17.324
753.996,sglang:subprocess,0.0,0.0,84.243,17.324
754.497,sglang:subprocess,0.0,0.0,84.243,17.324
754.998,sglang:subprocess,0.0,0.0,84.243,17.324
755.499,sglang:subprocess,0.0,0.0,84.241,17.324
755.999,sglang:subprocess,0.0,0.0,84.242,17.324
756.5,sglang:subprocess,0.0,0.0,84.242,17.324
757.001,sglang:subprocess,0.0,0.0,84.243,17.324
757.502,sglang:subprocess,0.0,0.0,84.246,17.324
758.002,sglang:subprocess,0.0,0.0,84.245,17.324
758.503,sglang:subprocess,0.0,0.0,84.246,17.324
759.004,sglang:subprocess,0.0,0.0,84.246,17.324
759.504,sglang:subprocess,0.0,0.0,84.246,17.324
760.005,sglang:subprocess,0.0,0.0,84.248,17.324
760.506,sglang:subprocess,0.0,0.0,84.248,17.324
761.007,sglang:subprocess,0.0,0.0,84.248,17.324
761.507,sglang:subprocess,0.0,0.0,84.247,17.324
762.008,sglang:subprocess,0.0,0.0,84.249,17.324
762.509,sglang:subprocess,0.0,0.0,84.249,17.324
763.009,sglang:subprocess,0.0,0.0,84.248,17.324
763.51,sglang:subprocess,0.0,0.0,84.247,17.324
764.011,sglang:subprocess,0.0,0.0,84.242,17.324
764.511,sglang:subprocess,0.0,0.0,84.243,17.324
765.012,sglang:subprocess,0.0,0.0,84.242,17.324
765.513,sglang:subprocess,0.0,0.0,84.241,17.324
766.014,sglang:subprocess,0.0,0.0,84.242,17.324
766.514,sglang:subprocess,0.0,0.0,84.244,17.324
767.015,sglang:subprocess,0.0,0.0,84.245,17.324
767.516,sglang:subprocess,0.0,0.0,84.247,17.324
768.017,sglang:subprocess,0.0,0.0,84.248,17.324
768.517,sglang:subprocess,0.0,0.0,84.248,17.324
769.018,sglang:subprocess,0.0,0.0,84.247,17.324
769.519,sglang:subprocess,0.0,0.0,84.247,17.324
770.019,sglang:subprocess,0.0,0.0,84.248,17.324
770.521,sglang:subprocess,0.0,0.0,84.248,17.324
771.021,sglang:subprocess,0.0,0.0,84.248,17.324
771.522,sglang:subprocess,0.0,0.0,84.248,17.324
772.023,sglang:subprocess,0.0,0.0,84.249,17.324
772.524,sglang:subprocess,0.0,0.0,84.248,17.324
773.024,sglang:subprocess,0.0,0.0,84.25,17.324
773.525,sglang:subprocess,0.0,0.0,84.246,17.324
774.026,sglang:subprocess,0.0,0.0,84.246,17.324
774.526,sglang:subprocess,0.0,0.0,84.245,17.324
775.027,sglang:subprocess,0.0,0.0,84.244,17.324
775.528,sglang:subprocess,0.0,0.0,84.243,17.324
776.029,sglang:subprocess,0.0,0.0,84.244,17.324
776.529,sglang:subprocess,0.0,0.0,84.246,17.324
777.03,sglang:subprocess,0.0,0.0,84.246,17.324
777.531,sglang:subprocess,0.0,0.0,84.25,17.324
778.031,sglang:subprocess,0.0,0.0,84.251,17.324
778.532,sglang:subprocess,0.0,0.0,84.251,17.324
779.033,sglang:subprocess,0.0,0.0,84.252,17.324
779.533,sglang:subprocess,0.0,0.0,84.251,17.324
780.034,sglang:subprocess,0.0,0.0,84.254,17.324
780.535,sglang:subprocess,0.0,0.0,84.254,17.324
781.036,sglang:subprocess,0.0,0.0,84.254,17.324
781.537,sglang:subprocess,0.0,0.0,84.24,17.324
782.038,sglang:subprocess,0.0,0.0,84.243,17.324
782.538,sglang:subprocess,0.0,0.0,84.246,17.324
783.039,sglang:subprocess,0.0,0.0,84.248,17.324
783.54,sglang:subprocess,0.0,0.0,84.249,17.324
784.04,sglang:subprocess,0.0,0.0,84.25,17.324
784.541,sglang:subprocess,0.0,0.0,84.244,17.324
785.042,sglang:subprocess,0.0,0.0,84.245,17.324
785.542,sglang:subprocess,0.0,0.0,84.244,17.324
786.045,sglang:subprocess,0.0,0.0,84.245,17.324
786.546,sglang:subprocess,0.0,0.0,84.245,17.324
787.047,sglang:subprocess,0.0,0.0,84.245,17.324
787.547,sglang:subprocess,0.0,0.0,84.251,17.324
788.051,sglang:subprocess,0.0,0.0,84.251,17.324
788.552,sglang:subprocess,0.0,0.0,84.253,17.324
789.052,sglang:subprocess,0.0,0.0,84.253,17.324
789.553,sglang:subprocess,0.0,0.0,84.252,17.324
790.054,sglang:subprocess,0.0,0.0,84.254,17.324
790.554,sglang:subprocess,0.0,0.0,84.252,17.324
791.055,sglang:subprocess,0.0,0.0,84.252,17.324
791.556,sglang:subprocess,0.0,0.0,84.251,17.324
792.057,sglang:subprocess,0.0,0.0,84.251,17.324
792.557,sglang:subprocess,0.0,0.0,84.253,17.324
793.058,sglang:subprocess,0.0,0.0,84.247,17.324
793.559,sglang:subprocess,0.0,0.0,84.248,17.324
794.059,sglang:subprocess,0.0,0.0,84.247,17.324
794.56,sglang:subprocess,0.0,0.0,84.249,17.324
795.061,sglang:subprocess,0.0,0.0,84.248,17.324
795.561,sglang:subprocess,0.0,0.0,84.248,17.324
796.068,sglang:subprocess,0.0,0.0,84.248,17.324
796.568,sglang:subprocess,0.0,0.0,84.248,17.324
797.069,sglang:subprocess,0.0,0.0,84.248,17.324
797.57,sglang:subprocess,0.0,0.0,84.253,17.324
798.071,sglang:subprocess,0.0,0.0,84.255,17.324
798.572,sglang:subprocess,0.0,0.0,84.256,17.324
799.072,sglang:subprocess,0.0,0.0,84.256,17.324
799.573,sglang:subprocess,0.0,0.0,84.255,17.324
800.074,sglang:subprocess,0.0,0.0,84.256,17.324
800.574,sglang:subprocess,0.0,0.0,84.255,17.324
801.075,sglang:subprocess,0.0,0.0,84.256,17.324
801.576,sglang:subprocess,0.0,0.0,84.254,17.324
802.077,sglang:subprocess,0.0,0.0,84.255,17.324
802.578,sglang:subprocess,0.0,0.0,84.255,17.324
803.078,sglang:subprocess,0.0,0.0,84.256,17.324
803.579,sglang:subprocess,0.0,0.0,84.255,17.324
804.08,sglang:subprocess,0.0,0.0,84.251,17.324
804.581,sglang:subprocess,0.0,0.0,84.25,17.324
805.081,sglang:subprocess,0.0,0.0,84.251,17.324
805.582,sglang:subprocess,0.0,0.0,84.248,17.324
806.083,sglang:subprocess,0.0,0.0,84.248,17.324
806.583,sglang:subprocess,0.0,0.0,84.25,17.324
807.084,sglang:subprocess,0.0,0.0,84.25,17.324
807.585,sglang:subprocess,0.0,0.0,84.255,17.324
808.086,sglang:subprocess,0.0,0.0,84.255,17.324
808.587,sglang:subprocess,0.0,0.0,84.255,17.324
809.087,sglang:subprocess,0.0,0.0,84.255,17.324
809.588,sglang:subprocess,0.0,0.0,84.253,17.324
810.089,sglang:subprocess,0.0,0.0,84.254,17.324
810.589,sglang:subprocess,0.0,0.0,84.254,17.324
811.09,sglang:subprocess,0.0,0.0,84.255,17.324
811.591,sglang:subprocess,0.0,0.0,84.253,17.324
812.091,sglang:subprocess,0.0,0.0,84.255,17.324
812.592,sglang:subprocess,0.0,0.0,84.255,17.324
813.093,sglang:subprocess,0.0,0.0,84.255,17.324
813.594,sglang:subprocess,0.0,0.0,84.256,17.324
814.094,sglang:subprocess,0.0,0.0,84.255,17.324
814.595,sglang:subprocess,0.0,0.0,84.25,17.324
815.096,sglang:subprocess,0.0,0.0,84.25,17.324
815.597,sglang:subprocess,0.0,0.0,84.249,17.324
816.097,sglang:subprocess,0.0,0.0,84.25,17.324
816.598,sglang:subprocess,0.0,0.0,84.25,17.324
817.099,sglang:subprocess,0.0,0.0,84.249,17.324
817.599,sglang:subprocess,0.0,0.0,84.25,17.324
818.101,sglang:subprocess,0.0,0.0,84.251,17.324
818.601,sglang:subprocess,0.0,0.0,84.252,17.324
819.102,sglang:subprocess,0.0,0.0,84.252,17.324
819.603,sglang:subprocess,0.0,0.0,84.252,17.324
820.103,sglang:subprocess,0.0,0.0,84.253,17.324
820.604,sglang:subprocess,0.0,0.0,84.254,17.324
821.105,sglang:subprocess,0.0,0.0,84.253,17.324
821.605,sglang:subprocess,0.0,0.0,84.252,17.324
822.106,sglang:subprocess,0.0,0.0,84.252,17.324
822.607,sglang:subprocess,0.0,0.0,84.253,17.324
823.108,sglang:subprocess,0.0,0.0,84.254,17.324
823.608,sglang:subprocess,0.0,0.0,84.254,17.324
824.109,sglang:subprocess,0.0,0.0,84.253,17.324
824.61,sglang:subprocess,0.0,0.0,84.251,17.324
825.112,sglang:subprocess,0.0,0.0,84.25,17.324
825.613,sglang:subprocess,0.0,0.0,84.25,17.324
826.114,sglang:subprocess,0.0,0.0,84.25,17.324
826.614,sglang:subprocess,0.0,0.0,84.25,17.324
827.115,sglang:subprocess,0.0,0.0,84.249,17.324
827.616,sglang:subprocess,0.0,0.0,84.251,17.324
828.116,sglang:subprocess,0.0,0.0,84.252,17.324
828.618,sglang:subprocess,0.0,0.0,84.252,17.324
829.118,sglang:subprocess,0.0,0.0,84.253,17.324
829.619,sglang:subprocess,0.0,0.0,84.252,17.324
830.12,sglang:subprocess,0.0,0.0,84.253,17.324
830.62,sglang:subprocess,0.0,0.0,84.255,17.324
831.121,sglang:subprocess,0.0,0.0,84.252,17.324
831.622,sglang:subprocess,0.0,0.0,84.251,17.324
832.122,sglang:subprocess,0.0,0.0,84.252,17.324
832.623,sglang:subprocess,0.0,0.0,84.251,17.324
833.124,sglang:subprocess,0.0,0.0,84.251,17.324
833.625,sglang:subprocess,0.0,0.0,84.248,17.324
834.125,sglang:subprocess,0.0,0.0,84.249,17.324
834.626,sglang:subprocess,0.0,0.0,84.248,17.324
835.127,sglang:subprocess,0.0,0.0,84.247,17.324
835.627,sglang:subprocess,0.0,0.0,84.246,17.324
836.128,sglang:subprocess,0.0,0.0,84.246,17.324
836.629,sglang:subprocess,0.0,0.0,84.248,17.324
837.129,sglang:subprocess,0.0,0.0,84.247,17.324
837.63,sglang:subprocess,0.0,0.0,84.249,17.324
838.131,sglang:subprocess,0.0,0.0,84.249,17.324
838.631,sglang:subprocess,0.0,0.0,84.251,17.324
839.133,sglang:subprocess,0.0,0.0,84.25,17.324
839.633,sglang:subprocess,0.0,0.0,84.251,17.324
840.134,sglang:subprocess,0.0,0.0,84.252,17.324
840.635,sglang:subprocess,0.0,0.0,84.252,17.324
841.135,sglang:subprocess,0.0,0.0,84.252,17.324
841.636,sglang:subprocess,0.0,0.0,84.251,17.324
842.137,sglang:subprocess,0.0,0.0,84.252,17.324
842.637,sglang:subprocess,0.0,0.0,84.252,17.324
843.138,sglang:subprocess,0.0,0.0,84.252,17.324
843.639,sglang:subprocess,0.0,0.0,84.25,17.324
844.14,sglang:subprocess,0.0,0.0,84.246,17.324
844.641,sglang:subprocess,0.0,0.0,84.246,17.324
845.141,sglang:subprocess,0.0,0.0,84.247,17.324
845.642,sglang:subprocess,0.0,0.0,84.244,17.324
846.143,sglang:subprocess,0.0,0.0,84.244,17.324
846.643,sglang:subprocess,0.0,0.0,84.245,17.324
847.144,sglang:subprocess,0.0,0.0,84.246,17.324
847.653,sglang:subprocess,0.0,0.0,84.249,17.324
848.153,sglang:subprocess,0.0,0.0,84.249,17.324
848.654,sglang:subprocess,0.0,0.0,84.25,17.324
849.154,sglang:subprocess,0.0,0.0,84.25,17.324
849.662,sglang:subprocess,0.0,0.0,84.25,17.324
850.162,sglang:subprocess,0.0,0.0,84.251,17.324
850.663,sglang:subprocess,0.0,0.0,84.252,17.324
851.164,sglang:subprocess,0.0,0.0,84.252,17.324
851.664,sglang:subprocess,0.0,0.0,84.251,17.324
852.165,sglang:subprocess,0.0,0.0,84.251,17.324
852.666,sglang:subprocess,0.0,0.0,84.251,17.324
853.166,sglang:subprocess,0.0,0.0,84.252,17.324
853.667,sglang:subprocess,0.0,0.0,84.25,17.324
854.168,sglang:subprocess,0.0,0.0,84.246,17.324
854.669,sglang:subprocess,0.0,0.0,84.247,17.324
855.17,sglang:subprocess,0.0,0.0,84.248,17.324
855.67,sglang:subprocess,0.0,0.0,84.247,17.324
856.171,sglang:subprocess,0.0,0.0,84.246,17.324
856.672,sglang:subprocess,0.0,0.0,84.246,17.324
857.172,sglang:subprocess,0.0,0.0,84.246,17.324
857.673,sglang:subprocess,0.0,0.0,84.25,17.324
858.174,sglang:subprocess,0.0,0.0,84.251,17.324
858.674,sglang:subprocess,0.0,0.0,84.251,17.324
859.175,sglang:subprocess,0.0,0.0,84.25,17.324
859.676,sglang:subprocess,0.0,0.0,84.252,17.324
860.177,sglang:subprocess,0.0,0.0,84.252,17.324
860.678,sglang:subprocess,0.0,0.0,84.252,17.324
861.178,sglang:subprocess,0.0,0.0,84.253,17.324
861.679,sglang:subprocess,0.0,0.0,84.252,17.324
862.179,sglang:subprocess,0.0,0.0,84.251,17.324
862.68,sglang:subprocess,0.0,0.0,84.252,17.324
863.182,sglang:subprocess,0.0,0.0,84.252,17.324
863.682,sglang:subprocess,0.0,0.0,84.25,17.324
864.183,sglang:subprocess,0.0,0.0,84.244,17.324
864.684,sglang:subprocess,0.0,0.0,84.244,17.324
865.185,sglang:subprocess,0.0,0.0,84.246,17.324
865.685,sglang:subprocess,0.0,0.0,84.245,17.324
866.186,sglang:subprocess,0.0,0.0,84.246,17.324
866.687,sglang:subprocess,0.0,0.0,84.246,17.324
867.188,sglang:subprocess,0.0,0.0,84.245,17.324
867.688,sglang:subprocess,0.0,0.0,84.249,17.324
868.189,sglang:subprocess,0.0,0.0,84.249,17.324
868.69,sglang:subprocess,0.0,0.0,84.249,17.324
869.19,sglang:subprocess,0.0,0.0,84.249,17.324
869.691,sglang:subprocess,0.0,0.0,84.247,17.324
870.192,sglang:subprocess,0.0,0.0,84.249,17.324
870.693,sglang:subprocess,0.0,0.0,84.249,17.324
871.194,sglang:subprocess,0.0,0.0,84.249,17.324
871.694,sglang:subprocess,0.0,0.0,84.25,17.324
872.195,sglang:subprocess,0.0,0.0,84.25,17.324
872.696,sglang:subprocess,0.0,0.0,84.25,17.324
873.196,sglang:subprocess,0.0,0.0,84.25,17.324
873.697,sglang:subprocess,0.0,0.0,84.25,17.324
874.198,sglang:subprocess,0.0,0.0,84.247,17.324
874.698,sglang:subprocess,0.0,0.0,84.247,17.324
875.199,sglang:subprocess,0.0,0.0,84.247,17.324
875.7,sglang:subprocess,0.0,0.0,84.247,17.324
876.201,sglang:subprocess,0.0,0.0,84.247,17.324
876.702,sglang:subprocess,0.0,0.0,84.247,17.324
877.202,sglang:subprocess,0.0,0.0,84.246,17.324
877.703,sglang:subprocess,0.0,0.0,84.249,17.324
878.204,sglang:subprocess,0.0,0.0,84.25,17.324
878.704,sglang:subprocess,0.0,0.0,84.249,17.324
879.205,sglang:subprocess,0.0,0.0,84.25,17.324
879.706,sglang:subprocess,0.0,0.0,84.25,17.324
880.206,sglang:subprocess,0.0,0.0,84.25,17.324
880.707,sglang:subprocess,0.0,0.0,84.25,17.324
881.208,sglang:subprocess,0.0,0.0,84.25,17.324
881.709,sglang:subprocess,0.0,0.0,84.248,17.324
882.21,sglang:subprocess,0.0,0.0,84.25,17.324
882.715,sglang:subprocess,0.0,0.0,84.25,17.324
883.215,sglang:subprocess,0.0,0.0,84.251,17.324
883.716,sglang:subprocess,0.0,0.0,84.248,17.324
884.217,sglang:subprocess,0.0,0.0,84.246,17.324
884.718,sglang:subprocess,0.0,0.0,84.246,17.324
885.218,sglang:subprocess,0.0,0.0,84.247,17.324
885.719,sglang:subprocess,0.0,0.0,84.245,17.324
886.22,sglang:subprocess,0.0,0.0,84.246,17.324
886.721,sglang:subprocess,0.0,0.0,84.246,17.324
887.221,sglang:subprocess,0.0,0.0,84.246,17.324
887.722,sglang:subprocess,0.0,0.0,84.247,17.324
888.223,sglang:subprocess,0.0,0.0,84.247,17.324
888.723,sglang:subprocess,0.0,0.0,84.248,17.324
889.224,sglang:subprocess,0.0,0.0,84.249,17.324
889.725,sglang:subprocess,0.0,0.0,84.25,17.324
890.225,sglang:subprocess,0.0,0.0,84.248,17.324
890.726,sglang:subprocess,0.0,0.0,84.249,17.324
891.227,sglang:subprocess,0.0,0.0,84.249,17.324
891.728,sglang:subprocess,0.0,0.0,84.249,17.324
892.229,sglang:subprocess,0.0,0.0,84.249,17.324
892.729,sglang:subprocess,0.0,0.0,84.249,17.324
893.23,sglang:subprocess,0.0,0.0,84.249,17.324
893.731,sglang:subprocess,0.0,0.0,84.247,17.324
894.231,sglang:subprocess,0.0,0.0,84.246,17.324
894.732,sglang:subprocess,0.0,0.0,84.247,17.324
895.233,sglang:subprocess,0.0,0.0,84.247,17.324
895.733,sglang:subprocess,0.0,0.0,84.247,17.324
896.234,sglang:subprocess,0.0,0.0,84.247,17.324
896.735,sglang:subprocess,0.0,0.0,84.248,17.324
897.236,sglang:subprocess,0.0,0.0,84.247,17.324
897.737,sglang:subprocess,0.0,0.0,84.248,17.324
898.237,sglang:subprocess,0.0,0.0,84.248,17.324
898.738,sglang:subprocess,0.0,0.0,84.248,17.324
899.239,sglang:subprocess,0.0,0.0,84.249,17.324
899.739,sglang:subprocess,0.0,0.0,84.249,17.324
900.24,sglang:subprocess,0.0,0.0,84.249,17.324
900.741,sglang:subprocess,0.0,0.0,84.249,17.324
901.241,sglang:subprocess,0.0,0.0,84.249,17.324
901.742,sglang:subprocess,0.0,0.0,84.248,17.324
902.243,sglang:subprocess,0.0,0.0,84.248,17.324
902.744,sglang:subprocess,0.0,0.0,84.25,17.324
903.245,sglang:subprocess,0.0,0.0,84.25,17.324
903.745,sglang:subprocess,0.0,0.0,84.251,17.324
904.246,sglang:subprocess,0.0,0.0,84.25,17.324
904.747,sglang:subprocess,0.0,0.0,84.248,17.324
905.247,sglang:subprocess,0.0,0.0,84.249,17.324
905.748,sglang:subprocess,0.0,0.0,84.251,17.324
906.249,sglang:subprocess,0.0,0.0,84.248,17.324
906.749,sglang:subprocess,0.0,0.0,84.249,17.324
907.251,sglang:subprocess,0.0,0.0,84.248,17.324
907.751,sglang:subprocess,0.0,0.0,84.252,17.324
908.252,sglang:subprocess,0.0,0.0,84.253,17.324
908.753,sglang:subprocess,0.0,0.0,84.254,17.324
909.253,sglang:subprocess,0.0,0.0,84.253,17.324
909.754,sglang:subprocess,0.0,0.0,84.254,17.324
910.255,sglang:subprocess,0.0,0.0,84.254,17.324
910.755,sglang:subprocess,0.0,0.0,84.254,17.324
911.256,sglang:subprocess,0.0,0.0,84.254,17.324
911.757,sglang:subprocess,0.0,0.0,84.253,17.324
912.258,sglang:subprocess,0.0,0.0,84.255,17.324
912.759,sglang:subprocess,0.0,0.0,84.255,17.324
913.259,sglang:subprocess,0.0,0.0,84.254,17.324
913.76,sglang:subprocess,0.0,0.0,84.254,17.324
914.261,sglang:subprocess,0.0,0.0,84.249,17.324
914.761,sglang:subprocess,0.0,0.0,84.25,17.324
915.262,sglang:subprocess,0.0,0.0,84.25,17.324
915.763,sglang:subprocess,0.0,0.0,84.249,17.324
916.263,sglang:subprocess,0.0,0.0,84.249,17.324
916.764,sglang:subprocess,0.0,0.0,84.25,17.324
917.265,sglang:subprocess,0.0,0.0,84.25,17.324
917.766,sglang:subprocess,0.0,0.0,84.253,17.324
918.267,sglang:subprocess,0.0,0.0,84.25,17.324
918.767,sglang:subprocess,0.0,0.0,84.253,17.324
919.268,sglang:subprocess,0.0,0.0,84.253,17.324
919.776,sglang:subprocess,0.0,0.0,84.253,17.324
920.277,sglang:subprocess,0.0,0.0,84.255,17.324
920.777,sglang:subprocess,0.0,0.0,84.254,17.324
921.278,sglang:subprocess,0.0,0.0,84.254,17.324
921.779,sglang:subprocess,0.0,0.0,84.254,17.324
922.279,sglang:subprocess,0.0,0.0,84.239,17.324
922.78,sglang:subprocess,0.0,0.0,84.237,17.324
923.281,sglang:subprocess,0.0,0.0,84.238,17.324
923.782,sglang:subprocess,0.0,0.0,84.235,17.324
924.283,sglang:subprocess,0.0,0.0,84.234,17.324
924.783,sglang:subprocess,0.0,0.0,84.235,17.324
925.284,sglang:subprocess,0.0,0.0,84.236,17.324
925.785,sglang:subprocess,0.0,0.0,84.236,17.324
926.285,sglang:subprocess,0.0,0.0,84.236,17.324
926.786,sglang:subprocess,0.0,0.0,84.237,17.324
927.287,sglang:subprocess,0.0,0.0,84.237,17.324
927.788,sglang:subprocess,0.0,0.0,84.238,17.324
928.289,sglang:subprocess,0.0,0.0,84.238,17.324
928.789,sglang:subprocess,0.0,0.0,84.237,17.324
929.29,sglang:subprocess,0.0,0.0,84.238,17.324
929.791,sglang:subprocess,0.0,0.0,84.238,17.324
930.292,sglang:subprocess,0.0,0.0,84.237,17.324
930.793,sglang:subprocess,0.0,0.0,84.237,17.324
931.293,sglang:subprocess,0.0,0.0,84.238,17.324
931.795,sglang:subprocess,0.0,0.0,84.237,17.324
932.295,sglang:subprocess,0.0,0.0,84.237,17.324
932.796,sglang:subprocess,0.0,0.0,84.235,17.324
933.297,sglang:subprocess,0.0,0.0,84.235,17.324
933.798,sglang:subprocess,0.0,0.0,84.235,17.324
934.298,sglang:subprocess,0.0,0.0,84.236,17.324
934.799,sglang:subprocess,0.0,0.0,84.236,17.324
935.3,sglang:subprocess,0.0,0.0,84.236,17.324
935.801,sglang:subprocess,0.0,0.0,84.236,17.324
936.301,sglang:subprocess,0.0,0.0,84.236,17.324
936.802,sglang:subprocess,0.0,0.0,84.236,17.324
937.303,sglang:subprocess,0.0,0.0,84.235,17.324
937.803,sglang:subprocess,0.0,0.0,84.236,17.324
938.304,sglang:subprocess,0.0,0.0,84.237,17.324
938.805,sglang:subprocess,0.0,0.0,84.239,17.324
939.306,sglang:subprocess,0.0,0.0,84.239,17.324
939.806,sglang:subprocess,0.0,0.0,84.237,17.324
940.307,sglang:subprocess,0.0,0.0,84.238,17.324
940.808,sglang:subprocess,0.0,0.0,84.239,17.324
941.308,sglang:subprocess,0.0,0.0,84.24,17.324
941.809,sglang:subprocess,0.0,0.0,84.24,17.324
942.31,sglang:subprocess,0.0,0.0,84.24,17.324
942.81,sglang:subprocess,0.0,0.0,84.24,17.324
943.311,sglang:subprocess,0.0,0.0,84.241,17.324
943.812,sglang:subprocess,0.0,0.0,84.236,17.324
944.319,sglang:subprocess,0.0,0.0,84.237,17.324
944.82,sglang:subprocess,0.0,0.0,84.237,17.324
945.32,sglang:subprocess,0.0,0.0,84.238,17.324
945.821,sglang:subprocess,0.0,0.0,84.237,17.324
946.322,sglang:subprocess,0.0,0.0,84.237,17.324
946.822,sglang:subprocess,0.0,0.0,84.237,17.324
947.323,sglang:subprocess,0.0,0.0,84.238,17.324
947.824,sglang:subprocess,0.0,0.0,84.242,17.324
948.324,sglang:subprocess,0.0,0.0,84.243,17.324
948.825,sglang:subprocess,0.0,0.0,84.243,17.324
949.326,sglang:subprocess,0.0,0.0,84.242,17.324
949.827,sglang:subprocess,0.0,0.0,84.242,17.324
950.328,sglang:subprocess,0.0,0.0,84.242,17.324
950.828,sglang:subprocess,0.0,0.0,84.242,17.324
951.329,sglang:subprocess,0.0,0.0,84.242,17.324
951.83,sglang:subprocess,0.0,0.0,84.242,17.324
952.33,sglang:subprocess,0.0,0.0,84.243,17.324
952.831,sglang:subprocess,0.0,0.0,84.244,17.324
953.332,sglang:subprocess,0.0,0.0,84.244,17.324
953.832,sglang:subprocess,0.0,0.0,84.233,17.324
954.333,sglang:subprocess,0.0,0.0,84.234,17.324
954.834,sglang:subprocess,0.0,0.0,84.226,17.324
955.335,sglang:subprocess,0.0,0.0,84.226,17.324
955.835,sglang:subprocess,0.0,0.0,84.226,17.324
956.336,sglang:subprocess,0.0,0.0,84.226,17.324
956.837,sglang:subprocess,0.0,0.0,84.235,17.324
957.337,sglang:subprocess,0.0,0.0,84.243,17.324
957.838,sglang:subprocess,0.0,0.0,84.25,17.324
958.339,sglang:subprocess,0.0,0.0,84.25,17.324
958.84,sglang:subprocess,0.0,0.0,84.251,17.324
959.34,sglang:subprocess,0.0,0.0,84.253,17.324
959.842,sglang:subprocess,0.0,0.0,84.252,17.324
960.342,sglang:subprocess,0.0,0.0,84.252,17.324
960.843,sglang:subprocess,0.0,0.0,84.253,17.324
961.344,sglang:subprocess,0.0,0.0,84.256,17.324
961.844,sglang:subprocess,0.0,0.0,84.257,17.324
962.345,sglang:subprocess,0.0,0.0,84.258,17.324
962.846,sglang:subprocess,0.0,0.0,84.259,17.324
963.346,sglang:subprocess,0.0,0.0,84.259,17.324
963.847,sglang:subprocess,0.0,0.0,84.258,17.324
964.348,sglang:subprocess,0.0,0.0,84.26,17.324
964.848,sglang:subprocess,0.0,0.0,84.255,17.324
965.349,sglang:subprocess,0.0,0.0,84.257,17.324
965.85,sglang:subprocess,0.0,0.0,84.256,17.324
966.351,sglang:subprocess,0.0,0.0,84.257,17.324
966.852,sglang:subprocess,0.0,0.0,84.257,17.324
967.352,sglang:subprocess,0.0,0.0,84.256,17.324
967.853,sglang:subprocess,0.0,0.0,84.256,17.324
968.354,sglang:subprocess,0.0,0.0,84.257,17.324
968.855,sglang:subprocess,0.0,0.0,84.256,17.324
969.477,sglang:subprocess,0.0,0.0,84.272,17.324
969.978,sglang:subprocess,0.0,0.0,84.259,17.324
970.479,sglang:subprocess,0.0,0.0,84.26,17.324
970.98,sglang:subprocess,0.0,0.0,84.26,17.324
971.481,sglang:subprocess,0.0,0.0,84.26,17.324
971.982,sglang:subprocess,0.0,0.0,84.26,17.324
972.482,sglang:subprocess,0.0,0.0,84.261,17.324
972.983,sglang:subprocess,0.0,0.0,84.261,17.324
973.484,sglang:subprocess,0.0,0.0,84.26,17.324
973.984,sglang:subprocess,0.0,0.0,84.259,17.324
974.485,sglang:subprocess,0.0,0.0,84.256,17.324
974.986,sglang:subprocess,0.0,0.0,84.256,17.324
975.486,sglang:subprocess,0.0,0.0,84.256,17.324
975.988,sglang:subprocess,0.0,0.0,84.259,17.324
976.488,sglang:subprocess,0.0,0.0,84.259,17.324
976.989,sglang:subprocess,0.0,0.0,84.261,17.324
977.49,sglang:subprocess,0.0,0.0,84.247,17.324
977.99,sglang:subprocess,0.0,0.0,84.255,17.324
978.491,sglang:subprocess,0.0,0.0,84.256,17.324
978.992,sglang:subprocess,0.0,0.0,84.255,17.324
979.492,sglang:subprocess,0.0,0.0,84.26,17.324
979.993,sglang:subprocess,0.0,0.0,84.261,17.324
980.494,sglang:subprocess,0.0,0.0,84.262,17.324
981.002,sglang:subprocess,0.0,0.0,84.261,17.324
981.503,sglang:subprocess,0.0,0.0,84.262,17.324
982.003,sglang:subprocess,0.0,0.0,84.262,17.324
982.504,sglang:subprocess,0.0,0.0,84.264,17.324
983.005,sglang:subprocess,0.0,0.0,84.265,17.324
983.505,sglang:subprocess,0.0,0.0,84.265,17.324
984.006,sglang:subprocess,0.0,0.0,84.265,17.324
984.507,sglang:subprocess,0.0,0.0,84.261,17.324
985.007,sglang:subprocess,0.0,0.0,84.261,17.324
985.508,sglang:subprocess,0.0,0.0,84.258,17.324
986.009,sglang:subprocess,0.0,0.0,84.255,17.324
986.51,sglang:subprocess,0.0,0.0,84.255,17.324
987.011,sglang:subprocess,0.0,0.0,84.255,17.324
987.511,sglang:subprocess,0.0,0.0,84.256,17.324
988.012,sglang:subprocess,0.0,0.0,84.256,17.324
988.513,sglang:subprocess,0.0,0.0,84.256,17.324
989.013,sglang:subprocess,0.0,0.0,84.256,17.324
989.514,sglang:subprocess,0.0,0.0,84.255,17.324
990.015,sglang:subprocess,0.0,0.0,84.257,17.324
990.515,sglang:subprocess,0.0,0.0,84.259,17.324
991.016,sglang:subprocess,0.0,0.0,84.259,17.324
991.517,sglang:subprocess,0.0,0.0,84.257,17.324
992.018,sglang:subprocess,0.0,0.0,84.256,17.324
992.518,sglang:subprocess,0.0,0.0,84.256,17.324
993.019,sglang:subprocess,0.0,0.0,84.257,17.324
993.52,sglang:subprocess,0.0,0.0,84.256,17.324
994.021,sglang:subprocess,0.0,0.0,84.254,17.324
994.521,sglang:subprocess,0.0,0.0,84.254,17.324
995.022,sglang:subprocess,0.0,0.0,84.254,17.324
995.522,sglang:subprocess,0.0,0.0,84.253,17.324
996.023,sglang:subprocess,0.0,0.0,84.254,17.324
996.524,sglang:subprocess,0.0,0.0,84.255,17.324
997.026,sglang:subprocess,0.0,0.0,84.256,17.324
997.527,sglang:subprocess,0.0,0.0,84.258,17.324
998.027,sglang:subprocess,0.0,0.0,84.258,17.324
998.528,sglang:subprocess,0.0,0.0,84.258,17.324
999.029,sglang:subprocess,0.0,0.0,84.258,17.324
999.529,sglang:subprocess,0.0,0.0,84.258,17.324
1000.03,sglang:subprocess,0.0,0.0,84.258,17.324
1000.531,sglang:subprocess,0.0,0.0,84.259,17.324
1001.031,sglang:subprocess,0.0,0.0,84.258,17.324
1001.532,sglang:subprocess,0.0,0.0,84.256,17.324
1002.033,sglang:subprocess,0.0,0.0,84.258,17.324
1002.534,sglang:subprocess,0.0,0.0,84.258,17.324
1003.035,sglang:subprocess,0.0,0.0,84.259,17.324
1003.536,sglang:subprocess,0.0,0.0,84.257,17.324
1004.036,sglang:subprocess,0.0,0.0,84.257,17.324
1004.537,sglang:subprocess,0.0,0.0,84.254,17.324
1005.038,sglang:subprocess,0.0,0.0,84.254,17.324
1005.538,sglang:subprocess,0.0,0.0,84.241,17.324
1006.039,sglang:subprocess,0.0,0.0,84.244,17.324
1006.54,sglang:subprocess,0.0,0.0,84.247,17.324
1007.04,sglang:subprocess,0.0,0.0,84.248,17.324
1007.542,sglang:subprocess,0.0,0.0,84.253,17.324
1008.043,sglang:subprocess,0.0,0.0,84.254,17.324
1008.543,sglang:subprocess,0.0,0.0,84.255,17.324
1009.044,sglang:subprocess,0.0,0.0,84.255,17.324
1009.545,sglang:subprocess,0.0,0.0,84.255,17.324
1010.045,sglang:subprocess,0.0,0.0,84.255,17.324
1010.546,sglang:subprocess,0.0,0.0,84.257,17.324
1011.047,sglang:subprocess,0.0,0.0,84.257,17.324
1011.547,sglang:subprocess,0.0,0.0,84.256,17.324
1012.048,sglang:subprocess,0.0,0.0,84.255,17.324
1012.549,sglang:subprocess,0.0,0.0,84.255,17.324
1013.05,sglang:subprocess,0.0,0.0,84.255,17.324
1013.551,sglang:subprocess,0.0,0.0,84.257,17.324
1014.051,sglang:subprocess,0.0,0.0,84.259,17.324
1014.552,sglang:subprocess,0.0,0.0,84.252,17.324
1015.053,sglang:subprocess,0.0,0.0,84.252,17.324
1015.554,sglang:subprocess,0.0,0.0,84.253,17.324
1016.054,sglang:subprocess,0.0,0.0,84.252,17.324
1016.555,sglang:subprocess,0.0,0.0,84.253,17.324
1017.056,sglang:subprocess,0.0,0.0,84.254,17.324
1017.556,sglang:subprocess,0.0,0.0,84.255,17.324
1018.057,sglang:subprocess,0.0,0.0,84.256,17.324
1018.558,sglang:subprocess,0.0,0.0,84.256,17.324
1019.059,sglang:subprocess,0.0,0.0,84.256,17.324
1019.559,sglang:subprocess,0.0,0.0,84.255,17.324
1020.06,sglang:subprocess,0.0,0.0,84.255,17.324
1020.561,sglang:subprocess,0.0,0.0,84.256,17.324
1021.061,sglang:subprocess,0.0,0.0,84.256,17.324
1021.562,sglang:subprocess,0.0,0.0,84.256,17.324
1022.063,sglang:subprocess,0.0,0.0,84.256,17.324
1022.563,sglang:subprocess,0.0,0.0,84.257,17.324
1023.065,sglang:subprocess,0.0,0.0,84.258,17.324
1023.565,sglang:subprocess,0.0,0.0,84.258,17.324
1024.066,sglang:subprocess,0.0,0.0,84.258,17.324
1024.567,sglang:subprocess,0.0,0.0,84.253,17.324
1025.067,sglang:subprocess,0.0,0.0,84.253,17.324
1025.568,sglang:subprocess,0.0,0.0,84.252,17.324
1026.069,sglang:subprocess,0.0,0.0,84.252,17.324
1026.57,sglang:subprocess,0.0,0.0,84.252,17.324
1027.07,sglang:subprocess,0.0,0.0,84.252,17.324
1027.571,sglang:subprocess,0.0,0.0,84.256,17.324
1028.072,sglang:subprocess,0.0,0.0,84.256,17.324
1028.573,sglang:subprocess,0.0,0.0,84.255,17.324
1029.073,sglang:subprocess,0.0,0.0,84.256,17.324
1029.574,sglang:subprocess,0.0,0.0,84.253,17.324
1030.075,sglang:subprocess,0.0,0.0,84.254,17.324
1030.575,sglang:subprocess,0.0,0.0,84.256,17.324
1031.076,sglang:subprocess,0.0,0.0,84.255,17.324
1031.577,sglang:subprocess,0.0,0.0,84.255,17.324
1032.077,sglang:subprocess,0.0,0.0,84.255,17.324
1032.578,sglang:subprocess,0.0,0.0,84.255,17.324
1033.079,sglang:subprocess,0.0,0.0,84.255,17.324
1033.58,sglang:subprocess,0.0,0.0,84.256,17.324
1034.081,sglang:subprocess,0.0,0.0,84.253,17.324
1034.581,sglang:subprocess,0.0,0.0,84.255,17.324
1035.082,sglang:subprocess,0.0,0.0,84.255,17.324
1035.583,sglang:subprocess,0.0,0.0,84.254,17.324
1036.083,sglang:subprocess,0.0,0.0,84.254,17.324
1036.584,sglang:subprocess,0.0,0.0,84.254,17.324
1037.085,sglang:subprocess,0.0,0.0,84.255,17.324
1037.585,sglang:subprocess,0.0,0.0,84.258,17.324
1038.086,sglang:subprocess,0.0,0.0,84.259,17.324
1038.587,sglang:subprocess,0.0,0.0,84.257,17.324
1039.088,sglang:subprocess,0.0,0.0,84.257,17.324
1039.589,sglang:subprocess,0.0,0.0,84.256,17.324
1040.09,sglang:subprocess,0.0,0.0,84.256,17.324
1040.59,sglang:subprocess,0.0,0.0,84.257,17.324
1041.091,sglang:subprocess,0.0,0.0,84.257,17.324
1041.592,sglang:subprocess,0.0,0.0,84.257,17.324
1042.093,sglang:subprocess,0.0,0.0,84.257,17.324
1042.593,sglang:subprocess,0.0,0.0,84.258,17.324
1043.094,sglang:subprocess,0.0,0.0,84.259,17.324
1043.595,sglang:subprocess,0.0,0.0,84.257,17.324
1044.096,sglang:subprocess,0.0,0.0,84.254,17.324
1044.596,sglang:subprocess,0.0,0.0,84.253,17.324
1045.097,sglang:subprocess,0.0,0.0,84.253,17.324
1045.598,sglang:subprocess,0.0,0.0,84.255,17.324
1046.098,sglang:subprocess,0.0,0.0,84.255,17.324
1046.599,sglang:subprocess,0.0,0.0,84.254,17.324
1047.1,sglang:subprocess,0.0,0.0,84.253,17.324
1047.6,sglang:subprocess,0.0,0.0,84.252,17.324
1048.101,sglang:subprocess,0.0,0.0,84.253,17.324
1048.602,sglang:subprocess,0.0,0.0,84.255,17.324
1049.102,sglang:subprocess,0.0,0.0,84.255,17.324
1049.604,sglang:subprocess,0.0,0.0,84.254,17.324
1050.104,sglang:subprocess,0.0,0.0,84.254,17.324
1050.605,sglang:subprocess,0.0,0.0,84.254,17.324
1051.106,sglang:subprocess,0.0,0.0,84.255,17.324
1051.606,sglang:subprocess,0.0,0.0,84.254,17.324
1052.107,sglang:subprocess,0.0,0.0,84.284,17.324
1052.608,sglang:subprocess,0.0,0.0,84.285,17.324
1053.108,sglang:subprocess,0.0,0.0,84.286,17.324
1053.609,sglang:subprocess,0.0,0.0,84.286,17.324
1054.11,sglang:subprocess,0.0,0.0,84.286,17.324
1054.611,sglang:subprocess,0.0,0.0,84.287,17.324
1055.112,sglang:subprocess,0.0,0.0,84.287,17.324
1055.612,sglang:subprocess,0.0,0.0,84.284,17.324
1056.113,sglang:subprocess,0.0,0.0,84.241,17.324
1056.614,sglang:subprocess,0.0,0.0,84.241,17.324
1057.114,sglang:subprocess,0.0,0.0,84.24,17.324
1057.615,sglang:subprocess,0.0,0.0,84.243,17.324
1058.116,sglang:subprocess,0.0,0.0,84.242,17.324
1058.616,sglang:subprocess,0.0,0.0,84.242,17.324
1059.117,sglang:subprocess,0.0,0.0,84.242,17.324
1059.618,sglang:subprocess,0.0,0.0,84.242,17.324
1060.119,sglang:subprocess,0.0,0.0,84.243,17.324
1060.62,sglang:subprocess,0.0,0.0,84.244,17.324
1061.12,sglang:subprocess,0.0,0.0,84.241,17.324
1061.621,sglang:subprocess,0.0,0.0,84.242,17.324
1062.122,sglang:subprocess,0.0,0.0,84.243,17.324
1062.622,sglang:subprocess,0.0,0.0,84.243,17.324
1063.123,sglang:subprocess,0.0,0.0,84.237,17.324
1063.624,sglang:subprocess,0.0,0.0,84.237,17.324
1064.124,sglang:subprocess,0.0,0.0,84.235,17.324
1064.625,sglang:subprocess,0.0,0.0,84.234,17.324
1065.126,sglang:subprocess,0.0,0.0,84.232,17.324
1065.627,sglang:subprocess,0.0,0.0,84.233,17.324
1066.128,sglang:subprocess,0.0,0.0,84.233,17.324
1066.628,sglang:subprocess,0.0,0.0,84.233,17.324
1067.129,sglang:subprocess,0.0,0.0,84.234,17.324
1067.63,sglang:subprocess,0.0,0.0,84.224,17.324
1068.131,sglang:subprocess,0.0,0.0,84.224,17.324
1068.631,sglang:subprocess,0.0,0.0,84.227,17.324
1069.132,sglang:subprocess,0.0,0.0,84.23,17.324
1069.633,sglang:subprocess,0.0,0.0,84.231,17.324
1070.134,sglang:subprocess,0.0,0.0,84.231,17.324
1070.635,sglang:subprocess,0.0,0.0,84.232,17.324
1071.135,sglang:subprocess,0.0,0.0,84.235,17.324
1071.636,sglang:subprocess,0.0,0.0,84.233,17.324
1072.137,sglang:subprocess,0.0,0.0,84.233,17.324
1072.637,sglang:subprocess,0.0,0.0,84.233,17.324
1073.138,sglang:subprocess,0.0,0.0,84.234,17.324
1073.639,sglang:subprocess,0.0,0.0,84.229,17.324
1074.139,sglang:subprocess,0.0,0.0,84.23,17.324
1074.64,sglang:subprocess,0.0,0.0,84.231,17.324
1075.141,sglang:subprocess,0.0,0.0,84.231,17.324
1075.642,sglang:subprocess,0.0,0.0,84.232,17.324
1076.143,sglang:subprocess,0.0,0.0,84.232,17.324
1076.643,sglang:subprocess,0.0,0.0,84.232,17.324
1077.144,sglang:subprocess,0.0,0.0,84.233,17.324
1077.645,sglang:subprocess,0.0,0.0,84.237,17.324
1078.145,sglang:subprocess,0.0,0.0,84.237,17.324
1078.646,sglang:subprocess,0.0,0.0,84.239,17.324
1079.147,sglang:subprocess,0.0,0.0,84.241,17.324
1079.647,sglang:subprocess,0.0,0.0,84.242,17.324
1080.148,sglang:subprocess,0.0,0.0,84.243,17.324
1080.649,sglang:subprocess,0.0,0.0,84.244,17.324
1081.15,sglang:subprocess,0.0,0.0,84.245,17.324
1081.651,sglang:subprocess,0.0,0.0,84.245,17.324
1082.151,sglang:subprocess,0.0,0.0,84.245,17.324
1082.652,sglang:subprocess,0.0,0.0,84.246,17.324
1083.153,sglang:subprocess,0.0,0.0,84.246,17.324
1083.653,sglang:subprocess,0.0,0.0,84.248,17.324
1084.154,sglang:subprocess,0.0,0.0,84.248,17.324
1084.655,sglang:subprocess,0.0,0.0,84.241,17.324
1085.155,sglang:subprocess,0.0,0.0,84.241,17.324
1085.656,sglang:subprocess,0.0,0.0,84.239,17.324
1086.157,sglang:subprocess,0.0,0.0,84.241,17.324
1086.658,sglang:subprocess,0.0,0.0,84.243,17.324
1087.159,sglang:subprocess,0.0,0.0,84.243,17.324
1087.659,sglang:subprocess,0.0,0.0,84.246,17.324
1088.16,sglang:subprocess,0.0,0.0,84.246,17.324
1088.661,sglang:subprocess,0.0,0.0,84.247,17.324
1089.162,sglang:subprocess,0.0,0.0,84.247,17.324
1089.662,sglang:subprocess,0.0,0.0,84.245,17.324
1090.163,sglang:subprocess,0.0,0.0,84.246,17.324
1090.664,sglang:subprocess,0.0,0.0,84.246,17.324
1091.164,sglang:subprocess,0.0,0.0,84.246,17.324
1091.666,sglang:subprocess,0.0,0.0,84.246,17.324
1092.166,sglang:subprocess,0.0,0.0,84.244,17.324
1092.667,sglang:subprocess,0.0,0.0,84.245,17.324
1093.168,sglang:subprocess,0.0,0.0,84.245,17.324
1093.668,sglang:subprocess,0.0,0.0,84.244,17.324
1094.169,sglang:subprocess,0.0,0.0,84.244,17.324
1094.67,sglang:subprocess,0.0,0.0,84.244,17.324
1095.17,sglang:subprocess,0.0,0.0,84.245,17.324
1095.671,sglang:subprocess,0.0,0.0,84.245,17.324
1096.172,sglang:subprocess,0.0,0.0,84.246,17.324
1096.673,sglang:subprocess,0.0,0.0,84.245,17.324
1097.174,sglang:subprocess,0.0,0.0,84.246,17.324
1097.674,sglang:subprocess,0.0,0.0,84.244,17.324
1098.175,sglang:subprocess,0.0,0.0,84.243,17.324
1098.676,sglang:subprocess,0.0,0.0,84.242,17.324
1099.176,sglang:subprocess,0.0,0.0,84.243,17.324
1099.677,sglang:subprocess,0.0,0.0,84.235,17.324
1100.178,sglang:subprocess,0.0,0.0,84.237,17.324
1100.678,sglang:subprocess,0.0,0.0,84.241,17.324
1101.179,sglang:subprocess,0.0,0.0,84.241,17.324
1101.68,sglang:subprocess,0.0,0.0,84.242,17.324
1102.181,sglang:subprocess,0.0,0.0,84.241,17.324
1102.681,sglang:subprocess,0.0,0.0,84.242,17.324
1103.182,sglang:subprocess,0.0,0.0,84.242,17.324
1103.683,sglang:subprocess,0.0,0.0,84.24,17.324
1104.184,sglang:subprocess,0.0,0.0,84.24,17.324
1104.684,sglang:subprocess,0.0,0.0,84.239,17.324
1105.185,sglang:subprocess,0.0,0.0,84.24,17.324
1105.686,sglang:subprocess,0.0,0.0,84.239,17.324
1106.186,sglang:subprocess,0.0,0.0,84.241,17.324
1106.687,sglang:subprocess,0.0,0.0,84.241,17.324
1107.188,sglang:subprocess,0.0,0.0,84.241,17.324
1107.689,sglang:subprocess,0.0,0.0,84.243,17.324
1108.19,sglang:subprocess,0.0,0.0,84.244,17.324
1108.69,sglang:subprocess,0.0,0.0,84.244,17.324
1109.191,sglang:subprocess,0.0,0.0,84.244,17.324
1109.691,sglang:subprocess,0.0,0.0,84.245,17.324
1110.192,sglang:subprocess,0.0,0.0,84.245,17.324
1110.693,sglang:subprocess,0.0,0.0,84.246,17.324
1111.193,sglang:subprocess,0.0,0.0,84.246,17.324
1111.694,sglang:subprocess,0.0,0.0,84.247,17.324
1112.195,sglang:subprocess,0.0,0.0,84.247,17.324
1112.696,sglang:subprocess,0.0,0.0,84.247,17.324
1113.197,sglang:subprocess,0.0,0.0,84.248,17.324
1113.697,sglang:subprocess,0.0,0.0,84.245,17.324
1114.198,sglang:subprocess,0.0,0.0,84.242,17.324
1114.699,sglang:subprocess,0.0,0.0,84.241,17.324
1115.2,sglang:subprocess,0.0,0.0,84.242,17.324
1115.7,sglang:subprocess,0.0,0.0,84.242,17.324
1116.201,sglang:subprocess,0.0,0.0,84.243,17.324
1116.702,sglang:subprocess,0.0,0.0,84.243,17.324
1117.202,sglang:subprocess,0.0,0.0,84.243,17.324
1117.703,sglang:subprocess,0.0,0.0,84.244,17.324
1118.204,sglang:subprocess,0.0,0.0,84.245,17.324
1118.705,sglang:subprocess,0.0,0.0,84.244,17.324
1119.205,sglang:subprocess,0.0,0.0,84.243,17.324
1119.706,sglang:subprocess,0.0,0.0,84.242,17.324
1120.207,sglang:subprocess,0.0,0.0,84.246,17.324
1120.707,sglang:subprocess,0.0,0.0,84.246,17.324
1121.208,sglang:subprocess,0.0,0.0,84.245,17.324
1121.709,sglang:subprocess,0.0,0.0,84.244,17.324
1122.209,sglang:subprocess,0.0,0.0,84.246,17.324
1122.71,sglang:subprocess,0.0,0.0,84.246,17.324
1123.211,sglang:subprocess,0.0,0.0,84.246,17.324
1123.712,sglang:subprocess,0.0,0.0,84.245,17.324
1124.213,sglang:subprocess,0.0,0.0,84.243,17.324
1124.713,sglang:subprocess,0.0,0.0,84.243,17.324
1125.214,sglang:subprocess,0.0,0.0,84.242,17.324
1125.715,sglang:subprocess,0.0,0.0,84.243,17.324
1126.215,sglang:subprocess,0.0,0.0,84.243,17.324
1126.716,sglang:subprocess,0.0,0.0,84.243,17.324
1127.217,sglang:subprocess,0.0,0.0,84.243,17.324
1127.717,sglang:subprocess,0.0,0.0,84.244,17.324
1128.219,sglang:subprocess,0.0,0.0,84.248,17.324
1128.719,sglang:subprocess,0.0,0.0,84.249,17.324
1129.22,sglang:subprocess,0.0,0.0,84.249,17.324
1129.721,sglang:subprocess,0.0,0.0,84.25,17.324
1130.221,sglang:subprocess,0.0,0.0,84.248,17.324
1130.722,sglang:subprocess,0.0,0.0,84.249,17.324
1131.223,sglang:subprocess,0.0,0.0,84.249,17.324
1131.723,sglang:subprocess,0.0,0.0,84.249,17.324
1132.224,sglang:subprocess,0.0,0.0,84.25,17.324
1132.725,sglang:subprocess,0.0,0.0,84.25,17.324
1133.225,sglang:subprocess,0.0,0.0,84.25,17.324
1133.727,sglang:subprocess,0.0,0.0,84.25,17.324
1134.227,sglang:subprocess,0.0,0.0,84.246,17.324
1134.728,sglang:subprocess,0.0,0.0,84.245,17.324
1135.229,sglang:subprocess,0.0,0.0,84.245,17.324
1135.729,sglang:subprocess,0.0,0.0,84.244,17.324
1136.23,sglang:subprocess,0.0,0.0,84.244,17.324
1136.731,sglang:subprocess,0.0,0.0,84.245,17.324
1137.231,sglang:subprocess,0.0,0.0,84.245,17.324
1137.732,sglang:subprocess,0.0,0.0,84.246,17.324
1138.233,sglang:subprocess,0.0,0.0,84.249,17.324
1138.734,sglang:subprocess,0.0,0.0,84.249,17.324
1139.234,sglang:subprocess,0.0,0.0,84.25,17.324
1139.735,sglang:subprocess,0.0,0.0,84.25,17.324
1140.236,sglang:subprocess,0.0,0.0,84.249,17.324
1140.737,sglang:subprocess,0.0,0.0,84.249,17.324
1141.237,sglang:subprocess,0.0,0.0,84.249,17.324
1141.738,sglang:subprocess,0.0,0.0,84.247,17.324
1142.239,sglang:subprocess,0.0,0.0,84.248,17.324
1142.739,sglang:subprocess,0.0,0.0,84.248,17.324
1143.24,sglang:subprocess,0.0,0.0,84.249,17.324
1143.741,sglang:subprocess,0.0,0.0,84.248,17.324
1144.242,sglang:subprocess,0.0,0.0,84.246,17.324
1144.742,sglang:subprocess,0.0,0.0,84.247,17.324
1145.243,sglang:subprocess,0.0,0.0,84.247,17.324
1145.744,sglang:subprocess,0.0,0.0,84.246,17.324
1146.244,sglang:subprocess,0.0,0.0,84.246,17.324
1146.745,sglang:subprocess,0.0,0.0,84.246,17.324
1147.246,sglang:subprocess,0.0,0.0,84.247,17.324
1147.746,sglang:subprocess,0.0,0.0,84.249,17.324
1148.247,sglang:subprocess,0.0,0.0,84.248,17.324
1148.748,sglang:subprocess,0.0,0.0,84.248,17.324
1149.249,sglang:subprocess,0.0,0.0,84.249,17.324
1149.75,sglang:subprocess,0.0,0.0,84.248,17.324
1150.25,sglang:subprocess,0.0,0.0,84.248,17.324
1150.751,sglang:subprocess,0.0,0.0,84.25,17.324
1151.252,sglang:subprocess,0.0,0.0,84.25,17.324
1151.752,sglang:subprocess,0.0,0.0,84.25,17.324
1152.253,sglang:subprocess,0.0,0.0,84.25,17.324
1152.754,sglang:subprocess,0.0,0.0,84.251,17.324
1153.254,sglang:subprocess,0.0,0.0,84.251,17.324
1153.755,sglang:subprocess,0.0,0.0,84.25,17.324
1154.256,sglang:subprocess,0.0,0.0,84.247,17.324
1154.757,sglang:subprocess,0.0,0.0,84.248,17.324
1155.257,sglang:subprocess,0.0,0.0,84.249,17.324
1155.758,sglang:subprocess,0.0,0.0,84.249,17.324
1156.259,sglang:subprocess,0.0,0.0,84.248,17.324
1156.76,sglang:subprocess,0.0,0.0,84.249,17.324
1157.26,sglang:subprocess,0.0,0.0,84.249,17.324
1157.761,sglang:subprocess,0.0,0.0,84.25,17.324
1158.262,sglang:subprocess,0.0,0.0,84.25,17.324
1158.762,sglang:subprocess,0.0,0.0,84.247,17.324
1159.263,sglang:subprocess,0.0,0.0,84.248,17.324
1159.764,sglang:subprocess,0.0,0.0,84.245,17.324
1160.265,sglang:subprocess,0.0,0.0,84.246,17.324
1160.765,sglang:subprocess,0.0,0.0,84.248,17.324
1161.266,sglang:subprocess,0.0,0.0,84.248,17.324
1161.767,sglang:subprocess,0.0,0.0,84.248,17.324
1162.268,sglang:subprocess,0.0,0.0,84.249,17.324
1162.768,sglang:subprocess,0.0,0.0,84.249,17.324
1163.269,sglang:subprocess,0.0,0.0,84.248,17.324
1163.77,sglang:subprocess,0.0,0.0,84.248,17.324
1164.27,sglang:subprocess,0.0,0.0,84.246,17.324
1164.771,sglang:subprocess,0.0,0.0,84.247,17.324
1165.272,sglang:subprocess,0.0,0.0,84.247,17.324
1165.773,sglang:subprocess,0.0,0.0,84.244,17.324
1166.273,sglang:subprocess,0.0,0.0,84.245,17.324
1166.774,sglang:subprocess,0.0,0.0,84.244,17.324
1167.275,sglang:subprocess,0.0,0.0,84.244,17.324
1167.776,sglang:subprocess,0.0,0.0,84.249,17.324
1168.276,sglang:subprocess,0.0,0.0,84.25,17.324
1168.777,sglang:subprocess,0.0,0.0,84.251,17.324
1169.278,sglang:subprocess,0.0,0.0,84.252,17.324
1169.778,sglang:subprocess,0.0,0.0,84.252,17.324
1170.279,sglang:subprocess,0.0,0.0,84.253,17.324
1170.78,sglang:subprocess,0.0,0.0,84.253,17.324
1171.281,sglang:subprocess,0.0,0.0,84.252,17.324
1171.781,sglang:subprocess,0.0,0.0,84.253,17.324
1172.282,sglang:subprocess,0.0,0.0,84.254,17.324
1172.783,sglang:subprocess,0.0,0.0,84.253,17.324
1173.283,sglang:subprocess,0.0,0.0,84.252,17.324
1173.784,sglang:subprocess,0.0,0.0,84.252,17.324
1174.285,sglang:subprocess,0.0,0.0,84.247,17.324
1174.785,sglang:subprocess,0.0,0.0,84.247,17.324
1175.286,sglang:subprocess,0.0,0.0,84.251,17.324
1175.787,sglang:subprocess,0.0,0.0,84.25,17.324
1176.288,sglang:subprocess,0.0,0.0,84.249,17.324
1176.789,sglang:subprocess,0.0,0.0,84.249,17.324
1177.289,sglang:subprocess,0.0,0.0,84.248,17.324
1177.79,sglang:subprocess,0.0,0.0,84.252,17.324
1178.291,sglang:subprocess,0.0,0.0,84.253,17.324
1178.792,sglang:subprocess,0.0,0.0,84.255,17.324
1179.292,sglang:subprocess,0.0,0.0,84.257,17.324
1179.793,sglang:subprocess,0.0,0.0,84.255,17.324
1180.294,sglang:subprocess,0.0,0.0,84.255,17.324
1180.795,sglang:subprocess,0.0,0.0,84.255,17.324
1181.296,sglang:subprocess,0.0,0.0,84.254,17.324
1181.796,sglang:subprocess,0.0,0.0,84.253,17.324
1182.297,sglang:subprocess,0.0,0.0,84.254,17.324
1182.798,sglang:subprocess,0.0,0.0,84.255,17.324
1183.298,sglang:subprocess,0.0,0.0,84.255,17.324
1183.799,sglang:subprocess,0.0,0.0,84.259,17.324
1184.3,sglang:subprocess,0.0,0.0,84.257,17.324
1184.801,sglang:subprocess,0.0,0.0,84.256,17.324
1185.301,sglang:subprocess,0.0,0.0,84.256,17.324
1185.802,sglang:subprocess,0.0,0.0,84.255,17.324
1186.303,sglang:subprocess,0.0,0.0,84.255,17.324
1186.804,sglang:subprocess,0.0,0.0,84.255,17.324
1187.304,sglang:subprocess,0.0,0.0,84.256,17.324
1187.805,sglang:subprocess,0.0,0.0,84.261,17.324
1188.306,sglang:subprocess,0.0,0.0,84.262,17.324
1188.807,sglang:subprocess,0.0,0.0,84.262,17.324
1189.307,sglang:subprocess,0.0,0.0,84.262,17.324
1189.808,sglang:subprocess,0.0,0.0,84.264,17.324
1190.309,sglang:subprocess,0.0,0.0,84.263,17.324
1190.809,sglang:subprocess,0.0,0.0,84.263,17.324
1191.31,sglang:subprocess,0.0,0.0,84.261,17.324
1191.811,sglang:subprocess,0.0,0.0,84.259,17.324
1192.312,sglang:subprocess,0.0,0.0,84.409,17.324
1192.812,sglang:subprocess,0.0,0.0,84.47,17.324
1193.313,sglang:subprocess,0.0,0.0,84.512,17.324
1193.814,sglang:subprocess,0.0,0.0,84.53,17.324
1194.314,sglang:subprocess,0.0,0.0,84.527,17.324
1194.815,sglang:subprocess,0.0,0.0,84.251,17.324
1195.316,sglang:subprocess,0.0,0.0,84.251,17.324
1195.816,sglang:subprocess,0.0,0.0,84.252,17.324
1196.317,sglang:subprocess,0.0,0.0,84.253,17.324
1196.818,sglang:subprocess,0.0,0.0,84.254,17.324
1197.319,sglang:subprocess,0.0,0.0,84.25,17.324
1197.82,sglang:subprocess,0.0,0.0,84.253,17.324
1198.321,sglang:subprocess,0.0,0.0,84.254,17.324
1198.821,sglang:subprocess,0.0,0.0,84.251,17.324
1199.322,sglang:subprocess,0.0,0.0,84.253,17.324
1199.823,sglang:subprocess,0.0,0.0,84.253,17.324
1200.323,sglang:subprocess,0.0,0.0,84.254,17.324
1200.824,sglang:subprocess,0.0,0.0,84.255,17.324
1201.325,sglang:subprocess,0.0,0.0,84.255,17.324
1201.826,sglang:subprocess,0.0,0.0,84.275,17.324
1202.327,sglang:subprocess,0.0,0.0,84.444,17.324
1202.827,sglang:subprocess,0.0,0.0,84.499,17.324
1203.328,sglang:subprocess,0.0,0.0,84.527,17.324
1203.829,sglang:subprocess,0.0,0.0,84.255,17.324
1204.329,sglang:subprocess,0.0,0.0,84.252,17.324
1204.83,sglang:subprocess,0.0,0.0,84.251,17.324
1205.331,sglang:subprocess,0.0,0.0,84.25,17.324
1205.831,sglang:subprocess,0.0,0.0,84.251,17.324
1206.332,sglang:subprocess,0.0,0.0,84.25,17.324
1206.833,sglang:subprocess,0.0,0.0,84.25,17.324
1207.334,sglang:subprocess,0.0,0.0,84.252,17.324
1207.834,sglang:subprocess,0.0,0.0,84.256,17.324
1208.335,sglang:subprocess,0.0,0.0,84.256,17.324
1208.836,sglang:subprocess,0.0,0.0,84.256,17.324
1209.336,sglang:subprocess,0.0,0.0,84.258,17.324
1209.837,sglang:subprocess,0.0,0.0,84.257,17.324
1210.338,sglang:subprocess,0.0,0.0,84.257,17.324
1210.839,sglang:subprocess,0.0,0.0,84.256,17.324
1211.339,sglang:subprocess,0.0,0.0,84.288,17.324
1211.84,sglang:subprocess,0.0,0.0,84.255,17.324
1212.341,sglang:subprocess,0.0,0.0,84.255,17.324
1212.842,sglang:subprocess,0.0,0.0,84.25,17.324
1213.342,sglang:subprocess,0.0,0.0,84.251,17.324
1213.843,sglang:subprocess,0.0,0.0,84.249,17.324
1214.344,sglang:subprocess,0.0,0.0,84.249,17.324
1214.844,sglang:subprocess,0.0,0.0,84.25,17.324
1215.345,sglang:subprocess,0.0,0.0,84.25,17.324
1215.846,sglang:subprocess,0.0,0.0,84.251,17.324
1216.346,sglang:subprocess,0.0,0.0,84.251,17.324
1216.847,sglang:subprocess,0.0,0.0,84.251,17.324
1217.348,sglang:subprocess,0.0,0.0,84.251,17.324
1217.849,sglang:subprocess,0.0,0.0,84.254,17.324
1218.35,sglang:subprocess,0.0,0.0,84.254,17.324
1218.85,sglang:subprocess,0.0,0.0,84.255,17.324
1219.351,sglang:subprocess,0.0,0.0,84.255,17.324
1219.852,sglang:subprocess,0.0,0.0,84.247,17.324
1220.353,sglang:subprocess,0.0,0.0,84.247,17.324
1220.853,sglang:subprocess,0.0,0.0,84.25,17.324
1221.354,sglang:subprocess,0.0,0.0,84.25,17.324
1221.855,sglang:subprocess,0.0,0.0,84.251,17.324
1222.355,sglang:subprocess,0.0,0.0,84.252,17.324
1222.857,sglang:subprocess,0.0,0.0,84.253,17.324
1223.357,sglang:subprocess,0.0,0.0,84.254,17.324
1223.858,sglang:subprocess,0.0,0.0,84.255,17.324
1224.359,sglang:subprocess,0.0,0.0,84.248,17.324
1224.859,sglang:subprocess,0.0,0.0,84.248,17.324
1225.36,sglang:subprocess,0.0,0.0,84.249,17.324
1225.861,sglang:subprocess,0.0,0.0,84.248,17.324
1226.361,sglang:subprocess,0.0,0.0,84.248,17.324
1226.862,sglang:subprocess,0.0,0.0,84.248,17.324
1227.363,sglang:subprocess,0.0,0.0,84.249,17.324
1227.864,sglang:subprocess,0.0,0.0,84.255,17.324
1228.364,sglang:subprocess,0.0,0.0,84.254,17.324
1228.865,sglang:subprocess,0.0,0.0,84.255,17.324
1229.366,sglang:subprocess,0.0,0.0,84.255,17.324
1229.866,sglang:subprocess,0.0,0.0,84.257,17.324
1230.367,sglang:subprocess,0.0,0.0,84.256,17.324
1230.868,sglang:subprocess,0.0,0.0,84.257,17.324
1231.368,sglang:subprocess,0.0,0.0,84.256,17.324
1231.869,sglang:subprocess,0.0,0.0,84.249,17.324
1232.37,sglang:subprocess,0.0,0.0,84.25,17.324
1232.87,sglang:subprocess,0.0,0.0,84.25,17.324
1233.372,sglang:subprocess,0.0,0.0,84.253,17.324
1233.872,sglang:subprocess,0.0,0.0,84.253,17.324
1234.373,sglang:subprocess,0.0,0.0,84.247,17.324
1234.874,sglang:subprocess,0.0,0.0,84.248,17.324
1235.374,sglang:subprocess,0.0,0.0,84.249,17.324
1235.875,sglang:subprocess,0.0,0.0,84.249,17.324
1236.376,sglang:subprocess,0.0,0.0,84.248,17.324
1236.876,sglang:subprocess,0.0,0.0,84.252,17.324
1237.377,sglang:subprocess,0.0,0.0,84.252,17.324
1237.878,sglang:subprocess,0.0,0.0,84.255,17.324
1238.379,sglang:subprocess,0.0,0.0,84.256,17.324
1238.88,sglang:subprocess,0.0,0.0,84.256,17.324
1239.381,sglang:subprocess,0.0,0.0,84.262,17.324
1239.881,sglang:subprocess,0.0,0.0,84.255,17.324
1240.382,sglang:subprocess,0.0,0.0,84.256,17.324
1240.883,sglang:subprocess,0.0,0.0,84.254,17.324
1241.383,sglang:subprocess,0.0,0.0,84.26,17.324
1241.884,sglang:subprocess,0.0,0.0,84.255,17.324
1242.384,sglang:subprocess,0.0,0.0,84.255,17.324
1242.885,sglang:subprocess,0.0,0.0,84.256,17.324
1243.386,sglang:subprocess,0.0,0.0,84.259,17.324
1243.887,sglang:subprocess,0.0,0.0,84.255,17.324
1244.388,sglang:subprocess,0.0,0.0,84.255,17.324
1244.888,sglang:subprocess,0.0,0.0,84.255,17.324
1245.389,sglang:subprocess,0.0,0.0,84.253,17.324
1245.89,sglang:subprocess,0.0,0.0,84.255,17.324
1246.39,sglang:subprocess,0.0,0.0,84.256,17.324
1246.891,sglang:subprocess,0.0,0.0,84.255,17.324
1247.392,sglang:subprocess,0.0,0.0,84.259,17.324
1247.892,sglang:subprocess,0.0,0.0,84.257,17.324
1248.393,sglang:subprocess,0.0,0.0,84.256,17.324
1248.894,sglang:subprocess,0.0,0.0,84.256,17.324
1249.395,sglang:subprocess,0.0,0.0,84.258,17.324
1249.896,sglang:subprocess,0.0,0.0,84.259,17.324
1250.396,sglang:subprocess,0.0,0.0,84.259,17.324
1250.897,sglang:subprocess,0.0,0.0,84.259,17.324
1251.398,sglang:subprocess,0.0,0.0,84.259,17.324
1251.898,sglang:subprocess,0.0,0.0,84.259,17.324
1252.399,sglang:subprocess,0.0,0.0,84.259,17.324
1252.9,sglang:subprocess,0.0,0.0,84.26,17.324
1253.4,sglang:subprocess,0.0,0.0,84.254,17.324
1253.901,sglang:subprocess,0.0,0.0,84.255,17.324
1254.402,sglang:subprocess,0.0,0.0,84.254,17.324
1254.903,sglang:subprocess,0.0,0.0,84.254,17.324
1255.404,sglang:subprocess,0.0,0.0,84.253,17.324
1255.904,sglang:subprocess,0.0,0.0,84.252,17.324
1256.405,sglang:subprocess,0.0,0.0,84.253,17.324
1256.906,sglang:subprocess,0.0,0.0,84.253,17.324
1257.406,sglang:subprocess,0.0,0.0,84.253,17.324
1257.907,sglang:subprocess,0.0,0.0,84.258,17.324
1258.408,sglang:subprocess,0.0,0.0,84.261,17.324
1258.908,sglang:subprocess,0.0,0.0,84.26,17.324
1259.41,sglang:subprocess,0.0,0.0,84.259,17.324
1259.91,sglang:subprocess,0.0,0.0,84.259,17.324
1260.411,sglang:subprocess,0.0,0.0,84.26,17.324
1260.912,sglang:subprocess,0.0,0.0,84.261,17.324
1261.412,sglang:subprocess,0.0,0.0,84.259,17.324
1261.913,sglang:subprocess,0.0,0.0,84.26,17.324
1262.414,sglang:subprocess,0.0,0.0,84.26,17.324
1262.914,sglang:subprocess,0.0,0.0,84.259,17.324
1263.415,sglang:subprocess,0.0,0.0,84.251,17.324
1263.916,sglang:subprocess,0.0,0.0,84.251,17.324
1264.416,sglang:subprocess,0.0,0.0,84.251,17.324
1264.917,sglang:subprocess,0.0,0.0,84.251,17.324
1265.418,sglang:subprocess,0.0,0.0,84.251,17.324
1265.919,sglang:subprocess,0.0,0.0,84.251,17.324
1266.419,sglang:subprocess,0.0,0.0,84.253,17.324
1266.92,sglang:subprocess,0.0,0.0,84.254,17.324
1267.421,sglang:subprocess,0.0,0.0,84.254,17.324
1267.921,sglang:subprocess,0.0,0.0,84.256,17.324
1268.422,sglang:subprocess,0.0,0.0,84.26,17.324
1268.923,sglang:subprocess,0.0,0.0,84.26,17.324
1269.423,sglang:subprocess,0.0,0.0,84.26,17.324
1269.925,sglang:subprocess,0.0,0.0,84.26,17.324
1270.425,sglang:subprocess,0.0,0.0,84.259,17.324
1270.926,sglang:subprocess,0.0,0.0,84.259,17.324
1271.427,sglang:subprocess,0.0,0.0,84.258,17.324
1271.927,sglang:subprocess,0.0,0.0,84.258,17.324
1272.428,sglang:subprocess,0.0,0.0,84.26,17.324
1272.929,sglang:subprocess,0.0,0.0,84.26,17.324
1273.429,sglang:subprocess,0.0,0.0,84.253,17.324
1273.93,sglang:subprocess,0.0,0.0,84.253,17.324
1274.431,sglang:subprocess,0.0,0.0,84.254,17.324
1274.931,sglang:subprocess,0.0,0.0,84.254,17.324
1275.432,sglang:subprocess,0.0,0.0,84.253,17.324
1275.933,sglang:subprocess,0.0,0.0,84.252,17.324
1276.434,sglang:subprocess,0.0,0.0,84.255,17.324
1276.934,sglang:subprocess,0.0,0.0,84.255,17.324
1277.435,sglang:subprocess,0.0,0.0,84.254,17.324
1277.936,sglang:subprocess,0.0,0.0,84.262,17.324
1278.436,sglang:subprocess,0.0,0.0,84.263,17.324
1278.937,sglang:subprocess,0.0,0.0,84.263,17.324
1279.438,sglang:subprocess,0.0,0.0,84.262,17.324
1279.939,sglang:subprocess,0.0,0.0,84.262,17.324
1280.44,sglang:subprocess,0.0,0.0,84.263,17.324
1280.94,sglang:subprocess,0.0,0.0,84.263,17.324
1281.441,sglang:subprocess,0.0,0.0,84.262,17.324
1281.942,sglang:subprocess,0.0,0.0,84.262,17.324
1282.443,sglang:subprocess,0.0,0.0,84.263,17.324
1282.944,sglang:subprocess,0.0,0.0,84.264,17.324
1283.444,sglang:subprocess,0.0,0.0,84.263,17.324
1283.945,sglang:subprocess,0.0,0.0,84.263,17.324
1284.446,sglang:subprocess,0.0,0.0,84.258,17.324
1284.946,sglang:subprocess,0.0,0.0,84.257,17.324
1285.447,sglang:subprocess,0.0,0.0,84.256,17.324
1285.948,sglang:subprocess,0.0,0.0,84.256,17.324
1286.449,sglang:subprocess,0.0,0.0,84.256,17.324
1286.95,sglang:subprocess,0.0,0.0,84.256,17.324
1287.45,sglang:subprocess,0.0,0.0,84.256,17.324
1287.951,sglang:subprocess,0.0,0.0,84.258,17.324
1288.451,sglang:subprocess,0.0,0.0,84.259,17.324
1288.952,sglang:subprocess,0.0,0.0,84.26,17.324
1289.453,sglang:subprocess,0.0,0.0,84.26,17.324
1289.953,sglang:subprocess,0.0,0.0,84.26,17.324
1290.454,sglang:subprocess,0.0,0.0,84.259,17.324
1290.955,sglang:subprocess,0.0,0.0,84.258,17.324
1291.456,sglang:subprocess,0.0,0.0,84.258,17.324
1291.957,sglang:subprocess,0.0,0.0,84.257,17.324
1292.458,sglang:subprocess,0.0,0.0,84.258,17.324
1292.958,sglang:subprocess,0.0,0.0,84.258,17.324
1293.459,sglang:subprocess,0.0,0.0,84.258,17.324
1293.96,sglang:subprocess,0.0,0.0,84.258,17.324
1294.46,sglang:subprocess,0.0,0.0,84.256,17.324
1294.961,sglang:subprocess,0.0,0.0,84.256,17.324
1295.462,sglang:subprocess,0.0,0.0,84.257,17.324
1295.962,sglang:subprocess,0.0,0.0,84.256,17.324
1296.463,sglang:subprocess,0.0,0.0,84.257,17.324
1296.964,sglang:subprocess,0.0,0.0,84.256,17.324
1297.465,sglang:subprocess,0.0,0.0,84.255,17.324
1297.965,sglang:subprocess,0.0,0.0,84.257,17.324
1298.466,sglang:subprocess,0.0,0.0,84.257,17.324
1298.967,sglang:subprocess,0.0,0.0,84.258,17.324
1299.467,sglang:subprocess,0.0,0.0,84.259,17.324
1299.971,sglang:subprocess,0.0,0.0,84.259,17.324
1300.472,sglang:subprocess,0.0,0.0,84.259,17.324
1300.972,sglang:subprocess,0.0,0.0,84.26,17.324
1301.473,sglang:subprocess,0.0,0.0,84.26,17.324
1301.974,sglang:subprocess,0.0,0.0,84.26,17.324
1302.475,sglang:subprocess,0.0,0.0,84.26,17.324
1302.975,sglang:subprocess,0.0,0.0,84.259,17.324
1303.476,sglang:subprocess,0.0,0.0,84.26,17.324
1303.977,sglang:subprocess,0.0,0.0,84.26,17.324
1304.477,sglang:subprocess,0.0,0.0,84.257,17.324
1304.978,sglang:subprocess,0.0,0.0,84.258,17.324
1305.479,sglang:subprocess,0.0,0.0,84.257,17.324
1305.979,sglang:subprocess,0.0,0.0,84.256,17.324
1306.48,sglang:subprocess,0.0,0.0,84.257,17.324
1306.983,sglang:subprocess,0.0,0.0,84.257,17.324
1307.483,sglang:subprocess,0.0,0.0,84.257,17.324
1307.984,sglang:subprocess,0.0,0.0,84.259,17.324
1308.485,sglang:subprocess,0.0,0.0,84.259,17.324
1308.985,sglang:subprocess,0.0,0.0,84.259,17.324
1309.486,sglang:subprocess,0.0,0.0,84.256,17.324
1309.987,sglang:subprocess,0.0,0.0,84.256,17.324
1310.487,sglang:subprocess,0.0,0.0,84.256,17.324
1310.988,sglang:subprocess,0.0,0.0,84.258,17.324
1311.489,sglang:subprocess,0.0,0.0,84.257,17.324
1311.99,sglang:subprocess,0.0,0.0,84.257,17.324
1312.49,sglang:subprocess,0.0,0.0,84.257,17.324
1312.991,sglang:subprocess,0.0,0.0,84.257,17.324
1313.492,sglang:subprocess,0.0,0.0,84.255,17.324
1313.992,sglang:subprocess,0.0,0.0,84.255,17.324
1314.493,sglang:subprocess,0.0,0.0,84.254,17.324
1314.994,sglang:subprocess,0.0,0.0,84.254,17.324
1315.494,sglang:subprocess,0.0,0.0,84.253,17.324
1315.995,sglang:subprocess,0.0,0.0,84.254,17.324
1316.496,sglang:subprocess,0.0,0.0,84.254,17.324
1316.997,sglang:subprocess,0.0,0.0,84.255,17.324
1317.498,sglang:subprocess,0.0,0.0,84.256,17.324
1317.999,sglang:subprocess,0.0,0.0,84.256,17.324
1318.5,sglang:subprocess,0.0,0.0,84.256,17.324
1319.0,sglang:subprocess,0.0,0.0,84.256,17.324
1319.501,sglang:subprocess,0.0,0.0,84.255,17.324
1320.002,sglang:subprocess,0.0,0.0,84.255,17.324
1320.502,sglang:subprocess,0.0,0.0,84.256,17.324
1321.003,sglang:subprocess,0.0,0.0,84.256,17.324
1321.504,sglang:subprocess,0.0,0.0,84.257,17.324
1322.004,sglang:subprocess,0.0,0.0,84.257,17.324
1322.506,sglang:subprocess,0.0,0.0,84.257,17.324
1323.006,sglang:subprocess,0.0,0.0,84.257,17.324
1323.507,sglang:subprocess,0.0,0.0,84.253,17.324
1324.008,sglang:subprocess,0.0,0.0,84.253,17.324
1324.508,sglang:subprocess,0.0,0.0,84.254,17.324
1325.009,sglang:subprocess,0.0,0.0,84.254,17.324
1325.51,sglang:subprocess,0.0,0.0,84.252,17.324
1326.01,sglang:subprocess,0.0,0.0,84.252,17.324
1326.511,sglang:subprocess,0.0,0.0,84.252,17.324
1327.012,sglang:subprocess,0.0,0.0,84.252,17.324
1327.512,sglang:subprocess,0.0,0.0,84.256,17.324
1328.014,sglang:subprocess,0.0,0.0,84.256,17.324
1328.514,sglang:subprocess,0.0,0.0,84.257,17.324
1329.015,sglang:subprocess,0.0,0.0,84.257,17.324
1329.516,sglang:subprocess,0.0,0.0,84.259,17.324
1330.016,sglang:subprocess,0.0,0.0,84.258,17.324
1330.517,sglang:subprocess,0.0,0.0,84.258,17.324
1331.018,sglang:subprocess,0.0,0.0,84.258,17.324
1331.518,sglang:subprocess,0.0,0.0,84.258,17.324
1332.019,sglang:subprocess,0.0,0.0,84.259,17.324
1332.52,sglang:subprocess,0.0,0.0,84.259,17.324
1333.021,sglang:subprocess,0.0,0.0,84.259,17.324
1333.521,sglang:subprocess,0.0,0.0,84.259,17.324
1334.022,sglang:subprocess,0.0,0.0,84.259,17.324
1334.523,sglang:subprocess,0.0,0.0,84.253,17.324
1335.023,sglang:subprocess,0.0,0.0,84.253,17.324
1335.524,sglang:subprocess,0.0,0.0,84.254,17.324
1336.025,sglang:subprocess,0.0,0.0,84.252,17.324
1336.525,sglang:subprocess,0.0,0.0,84.252,17.324
1337.026,sglang:subprocess,0.0,0.0,84.252,17.324
1337.527,sglang:subprocess,0.0,0.0,84.253,17.324
1338.027,sglang:subprocess,0.0,0.0,84.254,17.324
1338.528,sglang:subprocess,0.0,0.0,84.254,17.324
1339.029,sglang:subprocess,0.0,0.0,84.254,17.324
1339.53,sglang:subprocess,0.0,0.0,84.258,17.324
1340.03,sglang:subprocess,0.0,0.0,84.258,17.324
1340.531,sglang:subprocess,0.0,0.0,84.259,17.324
1341.032,sglang:subprocess,0.0,0.0,84.26,17.324
1341.532,sglang:subprocess,0.0,0.0,84.258,17.324
1342.033,sglang:subprocess,0.0,0.0,84.259,17.324
1342.534,sglang:subprocess,0.0,0.0,84.259,17.324
1343.034,sglang:subprocess,0.0,0.0,84.259,17.324
1343.536,sglang:subprocess,0.0,0.0,84.259,17.324
1344.036,sglang:subprocess,0.0,0.0,84.259,17.324
1344.537,sglang:subprocess,0.0,0.0,84.254,17.324
1345.038,sglang:subprocess,0.0,0.0,84.253,17.324
1345.538,sglang:subprocess,0.0,0.0,84.252,17.324
1346.039,sglang:subprocess,0.0,0.0,84.253,17.324
1346.54,sglang:subprocess,0.0,0.0,84.253,17.324
1347.04,sglang:subprocess,0.0,0.0,84.253,17.324
1347.541,sglang:subprocess,0.0,0.0,84.257,17.324
1348.042,sglang:subprocess,0.0,0.0,84.258,17.324
1348.542,sglang:subprocess,0.0,0.0,84.257,17.324
1349.043,sglang:subprocess,0.0,0.0,84.257,17.324
1349.544,sglang:subprocess,0.0,0.0,84.257,17.324
1350.045,sglang:subprocess,0.0,0.0,84.257,17.324
1350.545,sglang:subprocess,0.0,0.0,84.257,17.324
1351.046,sglang:subprocess,0.0,0.0,84.259,17.324
1351.547,sglang:subprocess,0.0,0.0,84.259,17.324
1352.047,sglang:subprocess,0.0,0.0,84.259,17.324
1352.548,sglang:subprocess,0.0,0.0,84.258,17.324
1353.049,sglang:subprocess,0.0,0.0,84.258,17.324
1353.549,sglang:subprocess,0.0,0.0,84.259,17.324
1354.05,sglang:subprocess,0.0,0.0,84.257,17.324
1354.551,sglang:subprocess,0.0,0.0,84.257,17.324
1355.052,sglang:subprocess,0.0,0.0,84.257,17.324
1355.552,sglang:subprocess,0.0,0.0,84.256,17.324
1356.053,sglang:subprocess,0.0,0.0,84.257,17.324
1356.554,sglang:subprocess,0.0,0.0,84.257,17.324
1357.054,sglang:subprocess,0.0,0.0,84.256,17.324
1357.555,sglang:subprocess,0.0,0.0,84.258,17.324
1358.056,sglang:subprocess,0.0,0.0,84.259,17.324
1358.556,sglang:subprocess,0.0,0.0,84.259,17.324
1359.057,sglang:subprocess,0.0,0.0,84.258,17.324
1359.558,sglang:subprocess,0.0,0.0,84.29,17.324
1360.059,sglang:subprocess,0.0,0.0,84.29,17.324
1360.56,sglang:subprocess,0.0,0.0,84.29,17.324
1361.06,sglang:subprocess,0.0,0.0,84.29,17.324
1361.561,sglang:subprocess,0.0,0.0,84.289,17.324
1362.062,sglang:subprocess,0.0,0.0,84.291,17.324
1362.562,sglang:subprocess,0.0,0.0,84.291,17.324
1363.063,sglang:subprocess,0.0,0.0,84.291,17.324
1363.564,sglang:subprocess,0.0,0.0,84.291,17.324
1364.064,sglang:subprocess,0.0,0.0,84.288,17.324
1364.565,sglang:subprocess,0.0,0.0,84.288,17.324
1365.066,sglang:subprocess,0.0,0.0,84.288,17.324
1365.567,sglang:subprocess,0.0,0.0,84.288,17.324
1366.067,sglang:subprocess,0.0,0.0,84.287,17.324
1366.568,sglang:subprocess,0.0,0.0,84.287,17.324
1367.069,sglang:subprocess,0.0,0.0,84.287,17.324
1367.569,sglang:subprocess,0.0,0.0,84.292,17.324
1368.07,sglang:subprocess,0.0,0.0,84.292,17.324
1368.571,sglang:subprocess,0.0,0.0,84.291,17.324
1369.071,sglang:subprocess,0.0,0.0,84.292,17.324
1369.572,sglang:subprocess,0.0,0.0,84.291,17.324
1370.073,sglang:subprocess,0.0,0.0,84.292,17.324
1370.574,sglang:subprocess,0.0,0.0,84.292,17.324
1371.074,sglang:subprocess,0.0,0.0,84.293,17.324
1371.575,sglang:subprocess,0.0,0.0,84.291,17.324
1372.076,sglang:subprocess,0.0,0.0,84.29,17.324
1372.576,sglang:subprocess,0.0,0.0,84.291,17.324
1373.077,sglang:subprocess,0.0,0.0,84.291,17.324
1373.578,sglang:subprocess,0.0,0.0,84.286,17.324
1374.08,sglang:subprocess,0.0,0.0,84.289,17.324
1374.581,sglang:subprocess,0.0,0.0,84.289,17.324
1375.082,sglang:subprocess,0.0,0.0,84.289,17.324
1375.583,sglang:subprocess,0.0,0.0,84.288,17.324
1376.084,sglang:subprocess,0.0,0.0,84.287,17.324
1376.584,sglang:subprocess,0.0,0.0,84.291,17.324
1377.085,sglang:subprocess,0.0,0.0,84.262,17.324
1377.586,sglang:subprocess,0.0,0.0,84.265,17.324
1378.086,sglang:subprocess,0.0,0.0,84.266,17.324
1378.587,sglang:subprocess,0.0,0.0,84.266,17.324
1379.088,sglang:subprocess,0.0,0.0,84.266,17.324
1379.588,sglang:subprocess,0.0,0.0,84.266,17.324
1380.089,sglang:subprocess,0.0,0.0,84.266,17.324
1380.59,sglang:subprocess,0.0,0.0,84.266,17.324
1381.091,sglang:subprocess,0.0,0.0,84.267,17.324
1381.591,sglang:subprocess,0.0,0.0,84.265,17.324
1382.092,sglang:subprocess,0.0,0.0,84.266,17.324
1382.593,sglang:subprocess,0.0,0.0,84.266,17.324
1383.093,sglang:subprocess,0.0,0.0,84.266,17.324
1383.594,sglang:subprocess,0.0,0.0,84.26,17.324
1384.095,sglang:subprocess,0.0,0.0,84.261,17.324
1384.595,sglang:subprocess,0.0,0.0,84.26,17.324
1385.096,sglang:subprocess,0.0,0.0,84.26,17.324
1385.597,sglang:subprocess,0.0,0.0,84.26,17.324
1386.098,sglang:subprocess,0.0,0.0,84.26,17.324
1386.599,sglang:subprocess,0.0,0.0,84.258,17.324
1387.099,sglang:subprocess,0.0,0.0,84.259,17.324
1387.6,sglang:subprocess,0.0,0.0,84.263,17.324
1388.101,sglang:subprocess,0.0,0.0,84.261,17.324
1388.601,sglang:subprocess,0.0,0.0,84.263,17.324
1389.102,sglang:subprocess,0.0,0.0,84.263,17.324
1389.603,sglang:subprocess,0.0,0.0,84.263,17.324
1390.103,sglang:subprocess,0.0,0.0,84.263,17.324
1390.604,sglang:subprocess,0.0,0.0,84.263,17.324
1391.105,sglang:subprocess,0.0,0.0,84.263,17.324
1391.606,sglang:subprocess,0.0,0.0,84.263,17.324
1392.106,sglang:subprocess,0.0,0.0,84.262,17.324
1392.607,sglang:subprocess,0.0,0.0,84.261,17.324
1393.108,sglang:subprocess,0.0,0.0,84.261,17.324
1393.608,sglang:subprocess,0.0,0.0,84.26,17.324
1394.109,sglang:subprocess,0.0,0.0,84.256,17.324
1394.61,sglang:subprocess,0.0,0.0,84.257,17.324
1395.11,sglang:subprocess,0.0,0.0,84.257,17.324
1395.611,sglang:subprocess,0.0,0.0,84.257,17.324
1396.112,sglang:subprocess,0.0,0.0,84.258,17.324
1396.613,sglang:subprocess,0.0,0.0,84.259,17.324
1397.114,sglang:subprocess,0.0,0.0,84.259,17.324
1397.614,sglang:subprocess,0.0,0.0,84.262,17.324
1398.115,sglang:subprocess,0.0,0.0,84.262,17.324
1398.616,sglang:subprocess,0.0,0.0,84.262,17.324
1399.116,sglang:subprocess,0.0,0.0,84.262,17.324
1399.617,sglang:subprocess,0.0,0.0,84.262,17.324
1400.118,sglang:subprocess,0.0,0.0,84.262,17.324
1400.618,sglang:subprocess,0.0,0.0,84.261,17.324
1401.119,sglang:subprocess,0.0,0.0,84.262,17.324
1401.62,sglang:subprocess,0.0,0.0,84.262,17.324
1402.121,sglang:subprocess,0.0,0.0,84.262,17.324
1402.621,sglang:subprocess,0.0,0.0,84.264,17.324
1403.122,sglang:subprocess,0.0,0.0,84.264,17.324
1403.623,sglang:subprocess,0.0,0.0,84.263,17.324
1404.123,sglang:subprocess,0.0,0.0,84.257,17.324
1404.624,sglang:subprocess,0.0,0.0,84.256,17.324
1405.125,sglang:subprocess,0.0,0.0,84.256,17.324
1405.625,sglang:subprocess,0.0,0.0,84.256,17.324
1406.126,sglang:subprocess,0.0,0.0,84.256,17.324
1406.627,sglang:subprocess,0.0,0.0,84.256,17.324
1407.128,sglang:subprocess,0.0,0.0,84.257,17.324
1407.628,sglang:subprocess,0.0,0.0,84.261,17.324
1408.129,sglang:subprocess,0.0,0.0,84.26,17.324
1408.63,sglang:subprocess,0.0,0.0,84.261,17.324
1409.13,sglang:subprocess,0.0,0.0,84.26,17.324
1409.631,sglang:subprocess,0.0,0.0,84.26,17.324
1410.132,sglang:subprocess,0.0,0.0,84.26,17.324
1410.632,sglang:subprocess,0.0,0.0,84.26,17.324
1411.133,sglang:subprocess,0.0,0.0,84.262,17.324
1411.634,sglang:subprocess,0.0,0.0,84.262,17.324
1412.135,sglang:subprocess,0.0,0.0,84.262,17.324
1412.635,sglang:subprocess,0.0,0.0,84.262,17.324
1413.136,sglang:subprocess,0.0,0.0,84.26,17.324
1413.637,sglang:subprocess,0.0,0.0,84.257,17.324
1414.137,sglang:subprocess,0.0,0.0,84.257,17.324
1414.638,sglang:subprocess,0.0,0.0,84.257,17.324
1415.139,sglang:subprocess,0.0,0.0,84.256,17.324
1415.639,sglang:subprocess,0.0,0.0,84.255,17.324
1416.14,sglang:subprocess,0.0,0.0,84.255,17.324
1416.641,sglang:subprocess,0.0,0.0,84.255,17.324
1417.142,sglang:subprocess,0.0,0.0,84.255,17.324
1417.643,sglang:subprocess,0.0,0.0,84.259,17.324
1418.143,sglang:subprocess,0.0,0.0,84.26,17.324
1418.644,sglang:subprocess,0.0,0.0,84.26,17.324
1419.145,sglang:subprocess,0.0,0.0,84.262,17.324
1419.645,sglang:subprocess,0.0,0.0,84.261,17.324
1420.146,sglang:subprocess,0.0,0.0,84.261,17.324
1420.647,sglang:subprocess,0.0,0.0,84.26,17.324
1421.147,sglang:subprocess,0.0,0.0,84.259,17.324
1421.648,sglang:subprocess,0.0,0.0,84.259,17.324
1422.149,sglang:subprocess,0.0,0.0,84.259,17.324
1422.651,sglang:subprocess,0.0,0.0,84.259,17.324
1423.151,sglang:subprocess,0.0,0.0,84.259,17.324
1423.652,sglang:subprocess,0.0,0.0,84.26,17.324
1424.153,sglang:subprocess,0.0,0.0,84.255,17.324
1424.653,sglang:subprocess,0.0,0.0,84.255,17.324
1425.154,sglang:subprocess,0.0,0.0,84.256,17.324
1425.655,sglang:subprocess,0.0,0.0,84.255,17.324
1426.155,sglang:subprocess,0.0,0.0,84.257,17.324
1426.656,sglang:subprocess,0.0,0.0,84.257,17.324
1427.157,sglang:subprocess,0.0,0.0,84.258,17.324
1427.658,sglang:subprocess,0.0,0.0,84.261,17.324
1428.158,sglang:subprocess,0.0,0.0,84.261,17.324
1428.659,sglang:subprocess,0.0,0.0,84.261,17.324
1429.16,sglang:subprocess,0.0,0.0,84.26,17.324
1429.66,sglang:subprocess,0.0,0.0,84.259,17.324
1430.161,sglang:subprocess,0.0,0.0,84.26,17.324
1430.662,sglang:subprocess,0.0,0.0,84.26,17.324
1431.162,sglang:subprocess,0.0,0.0,84.26,17.324
1431.663,sglang:subprocess,0.0,0.0,84.261,17.324
1432.164,sglang:subprocess,0.0,0.0,84.26,17.324
1432.665,sglang:subprocess,0.0,0.0,84.26,17.324
1433.166,sglang:subprocess,0.0,0.0,84.261,17.324
1433.666,sglang:subprocess,0.0,0.0,84.258,17.324
1434.167,sglang:subprocess,0.0,0.0,84.259,17.324
1434.668,sglang:subprocess,0.0,0.0,84.259,17.324
1435.168,sglang:subprocess,0.0,0.0,84.26,17.324
1435.669,sglang:subprocess,0.0,0.0,84.26,17.324
1436.17,sglang:subprocess,0.0,0.0,84.26,17.324
1436.67,sglang:subprocess,0.0,0.0,84.26,17.324
1437.171,sglang:subprocess,0.0,0.0,84.258,17.324
1437.672,sglang:subprocess,0.0,0.0,84.262,17.324
1438.173,sglang:subprocess,0.0,0.0,84.262,17.324
1438.673,sglang:subprocess,0.0,0.0,84.263,17.324
1439.174,sglang:subprocess,0.0,0.0,84.264,17.324
1439.675,sglang:subprocess,0.0,0.0,84.263,17.324
1440.175,sglang:subprocess,0.0,0.0,84.263,17.324
1440.676,sglang:subprocess,0.0,0.0,84.264,17.324
1441.177,sglang:subprocess,0.0,0.0,84.263,17.324
1441.677,sglang:subprocess,0.0,0.0,84.263,17.324
1442.178,sglang:subprocess,0.0,0.0,84.263,17.324
1442.679,sglang:subprocess,0.0,0.0,84.263,17.324
1443.18,sglang:subprocess,0.0,0.0,84.264,17.324
1443.681,sglang:subprocess,0.0,0.0,84.266,17.324
1444.181,sglang:subprocess,0.0,0.0,84.26,17.324
1444.682,sglang:subprocess,0.0,0.0,84.259,17.324
1445.183,sglang:subprocess,0.0,0.0,84.259,17.324
1445.683,sglang:subprocess,0.0,0.0,84.257,17.324
1446.184,sglang:subprocess,0.0,0.0,84.258,17.324
1446.685,sglang:subprocess,0.0,0.0,84.258,17.324
1447.185,sglang:subprocess,0.0,0.0,84.257,17.324
1447.686,sglang:subprocess,0.0,0.0,84.262,17.324
1448.187,sglang:subprocess,0.0,0.0,84.263,17.324
1448.688,sglang:subprocess,0.0,0.0,84.264,17.324
1449.189,sglang:subprocess,0.0,0.0,84.264,17.324
1449.689,sglang:subprocess,0.0,0.0,84.265,17.324
1450.19,sglang:subprocess,0.0,0.0,84.264,17.324
1450.691,sglang:subprocess,0.0,0.0,84.264,17.324
1451.191,sglang:subprocess,0.0,0.0,84.264,17.324
1451.692,sglang:subprocess,0.0,0.0,84.265,17.324
1452.193,sglang:subprocess,0.0,0.0,84.265,17.324
1452.693,sglang:subprocess,0.0,0.0,84.265,17.324
1453.194,sglang:subprocess,0.0,0.0,84.265,17.324
1453.695,sglang:subprocess,0.0,0.0,84.264,17.324
1454.196,sglang:subprocess,0.0,0.0,84.257,17.324
1454.696,sglang:subprocess,0.0,0.0,84.257,17.324
1455.197,sglang:subprocess,0.0,0.0,84.257,17.324
1455.698,sglang:subprocess,0.0,0.0,84.258,17.324
1456.198,sglang:subprocess,0.0,0.0,84.258,17.324
1456.699,sglang:subprocess,0.0,0.0,84.258,17.324
1457.2,sglang:subprocess,0.0,0.0,84.258,17.324
1457.7,sglang:subprocess,0.0,0.0,84.264,17.324
1458.201,sglang:subprocess,0.0,0.0,84.265,17.324
1458.702,sglang:subprocess,0.0,0.0,84.265,17.324
1459.203,sglang:subprocess,0.0,0.0,84.265,17.324
1459.704,sglang:subprocess,0.0,0.0,84.265,17.324
1460.204,sglang:subprocess,0.0,0.0,84.265,17.324
1460.705,sglang:subprocess,0.0,0.0,84.265,17.324
1461.206,sglang:subprocess,0.0,0.0,84.266,17.324
1461.706,sglang:subprocess,0.0,0.0,84.263,17.324
1462.207,sglang:subprocess,0.0,0.0,84.263,17.324
1462.708,sglang:subprocess,0.0,0.0,84.264,17.324
1463.208,sglang:subprocess,0.0,0.0,84.264,17.324
1463.709,sglang:subprocess,0.0,0.0,84.264,17.324
1464.21,sglang:subprocess,0.0,0.0,84.258,17.324
1464.711,sglang:subprocess,0.0,0.0,84.258,17.324
1465.211,sglang:subprocess,0.0,0.0,84.259,17.324
1465.712,sglang:subprocess,0.0,0.0,84.261,17.324
1466.213,sglang:subprocess,0.0,0.0,84.26,17.324
1466.714,sglang:subprocess,0.0,0.0,84.26,17.324
1467.214,sglang:subprocess,0.0,0.0,84.26,17.324
1467.715,sglang:subprocess,0.0,0.0,84.23,17.324
1468.215,sglang:subprocess,0.0,0.0,84.23,17.324
1468.716,sglang:subprocess,0.0,0.0,84.23,17.324
1469.217,sglang:subprocess,0.0,0.0,84.229,17.324
1469.718,sglang:subprocess,0.0,0.0,84.228,17.324
1470.219,sglang:subprocess,0.0,0.0,84.228,17.324
1470.719,sglang:subprocess,0.0,0.0,84.228,17.324
1471.22,sglang:subprocess,0.0,0.0,84.229,17.324
1471.721,sglang:subprocess,0.0,0.0,84.228,17.324
1472.221,sglang:subprocess,0.0,0.0,84.228,17.324
1472.722,sglang:subprocess,0.0,0.0,84.229,17.324
1473.223,sglang:subprocess,0.0,0.0,84.229,17.324
1473.723,sglang:subprocess,0.0,0.0,84.23,17.324
1474.224,sglang:subprocess,0.0,0.0,84.224,17.324
1474.725,sglang:subprocess,0.0,0.0,84.225,17.324
1475.226,sglang:subprocess,0.0,0.0,84.225,17.363
1475.726,sglang:subprocess,0.0,0.0,84.224,17.363
1476.227,sglang:subprocess,0.0,0.0,84.223,17.363
1476.728,sglang:subprocess,0.0,0.0,84.224,17.363
1477.228,sglang:subprocess,0.0,0.0,84.223,17.363
1477.729,sglang:subprocess,0.0,0.0,84.226,17.363
1478.23,sglang:subprocess,0.0,0.0,84.226,17.363
1478.73,sglang:subprocess,0.0,0.0,84.227,17.363
1479.231,sglang:subprocess,0.0,0.0,84.226,17.363
1479.732,sglang:subprocess,0.0,0.0,84.227,17.363
1480.233,sglang:subprocess,0.0,0.0,84.228,17.363
1480.733,sglang:subprocess,0.0,0.0,84.227,17.363
1481.234,sglang:subprocess,0.0,0.0,84.227,17.363
1481.736,sglang:subprocess,0.0,0.0,84.226,17.363
1482.236,sglang:subprocess,0.0,0.0,84.225,17.363
1482.737,sglang:subprocess,0.0,0.0,84.225,17.363
1483.238,sglang:subprocess,0.0,0.0,84.225,17.363
1483.738,sglang:subprocess,0.0,0.0,84.222,17.363
1484.239,sglang:subprocess,0.0,0.0,84.223,17.363
1484.74,sglang:subprocess,0.0,0.0,84.223,17.363
1485.24,sglang:subprocess,0.0,0.0,84.223,17.363
1485.741,sglang:subprocess,0.0,0.0,84.223,17.363
1486.242,sglang:subprocess,0.0,0.0,84.223,17.363
1486.743,sglang:subprocess,0.0,0.0,84.223,17.363
1487.243,sglang:subprocess,0.0,0.0,84.223,17.363
1487.744,sglang:subprocess,0.0,0.0,84.225,17.363
1488.245,sglang:subprocess,0.0,0.0,84.226,17.363
1488.747,sglang:subprocess,0.0,0.0,84.227,17.363
1489.248,sglang:subprocess,0.0,0.0,84.227,17.363
1489.749,sglang:subprocess,0.0,0.0,84.227,17.363
1490.249,sglang:subprocess,0.0,0.0,84.226,17.363
1490.75,sglang:subprocess,0.0,0.0,84.227,17.363
1491.251,sglang:subprocess,0.0,0.0,84.227,17.363
1491.752,sglang:subprocess,0.0,0.0,84.227,17.363
1492.252,sglang:subprocess,0.0,0.0,84.228,17.363
1492.753,sglang:subprocess,0.0,0.0,84.228,17.363
1493.254,sglang:subprocess,0.0,0.0,84.228,17.363
1493.754,sglang:subprocess,0.0,0.0,84.228,17.363
1494.255,sglang:subprocess,0.0,0.0,84.226,17.363
1494.756,sglang:subprocess,0.0,0.0,84.22,17.363
1495.256,sglang:subprocess,0.0,0.0,84.22,17.363
1495.757,sglang:subprocess,0.0,0.0,84.221,17.363
1496.258,sglang:subprocess,0.0,0.0,84.222,17.363
1496.759,sglang:subprocess,0.0,0.0,84.222,17.363
1497.26,sglang:subprocess,0.0,0.0,84.223,17.363
1497.76,sglang:subprocess,0.0,0.0,84.226,17.363
1498.261,sglang:subprocess,0.0,0.0,84.226,17.363
1498.762,sglang:subprocess,0.0,0.0,84.225,17.363
1499.262,sglang:subprocess,0.0,0.0,84.225,17.363
1499.763,sglang:subprocess,0.0,0.0,84.226,17.363
1500.264,sglang:subprocess,0.0,0.0,84.225,17.363
1500.764,sglang:subprocess,0.0,0.0,84.225,17.363
1501.266,sglang:subprocess,0.0,0.0,84.225,17.363
1501.766,sglang:subprocess,0.0,0.0,84.224,17.363
1502.267,sglang:subprocess,0.0,0.0,84.224,17.363
1502.768,sglang:subprocess,0.0,0.0,84.225,17.363
1503.268,sglang:subprocess,0.0,0.0,84.224,17.363
1503.769,sglang:subprocess,0.0,0.0,84.224,17.363
1504.269,sglang:subprocess,0.0,0.0,84.222,17.363
1504.77,sglang:subprocess,0.0,0.0,84.222,17.363
1505.271,sglang:subprocess,0.0,0.0,84.222,17.363
1505.771,sglang:subprocess,0.0,0.0,84.223,17.363
1506.272,sglang:subprocess,0.0,0.0,84.222,17.363
1506.773,sglang:subprocess,0.0,0.0,84.222,17.363
1507.274,sglang:subprocess,0.0,0.0,84.222,17.363
1507.775,sglang:subprocess,0.0,0.0,84.226,17.363
1508.275,sglang:subprocess,0.0,0.0,84.227,17.363
1508.776,sglang:subprocess,0.0,0.0,84.227,17.363
1509.277,sglang:subprocess,0.0,0.0,84.227,17.363
1509.777,sglang:subprocess,0.0,0.0,84.226,17.363
1510.278,sglang:subprocess,0.0,0.0,84.226,17.363
1510.779,sglang:subprocess,0.0,0.0,84.226,17.363
1511.279,sglang:subprocess,0.0,0.0,84.227,17.363
1511.781,sglang:subprocess,0.0,0.0,84.227,17.363
1512.281,sglang:subprocess,0.0,0.0,84.228,17.363
1512.782,sglang:subprocess,0.0,0.0,84.227,17.363
1513.283,sglang:subprocess,0.0,0.0,84.227,17.363
1513.783,sglang:subprocess,0.0,0.0,84.227,17.363
1514.284,sglang:subprocess,0.0,0.0,84.223,17.363
1514.785,sglang:subprocess,0.0,0.0,84.223,17.363
1515.285,sglang:subprocess,0.0,0.0,84.223,17.363
1515.786,sglang:subprocess,0.0,0.0,84.223,17.363
1516.287,sglang:subprocess,0.0,0.0,84.223,17.363
1516.787,sglang:subprocess,0.0,0.0,84.224,17.363
1517.289,sglang:subprocess,0.0,0.0,84.224,17.363
1517.789,sglang:subprocess,0.0,0.0,84.226,17.363
1518.29,sglang:subprocess,0.0,0.0,84.227,17.363
1518.791,sglang:subprocess,0.0,0.0,84.226,17.363
1519.291,sglang:subprocess,0.0,0.0,84.227,17.363
1519.792,sglang:subprocess,0.0,0.0,84.226,17.363
1520.293,sglang:subprocess,0.0,0.0,84.226,17.363
1520.793,sglang:subprocess,0.0,0.0,84.225,17.363
1521.294,sglang:subprocess,0.0,0.0,84.226,17.363
1521.795,sglang:subprocess,0.0,0.0,84.226,17.363
1522.296,sglang:subprocess,0.0,0.0,84.226,17.363
1522.797,sglang:subprocess,0.0,0.0,84.226,17.363
1523.297,sglang:subprocess,0.0,0.0,84.226,17.363
1523.798,sglang:subprocess,0.0,0.0,84.226,17.363
1524.299,sglang:subprocess,0.0,0.0,84.226,17.363
1524.799,sglang:subprocess,0.0,0.0,84.222,17.363
1525.3,sglang:subprocess,0.0,0.0,84.222,17.363
1525.801,sglang:subprocess,0.0,0.0,84.222,17.363
1526.301,sglang:subprocess,0.0,0.0,84.222,17.363
1526.802,sglang:subprocess,0.0,0.0,84.223,17.363
1527.303,sglang:subprocess,0.0,0.0,84.223,17.363
1527.804,sglang:subprocess,0.0,0.0,84.221,17.363
1528.304,sglang:subprocess,0.0,0.0,84.221,17.363
1528.805,sglang:subprocess,0.0,0.0,84.221,17.363
1529.306,sglang:subprocess,0.0,0.0,84.221,17.363
1529.806,sglang:subprocess,0.0,0.0,84.222,17.363
1530.307,sglang:subprocess,0.0,0.0,84.222,17.363
1530.808,sglang:subprocess,0.0,0.0,84.223,17.363
1531.308,sglang:subprocess,0.0,0.0,84.224,17.363
1531.809,sglang:subprocess,0.0,0.0,84.225,17.363
1532.31,sglang:subprocess,0.0,0.0,84.226,17.363
1532.811,sglang:subprocess,0.0,0.0,84.225,17.363
1533.312,sglang:subprocess,0.0,0.0,84.225,17.363
1533.812,sglang:subprocess,0.0,0.0,84.224,17.363
1534.313,sglang:subprocess,0.0,0.0,84.224,17.363
1534.814,sglang:subprocess,0.0,0.0,84.224,17.363
1535.314,sglang:subprocess,0.0,0.0,84.224,17.363
1535.815,sglang:subprocess,0.0,0.0,84.221,17.363
1536.316,sglang:subprocess,0.0,0.0,84.221,17.363
1536.816,sglang:subprocess,0.0,0.0,84.221,17.363
1537.317,sglang:subprocess,0.0,0.0,84.221,17.363
1537.818,sglang:subprocess,0.0,0.0,84.223,17.363
1538.319,sglang:subprocess,0.0,0.0,84.224,17.363
1538.819,sglang:subprocess,0.0,0.0,84.224,17.363
1539.32,sglang:subprocess,0.0,0.0,84.224,17.363
1539.821,sglang:subprocess,0.0,0.0,84.223,17.363
1540.321,sglang:subprocess,0.0,0.0,84.222,17.363
1540.822,sglang:subprocess,0.0,0.0,84.223,17.363
1541.323,sglang:subprocess,0.0,0.0,84.223,17.363
1541.823,sglang:subprocess,0.0,0.0,84.223,17.363
1542.358,sglang:subprocess,0.0,0.0,84.222,17.363
1542.859,sglang:subprocess,0.0,0.0,84.224,17.363
1543.36,sglang:subprocess,0.0,0.0,84.225,17.363
1543.86,sglang:subprocess,0.0,0.0,84.225,17.363
1544.361,sglang:subprocess,0.0,0.0,84.222,17.363
1544.862,sglang:subprocess,0.0,0.0,84.221,17.363
1545.362,sglang:subprocess,0.0,0.0,84.221,17.363
1545.863,sglang:subprocess,0.0,0.0,84.221,17.363
1546.364,sglang:subprocess,0.0,0.0,84.221,17.363
1546.865,sglang:subprocess,0.0,0.0,84.221,17.363
1547.365,sglang:subprocess,0.0,0.0,84.221,17.363
1547.866,sglang:subprocess,0.0,0.0,84.223,17.363
1548.367,sglang:subprocess,0.0,0.0,84.222,17.363
1548.868,sglang:subprocess,0.0,0.0,84.222,17.363
1549.368,sglang:subprocess,0.0,0.0,84.224,17.363
1549.869,sglang:subprocess,0.0,0.0,84.225,17.363
1550.37,sglang:subprocess,0.0,0.0,84.225,17.363
1550.87,sglang:subprocess,0.0,0.0,84.226,17.363
1551.371,sglang:subprocess,0.0,0.0,84.226,17.363
1551.872,sglang:subprocess,0.0,0.0,84.217,17.363
1552.372,sglang:subprocess,0.0,0.0,84.218,17.363
1552.873,sglang:subprocess,0.0,0.0,84.218,17.363
1553.374,sglang:subprocess,0.0,0.0,84.225,17.363
1553.875,sglang:subprocess,0.0,0.0,84.216,17.363
1554.376,sglang:subprocess,0.0,0.0,84.216,17.363
1554.876,sglang:subprocess,0.0,0.0,84.216,17.363
1555.377,sglang:subprocess,0.0,0.0,84.223,17.363
1555.878,sglang:subprocess,0.0,0.0,84.217,17.363
1556.378,sglang:subprocess,0.0,0.0,84.218,17.363
1556.879,sglang:subprocess,0.0,0.0,84.218,17.363
1557.38,sglang:subprocess,0.0,0.0,84.22,17.363
1557.881,sglang:subprocess,0.0,0.0,84.221,17.363
1558.381,sglang:subprocess,0.0,0.0,84.222,17.363
1558.882,sglang:subprocess,0.0,0.0,84.222,17.363
1559.385,sglang:subprocess,0.0,0.0,84.224,17.363
1559.886,sglang:subprocess,0.0,0.0,84.224,17.363
1560.387,sglang:subprocess,0.0,0.0,84.224,17.363
1560.887,sglang:subprocess,0.0,0.0,84.224,17.363
1561.388,sglang:subprocess,0.0,0.0,84.227,17.363
1561.889,sglang:subprocess,0.0,0.0,84.225,17.363
1562.389,sglang:subprocess,0.0,0.0,84.224,17.363
1562.89,sglang:subprocess,0.0,0.0,84.225,17.363
1563.391,sglang:subprocess,0.0,0.0,84.226,17.363
1563.891,sglang:subprocess,0.0,0.0,84.226,17.363
1564.393,sglang:subprocess,0.0,0.0,84.219,17.363
1564.893,sglang:subprocess,0.0,0.0,84.218,17.363
1565.394,sglang:subprocess,0.0,0.0,84.219,17.363
1565.895,sglang:subprocess,0.0,0.0,84.218,17.363
1566.395,sglang:subprocess,0.0,0.0,84.217,17.363
1566.896,sglang:subprocess,0.0,0.0,84.218,17.363
1567.397,sglang:subprocess,0.0,0.0,84.22,17.363
1567.897,sglang:subprocess,0.0,0.0,84.225,17.363
1568.398,sglang:subprocess,0.0,0.0,84.225,17.363
1568.899,sglang:subprocess,0.0,0.0,84.224,17.363
1569.547,sglang:subprocess,0.0,0.0,84.239,17.363
1570.048,sglang:subprocess,0.0,0.0,84.226,17.363
1570.549,sglang:subprocess,0.0,0.0,84.226,17.363
1571.049,sglang:subprocess,0.0,0.0,84.225,17.363
1571.55,sglang:subprocess,0.0,0.0,84.226,17.363
1572.051,sglang:subprocess,0.0,0.0,84.22,17.363
1572.551,sglang:subprocess,0.0,0.0,84.22,17.363
1573.052,sglang:subprocess,0.0,0.0,84.221,17.363
1573.553,sglang:subprocess,0.0,0.0,84.221,17.363
1574.054,sglang:subprocess,0.0,0.0,84.222,17.363
1574.554,sglang:subprocess,0.0,0.0,84.222,17.363
1575.055,sglang:subprocess,0.0,0.0,84.222,17.363
1575.556,sglang:subprocess,0.0,0.0,84.223,17.363
1576.057,sglang:subprocess,0.0,0.0,84.223,17.363
1576.557,sglang:subprocess,0.0,0.0,84.223,17.363
1577.058,sglang:subprocess,0.0,0.0,84.223,17.363
1577.559,sglang:subprocess,0.0,0.0,84.228,17.363
1578.059,sglang:subprocess,0.0,0.0,84.228,17.363
1578.56,sglang:subprocess,0.0,0.0,84.228,17.363
1579.061,sglang:subprocess,0.0,0.0,84.229,17.363
1579.561,sglang:subprocess,0.0,0.0,84.228,17.363
1580.062,sglang:subprocess,0.0,0.0,84.228,17.363
1580.563,sglang:subprocess,0.0,0.0,84.228,17.363
1581.064,sglang:subprocess,0.0,0.0,84.228,17.363
1581.565,sglang:subprocess,0.0,0.0,84.23,17.363
1582.065,sglang:subprocess,0.0,0.0,84.23,17.363
1582.566,sglang:subprocess,0.0,0.0,84.229,17.363
1583.067,sglang:subprocess,0.0,0.0,84.229,17.363
1583.567,sglang:subprocess,0.0,0.0,84.226,17.363
1584.068,sglang:subprocess,0.0,0.0,84.226,17.363
1584.569,sglang:subprocess,0.0,0.0,84.223,17.363
1585.069,sglang:subprocess,0.0,0.0,84.222,17.363
1585.57,sglang:subprocess,0.0,0.0,84.224,17.363
1586.071,sglang:subprocess,0.0,0.0,84.225,17.363
1586.572,sglang:subprocess,0.0,0.0,84.225,17.363
1587.072,sglang:subprocess,0.0,0.0,84.225,17.363
1587.573,sglang:subprocess,0.0,0.0,84.225,17.363
1588.074,sglang:subprocess,0.0,0.0,84.162,17.363
1588.574,sglang:subprocess,0.0,0.0,84.162,17.363
1589.075,sglang:subprocess,0.0,0.0,84.163,17.363
1589.576,sglang:subprocess,0.0,0.0,84.163,17.363
1590.076,sglang:subprocess,0.0,0.0,84.162,17.363
1590.577,sglang:subprocess,0.0,0.0,84.161,17.363
1591.078,sglang:subprocess,0.0,0.0,84.162,17.363
1591.579,sglang:subprocess,0.0,0.0,84.162,17.363
1592.08,sglang:subprocess,0.0,0.0,84.163,17.363
1592.58,sglang:subprocess,0.0,0.0,84.163,17.363
1593.081,sglang:subprocess,0.0,0.0,84.163,17.363
1593.582,sglang:subprocess,0.0,0.0,84.162,17.363
1594.082,sglang:subprocess,0.0,0.0,84.161,17.363
1594.583,sglang:subprocess,0.0,0.0,84.161,17.363
1595.084,sglang:subprocess,0.0,0.0,84.16,17.363
1595.584,sglang:subprocess,0.0,0.0,84.159,17.363
1596.086,sglang:subprocess,0.0,0.0,84.159,17.363
1596.586,sglang:subprocess,0.0,0.0,84.159,17.363
1597.087,sglang:subprocess,0.0,0.0,84.159,17.363
1597.588,sglang:subprocess,0.0,0.0,84.158,17.363
1598.088,sglang:subprocess,0.0,0.0,84.161,17.363
1598.589,sglang:subprocess,0.0,0.0,84.16,17.363
1599.09,sglang:subprocess,0.0,0.0,84.161,17.363
1599.59,sglang:subprocess,0.0,0.0,84.161,17.363
1600.091,sglang:subprocess,0.0,0.0,84.163,17.363
1600.592,sglang:subprocess,0.0,0.0,84.163,17.363
1601.092,sglang:subprocess,0.0,0.0,84.162,17.363
1601.593,sglang:subprocess,0.0,0.0,84.162,17.363
1602.094,sglang:subprocess,0.0,0.0,84.161,17.363
1602.595,sglang:subprocess,0.0,0.0,84.162,17.363
1603.095,sglang:subprocess,0.0,0.0,84.162,17.363
1603.596,sglang:subprocess,0.0,0.0,84.161,17.363
1604.097,sglang:subprocess,0.0,0.0,84.161,17.363
1604.597,sglang:subprocess,0.0,0.0,84.157,17.363
1605.098,sglang:subprocess,0.0,0.0,84.157,17.363
1605.599,sglang:subprocess,0.0,0.0,84.158,17.363
1606.099,sglang:subprocess,0.0,0.0,84.159,17.363
1606.601,sglang:subprocess,0.0,0.0,84.158,17.363
1607.101,sglang:subprocess,0.0,0.0,84.158,17.363
1607.602,sglang:subprocess,0.0,0.0,84.16,17.363
1608.103,sglang:subprocess,0.0,0.0,84.16,17.363
1608.603,sglang:subprocess,0.0,0.0,84.16,17.363
1609.104,sglang:subprocess,0.0,0.0,84.162,17.363
1609.605,sglang:subprocess,0.0,0.0,84.163,17.363
1610.105,sglang:subprocess,0.0,0.0,84.163,17.363
1610.606,sglang:subprocess,0.0,0.0,84.163,17.363
1611.107,sglang:subprocess,0.0,0.0,84.163,17.363
1611.607,sglang:subprocess,0.0,0.0,84.162,17.363
1612.109,sglang:subprocess,0.0,0.0,84.165,17.363
1612.609,sglang:subprocess,0.0,0.0,84.164,17.363
1613.11,sglang:subprocess,0.0,0.0,84.164,17.363
1613.611,sglang:subprocess,0.0,0.0,84.163,17.363
1614.111,sglang:subprocess,0.0,0.0,84.164,17.363
1614.612,sglang:subprocess,0.0,0.0,84.163,17.363
1615.113,sglang:subprocess,0.0,0.0,84.163,17.363
1615.613,sglang:subprocess,0.0,0.0,84.163,17.363
1616.114,sglang:subprocess,0.0,0.0,84.164,17.363
1616.615,sglang:subprocess,0.0,0.0,84.163,17.363
1617.116,sglang:subprocess,0.0,0.0,84.164,17.363
1617.617,sglang:subprocess,0.0,0.0,84.163,17.363
1618.117,sglang:subprocess,0.0,0.0,84.164,17.363
1618.618,sglang:subprocess,0.0,0.0,84.163,17.363
1619.119,sglang:subprocess,0.0,0.0,84.165,17.363
1619.619,sglang:subprocess,0.0,0.0,84.164,17.363
1620.12,sglang:subprocess,0.0,0.0,84.165,17.363
1620.621,sglang:subprocess,0.0,0.0,84.162,17.363
1621.121,sglang:subprocess,0.0,0.0,84.162,17.363
1621.622,sglang:subprocess,0.0,0.0,84.163,17.363
1622.123,sglang:subprocess,0.0,0.0,84.163,17.363
1622.624,sglang:subprocess,0.0,0.0,84.168,17.363
1623.125,sglang:subprocess,0.0,0.0,84.168,17.363
1623.625,sglang:subprocess,0.0,0.0,84.161,17.363
1624.126,sglang:subprocess,0.0,0.0,84.161,17.363
1624.627,sglang:subprocess,0.0,0.0,84.161,17.363
1625.127,sglang:subprocess,0.0,0.0,84.162,17.363
1625.628,sglang:subprocess,0.0,0.0,84.162,17.363
1626.129,sglang:subprocess,0.0,0.0,84.162,17.363
1626.629,sglang:subprocess,0.0,0.0,84.163,17.363
1627.13,sglang:subprocess,0.0,0.0,84.163,17.363
1627.631,sglang:subprocess,0.0,0.0,84.162,17.363
1628.132,sglang:subprocess,0.0,0.0,84.162,17.363
1628.633,sglang:subprocess,0.0,0.0,84.163,17.363
1629.133,sglang:subprocess,0.0,0.0,84.164,17.363
1629.634,sglang:subprocess,0.0,0.0,84.164,17.363
1630.135,sglang:subprocess,0.0,0.0,84.164,17.363
1630.635,sglang:subprocess,0.0,0.0,84.164,17.363
1631.136,sglang:subprocess,0.0,0.0,84.163,17.363
1631.637,sglang:subprocess,0.0,0.0,84.164,17.363
1632.137,sglang:subprocess,0.0,0.0,84.164,17.363
1632.638,sglang:subprocess,0.0,0.0,84.165,17.363
1633.139,sglang:subprocess,0.0,0.0,84.165,17.363
1633.64,sglang:subprocess,0.0,0.0,84.164,17.363
1634.141,sglang:subprocess,0.0,0.0,84.164,17.363
1634.641,sglang:subprocess,0.0,0.0,84.162,17.363
1635.142,sglang:subprocess,0.0,0.0,84.161,17.363
1635.643,sglang:subprocess,0.0,0.0,84.161,17.363
1636.143,sglang:subprocess,0.0,0.0,84.161,17.363
1636.644,sglang:subprocess,0.0,0.0,84.161,17.363
1637.147,sglang:subprocess,0.0,0.0,84.161,17.363
1637.648,sglang:subprocess,0.0,0.0,84.162,17.363
1638.149,sglang:subprocess,0.0,0.0,84.162,17.363
1638.65,sglang:subprocess,0.0,0.0,84.164,17.363
1639.151,sglang:subprocess,0.0,0.0,84.165,17.363
1639.651,sglang:subprocess,0.0,0.0,84.166,17.363
1640.152,sglang:subprocess,0.0,0.0,84.166,17.363
1640.653,sglang:subprocess,0.0,0.0,84.165,17.363
1641.153,sglang:subprocess,0.0,0.0,84.166,17.363
1641.654,sglang:subprocess,0.0,0.0,84.165,17.363
1642.155,sglang:subprocess,0.0,0.0,84.166,17.363
1642.655,sglang:subprocess,0.0,0.0,84.167,17.363
1643.156,sglang:subprocess,0.0,0.0,84.166,17.363
1643.657,sglang:subprocess,0.0,0.0,84.165,17.363
1644.158,sglang:subprocess,0.0,0.0,84.165,17.363
1644.659,sglang:subprocess,0.0,0.0,84.16,17.363
1645.159,sglang:subprocess,0.0,0.0,84.16,17.363
1645.66,sglang:subprocess,0.0,0.0,84.159,17.363
1646.161,sglang:subprocess,0.0,0.0,84.16,17.363
1646.661,sglang:subprocess,0.0,0.0,84.16,17.363
1647.162,sglang:subprocess,0.0,0.0,84.161,17.363
1647.663,sglang:subprocess,0.0,0.0,84.165,17.363
1648.163,sglang:subprocess,0.0,0.0,84.165,17.363
1648.664,sglang:subprocess,0.0,0.0,84.165,17.363
1649.165,sglang:subprocess,0.0,0.0,84.165,17.363
1649.666,sglang:subprocess,0.0,0.0,84.165,17.363
1650.166,sglang:subprocess,0.0,0.0,84.166,17.363
1650.667,sglang:subprocess,0.0,0.0,84.165,17.363
1651.168,sglang:subprocess,0.0,0.0,84.164,17.363
1651.668,sglang:subprocess,0.0,0.0,84.165,17.363
1652.169,sglang:subprocess,0.0,0.0,84.165,17.363
1652.67,sglang:subprocess,0.0,0.0,84.167,17.363
1653.17,sglang:subprocess,0.0,0.0,84.167,17.363
1653.671,sglang:subprocess,0.0,0.0,84.164,17.363
1654.172,sglang:subprocess,0.0,0.0,84.164,17.363
1654.673,sglang:subprocess,0.0,0.0,84.164,17.363
1655.174,sglang:subprocess,0.0,0.0,84.165,17.363
1655.674,sglang:subprocess,0.0,0.0,84.164,17.363
1656.175,sglang:subprocess,0.0,0.0,84.165,17.363
1656.676,sglang:subprocess,0.0,0.0,84.165,17.363
1657.176,sglang:subprocess,0.0,0.0,84.164,17.363
1657.677,sglang:subprocess,0.0,0.0,84.155,17.363
1658.178,sglang:subprocess,0.0,0.0,84.155,17.363
1658.678,sglang:subprocess,0.0,0.0,84.156,17.363
1659.18,sglang:subprocess,0.0,0.0,84.16,17.363
1659.685,sglang:subprocess,0.0,0.0,84.161,17.363
1660.185,sglang:subprocess,0.0,0.0,84.161,17.363
1660.686,sglang:subprocess,0.0,0.0,84.239,17.363
1661.187,sglang:subprocess,0.0,0.0,84.275,17.363
1661.687,sglang:subprocess,0.0,0.0,84.277,17.363
1662.188,sglang:subprocess,0.0,0.0,84.278,17.363
1662.689,sglang:subprocess,0.0,0.0,84.278,17.363
1663.189,sglang:subprocess,0.0,0.0,84.279,17.363
1663.69,sglang:subprocess,0.0,0.0,84.28,17.363
1664.191,sglang:subprocess,0.0,0.0,84.274,17.363
1664.692,sglang:subprocess,0.0,0.0,84.274,17.363
1665.193,sglang:subprocess,0.0,0.0,84.275,17.363
1665.693,sglang:subprocess,0.0,0.0,84.274,17.363
1666.194,sglang:subprocess,0.0,0.0,84.274,17.363
1666.695,sglang:subprocess,0.0,0.0,84.276,17.363
1667.195,sglang:subprocess,0.0,0.0,84.274,17.363
1667.696,sglang:subprocess,0.0,0.0,84.278,17.363
1668.197,sglang:subprocess,0.0,0.0,84.278,17.363
1668.697,sglang:subprocess,0.0,0.0,84.278,17.363
1669.198,sglang:subprocess,0.0,0.0,84.279,17.363
1669.699,sglang:subprocess,0.0,0.0,84.279,17.363
1670.2,sglang:subprocess,0.0,0.0,84.279,17.363
1670.7,sglang:subprocess,0.0,0.0,84.28,17.363
1671.201,sglang:subprocess,0.0,0.0,84.281,17.363
1671.702,sglang:subprocess,0.0,0.0,84.281,17.363
1672.202,sglang:subprocess,0.0,0.0,84.281,17.363
1672.703,sglang:subprocess,0.0,0.0,84.281,17.363
1673.204,sglang:subprocess,0.0,0.0,84.282,17.363
1673.704,sglang:subprocess,0.0,0.0,84.282,17.363
1674.206,sglang:subprocess,0.0,0.0,84.277,17.363
1674.707,sglang:subprocess,0.0,0.0,84.277,17.363
1675.208,sglang:subprocess,0.0,0.0,84.277,17.363
1675.708,sglang:subprocess,0.0,0.0,84.278,17.363
1676.209,sglang:subprocess,0.0,0.0,84.279,17.363
1676.71,sglang:subprocess,0.0,0.0,84.278,17.363
1677.21,sglang:subprocess,0.0,0.0,84.279,17.363
1677.711,sglang:subprocess,0.0,0.0,84.28,17.363
1678.212,sglang:subprocess,0.0,0.0,84.28,17.363
1678.712,sglang:subprocess,0.0,0.0,84.28,17.363
1679.213,sglang:subprocess,0.0,0.0,84.28,17.363
1679.714,sglang:subprocess,0.0,0.0,84.28,17.363
1680.215,sglang:subprocess,0.0,0.0,84.28,17.363
1680.716,sglang:subprocess,0.0,0.0,84.28,17.363
1681.216,sglang:subprocess,0.0,0.0,84.28,17.363
1681.717,sglang:subprocess,0.0,0.0,84.281,17.363
1682.218,sglang:subprocess,0.0,0.0,84.281,17.363
1682.718,sglang:subprocess,0.0,0.0,84.281,17.363
1683.219,sglang:subprocess,0.0,0.0,84.282,17.363
1683.72,sglang:subprocess,0.0,0.0,84.281,17.363
1684.22,sglang:subprocess,0.0,0.0,84.281,17.363
1684.721,sglang:subprocess,0.0,0.0,84.278,17.363
1685.222,sglang:subprocess,0.0,0.0,84.276,17.363
1685.723,sglang:subprocess,0.0,0.0,84.276,17.363
1686.224,sglang:subprocess,0.0,0.0,84.276,17.363
1686.724,sglang:subprocess,0.0,0.0,84.276,17.363
1687.225,sglang:subprocess,0.0,0.0,84.276,17.363
1687.726,sglang:subprocess,0.0,0.0,84.277,17.363
1688.226,sglang:subprocess,0.0,0.0,84.278,17.363
1688.727,sglang:subprocess,0.0,0.0,84.278,17.363
1689.228,sglang:subprocess,0.0,0.0,84.278,17.363
1689.728,sglang:subprocess,0.0,0.0,84.279,17.363
1690.229,sglang:subprocess,0.0,0.0,84.278,17.363
1690.73,sglang:subprocess,0.0,0.0,84.278,17.363
1691.231,sglang:subprocess,0.0,0.0,84.278,17.363
1691.732,sglang:subprocess,0.0,0.0,84.278,17.363
1692.232,sglang:subprocess,0.0,0.0,84.278,17.363
1692.733,sglang:subprocess,0.0,0.0,84.279,17.363
1693.234,sglang:subprocess,0.0,0.0,84.279,17.363
1693.734,sglang:subprocess,0.0,0.0,84.279,17.363
1694.235,sglang:subprocess,0.0,0.0,84.278,17.363
1694.748,sglang:subprocess,0.0,0.0,84.278,17.363
1695.249,sglang:subprocess,0.0,0.0,84.278,17.363
1695.749,sglang:subprocess,0.0,0.0,84.278,17.363
1696.25,sglang:subprocess,0.0,0.0,84.277,17.363
1696.751,sglang:subprocess,0.0,0.0,84.278,17.363
1697.252,sglang:subprocess,0.0,0.0,84.278,17.363
1697.753,sglang:subprocess,0.0,0.0,84.279,17.363
1698.253,sglang:subprocess,0.0,0.0,84.279,17.363
1698.754,sglang:subprocess,0.0,0.0,84.279,17.363
1699.254,sglang:subprocess,0.0,0.0,84.279,17.363
1699.755,sglang:subprocess,0.0,0.0,84.279,17.363
1700.256,sglang:subprocess,0.0,0.0,84.279,17.363
1700.756,sglang:subprocess,0.0,0.0,84.279,17.363
1701.258,sglang:subprocess,0.0,0.0,84.278,17.363
1701.758,sglang:subprocess,0.0,0.0,84.281,17.363
1702.259,sglang:subprocess,0.0,0.0,84.281,17.363
1702.76,sglang:subprocess,0.0,0.0,84.282,17.363
1703.26,sglang:subprocess,0.0,0.0,84.282,17.363
1703.761,sglang:subprocess,0.0,0.0,84.277,17.363
1704.262,sglang:subprocess,0.0,0.0,84.277,17.363
1704.762,sglang:subprocess,0.0,0.0,84.277,17.363
1705.263,sglang:subprocess,0.0,0.0,84.277,17.363
1705.764,sglang:subprocess,0.0,0.0,84.277,17.363
1706.264,sglang:subprocess,0.0,0.0,84.276,17.363
1706.766,sglang:subprocess,0.0,0.0,84.277,17.363
1707.266,sglang:subprocess,0.0,0.0,84.276,17.363
1707.767,sglang:subprocess,0.0,0.0,84.28,17.363
1708.268,sglang:subprocess,0.0,0.0,84.28,17.363
1708.768,sglang:subprocess,0.0,0.0,84.28,17.363
1709.269,sglang:subprocess,0.0,0.0,84.281,17.363
1709.77,sglang:subprocess,0.0,0.0,84.28,17.363
1710.27,sglang:subprocess,0.0,0.0,84.28,17.363
1710.771,sglang:subprocess,0.0,0.0,84.28,17.363
1711.272,sglang:subprocess,0.0,0.0,84.28,17.363
1711.773,sglang:subprocess,0.0,0.0,84.281,17.363
1712.273,sglang:subprocess,0.0,0.0,84.28,17.363
1712.774,sglang:subprocess,0.0,0.0,84.28,17.363
1713.275,sglang:subprocess,0.0,0.0,84.28,17.363
1713.776,sglang:subprocess,0.0,0.0,84.28,17.363
1714.276,sglang:subprocess,0.0,0.0,84.28,17.363
1714.777,sglang:subprocess,0.0,0.0,84.278,17.363
1715.28,sglang:subprocess,0.0,0.0,84.278,17.363
1715.781,sglang:subprocess,0.0,0.0,84.28,17.363
1716.281,sglang:subprocess,0.0,0.0,84.279,17.363
1716.782,sglang:subprocess,0.0,0.0,84.279,17.363
1717.283,sglang:subprocess,0.0,0.0,84.278,17.363
1717.784,sglang:subprocess,0.0,0.0,84.278,17.363
1718.284,sglang:subprocess,0.0,0.0,84.278,17.363
1718.785,sglang:subprocess,0.0,0.0,84.278,17.363
1719.286,sglang:subprocess,0.0,0.0,84.279,17.363
1719.786,sglang:subprocess,0.0,0.0,84.279,17.363
1720.287,sglang:subprocess,0.0,0.0,84.28,17.363
1720.788,sglang:subprocess,0.0,0.0,84.279,17.363
1721.288,sglang:subprocess,0.0,0.0,84.28,17.363
1721.789,sglang:subprocess,0.0,0.0,84.282,17.363
1722.29,sglang:subprocess,0.0,0.0,84.28,17.363
1722.791,sglang:subprocess,0.0,0.0,84.28,17.363
1723.291,sglang:subprocess,0.0,0.0,84.28,17.363
1723.792,sglang:subprocess,0.0,0.0,84.279,17.363
1724.293,sglang:subprocess,0.0,0.0,84.281,17.363
1724.793,sglang:subprocess,0.0,0.0,84.281,17.363
1725.294,sglang:subprocess,0.0,0.0,84.281,17.363
1725.795,sglang:subprocess,0.0,0.0,84.28,17.363
1726.295,sglang:subprocess,0.0,0.0,84.279,17.363
1726.796,sglang:subprocess,0.0,0.0,84.278,17.363
1727.297,sglang:subprocess,0.0,0.0,84.278,17.363
1727.798,sglang:subprocess,0.0,0.0,84.278,17.363
1728.299,sglang:subprocess,0.0,0.0,84.278,17.363
1728.799,sglang:subprocess,0.0,0.0,84.278,17.363
1729.3,sglang:subprocess,0.0,0.0,84.278,17.363
1729.801,sglang:subprocess,0.0,0.0,84.278,17.363
1730.301,sglang:subprocess,0.0,0.0,84.278,17.363
1730.802,sglang:subprocess,0.0,0.0,84.279,17.363
1731.303,sglang:subprocess,0.0,0.0,84.279,17.363
1731.803,sglang:subprocess,0.0,0.0,84.278,17.363
1732.304,sglang:subprocess,0.0,0.0,84.28,17.363
1732.805,sglang:subprocess,0.0,0.0,84.28,17.363
1733.306,sglang:subprocess,0.0,0.0,84.281,17.363
1733.811,sglang:subprocess,0.0,0.0,84.282,17.363
1734.312,sglang:subprocess,0.0,0.0,84.283,17.363
1734.812,sglang:subprocess,0.0,0.0,84.282,17.363
1735.313,sglang:subprocess,0.0,0.0,84.283,17.363
1735.814,sglang:subprocess,0.0,0.0,84.281,17.363
1736.314,sglang:subprocess,0.0,0.0,84.28,17.363
1736.815,sglang:subprocess,0.0,0.0,84.281,17.363
1737.316,sglang:subprocess,0.0,0.0,84.279,17.363
1737.816,sglang:subprocess,0.0,0.0,84.28,17.363
1738.317,sglang:subprocess,0.0,0.0,84.279,17.363
1738.818,sglang:subprocess,0.0,0.0,84.279,17.363
1739.319,sglang:subprocess,0.0,0.0,84.279,17.363
1739.819,sglang:subprocess,0.0,0.0,84.28,17.363
1740.32,sglang:subprocess,0.0,0.0,84.279,17.363
1740.821,sglang:subprocess,0.0,0.0,84.28,17.363
1741.321,sglang:subprocess,0.0,0.0,84.277,17.363
1741.822,sglang:subprocess,0.0,0.0,84.277,17.363
1742.323,sglang:subprocess,0.0,0.0,84.278,17.363
1742.823,sglang:subprocess,0.0,0.0,84.277,17.363
1743.325,sglang:subprocess,0.0,0.0,84.277,17.363
1743.825,sglang:subprocess,0.0,0.0,84.277,17.363
1744.326,sglang:subprocess,0.0,0.0,84.276,17.363
1744.827,sglang:subprocess,0.0,0.0,84.276,17.363
1745.327,sglang:subprocess,0.0,0.0,84.277,17.363
1745.828,sglang:subprocess,0.0,0.0,84.275,17.363
1746.329,sglang:subprocess,0.0,0.0,84.276,17.363
1746.829,sglang:subprocess,0.0,0.0,84.276,17.363
1747.33,sglang:subprocess,0.0,0.0,84.276,17.363
1747.831,sglang:subprocess,0.0,0.0,84.276,17.363
1748.331,sglang:subprocess,0.0,0.0,84.278,17.363
1748.833,sglang:subprocess,0.0,0.0,84.278,17.363
1749.333,sglang:subprocess,0.0,0.0,84.278,17.363
1749.834,sglang:subprocess,0.0,0.0,84.279,17.363
1750.338,sglang:subprocess,0.0,0.0,84.28,17.363
1750.838,sglang:subprocess,0.0,0.0,84.28,17.363
1751.339,sglang:subprocess,0.0,0.0,84.28,17.363
1751.84,sglang:subprocess,0.0,0.0,84.279,17.363
1752.34,sglang:subprocess,0.0,0.0,84.278,17.363
1752.841,sglang:subprocess,0.0,0.0,84.278,17.363
1753.342,sglang:subprocess,0.0,0.0,84.278,17.363
1753.843,sglang:subprocess,0.0,0.0,84.277,17.363
1754.344,sglang:subprocess,0.0,0.0,84.277,17.363
1754.844,sglang:subprocess,0.0,0.0,84.275,17.363
1755.345,sglang:subprocess,0.0,0.0,84.276,17.363
1755.846,sglang:subprocess,0.0,0.0,84.276,17.363
1756.346,sglang:subprocess,0.0,0.0,84.276,17.363
1756.847,sglang:subprocess,0.0,0.0,84.276,17.363
1757.348,sglang:subprocess,0.0,0.0,84.276,17.363
1757.848,sglang:subprocess,0.0,0.0,84.276,17.363
1758.349,sglang:subprocess,0.0,0.0,84.276,17.363
1758.85,sglang:subprocess,0.0,0.0,84.278,17.363
1759.351,sglang:subprocess,0.0,0.0,84.278,17.363
1759.852,sglang:subprocess,0.0,0.0,84.279,17.363
1760.352,sglang:subprocess,0.0,0.0,84.28,17.363
1760.853,sglang:subprocess,0.0,0.0,84.279,17.363
1761.354,sglang:subprocess,0.0,0.0,84.279,17.363
1761.854,sglang:subprocess,0.0,0.0,84.279,17.363
1762.355,sglang:subprocess,0.0,0.0,84.279,17.363
1762.856,sglang:subprocess,0.0,0.0,84.279,17.363
1763.356,sglang:subprocess,0.0,0.0,84.279,17.363
1763.857,sglang:subprocess,0.0,0.0,84.279,17.363
1764.358,sglang:subprocess,0.0,0.0,84.279,17.363
1764.859,sglang:subprocess,0.0,0.0,84.28,17.363
1765.36,sglang:subprocess,0.0,0.0,84.28,17.363
1765.86,sglang:subprocess,0.0,0.0,84.28,17.363
1766.361,sglang:subprocess,0.0,0.0,84.28,17.363
1766.862,sglang:subprocess,0.0,0.0,84.28,17.363
1767.362,sglang:subprocess,0.0,0.0,84.281,17.363
1767.863,sglang:subprocess,0.0,0.0,84.283,17.363
1768.364,sglang:subprocess,0.0,0.0,84.283,17.363
1768.864,sglang:subprocess,0.0,0.0,84.282,17.363
1769.365,sglang:subprocess,0.0,0.0,84.476,5.397
1769.866,sglang:subprocess,0.0,0.0,84.476,5.768
1770.367,sglang:subprocess,0.0,0.0,84.477,5.904
1770.868,sglang:subprocess,0.0,0.0,84.476,6.158
1771.368,sglang:subprocess,0.0,0.0,84.476,6.276
1771.869,sglang:subprocess,0.0,0.0,84.478,6.393
1772.37,sglang:subprocess,0.0,0.0,84.472,6.647
1772.87,sglang:subprocess,0.0,0.0,84.473,6.783
1773.371,sglang:subprocess,0.0,0.0,84.473,7.018
1773.872,sglang:subprocess,0.0,0.0,84.473,7.154
1774.372,sglang:subprocess,0.0,0.0,84.474,7.272
1774.873,sglang:subprocess,0.0,0.0,84.474,7.526
1775.374,sglang:subprocess,0.0,0.0,84.478,7.643
1775.875,sglang:subprocess,0.0,0.0,84.474,7.779
1776.376,sglang:subprocess,0.0,0.0,84.474,8.033
1776.876,sglang:subprocess,0.0,0.0,84.474,8.151
1777.377,sglang:subprocess,0.0,0.0,84.473,8.406
1777.878,sglang:subprocess,0.0,0.0,84.477,8.524
1778.378,sglang:subprocess,0.0,0.0,84.477,8.66
1778.879,sglang:subprocess,0.0,0.0,84.478,8.895
1779.38,sglang:subprocess,0.0,0.0,84.482,9.031
1779.88,sglang:subprocess,0.0,0.0,84.478,9.149
1780.381,sglang:subprocess,0.0,0.0,84.478,9.402
1780.882,sglang:subprocess,0.0,0.0,84.479,9.52
1781.383,sglang:subprocess,0.0,0.0,84.427,9.93
1781.883,sglang:subprocess,0.0,0.0,84.422,10.086
1782.384,sglang:subprocess,0.0,0.0,84.423,10.242
1782.885,sglang:subprocess,0.0,0.0,84.42,12.02
1783.385,sglang:subprocess,0.0,0.0,84.426,12.02
1783.886,sglang:subprocess,0.0,0.0,84.422,12.02
1784.387,sglang:subprocess,0.0,0.0,84.423,12.41
1784.887,sglang:subprocess,0.0,0.0,84.423,12.41
1785.389,sglang:subprocess,0.0,0.0,84.422,12.41
1785.889,sglang:subprocess,0.0,0.0,84.421,12.41
1786.39,sglang:subprocess,0.0,0.0,84.422,12.41
1786.891,sglang:subprocess,0.0,0.0,84.422,12.41
1787.391,sglang:subprocess,0.0,0.0,84.423,12.41
1787.892,sglang:subprocess,0.0,0.0,84.426,12.43
1788.393,sglang:subprocess,0.0,0.0,84.426,12.43
1788.893,sglang:subprocess,0.0,0.0,84.426,12.43
1789.394,sglang:subprocess,0.0,0.0,84.425,12.43
1789.894,sglang:subprocess,0.0,0.0,84.424,12.43
1790.395,sglang:subprocess,0.0,0.0,84.425,12.43
1790.896,sglang:subprocess,0.0,0.0,84.425,12.43
1791.397,sglang:subprocess,0.0,0.0,84.425,12.43
1791.898,sglang:subprocess,0.0,0.0,84.425,12.43
1792.398,sglang:subprocess,0.0,0.0,84.426,12.43
1792.899,sglang:subprocess,0.0,0.0,84.426,12.508
1793.4,sglang:subprocess,0.0,0.0,84.598,12.51
1793.9,sglang:subprocess,0.0,0.0,84.79,7.742
1794.401,sglang:subprocess,0.0,0.0,84.955,7.742
1794.902,sglang:subprocess,0.0,0.0,85.007,7.742
1795.403,sglang:subprocess,0.0,0.0,83.748,6.199
1795.904,sglang:subprocess,0.0,0.0,80.367,6.199
1796.404,sglang:subprocess,0.0,0.0,72.615,6.199
1796.905,sglang:subprocess,0.0,0.0,66.426,6.199
1797.406,sglang:subprocess,0.0,0.0,57.792,6.199
1797.906,sglang:subprocess,0.0,0.0,46.268,6.199
1798.407,sglang:subprocess,0.0,0.0,34.665,6.199
1798.908,sglang:subprocess,0.0,0.0,23.319,6.199
1799.408,sglang:subprocess,0.0,0.0,12.771,6.199
1800.4,sglang:subprocess,0.0,0.0,10.15,0.687
1800.9,sglang:subprocess,0.0,0.0,4.427,0.687
1801.401,sglang:subprocess,0.0,0.0,4.421,0.687
1801.902,sglang:subprocess,0.0,0.0,4.421,0.687
1802.403,sglang:subprocess,0.0,0.0,4.42,0.687
1802.644,init,0.0,0.0,3.53,0.687
