t_rel,phase,hbm_alloc_gib,hbm_peak_gib,host_used_gib,nvml_used_gib
5.087,init,0.0,0.0,3.37,0.687
5.6,init,0.0,0.0,3.375,0.687
6.116,init,0.0,0.0,3.382,0.687
6.714,init,0.0,0.0,3.382,0.687
7.215,init,0.0,0.0,3.383,0.687
7.715,init,0.0,0.0,3.384,0.687
8.217,init,0.0,0.0,3.386,0.687
8.74,init,0.0,0.0,3.386,0.687
9.243,init,0.0,0.0,3.395,0.687
9.744,init,0.0,0.0,3.414,0.687
10.245,init,0.0,0.0,3.438,0.687
10.765,init,0.0,0.0,3.449,0.687
11.266,init,0.0,0.0,3.484,0.687
11.768,init,0.0,0.0,3.522,0.687
12.27,init,0.0,0.0,3.555,0.687
12.83,init,0.0,0.0,3.567,0.687
13.331,init,0.0,0.0,3.588,0.687
13.834,init,0.0,0.0,3.602,0.687
14.335,init,0.0,0.0,3.622,0.687
14.851,load:text_encoder,0.0,0.0,3.762,1.098
18.134,load:text_encoder,3.142,62.133,3.773,63.234
18.635,load:text_encoder,3.63,62.133,3.773,63.234
19.136,load:text_encoder,3.63,62.133,3.772,63.234
19.636,load:text_encoder,3.63,62.133,3.775,63.234
20.137,load:text_encoder,3.63,62.133,3.775,63.234
20.638,load:text_encoder,3.63,62.133,3.776,63.234
21.139,load:text_encoder,3.63,62.133,3.776,63.234
21.639,load:text_encoder,3.63,62.133,3.777,63.234
22.14,load:text_encoder,3.63,62.133,3.777,63.234
22.641,load:text_encoder,3.63,62.133,3.777,63.234
23.142,load:text_encoder,3.63,62.133,3.776,63.234
23.642,load:text_encoder,3.63,62.133,3.777,63.234
24.143,load:text_encoder,3.64,62.133,3.775,63.234
24.644,load:text_encoder,4.05,62.133,3.775,63.234
25.145,load:text_encoder,4.539,62.133,3.776,63.234
25.646,load:text_encoder,4.539,62.133,3.778,63.234
26.146,load:text_encoder,4.539,62.133,3.781,63.234
26.647,load:text_encoder,4.548,62.133,3.781,63.234
27.148,load:text_encoder,4.714,62.133,3.78,63.234
27.648,load:text_encoder,5.447,62.133,3.782,63.234
28.149,load:text_encoder,5.447,62.133,3.781,63.234
28.65,load:text_encoder,5.447,62.133,3.782,63.234
29.151,load:text_encoder,5.457,62.133,3.781,63.234
29.651,load:text_encoder,5.613,62.133,3.783,63.234
30.152,load:text_encoder,6.355,62.133,3.783,63.234
30.653,load:text_encoder,6.355,62.133,3.784,63.234
31.154,load:text_encoder,6.355,62.133,3.783,63.234
31.655,load:text_encoder,6.365,62.133,3.784,63.234
32.155,load:text_encoder,6.365,62.133,3.785,63.234
32.656,load:text_encoder,6.775,62.133,3.783,63.234
33.157,load:text_encoder,7.263,62.133,3.783,63.234
33.658,load:text_encoder,7.263,62.133,3.783,63.234
34.158,load:text_encoder,7.273,62.133,3.782,63.234
34.659,load:text_encoder,7.273,62.133,3.786,63.234
35.16,load:text_encoder,7.683,62.133,3.784,63.234
35.66,load:text_encoder,8.172,62.133,3.787,63.234
36.161,load:text_encoder,8.172,62.133,3.787,63.234
36.662,load:text_encoder,8.172,62.133,3.786,63.234
37.163,load:text_encoder,8.181,62.133,3.785,63.234
37.664,load:text_encoder,8.347,62.133,3.791,63.234
38.165,load:text_encoder,9.08,62.133,3.787,63.234
38.665,load:text_encoder,9.08,62.133,3.787,63.234
39.166,load:text_encoder,9.08,62.133,3.787,63.234
39.667,load:text_encoder,9.089,62.133,3.789,63.234
40.167,load:text_encoder,9.256,62.133,3.789,63.234
40.668,load:text_encoder,9.988,62.133,3.788,63.234
41.169,load:text_encoder,9.988,62.133,3.788,63.234
41.67,load:text_encoder,9.988,62.133,3.794,63.234
42.171,load:text_encoder,10.076,62.133,3.792,63.234
42.671,load:text_encoder,10.154,62.133,3.792,63.234
43.172,load:text_encoder,10.896,62.133,3.79,63.234
43.673,load:text_encoder,10.896,62.133,3.793,63.234
44.174,load:text_encoder,10.896,62.133,3.793,63.234
44.674,load:text_encoder,10.906,62.133,3.793,63.234
45.175,load:text_encoder,10.906,62.133,3.794,63.234
45.676,load:text_encoder,11.56,62.133,3.795,63.234
46.176,load:text_encoder,11.804,62.133,3.793,63.234
46.677,load:text_encoder,11.804,62.133,3.782,63.234
47.178,load:text_encoder,11.814,62.133,3.787,63.234
47.68,load:text_encoder,11.814,62.133,3.787,63.234
48.18,load:text_encoder,11.98,62.133,3.798,63.234
48.681,load:text_encoder,12.713,62.133,3.799,63.234
49.182,load:text_encoder,12.713,62.133,3.801,63.234
49.682,load:text_encoder,12.801,62.133,3.793,63.234
50.183,load:text_encoder,12.801,62.133,3.799,63.234
50.684,load:text_encoder,12.888,62.133,3.798,63.234
51.185,load:text_encoder,13.621,62.133,3.799,63.234
51.685,load:text_encoder,13.621,62.133,3.8,63.234
52.186,load:text_encoder,13.709,62.133,3.797,63.234
52.687,load:text_encoder,13.709,62.133,3.798,63.234
53.188,load:text_encoder,13.797,62.133,3.798,63.234
53.689,load:text_encoder,14.529,62.133,3.786,63.234
54.189,load:text_encoder,14.529,62.133,3.792,63.234
54.69,load:text_encoder,14.529,62.133,3.791,63.234
55.191,load:text_encoder,14.539,62.133,3.792,63.234
55.692,load:text_encoder,14.949,62.133,3.792,63.234
56.192,load:text_encoder,15.437,62.133,3.796,63.234
56.693,load:text_encoder,15.437,62.133,3.796,63.234
57.194,load:text_encoder,15.437,62.133,3.796,63.234
57.695,load:text_encoder,15.447,62.133,3.8,63.234
58.195,load:text_encoder,15.857,62.133,3.802,63.234
58.696,load:text_encoder,16.346,62.133,3.802,63.234
59.197,load:text_encoder,16.346,62.133,3.802,63.234
59.698,load:text_encoder,16.355,62.133,3.802,63.234
60.199,load:text_encoder,16.355,62.133,3.806,63.234
60.7,load:text_encoder,16.521,62.133,3.807,63.234
61.2,load:text_encoder,17.254,62.133,3.806,63.234
61.701,load:text_encoder,17.254,62.133,3.807,63.234
62.202,load:text_encoder,17.342,62.133,3.807,63.234
62.702,load:text_encoder,17.674,62.133,3.808,63.234
63.203,load:text_encoder,18.162,62.133,3.809,63.234
63.704,load:text_encoder,18.162,62.133,3.809,63.234
64.205,load:text_encoder,18.162,62.133,3.805,63.234
64.706,load:text_encoder,18.25,62.133,3.805,63.234
65.207,load:text_encoder,18.338,62.133,3.804,63.234
65.707,load:text_encoder,19.07,62.133,3.804,63.234
66.208,load:text_encoder,19.07,62.133,3.809,63.234
66.709,load:text_encoder,19.07,62.133,3.812,63.234
67.209,load:text_encoder,19.08,62.133,3.806,63.234
67.71,load:text_encoder,19.246,62.133,3.807,63.234
68.211,load:text_encoder,19.978,62.133,3.811,63.234
68.712,load:text_encoder,19.978,62.133,3.812,63.234
69.212,load:text_encoder,19.978,62.133,3.811,63.234
69.713,load:text_encoder,20.066,62.133,3.811,63.234
70.214,load:text_encoder,20.144,62.133,3.809,63.234
70.715,load:text_encoder,20.887,62.133,3.807,63.234
71.216,load:text_encoder,20.975,62.133,3.805,63.234
71.717,load:text_encoder,20.975,62.133,3.806,63.234
72.217,load:text_encoder,21.062,62.133,3.808,63.234
72.718,load:text_encoder,21.795,62.133,3.804,63.234
73.219,load:text_encoder,21.795,62.133,3.807,63.234
73.72,load:text_encoder,21.795,62.133,3.787,63.234
74.22,load:text_encoder,21.805,62.133,3.791,63.234
74.721,load:text_encoder,22.879,62.133,3.792,63.234
75.222,load:text_encoder,23.611,62.133,3.794,63.234
75.722,load:text_encoder,25.428,62.133,3.798,63.234
76.223,load:text_encoder,25.516,62.133,3.797,63.234
76.724,load:text_encoder,25.604,62.133,3.801,63.234
77.226,load:text_encoder,26.336,62.133,3.799,63.234
77.726,load:text_encoder,26.336,62.133,3.802,63.234
78.227,load:text_encoder,26.336,62.133,3.802,63.234
78.728,load:text_encoder,26.424,62.133,3.802,63.234
79.228,load:text_encoder,26.502,62.133,3.803,63.234
79.729,load:text_encoder,27.244,62.133,3.804,63.234
80.23,load:text_encoder,27.244,62.133,3.799,63.234
80.731,load:text_encoder,27.244,62.133,3.8,63.234
81.231,load:text_encoder,27.332,62.133,3.798,63.234
81.732,load:text_encoder,27.41,62.133,3.8,63.234
82.233,load:text_encoder,28.152,62.133,3.803,63.234
82.733,load:text_encoder,29.061,62.133,3.805,63.234
83.234,load:text_encoder,29.481,62.133,3.804,63.234
83.736,load:text_encoder,30.135,62.133,3.806,63.234
84.236,load:text_encoder,30.877,62.133,3.807,63.234
84.737,load:text_encoder,30.877,62.133,3.807,63.234
85.238,load:text_encoder,30.877,62.133,3.808,63.234
85.738,load:text_encoder,30.965,62.133,3.81,63.234
86.239,load:text_encoder,31.053,62.133,3.803,63.234
86.74,load:text_encoder,31.785,62.133,3.805,63.234
87.241,load:text_encoder,31.785,62.133,3.803,63.234
87.741,load:text_encoder,31.785,62.133,3.806,63.234
88.242,load:text_encoder,31.795,62.133,3.807,63.234
88.743,load:text_encoder,32.205,62.133,3.808,63.234
89.244,load:text_encoder,32.694,62.133,3.809,63.234
89.745,load:text_encoder,32.694,62.133,3.81,63.234
90.246,load:text_encoder,32.703,62.133,3.808,63.234
90.746,load:text_encoder,33.602,62.133,3.81,63.234
91.247,load:text_encoder,33.602,62.133,3.81,63.234
91.748,load:text_encoder,33.69,62.133,3.811,63.234
92.249,load:text_encoder,33.778,62.133,3.806,63.234
92.749,load:text_encoder,34.51,62.133,3.809,63.234
93.25,load:text_encoder,34.51,62.133,3.81,63.234
93.751,load:text_encoder,34.52,62.133,3.811,63.234
94.252,load:text_encoder,35.418,62.133,3.813,63.234
94.752,load:text_encoder,35.418,62.133,3.814,63.234
95.254,load:text_encoder,35.428,62.133,3.816,63.234
95.754,load:text_encoder,35.594,62.133,3.815,63.234
96.255,load:text_encoder,36.326,62.133,3.816,63.234
96.756,load:text_encoder,36.326,62.133,3.817,63.234
97.257,load:text_encoder,36.336,62.133,3.816,63.234
97.757,load:text_encoder,36.502,62.133,3.817,63.234
98.258,load:text_encoder,37.235,62.133,3.816,63.234
98.759,load:text_encoder,37.235,62.133,3.819,63.234
99.26,load:text_encoder,37.244,62.133,3.82,63.234
99.76,load:text_encoder,37.41,62.133,3.821,63.234
100.261,load:text_encoder,38.143,62.133,3.822,63.234
100.762,load:text_encoder,38.143,62.133,3.825,63.234
101.263,load:text_encoder,38.153,62.133,3.822,63.234
101.764,load:text_encoder,38.319,62.133,3.822,63.234
102.264,load:text_encoder,39.051,62.133,3.821,63.234
102.765,load:text_encoder,39.051,62.133,3.824,63.234
103.266,load:text_encoder,39.061,62.133,3.823,63.234
103.767,load:text_encoder,39.227,62.133,3.824,63.234
104.267,load:text_encoder,39.959,62.133,3.823,63.234
104.768,load:text_encoder,39.959,62.133,3.826,63.234
105.269,load:text_encoder,39.969,62.133,3.828,63.234
105.77,load:text_encoder,40.868,62.133,3.828,63.234
106.27,load:text_encoder,40.868,62.133,3.83,63.234
106.772,load:text_encoder,40.877,62.133,3.829,63.234
107.272,load:text_encoder,41.287,62.133,3.833,63.234
107.773,load:text_encoder,41.776,62.133,3.832,63.234
108.274,load:text_encoder,41.776,62.133,3.834,63.234
108.774,load:text_encoder,42.44,62.133,3.837,63.234
109.275,load:text_encoder,42.684,62.133,3.837,63.234
109.776,load:text_encoder,42.694,62.133,3.837,63.234
110.277,load:text_encoder,42.86,62.133,3.84,63.234
110.777,load:text_encoder,43.592,62.133,3.843,63.234
111.278,load:text_encoder,43.592,62.133,3.842,63.234
111.779,load:text_encoder,43.602,62.133,3.842,63.234
112.28,load:text_encoder,44.012,62.133,3.843,63.234
112.781,load:text_encoder,44.5,62.133,3.843,63.234
113.282,load:text_encoder,44.5,62.133,3.844,63.234
113.782,load:text_encoder,44.92,62.133,3.843,63.234
114.283,load:text_encoder,45.409,62.133,3.842,63.234
114.784,load:text_encoder,45.418,62.133,3.843,63.234
115.285,load:text_encoder,45.584,62.133,3.842,63.234
115.785,load:text_encoder,46.317,62.133,3.843,63.234
116.286,load:text_encoder,46.317,62.133,3.843,63.234
116.787,load:text_encoder,46.327,62.133,3.844,63.234
117.288,load:text_encoder,47.225,62.133,3.843,63.234
117.788,load:text_encoder,47.225,62.133,3.842,63.234
118.289,load:text_encoder,49.217,62.133,3.849,63.234
118.79,load:text_encoder,50.614,62.133,3.852,63.234
119.29,load:text_encoder,50.858,62.133,3.852,63.234
119.792,load:text_encoder,50.868,62.133,3.852,63.234
120.293,load:text_encoder,51.932,62.133,3.857,63.234
120.793,load:text_encoder,52.674,62.133,3.857,63.234
121.294,load:text_encoder,52.674,62.133,3.855,63.234
121.795,load:text_encoder,52.684,62.133,3.854,63.234
122.296,load:text_encoder,52.85,62.133,3.855,63.234
122.796,load:text_encoder,53.583,62.133,3.856,63.234
123.297,load:text_encoder,53.583,62.133,3.858,63.234
123.798,load:text_encoder,53.592,62.133,3.859,63.234
124.298,load:text_encoder,53.758,62.133,3.859,63.234
124.799,load:text_encoder,54.491,62.133,3.858,63.234
125.3,load:text_encoder,54.579,62.133,3.86,63.234
125.801,load:text_encoder,54.667,62.133,3.859,63.234
126.302,load:text_encoder,55.399,62.133,3.86,63.234
126.803,load:text_encoder,55.399,62.133,3.862,63.234
127.303,load:text_encoder,55.487,62.133,3.861,63.234
127.804,load:text_encoder,56.307,62.133,3.855,63.234
128.305,load:text_encoder,56.307,62.133,3.86,63.234
128.806,load:text_encoder,56.395,62.133,3.86,63.234
129.306,load:text_encoder,56.483,62.133,3.864,63.234
129.807,load:text_encoder,57.216,62.133,3.858,63.234
130.308,load:text_encoder,57.216,62.133,3.863,63.234
130.809,load:text_encoder,57.303,62.133,3.863,63.234
131.31,load:text_encoder,57.635,62.133,3.863,63.234
131.811,load:text_encoder,58.124,62.133,3.864,63.234
132.311,load:text_encoder,59.042,62.133,3.853,63.234
132.812,load:text_encoder,59.208,62.133,3.858,63.234
133.313,load:text_encoder,59.94,62.133,3.862,63.234
133.813,load:text_encoder,59.94,62.133,3.858,63.234
134.314,load:text_encoder,59.95,62.133,3.864,63.234
134.815,load:text_encoder,60.36,62.133,3.862,63.234
135.316,load:text_encoder,60.848,62.133,3.865,63.234
135.816,load:text_encoder,60.848,62.133,3.866,63.234
136.317,load:text_encoder,60.858,62.133,3.873,63.234
136.818,load:text_encoder,61.223,62.133,3.869,63.234
137.319,load:text_encoder,61.469,62.133,3.869,63.234
137.821,load:text_encoder,61.649,62.133,3.869,63.234
138.322,load:text_encoder,62.125,62.133,3.872,63.236
139.923,load:text_encoder,62.133,62.133,3.753,63.236
140.423,load:text_encoder,62.133,62.133,3.856,63.236
140.924,run:text_encoder:0,62.133,62.133,3.982,63.311
141.425,run:text_encoder:0,62.133,62.133,4.076,63.311
141.925,run:text_encoder:3,62.146,62.153,4.407,63.359
142.427,load:vae_encoder,0.009,62.153,4.408,1.219
142.927,load:vae_encoder,0.482,62.153,4.411,1.688
143.428,load:vae_encoder,1.288,62.153,4.415,4.207
143.929,load:vae_encoder,2.038,62.153,4.416,4.207
144.43,load:vae_encoder,4.539,62.153,4.42,5.756
144.93,load:vae_encoder,6.603,62.153,4.416,7.818
145.431,load:vae_encoder,9.806,62.153,4.425,11.024
145.979,free:vae_encoder,0.009,62.153,4.416,11.502
146.48,load:denoise,0.663,62.153,4.415,32.068
146.98,load:denoise,0.663,62.153,4.416,32.068
147.481,load:denoise,0.734,62.153,4.418,32.068
147.982,load:denoise,0.95,62.153,4.418,32.068
148.483,load:denoise,1.237,62.153,4.417,32.068
148.983,load:denoise,1.865,62.153,4.418,32.068
149.484,load:denoise,1.865,62.153,4.419,32.068
149.985,load:denoise,1.937,62.153,4.42,32.068
150.487,load:denoise,2.152,62.153,4.418,32.068
150.987,load:denoise,2.439,62.153,4.419,32.068
151.488,load:denoise,3.068,62.153,4.42,32.068
151.989,load:denoise,3.068,62.153,4.42,32.068
152.49,load:denoise,3.139,62.153,4.405,32.068
152.99,load:denoise,3.355,62.153,4.405,32.068
153.491,load:denoise,3.642,62.153,4.408,32.068
153.992,load:denoise,3.785,62.153,4.409,32.068
154.493,load:denoise,4.001,62.153,4.41,32.068
154.994,load:denoise,4.36,62.153,4.409,32.068
155.494,load:denoise,4.503,62.153,4.411,32.068
155.995,load:denoise,4.988,62.153,4.395,32.068
156.496,load:denoise,4.988,62.153,4.4,32.068
156.996,load:denoise,5.472,62.153,4.402,32.068
157.497,load:denoise,5.472,62.153,4.405,32.068
157.998,load:denoise,5.472,62.153,4.405,32.068
158.499,load:denoise,5.688,62.153,4.408,32.068
159.0,load:denoise,6.047,62.153,4.407,32.068
159.501,load:denoise,6.19,62.153,4.408,32.068
160.001,load:denoise,6.675,62.153,4.408,32.068
160.502,load:denoise,6.675,62.153,4.409,32.068
161.003,load:denoise,6.675,62.153,4.41,32.068
161.504,load:denoise,6.89,62.153,4.414,32.068
162.004,load:denoise,7.249,62.153,4.412,32.068
162.505,load:denoise,7.249,62.153,4.41,32.068
163.008,load:denoise,7.393,62.153,4.411,32.068
163.509,load:denoise,7.877,62.153,4.412,32.068
164.009,load:denoise,7.877,62.153,4.412,32.068
164.51,load:denoise,7.949,62.153,4.412,32.068
165.011,load:denoise,8.093,62.153,4.412,32.068
165.512,load:denoise,8.452,62.153,4.415,32.068
166.013,load:denoise,8.595,62.153,4.416,32.068
166.513,load:denoise,8.667,62.153,4.416,32.068
167.014,load:denoise,8.882,62.153,4.416,32.068
167.515,load:denoise,9.367,62.153,4.412,32.068
168.015,load:denoise,9.367,62.153,4.409,32.068
168.516,load:denoise,9.511,62.153,4.404,32.068
169.017,load:denoise,9.941,62.153,4.403,32.068
169.518,load:denoise,9.941,62.153,4.404,32.068
170.018,load:denoise,10.085,62.153,4.405,32.068
170.519,load:denoise,10.641,62.153,4.407,32.068
171.02,load:denoise,10.641,62.153,4.399,32.068
171.521,load:denoise,10.928,62.153,4.403,32.068
172.022,load:denoise,10.928,62.153,4.404,32.068
172.522,load:denoise,11.557,62.153,4.41,32.068
173.023,load:denoise,11.557,62.153,4.406,32.068
173.524,load:denoise,11.557,62.153,4.406,32.068
174.025,load:denoise,11.772,62.153,4.407,32.068
174.525,load:denoise,12.131,62.153,4.406,32.068
175.026,load:denoise,12.274,62.153,4.407,32.068
175.527,load:denoise,12.759,62.153,4.408,32.068
176.028,load:denoise,12.759,62.153,4.409,32.068
176.528,load:denoise,12.759,62.153,4.408,32.068
177.029,load:denoise,12.974,62.153,4.409,32.068
177.53,load:denoise,13.333,62.153,4.411,32.068
178.031,load:denoise,13.477,62.153,4.414,32.068
178.532,load:denoise,13.962,62.153,4.41,32.068
179.032,load:denoise,13.962,62.153,4.41,32.068
179.533,load:denoise,14.033,62.153,4.412,32.068
180.034,load:denoise,14.464,62.153,4.414,32.068
180.534,load:denoise,14.608,62.153,4.418,32.068
181.035,load:denoise,15.092,62.153,4.418,32.068
181.536,load:denoise,15.092,62.153,4.419,32.068
182.037,load:denoise,15.236,62.153,4.417,32.068
182.538,load:denoise,15.666,62.153,4.416,32.068
183.039,load:denoise,15.666,62.153,4.417,32.068
183.539,load:denoise,16.295,62.153,4.418,32.068
184.04,load:denoise,16.295,62.153,4.415,32.068
184.541,load:denoise,16.295,62.153,4.414,32.068
185.042,load:denoise,16.51,62.153,4.414,32.068
185.542,load:denoise,16.869,62.153,4.414,32.068
186.043,load:denoise,16.869,62.153,4.43,32.068
186.544,load:denoise,17.084,62.153,4.42,32.068
187.045,load:denoise,17.3,62.153,4.419,32.068
187.546,load:denoise,17.587,62.153,4.419,32.068
188.047,load:denoise,17.73,62.153,4.424,32.068
188.547,load:denoise,18.215,62.153,4.402,32.068
189.048,load:denoise,18.215,62.153,4.403,32.068
189.549,load:denoise,18.7,62.153,4.406,32.068
190.049,load:denoise,18.7,62.153,4.411,32.068
190.55,load:denoise,18.7,62.153,4.41,32.068
191.051,load:denoise,18.915,62.153,4.409,32.068
191.552,load:denoise,19.274,62.153,4.407,32.068
192.052,load:denoise,19.417,62.153,4.412,32.068
192.554,load:denoise,19.902,62.153,4.408,32.068
193.054,load:denoise,19.902,62.153,4.407,32.068
193.555,load:denoise,20.046,62.153,4.407,32.068
194.056,load:denoise,20.189,62.153,4.373,32.068
194.557,load:denoise,20.476,62.153,4.38,32.068
195.057,load:denoise,21.105,62.153,4.378,32.068
195.558,load:denoise,21.105,62.153,4.381,32.068
196.059,load:denoise,21.105,62.153,4.386,32.068
196.559,load:denoise,21.32,62.153,4.381,32.068
197.06,load:denoise,21.679,62.153,4.382,32.068
197.561,load:denoise,21.679,62.153,4.382,32.068
198.062,load:denoise,21.894,62.153,4.391,32.068
198.563,load:denoise,22.038,62.153,4.393,32.068
199.064,load:denoise,22.594,62.153,4.383,32.068
199.564,load:denoise,22.594,62.153,4.383,32.068
200.065,load:denoise,22.881,62.153,4.385,32.068
200.566,load:denoise,22.881,62.153,4.379,32.068
201.067,load:denoise,23.025,62.153,4.381,32.068
201.567,load:denoise,23.51,62.153,4.381,32.068
202.068,load:denoise,23.51,62.153,4.385,32.068
202.569,load:denoise,23.653,62.153,4.384,32.068
203.07,load:denoise,24.084,62.153,4.384,32.068
203.571,load:denoise,24.227,62.153,4.385,32.068
204.072,load:denoise,24.712,62.153,4.386,32.068
204.572,load:denoise,24.712,62.153,4.387,32.068
205.073,load:denoise,24.784,62.153,4.389,32.068
205.574,load:denoise,24.999,62.153,4.388,32.068
206.074,load:denoise,25.286,62.153,4.389,32.068
206.575,load:denoise,25.43,62.153,4.392,32.068
207.076,load:denoise,25.914,62.153,4.393,32.068
207.577,load:denoise,25.914,62.153,4.396,32.068
208.078,load:denoise,26.202,62.153,4.395,32.068
208.579,load:denoise,26.489,62.153,4.395,32.068
209.079,load:denoise,26.704,62.153,4.395,32.068
209.58,load:denoise,27.189,62.153,4.386,32.068
210.081,load:denoise,27.189,62.153,4.385,32.068
210.582,load:denoise,27.332,62.153,4.39,32.068
211.1,load:denoise,27.691,62.153,4.449,32.068
211.6,load:denoise,27.691,62.153,4.39,32.068
212.101,load:denoise,28.319,62.153,4.389,32.068
212.602,load:denoise,28.319,62.153,4.39,32.068
213.103,load:denoise,28.319,62.153,4.389,32.068
213.604,load:denoise,28.463,62.153,4.39,32.068
214.105,load:denoise,28.894,62.153,4.39,32.068
214.606,load:denoise,28.894,62.153,4.391,32.068
215.106,load:denoise,29.037,62.153,4.392,32.068
215.607,load:denoise,29.522,62.153,4.394,32.068
216.108,load:denoise,29.522,62.153,4.397,32.068
216.609,load:denoise,29.594,62.153,4.399,32.068
217.11,load:denoise,29.809,62.153,4.399,32.068
217.611,load:denoise,30.096,62.153,4.398,32.068
218.111,load:denoise,30.24,62.153,4.4,32.068
218.613,load:denoise,30.383,62.153,4.398,32.068
219.114,load:denoise,30.527,62.153,4.399,32.068
219.614,load:denoise,30.814,62.153,4.4,32.068
220.115,load:denoise,30.958,62.153,4.401,32.213
220.616,load:denoise,31.443,62.153,4.395,32.699
221.117,load:denoise,31.443,62.153,4.393,32.699
221.617,load:denoise,31.928,62.153,4.392,33.186
222.118,load:denoise,31.928,62.153,4.395,33.186
222.619,load:denoise,32.0,62.153,4.395,33.258
223.12,load:denoise,32.217,62.153,4.395,33.475
223.62,load:denoise,32.504,62.153,4.394,33.762
224.121,load:denoise,32.649,62.153,4.395,33.906
224.622,load:denoise,33.133,62.153,4.397,34.393
225.123,load:denoise,33.133,62.153,4.395,34.393
225.624,load:denoise,33.278,62.153,4.396,34.537
226.124,load:denoise,33.709,62.153,4.398,34.969
226.625,load:denoise,33.709,62.153,4.4,34.969
227.126,load:denoise,34.339,62.153,4.398,35.6
227.627,load:denoise,34.339,62.153,4.399,35.6
228.127,load:denoise,34.339,62.153,4.4,35.6
228.628,load:denoise,34.555,62.153,4.4,35.817
229.129,load:denoise,34.915,62.153,4.4,36.176
229.63,load:denoise,35.059,62.153,4.4,36.32
230.131,load:denoise,35.276,62.153,4.4,36.537
230.632,load:denoise,35.833,62.153,4.393,37.096
231.133,load:denoise,35.833,62.153,4.392,37.096
231.633,load:denoise,36.12,62.153,4.394,37.383
232.134,load:denoise,36.12,62.153,4.394,37.383
232.635,load:denoise,36.749,62.153,4.397,38.014
233.136,load:denoise,36.749,62.153,4.396,38.014
233.636,load:denoise,36.822,62.153,4.396,38.086
234.137,load:denoise,37.326,62.153,4.396,38.59
234.638,load:denoise,37.47,62.153,4.398,38.734
235.139,load:denoise,37.955,62.153,4.398,39.221
235.64,load:denoise,37.955,62.153,4.398,39.221
236.14,load:denoise,38.172,62.153,4.398,39.438
236.641,load:denoise,38.531,62.153,4.4,39.797
237.142,load:denoise,38.676,62.153,4.399,39.942
237.643,load:denoise,39.16,62.153,4.4,40.428
238.143,load:denoise,39.16,62.153,4.418,40.428
238.644,load:denoise,39.232,62.153,4.422,40.5
239.145,load:denoise,39.449,62.153,4.422,40.717
239.646,load:denoise,39.736,62.153,4.424,41.004
240.147,load:denoise,39.881,62.153,4.422,41.149
240.648,load:denoise,40.438,62.153,4.415,41.707
241.148,load:denoise,40.438,62.153,4.415,41.707
241.649,load:denoise,40.582,62.153,4.417,41.852
242.15,load:denoise,40.942,62.153,4.416,42.211
242.651,load:denoise,40.942,62.153,4.416,42.211
243.151,load:denoise,41.571,62.153,4.416,42.842
243.652,load:denoise,41.571,62.153,4.417,42.842
244.153,load:denoise,41.643,62.153,4.42,42.914
244.655,load:denoise,41.86,62.153,4.422,43.131
245.155,load:denoise,42.147,62.153,4.423,43.418
245.656,load:denoise,42.292,62.153,4.424,43.563
246.157,load:denoise,42.776,62.153,4.424,44.049
246.658,load:denoise,42.776,62.153,4.425,44.049
247.158,load:denoise,42.849,62.153,4.423,44.121
247.659,load:denoise,43.065,62.153,4.424,44.338
248.16,load:denoise,43.353,62.153,4.421,44.625
248.661,load:denoise,43.497,62.153,4.42,44.77
249.161,load:denoise,43.642,62.153,4.423,44.914
249.663,load:denoise,44.073,62.153,4.424,45.346
250.163,load:denoise,44.073,62.153,4.425,45.346
250.683,load:denoise,44.218,62.153,4.418,45.49
251.184,load:denoise,44.703,62.153,4.419,45.977
251.685,load:denoise,45.187,62.153,4.419,46.463
252.185,load:denoise,45.187,62.153,4.406,46.463
252.686,load:denoise,45.187,62.153,4.41,46.463
253.187,load:denoise,45.332,62.153,4.412,46.608
253.688,load:denoise,45.763,62.153,4.411,47.039
254.188,load:denoise,45.763,62.153,4.412,47.039
254.689,load:denoise,45.908,62.153,4.413,47.184
255.19,load:denoise,46.393,62.153,4.418,47.672
255.691,load:denoise,46.393,62.153,4.421,47.672
256.192,load:denoise,46.465,62.153,4.422,47.744
256.692,load:denoise,46.609,62.153,4.423,47.889
257.193,load:denoise,46.969,62.153,4.426,48.248
257.694,load:denoise,46.969,62.153,4.426,48.248
258.195,load:denoise,47.598,62.153,4.426,48.879
258.695,load:denoise,47.598,62.153,4.427,48.879
259.196,load:denoise,47.598,62.153,4.428,48.879
259.697,load:denoise,47.67,62.153,4.428,48.951
260.198,load:denoise,47.887,62.153,4.427,49.168
260.699,load:denoise,48.174,62.153,4.428,49.455
261.2,load:denoise,48.319,62.153,4.43,49.6
261.7,load:denoise,48.391,62.153,4.43,49.672
262.201,load:denoise,48.608,62.153,4.43,49.889
262.702,load:denoise,49.093,62.153,4.423,50.375
263.203,load:denoise,49.093,62.153,4.425,50.375
263.703,load:denoise,49.38,62.153,4.425,50.662
264.204,load:denoise,49.38,62.153,4.425,50.662
264.705,load:denoise,49.524,62.153,4.424,50.807
265.206,load:denoise,50.009,62.153,4.426,51.293
265.707,load:denoise,50.009,62.153,4.426,51.293
266.207,load:denoise,50.081,62.153,4.427,51.365
266.709,load:denoise,51.214,62.153,4.429,52.5
267.209,load:denoise,52.42,62.153,4.433,53.707
267.837,load:denoise,53.213,62.153,4.425,54.5
268.338,load:denoise,54.346,62.153,4.427,55.635
268.839,load:denoise,55.407,62.153,4.429,56.697
269.34,load:denoise,56.612,62.153,4.432,57.904
270.008,load:denoise,57.477,62.153,4.425,58.77
270.508,load:denoise,58.487,62.153,4.427,59.779
271.009,load:denoise,59.888,62.153,4.429,61.186
271.51,load:denoise,60.464,62.153,4.432,61.762
272.011,load:denoise,61.67,62.153,4.434,62.969
272.511,load:denoise,61.814,62.153,4.434,63.113
273.013,load:denoise,61.814,62.153,4.424,63.113
273.514,run:denoise:0,62.626,62.626,4.503,63.906
274.015,run:denoise:0,62.626,62.626,4.505,63.906
274.515,run:denoise:0,62.626,62.626,4.506,63.906
275.017,run:denoise:0,62.626,62.626,4.703,63.906
275.519,run:denoise:0,62.626,62.626,4.754,63.906
276.021,run:denoise:0,62.626,62.626,4.781,63.906
276.521,run:denoise:0,62.626,62.665,4.806,63.945
277.022,run:denoise:0,62.665,62.665,4.838,63.945
277.525,run:denoise:0,62.626,62.738,4.861,64.018
278.109,run:denoise:0,62.626,62.738,4.91,64.018
278.61,run:denoise:0,62.626,62.738,5.057,64.018
279.111,run:denoise:0,62.737,62.738,5.052,64.018
279.612,run:denoise:0,62.626,62.738,5.139,64.018
280.113,run:denoise:0,62.626,62.738,5.105,64.018
280.613,run:denoise:0,62.626,62.738,5.142,64.018
281.114,run:denoise:0,62.626,62.738,5.143,64.018
281.625,run:denoise:0,62.626,62.738,5.148,64.018
282.14,run:denoise:0,62.626,62.738,5.149,64.018
282.641,run:denoise:0,62.626,62.738,5.241,64.018
283.148,run:denoise:0,62.627,62.738,5.247,64.018
283.654,run:denoise:0,62.626,62.738,5.255,64.018
284.154,run:denoise:0,62.626,62.738,5.521,64.018
284.655,run:denoise:0,62.738,62.738,5.506,64.018
285.157,run:denoise:0,62.952,62.953,5.522,64.449
285.67,run:denoise:0,62.626,62.953,5.595,64.449
286.171,run:denoise:0,62.81,62.953,5.574,64.449
286.671,run:denoise:0,62.81,62.953,5.574,64.449
287.173,run:denoise:0,62.626,62.953,5.578,64.449
287.674,run:denoise:0,62.626,62.953,5.605,64.449
288.174,run:denoise:0,62.953,62.953,5.597,64.449
288.675,run:denoise:0,62.626,62.953,5.62,64.449
289.176,run:denoise:0,62.626,62.953,5.606,64.449
289.676,run:denoise:0,62.626,62.953,5.626,64.449
290.181,run:denoise:0,62.626,62.953,5.631,64.449
290.682,run:denoise:0,62.626,62.953,5.633,64.449
291.182,run:denoise:0,62.627,62.953,5.634,64.449
291.683,run:denoise:0,62.626,62.953,5.644,64.449
292.191,run:denoise:0,63.004,63.755,5.678,65.586
292.721,run:denoise:0,63.004,63.755,5.681,65.586
293.225,run:denoise:0,63.004,63.755,5.715,65.586
293.725,run:denoise:0,63.528,63.755,5.7,66.072
294.228,run:denoise:0,63.528,63.755,5.699,66.072
294.728,run:denoise:0,63.004,63.755,5.717,66.072
295.229,run:denoise:0,63.004,63.755,5.71,66.072
295.73,run:denoise:0,63.004,63.755,5.713,66.072
296.233,run:denoise:0,63.004,63.755,5.723,66.072
296.734,run:denoise:0,63.421,63.755,5.732,66.072
297.235,run:denoise:0,63.382,63.755,5.732,66.072
297.735,run:denoise:0,63.382,63.755,5.734,66.072
298.252,run:denoise:0,63.382,63.755,5.735,66.072
298.753,run:denoise:0,63.382,63.755,5.739,66.072
299.271,run:denoise:0,63.382,63.755,5.739,66.072
299.775,run:denoise:0,63.382,63.755,5.742,66.072
300.281,run:denoise:0,63.382,64.752,5.741,66.576
300.806,run:denoise:0,63.382,64.752,5.806,66.576
301.307,run:denoise:0,64.335,64.752,5.78,66.576
301.807,run:denoise:0,64.375,64.752,5.78,66.576
302.308,run:denoise:0,64.375,64.752,5.78,66.576
302.809,run:denoise:0,64.335,64.752,5.78,66.576
303.31,run:denoise:0,64.335,64.752,5.78,66.576
303.81,run:denoise:0,64.335,64.752,5.778,66.576
304.311,run:denoise:0,64.375,64.752,5.777,66.576
304.812,run:denoise:0,64.335,64.752,5.777,66.576
305.338,run:denoise:0,63.382,64.752,5.781,66.576
305.839,run:denoise:0,63.893,64.752,5.794,66.576
306.34,run:denoise:0,63.932,64.752,5.799,66.576
306.872,run:denoise:0,64.783,64.822,5.806,67.08
307.373,run:denoise:0,64.783,64.822,5.807,67.08
307.874,run:denoise:0,66.168,66.207,5.807,68.088
308.378,run:denoise:0,66.168,66.207,5.809,68.088
309.144,run:denoise:0,64.893,66.207,5.809,68.088
309.669,run:denoise:0,64.893,66.207,5.81,68.088
310.169,run:denoise:0,64.893,66.207,5.81,68.088
310.687,run:denoise:0,64.893,66.207,5.813,68.088
311.193,run:denoise:0,65.652,66.207,5.811,68.088
311.694,run:denoise:0,65.652,66.207,5.821,68.088
312.195,run:denoise:0,65.691,66.207,5.813,68.088
312.695,run:denoise:0,65.652,66.207,5.813,68.088
313.196,run:denoise:0,65.652,66.207,5.812,68.088
313.699,run:denoise:0,66.408,66.447,5.814,68.592
314.2,run:denoise:0,65.005,66.447,5.811,68.592
314.701,run:denoise:0,64.389,66.447,5.865,68.592
315.202,run:denoise:0,65.382,66.447,5.827,68.592
315.708,run:denoise:0,65.343,66.447,5.828,68.592
316.209,run:denoise:0,65.382,66.447,5.828,68.592
316.709,run:denoise:0,65.382,66.447,5.828,68.592
317.21,run:denoise:0,65.382,66.447,5.827,68.592
317.711,run:denoise:0,65.382,66.447,5.828,68.592
318.212,run:denoise:0,65.382,66.447,5.829,68.592
318.712,run:denoise:0,65.343,66.447,5.83,68.592
319.217,run:denoise:0,63.382,66.447,5.833,68.592
319.718,run:denoise:0,64.424,66.447,5.835,72.623
320.219,run:denoise:0,64.463,66.479,5.833,72.623
320.818,run:denoise:0,63.382,66.479,5.876,72.623
321.319,run:denoise:0,63.382,66.479,5.885,72.623
321.82,run:denoise:0,64.912,66.479,5.865,72.623
322.321,run:denoise:0,64.951,66.479,5.866,72.623
322.821,run:denoise:0,64.951,66.479,5.866,72.623
323.322,run:denoise:0,64.951,66.479,5.865,72.623
323.823,run:denoise:0,64.951,66.479,5.865,72.623
324.324,run:denoise:0,64.951,66.479,5.867,72.623
324.825,run:denoise:0,64.951,66.479,5.867,72.623
325.325,run:denoise:0,64.951,66.479,5.868,72.623
325.826,run:denoise:0,64.951,66.479,5.868,72.623
326.327,run:denoise:0,64.912,66.479,5.87,72.623
326.828,run:denoise:0,64.912,66.479,5.869,72.623
327.328,run:denoise:0,64.951,66.479,5.869,72.623
327.829,run:denoise:0,64.951,66.479,5.869,72.623
328.33,run:denoise:0,64.951,66.479,5.866,72.623
328.831,run:denoise:0,64.912,66.479,5.883,72.623
329.331,run:denoise:0,64.951,66.479,5.87,72.623
329.832,run:denoise:0,66.462,66.479,6.388,72.623
330.337,run:denoise:0,66.423,66.479,6.387,72.623
330.869,run:denoise:0,66.423,66.479,6.388,72.623
331.37,run:denoise:0,67.631,67.631,6.389,72.623
331.871,run:denoise:0,66.101,67.631,6.389,72.623
332.372,run:denoise:0,66.101,67.631,6.389,72.623
332.873,run:denoise:0,66.101,67.631,6.389,72.623
333.373,run:denoise:0,66.101,67.631,6.39,72.623
333.874,run:denoise:0,66.101,67.631,6.389,72.623
334.375,run:denoise:0,66.062,67.631,6.388,72.623
334.876,run:denoise:0,66.101,67.631,6.387,72.623
335.376,run:denoise:0,66.101,67.631,6.387,72.623
335.877,run:denoise:0,66.101,67.631,6.388,72.623
336.378,run:denoise:0,66.101,67.631,6.388,72.623
336.879,run:denoise:0,66.101,67.631,6.388,72.623
337.38,run:denoise:0,66.101,67.631,6.387,72.623
337.88,run:denoise:0,66.101,67.631,6.387,72.623
338.381,run:denoise:0,66.062,67.631,6.389,72.623
338.882,run:denoise:0,66.101,67.631,6.389,72.623
339.383,run:denoise:0,66.101,67.631,6.389,72.623
339.883,run:denoise:0,66.101,67.631,6.389,72.623
340.384,run:denoise:0,66.101,67.631,6.389,72.623
340.885,run:denoise:0,66.101,67.631,6.39,72.623
341.386,run:denoise:0,66.062,67.631,6.39,72.623
341.886,run:denoise:0,66.101,67.631,6.39,72.623
342.387,run:denoise:0,66.101,67.631,6.389,72.623
342.888,run:denoise:0,66.101,67.631,6.388,72.623
343.389,run:denoise:0,66.101,67.631,6.388,72.623
343.889,run:denoise:0,66.101,67.631,6.388,72.623
344.407,run:denoise:0,66.062,67.631,6.389,72.623
344.908,run:denoise:0,66.101,67.631,6.39,72.623
345.409,run:denoise:0,66.062,67.631,6.39,72.623
345.911,run:denoise:0,63.382,67.631,6.392,72.623
346.412,run:denoise:0,63.382,67.631,6.412,72.623
346.912,run:denoise:0,63.382,67.631,6.423,72.623
347.413,run:denoise:0,63.382,67.631,6.405,72.623
347.914,run:denoise:0,63.382,67.631,6.414,72.623
348.415,run:denoise:0,63.759,67.631,6.419,72.623
348.936,run:denoise:0,63.759,67.631,6.419,72.623
349.437,run:denoise:0,63.759,67.631,6.433,72.623
349.938,run:denoise:0,63.759,67.631,6.422,72.623
350.439,run:denoise:0,63.759,67.631,6.424,72.623
350.968,run:denoise:0,66.405,67.631,6.424,72.623
351.469,run:denoise:0,66.405,67.631,6.426,72.623
351.969,run:denoise:0,63.759,67.631,6.426,72.623
352.47,run:denoise:0,63.759,67.631,6.427,72.623
352.971,run:denoise:0,63.759,67.631,6.429,72.623
353.503,run:denoise:0,63.381,67.631,6.429,72.623
354.004,run:denoise:0,64.641,67.631,6.429,72.623
354.505,run:denoise:0,64.892,67.631,6.428,72.623
355.006,run:denoise:0,64.892,67.631,6.428,72.623
355.507,run:denoise:0,64.892,67.631,6.428,72.623
356.007,run:denoise:0,64.892,67.631,6.428,72.623
356.508,run:denoise:0,64.892,67.631,6.428,72.623
357.009,run:denoise:0,64.892,67.631,6.428,72.623
357.522,run:denoise:0,64.892,67.631,6.444,72.623
358.023,run:denoise:0,64.892,67.631,6.43,72.623
358.524,run:denoise:0,64.892,67.631,6.429,72.623
359.025,run:denoise:0,64.892,67.631,6.431,72.623
359.526,run:denoise:0,64.892,67.631,6.431,72.623
360.027,run:denoise:0,64.892,67.631,6.431,72.623
360.528,run:denoise:0,64.892,67.631,6.431,72.623
361.028,run:denoise:0,64.892,67.631,6.429,72.623
361.529,run:denoise:0,64.892,67.631,6.43,72.623
362.03,run:denoise:0,64.892,67.631,6.429,72.623
362.531,run:denoise:0,64.892,67.631,6.429,72.623
363.032,run:denoise:0,64.892,67.631,6.43,72.623
363.532,run:denoise:0,64.892,67.631,6.43,72.623
364.034,run:denoise:0,64.892,67.631,6.428,72.623
364.535,run:denoise:0,64.892,67.631,6.428,72.623
365.035,run:denoise:0,64.892,67.631,6.429,72.623
365.536,run:denoise:0,64.892,67.631,6.429,72.623
366.037,run:denoise:0,64.892,67.631,6.43,72.623
366.538,run:denoise:0,64.892,67.631,6.429,72.623
367.038,run:denoise:0,64.892,67.631,6.429,72.623
367.539,run:denoise:0,64.892,67.631,6.429,72.623
368.07,run:denoise:0,64.15,67.631,6.437,72.623
368.572,run:denoise:0,64.15,67.631,6.434,72.623
369.073,run:denoise:0,64.15,67.631,6.482,72.623
369.576,run:denoise:0,64.635,67.631,6.44,72.623
370.08,run:denoise:0,64.15,67.631,6.453,72.623
370.581,run:denoise:0,64.15,67.631,6.449,72.623
371.082,run:denoise:0,64.15,67.631,6.449,72.623
371.582,run:denoise:0,64.15,67.631,6.459,72.623
372.083,run:denoise:0,64.189,67.631,6.463,72.623
372.584,run:denoise:0,64.528,67.631,6.469,72.623
373.085,run:denoise:0,64.528,67.631,6.466,72.623
373.585,run:denoise:0,64.528,67.631,6.483,72.623
374.104,run:denoise:0,64.528,67.631,6.469,72.623
374.605,run:denoise:0,64.528,67.631,6.482,72.623
375.107,run:denoise:0,65.032,67.631,6.468,72.623
375.608,run:denoise:0,66.04,67.631,6.469,72.623
376.108,run:denoise:0,66.079,67.631,6.471,72.623
376.61,run:denoise:0,66.079,67.631,6.474,72.623
377.111,run:denoise:0,64.528,67.631,6.477,72.623
377.611,run:denoise:0,64.528,67.631,6.478,72.623
378.112,run:denoise:0,64.528,67.631,6.48,72.623
378.613,run:denoise:0,64.528,67.631,6.482,72.623
379.114,run:denoise:0,64.528,67.631,6.493,72.623
379.614,run:denoise:0,64.906,67.631,6.483,72.623
380.115,run:denoise:0,64.945,67.631,6.483,72.623
380.616,run:denoise:0,64.906,67.631,6.495,72.623
381.117,run:denoise:0,64.906,67.631,6.484,72.623
381.617,run:denoise:0,67.591,67.631,6.486,72.623
382.119,run:denoise:0,64.945,67.631,6.483,72.623
382.62,run:denoise:0,64.906,67.631,6.495,72.623
383.121,run:denoise:0,64.905,67.631,6.484,72.623
383.622,run:denoise:0,64.906,67.631,6.486,72.623
384.122,run:denoise:0,65.032,67.631,6.486,72.623
384.623,run:denoise:0,63.003,67.631,6.485,72.623
385.134,run:denoise:0,63.772,67.631,6.487,72.623
385.635,run:denoise:0,64.15,67.631,6.486,72.623
386.135,run:denoise:0,65.283,67.631,6.487,72.623
386.636,run:denoise:0,64.905,67.631,6.487,72.623
387.137,run:denoise:0,64.905,67.631,6.487,72.623
387.638,run:denoise:0,64.905,67.631,6.487,72.623
388.139,run:denoise:0,64.905,67.631,6.486,72.623
388.64,run:denoise:0,64.905,67.631,6.487,72.623
389.141,run:denoise:0,64.905,67.631,6.487,72.623
389.641,run:denoise:0,64.905,67.631,6.487,72.623
390.142,run:denoise:0,64.905,67.631,6.487,72.623
390.643,run:denoise:0,64.905,67.631,6.487,72.623
391.144,run:denoise:0,64.905,67.631,6.487,72.623
391.644,run:denoise:0,64.905,67.631,6.488,72.623
392.145,run:denoise:0,64.905,67.631,6.486,72.623
392.646,run:denoise:0,64.905,67.631,6.486,72.623
393.147,run:denoise:0,64.905,67.631,6.486,72.623
393.648,run:denoise:0,64.905,67.631,6.488,72.623
394.149,run:denoise:0,64.905,67.631,6.488,72.623
394.65,run:denoise:0,64.905,67.631,6.488,72.623
395.151,run:denoise:0,64.905,67.631,6.488,72.623
395.651,run:denoise:0,64.905,67.631,6.487,72.623
396.152,run:denoise:0,64.905,67.631,6.488,72.623
396.653,run:denoise:0,64.905,67.631,6.489,72.623
397.154,run:denoise:0,64.905,67.631,6.489,72.623
397.654,run:denoise:0,64.905,67.631,6.488,72.623
398.156,run:denoise:0,64.906,67.631,6.487,72.623
398.657,run:denoise:0,64.906,67.631,6.487,72.623
399.157,run:denoise:0,64.905,67.631,6.489,72.623
399.658,run:denoise:0,65.032,67.631,6.491,72.623
400.159,run:denoise:0,63.003,67.631,6.488,72.623
400.81,run:denoise:0,63.773,67.631,6.487,72.623
401.433,run:denoise:0,65.552,67.631,6.484,72.623
401.934,run:denoise:0,64.906,67.631,6.483,72.623
402.434,run:denoise:0,64.906,67.631,6.484,72.623
402.935,run:denoise:0,64.906,67.631,6.484,72.623
403.437,run:denoise:0,64.906,67.631,6.484,72.623
403.937,run:denoise:0,64.906,67.631,6.485,72.623
404.438,run:denoise:0,64.906,67.631,6.485,72.623
404.939,run:denoise:0,64.906,67.631,6.484,72.623
405.44,run:denoise:0,64.906,67.631,6.485,72.623
405.941,run:denoise:0,64.906,67.631,6.484,72.623
406.441,run:denoise:0,64.906,67.631,6.484,72.623
406.942,run:denoise:0,64.906,67.631,6.484,72.623
407.443,run:denoise:0,64.906,67.631,6.485,72.623
407.944,run:denoise:0,64.906,67.631,6.486,72.623
408.444,run:denoise:0,64.906,67.631,6.486,72.623
408.946,run:denoise:0,64.906,67.631,6.486,72.623
409.447,run:denoise:0,64.906,67.631,6.486,72.623
409.948,run:denoise:0,64.906,67.631,6.487,72.623
410.448,run:denoise:0,64.906,67.631,6.486,72.623
410.949,run:denoise:0,64.906,67.631,6.486,72.623
411.45,run:denoise:0,64.906,67.631,6.487,72.623
411.951,run:denoise:0,64.906,67.631,6.487,72.623
412.451,run:denoise:0,64.906,67.631,6.486,72.623
412.952,run:denoise:0,64.906,67.631,6.486,72.623
413.453,run:denoise:0,64.906,67.631,6.486,72.623
413.954,run:denoise:0,64.906,67.631,6.487,72.623
414.455,run:denoise:0,64.906,67.631,6.486,72.623
414.956,run:denoise:0,64.905,67.631,6.486,72.623
415.457,run:denoise:0,64.905,67.631,6.486,72.623
415.958,run:denoise:0,65.032,67.631,6.487,72.623
416.458,run:denoise:0,65.283,67.631,6.486,72.623
417.021,run:denoise:0,63.772,67.631,6.486,72.623
417.522,run:denoise:0,64.532,67.631,6.486,72.623
418.023,run:denoise:0,65.283,67.631,6.485,72.623
418.523,run:denoise:0,64.906,67.631,6.485,72.623
419.024,run:denoise:0,64.906,67.631,6.484,72.623
419.526,run:denoise:0,64.906,67.631,6.487,72.623
420.026,run:denoise:0,64.906,67.631,6.487,72.623
420.527,run:denoise:0,64.906,67.631,6.489,72.623
421.028,run:denoise:0,64.906,67.631,6.489,72.623
421.529,run:denoise:0,64.906,67.631,6.489,72.623
422.03,run:denoise:0,64.906,67.631,6.488,72.623
422.53,run:denoise:0,64.906,67.631,6.487,72.623
423.031,run:denoise:0,64.906,67.631,6.486,72.623
423.532,run:denoise:0,64.906,67.631,6.486,72.623
424.033,run:denoise:0,64.906,67.631,6.488,72.623
424.534,run:denoise:0,64.906,67.631,6.488,72.623
425.035,run:denoise:0,64.906,67.631,6.488,72.623
425.536,run:denoise:0,64.906,67.631,6.488,72.623
426.037,run:denoise:0,64.906,67.631,6.488,72.623
426.537,run:denoise:0,64.906,67.631,6.488,72.623
427.038,run:denoise:0,64.906,67.631,6.487,72.623
427.539,run:denoise:0,64.906,67.631,6.487,72.623
428.04,run:denoise:0,64.906,67.631,6.488,72.623
428.54,run:denoise:0,64.906,67.631,6.487,72.623
429.041,run:denoise:0,64.906,67.631,6.487,72.623
429.542,run:denoise:0,64.906,67.631,6.487,72.623
430.043,run:denoise:0,64.905,67.631,6.489,72.623
430.544,run:denoise:0,64.906,67.631,6.488,72.623
431.044,run:denoise:0,64.906,67.631,6.489,72.623
431.545,run:denoise:0,64.906,67.631,6.489,72.623
432.046,run:denoise:0,64.905,67.631,6.49,72.623
432.547,run:denoise:0,64.905,67.631,6.487,72.623
433.047,run:denoise:0,65.032,67.631,6.487,72.623
433.548,run:denoise:0,67.051,67.631,6.487,72.623
434.049,run:denoise:0,62.99,67.631,6.442,72.623
434.604,run:denoise:0,63.773,67.631,6.438,72.623
435.226,run:denoise:0,65.552,67.631,6.437,72.623
435.727,run:denoise:0,64.905,67.631,6.437,72.623
436.228,run:denoise:0,64.905,67.631,6.44,72.623
436.729,run:denoise:0,64.905,67.631,6.44,72.623
437.23,run:denoise:0,64.905,67.631,6.44,72.623
437.73,run:denoise:0,64.905,67.631,6.44,72.623
438.231,run:denoise:0,64.905,67.631,6.439,72.623
438.732,run:denoise:0,64.905,67.631,6.439,72.623
439.233,run:denoise:0,64.905,67.631,6.439,72.623
439.733,run:denoise:0,64.905,67.631,6.439,72.623
440.235,run:denoise:0,64.905,67.631,6.439,72.623
440.736,run:denoise:0,64.905,67.631,6.439,72.623
441.236,run:denoise:0,64.905,67.631,6.439,72.623
441.737,run:denoise:0,64.905,67.631,6.439,72.623
442.238,run:denoise:0,64.905,67.631,6.437,72.623
442.739,run:denoise:0,64.905,67.631,6.436,72.623
443.24,run:denoise:0,64.905,67.631,6.436,72.623
443.74,run:denoise:0,64.905,67.631,6.435,72.623
444.241,run:denoise:0,64.905,67.631,6.435,72.623
444.742,run:denoise:0,64.905,67.631,6.437,72.623
445.244,run:denoise:0,64.905,67.631,6.437,72.623
445.744,run:denoise:0,64.905,67.631,6.436,72.623
446.245,run:denoise:0,64.905,67.631,6.437,72.623
446.746,run:denoise:0,64.905,67.631,6.438,72.623
447.247,run:denoise:0,64.905,67.631,6.437,72.623
447.748,run:denoise:0,64.905,67.631,6.438,72.623
448.248,run:denoise:0,64.905,67.631,6.439,72.623
448.749,run:denoise:0,64.906,67.631,6.439,72.623
449.25,run:denoise:0,64.906,67.631,6.438,72.623
449.751,run:denoise:0,65.032,67.631,6.439,72.623
450.275,run:denoise:0,66.307,67.631,6.438,72.623
450.777,run:denoise:0,62.99,67.631,6.439,72.623
451.335,run:denoise:0,63.773,67.631,6.439,72.623
451.958,run:denoise:0,65.552,67.631,6.439,72.623
452.459,run:denoise:0,64.906,67.631,6.439,72.623
452.959,run:denoise:0,64.906,67.631,6.439,72.623
453.46,run:denoise:0,64.906,67.631,6.439,72.623
453.961,run:denoise:0,64.906,67.631,6.439,72.623
454.462,run:denoise:0,64.906,67.631,6.438,72.623
454.963,run:denoise:0,64.906,67.631,6.439,72.623
455.463,run:denoise:0,64.906,67.631,6.439,72.623
455.965,run:denoise:0,64.906,67.631,6.438,72.623
456.466,run:denoise:0,64.906,67.631,6.439,72.623
456.966,run:denoise:0,64.906,67.631,6.439,72.623
457.467,run:denoise:0,64.906,67.631,6.438,72.623
457.968,run:denoise:0,64.906,67.631,6.438,72.623
458.469,run:denoise:0,64.906,67.631,6.438,72.623
458.97,run:denoise:0,64.906,67.631,5.693,72.623
459.47,run:denoise:0,64.906,67.631,5.693,72.623
459.971,run:denoise:0,64.906,67.631,5.694,72.623
460.472,run:denoise:0,64.906,67.631,5.694,72.623
460.973,run:denoise:0,64.906,67.631,5.694,72.623
461.474,run:denoise:0,64.906,67.631,5.694,72.623
461.975,run:denoise:0,64.906,67.631,5.694,72.623
462.476,run:denoise:0,64.906,67.631,5.692,72.623
462.976,run:denoise:0,64.906,67.631,5.693,72.623
463.477,run:denoise:0,64.906,67.631,5.693,72.623
463.978,run:denoise:0,64.906,67.631,5.693,72.623
464.479,run:denoise:0,64.906,67.631,5.693,72.623
464.98,run:denoise:0,64.906,67.631,5.691,72.623
465.48,run:denoise:0,64.905,67.631,5.692,72.623
465.981,run:denoise:0,65.032,67.631,5.693,72.623
466.483,run:denoise:0,63.003,67.631,5.692,72.623
467.152,run:denoise:0,63.773,67.631,5.692,72.623
467.775,run:denoise:0,65.552,67.631,5.694,72.623
468.276,run:denoise:0,64.906,67.631,5.692,72.623
468.777,run:denoise:0,64.906,67.631,5.694,72.623
469.278,run:denoise:0,64.906,67.631,5.694,72.623
469.778,run:denoise:0,64.906,67.631,5.694,72.623
470.279,run:denoise:0,64.906,67.631,5.693,72.623
470.78,run:denoise:0,64.906,67.631,5.692,72.623
471.281,run:denoise:0,64.906,67.631,5.692,72.623
471.781,run:denoise:0,64.906,67.631,5.693,72.623
472.283,run:denoise:0,64.906,67.631,5.691,72.623
472.784,run:denoise:0,64.906,67.631,5.689,72.623
473.285,run:denoise:0,64.906,67.631,5.69,72.623
473.785,run:denoise:0,64.906,67.631,5.689,72.623
474.286,run:denoise:0,64.906,67.631,5.688,72.623
474.787,run:denoise:0,64.906,67.631,5.689,72.623
475.288,run:denoise:0,64.906,67.631,5.69,72.623
475.788,run:denoise:0,64.906,67.631,5.69,72.623
476.289,run:denoise:0,64.906,67.631,5.69,72.623
476.79,run:denoise:0,64.906,67.631,5.69,72.623
477.292,run:denoise:0,64.906,67.631,5.689,72.623
477.792,run:denoise:0,64.906,67.631,5.69,72.623
478.293,run:denoise:0,64.906,67.631,5.698,72.623
478.794,run:denoise:0,64.906,67.631,5.698,72.623
479.295,run:denoise:0,64.906,67.631,5.699,72.623
479.795,run:denoise:0,64.906,67.631,5.699,72.623
480.296,run:denoise:0,64.906,67.631,5.698,72.623
480.797,run:denoise:0,65.032,67.631,5.698,72.623
481.304,run:denoise:0,67.315,67.631,5.698,72.623
481.805,run:denoise:0,62.99,67.631,5.699,72.623
482.365,run:denoise:0,63.773,67.631,5.699,72.623
482.986,run:denoise:0,65.552,67.631,5.698,72.623
483.487,run:denoise:0,64.906,67.631,5.698,72.623
483.988,run:denoise:0,64.906,67.631,5.698,72.623
484.489,run:denoise:0,64.906,67.631,5.697,72.623
484.989,run:denoise:0,64.906,67.631,5.698,72.623
485.49,run:denoise:0,64.906,67.631,5.697,72.623
485.991,run:denoise:0,64.906,67.631,5.699,72.623
486.492,run:denoise:0,64.906,67.631,5.698,72.623
486.993,run:denoise:0,64.906,67.631,5.698,72.623
487.493,run:denoise:0,64.906,67.631,5.7,72.623
487.995,run:denoise:0,64.906,67.631,5.7,72.623
488.496,run:denoise:0,64.906,67.631,5.701,72.623
488.996,run:denoise:0,64.906,67.631,5.7,72.623
489.497,run:denoise:0,64.906,67.631,5.702,72.623
489.998,run:denoise:0,64.906,67.631,5.701,72.623
490.499,run:denoise:0,64.906,67.631,5.7,72.623
490.999,run:denoise:0,64.906,67.631,5.7,72.623
491.5,run:denoise:0,64.906,67.631,5.699,72.623
492.001,run:denoise:0,64.906,67.631,5.699,72.623
492.502,run:denoise:0,64.906,67.631,5.698,72.623
493.003,run:denoise:0,64.906,67.631,5.698,72.623
493.504,run:denoise:0,64.906,67.631,5.699,72.623
494.005,run:denoise:0,64.906,67.631,5.698,72.623
494.506,run:denoise:0,64.906,67.631,5.698,72.623
495.006,run:denoise:0,64.906,67.631,5.698,72.623
495.507,run:denoise:1,63.409,67.631,5.798,65.266
496.008,run:denoise:1,63.409,67.631,5.811,65.266
496.52,run:denoise:1,63.409,67.631,5.824,65.266
497.02,run:denoise:1,63.409,67.631,5.827,65.266
497.521,run:denoise:1,63.409,67.631,5.83,65.266
498.041,run:denoise:1,63.409,67.631,5.831,65.266
498.581,run:denoise:1,63.409,67.631,6.063,65.266
499.081,run:denoise:1,63.521,67.631,6.216,65.266
499.582,run:denoise:1,63.409,67.631,6.23,65.266
500.083,run:denoise:1,63.41,67.631,6.246,65.266
500.584,run:denoise:1,63.41,67.631,6.246,65.266
501.101,run:denoise:1,63.41,67.631,6.25,65.266
501.602,run:denoise:1,63.41,67.631,6.26,65.266
502.103,run:denoise:1,63.45,67.631,6.257,65.266
502.607,run:denoise:1,63.41,67.631,6.259,65.266
503.107,run:denoise:1,63.482,67.631,6.278,65.266
503.608,run:denoise:1,63.41,67.631,6.277,65.266
504.114,run:denoise:1,63.409,67.631,6.284,65.266
504.616,run:denoise:1,63.409,67.631,6.318,65.266
505.117,run:denoise:1,63.554,67.631,6.329,65.266
505.908,run:denoise:1,63.554,67.631,6.329,65.266
506.409,run:denoise:1,62.654,67.631,6.331,65.266
506.91,run:denoise:1,62.942,67.631,6.344,65.266
507.411,run:denoise:1,62.981,67.631,6.345,65.266
507.912,run:denoise:1,62.654,67.631,6.354,65.266
508.413,run:denoise:1,62.654,67.631,6.363,65.266
508.933,run:denoise:1,62.654,67.631,6.374,65.266
509.436,run:denoise:1,62.654,67.631,6.375,65.266
509.948,run:denoise:1,62.654,67.631,6.375,65.266
510.448,run:denoise:1,62.655,67.631,6.376,65.266
510.949,run:denoise:1,62.655,67.631,6.385,65.266
511.469,run:denoise:1,63.032,67.631,6.375,65.266
511.97,run:denoise:1,63.032,67.631,6.376,65.266
512.47,run:denoise:1,63.032,67.631,6.38,65.266
512.971,run:denoise:1,63.032,67.631,6.398,65.266
513.472,run:denoise:1,63.032,67.631,6.396,65.266
513.973,run:denoise:1,63.071,67.631,6.389,65.266
514.474,run:denoise:1,63.41,67.631,6.387,65.266
514.975,run:denoise:1,63.41,67.631,6.389,65.266
515.481,run:denoise:1,63.41,67.631,6.39,65.266
515.982,run:denoise:1,63.41,67.631,6.392,65.266
516.483,run:denoise:1,63.41,67.631,6.412,65.266
516.983,run:denoise:1,63.41,67.631,6.395,65.266
517.484,run:denoise:1,63.449,67.631,6.398,65.266
517.985,run:denoise:1,63.41,67.631,6.398,65.266
518.486,run:denoise:1,63.898,67.631,6.399,65.77
519.043,run:denoise:1,63.41,67.631,6.439,66.274
519.544,run:denoise:1,63.41,67.631,6.43,66.274
520.045,run:denoise:1,64.402,67.631,6.412,66.274
520.546,run:denoise:1,64.402,67.631,6.41,66.274
521.046,run:denoise:1,64.402,67.631,6.41,66.274
521.547,run:denoise:1,64.402,67.631,6.41,66.274
522.048,run:denoise:1,64.402,67.631,6.412,66.274
522.551,run:denoise:1,64.402,67.631,6.41,66.274
523.06,run:denoise:1,64.363,67.631,6.41,66.274
523.561,run:denoise:1,64.402,67.631,6.406,66.274
524.062,run:denoise:1,63.41,67.631,6.416,66.274
524.563,run:denoise:1,63.922,67.631,6.423,66.274
525.086,run:denoise:1,64.811,67.631,6.429,66.274
525.602,run:denoise:1,66.197,67.631,6.432,67.66
526.102,run:denoise:1,66.197,67.631,6.445,67.66
526.603,run:denoise:1,66.197,67.631,6.455,67.66
527.123,run:denoise:1,64.922,67.631,6.438,67.66
527.624,run:denoise:1,64.922,67.631,6.441,67.66
528.134,run:denoise:1,64.922,67.631,6.439,67.66
528.635,run:denoise:1,65.719,67.631,6.44,67.66
529.136,run:denoise:1,65.719,67.631,6.441,67.66
529.636,run:denoise:1,65.68,67.631,6.442,67.66
530.137,run:denoise:1,65.68,67.631,6.442,67.66
530.638,run:denoise:1,65.68,67.631,6.445,67.66
531.139,run:denoise:1,66.475,67.631,6.446,68.164
531.639,run:denoise:1,64.993,67.631,6.446,68.164
532.141,run:denoise:1,64.418,67.631,6.446,68.164
532.642,run:denoise:1,64.418,67.631,6.506,68.164
533.143,run:denoise:1,65.41,67.631,6.472,68.164
533.644,run:denoise:1,65.41,67.631,6.472,68.164
534.145,run:denoise:1,65.41,67.631,6.472,68.164
534.648,run:denoise:1,65.371,67.631,6.473,68.164
535.149,run:denoise:1,65.41,67.631,6.472,68.164
535.651,run:denoise:1,65.371,67.631,6.472,68.164
536.151,run:denoise:1,65.371,67.631,6.475,68.164
536.652,run:denoise:1,65.41,67.631,6.475,68.164
537.153,run:denoise:1,65.608,67.631,6.485,70.18
537.654,run:denoise:1,64.492,67.631,6.485,72.195
538.188,run:denoise:1,63.41,67.631,6.489,72.195
538.694,run:denoise:1,63.41,67.631,6.534,72.195
539.195,run:denoise:1,63.41,67.631,6.515,72.195
539.696,run:denoise:1,64.939,67.631,6.507,72.195
540.196,run:denoise:1,64.978,67.631,6.506,72.195
540.697,run:denoise:1,64.978,67.631,6.506,72.195
541.198,run:denoise:1,64.978,67.631,6.505,72.195
541.699,run:denoise:1,64.978,67.631,6.505,72.195
542.199,run:denoise:1,64.978,67.631,6.505,72.195
542.7,run:denoise:1,64.978,67.631,6.505,72.195
543.201,run:denoise:1,64.978,67.631,6.506,72.195
543.702,run:denoise:1,64.978,67.631,6.506,72.195
544.202,run:denoise:1,64.978,67.631,6.507,72.195
544.703,run:denoise:1,64.978,67.631,6.507,72.195
545.204,run:denoise:1,64.978,67.631,6.507,72.195
545.705,run:denoise:1,64.978,67.631,6.507,72.195
546.205,run:denoise:1,64.939,67.631,6.507,72.195
546.706,run:denoise:1,64.978,67.631,6.508,72.195
547.207,run:denoise:1,66.49,67.631,6.512,72.195
547.707,run:denoise:1,66.45,67.631,6.515,72.195
548.209,run:denoise:1,67.619,67.631,6.517,72.195
548.709,run:denoise:1,67.619,67.658,6.517,72.195
549.21,run:denoise:1,67.658,67.658,6.519,72.195
549.711,run:denoise:1,67.658,67.658,6.519,72.195
550.212,run:denoise:1,67.658,67.658,6.518,72.195
550.712,run:denoise:1,67.658,67.658,6.518,72.195
551.213,run:denoise:1,67.658,67.658,6.518,72.195
551.714,run:denoise:1,67.658,67.658,6.518,72.195
552.215,run:denoise:1,67.658,67.658,6.518,72.195
552.716,run:denoise:1,67.658,67.658,6.517,72.195
553.216,run:denoise:1,67.658,67.658,6.518,72.195
553.717,run:denoise:1,67.658,67.658,6.511,72.195
554.218,run:denoise:1,67.658,67.658,6.509,72.195
554.719,run:denoise:1,67.658,67.658,6.509,72.195
555.219,run:denoise:1,67.658,67.658,6.51,72.195
555.72,run:denoise:1,67.658,67.658,6.51,72.195
556.221,run:denoise:1,67.658,67.658,6.511,72.195
556.722,run:denoise:1,67.658,67.658,6.512,72.195
557.223,run:denoise:1,67.658,67.658,6.512,72.195
557.723,run:denoise:1,67.658,67.658,6.512,72.195
558.224,run:denoise:1,67.658,67.658,6.512,72.195
558.725,run:denoise:1,67.658,67.658,6.511,72.195
559.226,run:denoise:1,67.658,67.658,6.51,72.195
559.726,run:denoise:1,67.619,67.658,6.51,72.195
560.227,run:denoise:1,67.619,67.658,6.509,72.195
560.728,run:denoise:1,67.658,67.658,6.51,72.195
561.229,run:denoise:1,67.658,67.658,6.51,72.195
561.729,run:denoise:1,67.619,67.658,6.511,72.195
562.23,run:denoise:1,67.658,67.658,6.509,72.195
562.747,run:denoise:1,67.619,67.658,6.511,72.195
563.248,run:denoise:1,64.939,67.658,6.52,72.195
563.748,run:denoise:1,64.939,67.658,6.535,72.195
564.249,run:denoise:1,64.939,67.658,6.542,72.195
564.75,run:denoise:1,64.939,67.658,6.528,72.195
565.251,run:denoise:1,65.356,67.658,6.542,72.195
565.752,run:denoise:1,65.317,67.658,6.557,72.195
566.275,run:denoise:1,65.317,67.658,6.545,72.195
566.776,run:denoise:1,65.317,67.658,6.546,72.195
567.277,run:denoise:1,65.317,67.658,6.563,72.195
567.777,run:denoise:1,68.001,68.001,6.55,72.195
568.278,run:denoise:1,67.962,68.001,6.549,72.195
568.779,run:denoise:1,67.962,68.001,6.551,72.195
569.307,run:denoise:1,65.317,68.001,6.551,72.195
569.808,run:denoise:1,65.317,68.001,6.564,72.195
570.309,run:denoise:1,65.733,68.001,6.554,72.195
570.809,run:denoise:1,65.733,68.001,6.552,72.195
571.31,run:denoise:1,66.954,69.475,6.553,74.211
571.811,run:denoise:1,66.841,69.475,6.553,74.211
572.312,run:denoise:1,66.841,69.475,6.552,74.211
572.812,run:denoise:1,66.841,69.475,6.551,74.211
573.313,run:denoise:1,66.841,69.475,6.551,74.211
573.814,run:denoise:1,66.841,69.475,6.552,74.211
574.315,run:denoise:1,66.841,69.475,6.55,74.211
574.815,run:denoise:1,66.841,69.475,6.566,74.211
575.317,run:denoise:1,66.841,69.475,6.567,74.211
575.818,run:denoise:1,66.841,69.475,6.567,74.211
576.319,run:denoise:1,66.841,69.475,6.569,74.211
576.819,run:denoise:1,66.841,69.475,6.569,74.211
577.32,run:denoise:1,66.841,69.475,6.568,74.211
577.821,run:denoise:1,66.841,69.475,6.569,74.211
578.322,run:denoise:1,66.841,69.475,6.569,74.211
578.822,run:denoise:1,66.841,69.475,6.568,74.211
579.323,run:denoise:1,66.841,69.475,6.568,74.211
579.824,run:denoise:1,66.841,69.475,6.568,74.211
584.342,run:denoise:1,66.841,69.475,6.568,74.211
584.846,run:denoise:1,68.001,69.475,6.57,74.213
585.347,run:denoise:1,68.001,69.475,6.581,74.213
585.848,run:denoise:1,68.001,69.475,6.576,74.213
586.349,run:denoise:1,68.001,69.475,6.578,74.213
586.852,run:denoise:1,68.001,69.475,6.579,74.213
587.368,run:denoise:1,68.001,69.475,6.585,74.213
587.87,run:denoise:1,68.38,69.475,6.586,74.213
588.371,run:denoise:1,68.419,69.475,6.586,74.213
588.871,run:denoise:1,68.419,69.475,6.588,74.213
589.372,run:denoise:1,68.38,69.475,6.589,74.213
589.873,run:denoise:1,68.419,69.475,6.589,74.213
590.402,run:denoise:1,68.38,71.406,6.592,74.213
590.908,run:denoise:1,68.38,71.406,6.59,74.213
591.41,run:denoise:1,69.892,71.406,6.594,74.213
591.924,run:denoise:1,68.38,71.406,6.597,74.213
592.425,run:denoise:1,68.38,71.406,6.603,74.213
592.926,run:denoise:1,68.38,71.406,6.625,74.213
593.426,run:denoise:1,68.38,71.406,6.623,74.213
593.93,run:denoise:1,68.38,71.406,6.607,74.215
594.43,run:denoise:1,68.796,71.406,6.609,74.215
594.932,run:denoise:1,68.757,71.406,6.607,74.215
595.432,run:denoise:1,68.757,71.406,6.618,74.215
595.933,run:denoise:1,68.757,71.406,6.607,74.215
596.435,run:denoise:1,68.757,71.406,6.609,74.215
596.936,run:denoise:1,68.757,71.406,6.61,74.215
597.437,run:denoise:1,68.757,71.406,6.613,74.215
597.938,run:denoise:1,68.757,71.406,6.612,74.215
598.444,run:denoise:1,68.757,71.406,6.616,74.215
598.944,run:denoise:1,68.757,71.406,6.643,74.215
599.456,run:denoise:1,68.757,71.442,6.62,76.231
599.972,run:denoise:1,68.757,71.442,6.619,76.231
600.473,run:denoise:1,68.77,71.442,6.621,76.231
600.973,run:denoise:1,68.771,71.442,6.62,76.231
601.474,run:denoise:1,68.77,71.442,6.621,76.231
601.975,run:denoise:1,68.77,71.442,6.621,76.231
602.476,run:denoise:1,68.771,71.442,6.621,76.231
602.977,run:denoise:1,68.77,71.442,6.62,76.231
603.477,run:denoise:1,68.77,71.442,6.621,76.231
603.978,run:denoise:1,68.771,71.442,6.62,76.231
604.479,run:denoise:1,68.77,71.442,6.621,76.231
604.98,run:denoise:1,68.77,71.442,6.621,76.231
605.481,run:denoise:1,68.771,71.442,6.623,76.231
605.982,run:denoise:1,68.77,71.442,6.623,76.231
606.483,run:denoise:1,68.77,71.442,6.623,76.231
606.983,run:denoise:1,68.771,71.442,6.622,76.231
607.484,run:denoise:1,68.77,71.442,6.621,76.231
607.985,run:denoise:1,68.77,71.442,6.621,76.231
608.488,run:denoise:1,68.771,71.442,6.62,76.231
608.989,run:denoise:1,68.77,71.442,6.62,76.231
609.489,run:denoise:1,68.77,71.442,6.621,76.231
609.991,run:denoise:1,68.771,71.442,6.621,76.231
610.492,run:denoise:1,68.77,71.442,6.618,76.231
610.992,run:denoise:1,68.77,71.442,6.619,76.231
611.493,run:denoise:1,68.77,71.442,6.62,76.231
611.994,run:denoise:1,68.77,71.442,6.619,76.231
612.495,run:denoise:1,68.77,71.442,6.62,76.231
612.995,run:denoise:1,68.77,71.442,6.621,76.231
613.496,run:denoise:1,68.77,71.442,6.619,76.231
613.997,run:denoise:1,68.77,71.442,6.62,76.231
614.498,run:denoise:2,69.437,71.448,6.633,76.115
614.999,run:denoise:2,68.926,71.448,6.634,76.115
615.499,run:denoise:2,67.275,71.448,6.634,76.115
616.0,run:denoise:2,67.275,71.448,6.634,76.115
616.501,run:denoise:2,67.275,71.448,6.634,76.115
617.002,run:denoise:2,67.275,71.448,6.633,76.115
617.503,run:denoise:2,67.275,71.448,6.635,76.115
618.003,run:denoise:2,67.275,71.448,6.635,76.115
618.504,run:denoise:2,67.275,71.448,6.635,76.115
619.005,run:denoise:2,67.275,71.448,6.635,76.115
619.506,run:denoise:2,67.275,71.448,6.637,76.115
620.007,run:denoise:2,67.275,71.448,6.636,76.115
620.508,run:denoise:2,67.275,71.448,6.636,76.115
621.009,run:denoise:2,67.275,71.448,6.635,76.115
621.509,run:denoise:2,67.275,71.448,6.635,76.115
622.01,run:denoise:2,67.275,71.448,6.635,76.115
622.511,run:denoise:2,67.275,71.448,6.634,76.115
623.012,run:denoise:2,67.275,71.448,6.634,76.115
623.513,run:denoise:2,67.275,71.448,6.635,76.115
624.013,run:denoise:2,67.275,71.448,6.634,76.115
624.514,run:denoise:2,67.275,71.448,6.635,76.115
625.016,run:denoise:2,67.275,71.448,6.635,76.115
625.516,run:denoise:2,67.275,71.448,6.635,76.115
626.017,run:denoise:2,67.275,71.448,6.636,76.115
626.518,run:denoise:2,67.275,71.448,6.636,76.115
627.019,run:denoise:2,67.275,71.448,6.637,76.115
627.52,run:denoise:2,67.275,71.448,6.637,76.115
628.02,run:denoise:2,67.275,71.448,6.636,76.115
628.521,run:denoise:2,67.275,71.448,6.634,76.115
629.023,run:denoise:2,69.19,71.84,6.634,76.117
629.523,run:denoise:2,69.19,71.84,6.635,76.117
630.072,run:denoise:2,69.837,71.84,6.634,76.117
630.573,run:denoise:2,68.813,71.84,6.634,76.117
631.192,run:denoise:2,68.057,71.84,6.635,76.117
631.693,run:denoise:2,68.435,71.84,6.635,76.117
632.194,run:denoise:2,69.19,71.84,6.635,76.117
632.695,run:denoise:2,69.19,71.84,6.635,76.117
633.195,run:denoise:2,69.19,71.84,6.635,76.117
633.696,run:denoise:2,69.19,71.84,6.635,76.117
634.197,run:denoise:2,69.19,71.84,6.634,76.117
634.698,run:denoise:2,69.19,71.84,6.635,76.117
635.199,run:denoise:2,69.19,71.84,6.635,76.117
635.7,run:denoise:2,69.19,71.84,6.636,76.117
636.201,run:denoise:2,69.19,71.84,6.635,76.117
636.701,run:denoise:2,69.19,71.84,6.635,76.117
637.202,run:denoise:2,69.19,71.84,6.634,76.117
637.703,run:denoise:2,69.19,71.84,6.634,76.117
638.204,run:denoise:2,69.19,71.84,6.636,76.117
638.705,run:denoise:2,69.19,71.84,6.636,76.117
639.205,run:denoise:2,69.19,71.84,6.636,76.117
639.706,run:denoise:2,69.19,71.84,6.634,76.117
640.207,run:denoise:2,69.19,71.84,6.634,76.117
640.708,run:denoise:2,69.19,71.84,6.634,76.117
641.209,run:denoise:2,69.19,71.84,6.634,76.117
641.71,run:denoise:2,69.19,71.84,6.634,76.117
642.211,run:denoise:2,69.19,71.84,6.633,76.117
642.712,run:denoise:2,69.19,71.84,6.634,76.117
643.212,run:denoise:2,69.19,71.84,6.632,76.117
643.713,run:denoise:2,69.19,71.84,6.632,76.117
644.214,run:denoise:2,69.191,71.84,6.632,76.117
644.715,run:denoise:2,69.19,71.84,6.632,76.117
645.216,run:denoise:2,69.191,71.84,6.634,76.117
645.717,run:denoise:2,69.317,71.84,6.634,76.117
646.218,run:denoise:2,70.58,71.84,6.637,76.117
646.719,run:denoise:2,67.275,71.84,6.637,76.117
647.22,run:denoise:2,68.058,71.84,6.636,76.117
647.862,run:denoise:2,70.592,71.84,6.636,76.117
648.363,run:denoise:2,69.19,71.84,6.635,76.117
648.864,run:denoise:2,69.19,71.84,6.636,76.117
649.364,run:denoise:2,69.19,71.84,6.636,76.117
649.865,run:denoise:2,69.19,71.84,6.636,76.117
650.366,run:denoise:2,69.19,71.84,6.637,76.117
650.868,run:denoise:2,69.19,71.84,6.637,76.117
651.368,run:denoise:2,69.19,71.84,6.638,76.117
651.869,run:denoise:2,69.19,71.84,6.637,76.117
652.37,run:denoise:2,69.19,71.84,6.636,76.117
652.871,run:denoise:2,69.19,71.84,6.636,76.117
653.372,run:denoise:2,69.19,71.84,6.636,76.117
653.872,run:denoise:2,69.19,71.84,6.636,76.117
654.373,run:denoise:2,69.19,71.84,6.636,76.117
654.874,run:denoise:2,69.19,71.84,6.636,76.117
655.375,run:denoise:2,69.19,71.84,6.636,76.117
655.875,run:denoise:2,69.19,71.84,6.636,76.117
656.377,run:denoise:2,69.19,71.84,6.637,76.117
656.878,run:denoise:2,69.19,71.84,6.637,76.117
657.379,run:denoise:2,69.19,71.84,6.636,76.117
657.879,run:denoise:2,69.19,71.84,6.637,76.117
658.38,run:denoise:2,69.19,71.84,6.652,76.117
658.881,run:denoise:2,69.19,71.84,6.652,76.117
659.382,run:denoise:2,69.19,71.84,6.652,76.117
659.882,run:denoise:2,69.19,71.84,6.653,76.117
660.383,run:denoise:2,69.19,71.84,6.654,76.117
660.884,run:denoise:2,69.191,71.84,6.651,76.117
661.386,run:denoise:2,69.19,71.84,6.653,76.117
661.887,run:denoise:2,69.191,71.84,6.653,76.117
662.387,run:denoise:2,69.19,71.84,6.652,76.117
662.934,run:denoise:2,69.829,71.84,6.652,76.117
663.435,run:denoise:2,67.288,71.84,6.653,76.117
663.936,run:denoise:2,68.058,71.84,6.654,76.117
664.598,run:denoise:2,70.592,71.84,6.662,76.117
665.099,run:denoise:2,69.19,71.84,6.661,76.117
665.6,run:denoise:2,69.19,71.84,6.662,76.117
666.1,run:denoise:2,69.19,71.84,6.664,76.117
666.602,run:denoise:2,69.19,71.84,6.664,76.117
667.103,run:denoise:2,69.19,71.84,6.664,76.117
667.603,run:denoise:2,69.19,71.84,6.664,76.117
668.104,run:denoise:2,69.19,71.84,6.662,76.117
668.605,run:denoise:2,69.19,71.84,6.661,76.117
669.106,run:denoise:2,69.19,71.84,6.66,76.117
669.607,run:denoise:2,69.19,71.84,6.661,76.117
670.107,run:denoise:2,69.19,71.84,6.661,76.117
670.608,run:denoise:2,69.19,71.84,6.662,76.117
671.109,run:denoise:2,69.19,71.84,6.662,76.117
671.61,run:denoise:2,69.19,71.84,6.662,76.117
672.111,run:denoise:2,69.19,71.84,6.66,76.117
672.612,run:denoise:2,69.19,71.84,6.662,76.117
673.113,run:denoise:2,69.19,71.84,6.662,76.117
673.613,run:denoise:2,69.19,71.84,6.662,76.117
674.114,run:denoise:2,69.19,71.84,6.661,76.117
674.615,run:denoise:2,69.19,71.84,6.663,76.117
675.116,run:denoise:2,69.19,71.84,6.662,76.117
675.617,run:denoise:2,69.19,71.84,6.663,76.117
676.117,run:denoise:2,69.19,71.84,6.662,76.117
676.618,run:denoise:2,69.19,71.84,5.926,76.117
677.119,run:denoise:2,69.19,71.84,5.925,76.117
677.62,run:denoise:2,69.191,71.84,5.925,76.117
678.121,run:denoise:2,69.19,71.84,5.926,76.117
678.621,run:denoise:2,69.191,71.84,5.926,76.117
679.123,run:denoise:2,68.435,71.84,5.925,76.117
679.624,run:denoise:2,69.317,71.84,5.916,76.117
680.125,run:denoise:2,68.435,71.84,5.915,76.117
680.822,run:denoise:2,68.057,71.84,5.916,76.117
681.323,run:denoise:2,68.435,71.84,5.914,76.117
681.824,run:denoise:2,69.191,71.84,5.914,76.117
682.324,run:denoise:2,69.191,71.84,5.912,76.117
682.826,run:denoise:2,69.191,71.84,5.913,76.117
683.327,run:denoise:2,69.191,71.84,5.913,76.117
683.827,run:denoise:2,69.191,71.84,5.913,76.117
684.328,run:denoise:2,69.191,71.84,5.914,76.117
684.829,run:denoise:2,69.191,71.84,5.913,76.117
685.33,run:denoise:2,69.191,71.84,5.914,76.117
685.831,run:denoise:2,69.191,71.84,5.914,76.117
686.331,run:denoise:2,69.191,71.84,5.915,76.117
686.832,run:denoise:2,69.191,71.84,5.915,76.117
687.333,run:denoise:2,69.191,71.84,5.916,76.117
687.834,run:denoise:2,69.191,71.84,5.916,76.117
688.335,run:denoise:2,69.191,71.84,5.915,76.117
688.836,run:denoise:2,69.191,71.84,5.914,76.117
689.337,run:denoise:2,69.191,71.84,5.914,76.117
689.838,run:denoise:2,69.191,71.84,5.914,76.117
690.338,run:denoise:2,69.191,71.84,5.913,76.117
690.839,run:denoise:2,69.191,71.84,5.913,76.117
691.34,run:denoise:2,69.191,71.84,5.913,76.117
691.841,run:denoise:2,69.191,71.84,5.913,76.117
692.341,run:denoise:2,69.191,71.84,5.911,76.117
692.842,run:denoise:2,69.191,71.84,5.913,76.117
693.344,run:denoise:2,69.191,71.84,5.913,76.117
693.845,run:denoise:2,69.19,71.84,5.913,76.117
694.345,run:denoise:2,69.191,71.84,5.914,76.117
694.846,run:denoise:2,69.19,71.84,5.912,76.117
695.347,run:denoise:2,69.191,71.84,5.912,76.117
695.848,run:denoise:2,69.821,71.84,5.913,76.117
696.414,run:denoise:2,69.837,71.84,5.912,76.117
696.915,run:denoise:2,67.275,71.84,5.913,76.117
697.416,run:denoise:2,68.058,71.84,5.912,76.117
698.054,run:denoise:2,70.592,71.84,5.913,76.117
698.556,run:denoise:2,69.19,71.84,5.913,76.117
699.056,run:denoise:2,69.19,71.84,5.913,76.117
699.557,run:denoise:2,69.19,71.84,5.912,76.117
700.058,run:denoise:2,69.19,71.84,5.917,76.117
700.559,run:denoise:2,69.19,71.84,5.913,76.117
701.059,run:denoise:2,69.19,71.84,5.913,76.117
701.56,run:denoise:2,69.19,71.84,5.913,76.117
702.061,run:denoise:2,69.19,71.84,5.916,76.117
702.562,run:denoise:2,69.19,71.84,5.912,76.117
703.063,run:denoise:2,69.19,71.84,5.912,76.117
703.564,run:denoise:2,69.19,71.84,5.912,76.117
704.065,run:denoise:2,69.19,71.84,5.912,76.117
704.566,run:denoise:2,69.19,71.84,5.911,76.117
705.066,run:denoise:2,69.19,71.84,5.912,76.117
705.567,run:denoise:2,69.19,71.84,5.913,76.117
706.068,run:denoise:2,69.19,71.84,5.912,76.117
706.569,run:denoise:2,69.19,71.84,5.912,76.117
707.069,run:denoise:2,69.19,71.84,5.912,76.117
707.57,run:denoise:2,69.19,71.84,5.912,76.117
708.071,run:denoise:2,69.19,71.84,5.913,76.117
708.572,run:denoise:2,69.19,71.84,5.913,76.117
709.073,run:denoise:2,69.19,71.84,5.915,76.117
709.574,run:denoise:2,69.19,71.84,5.915,76.117
710.075,run:denoise:2,69.19,71.84,5.914,76.117
710.576,run:denoise:2,69.19,71.84,5.913,76.117
711.076,run:denoise:2,69.191,71.84,5.913,76.117
711.577,run:denoise:2,69.19,71.84,5.915,76.117
712.078,run:denoise:2,69.317,71.84,5.915,76.117
712.579,run:denoise:2,67.288,71.84,5.915,76.117
713.096,run:denoise:2,68.058,71.84,5.915,76.117
713.597,run:denoise:2,68.435,71.84,5.916,76.117
714.098,run:denoise:2,69.19,71.84,5.915,76.117
714.599,run:denoise:2,69.19,71.84,5.916,76.117
715.1,run:denoise:2,69.19,71.84,5.915,76.117
715.6,run:denoise:2,69.19,71.84,5.915,76.117
716.101,run:denoise:2,69.19,71.84,5.915,76.117
716.602,run:denoise:2,69.19,71.84,5.916,76.117
717.103,run:denoise:2,69.19,71.84,5.916,76.117
717.603,run:denoise:2,69.19,71.84,5.915,76.117
718.104,run:denoise:2,69.19,71.84,5.914,76.117
718.605,run:denoise:2,69.19,71.84,5.915,76.117
719.106,run:denoise:2,69.19,71.84,5.915,76.117
719.607,run:denoise:2,69.19,71.84,5.915,76.117
720.108,run:denoise:2,69.19,71.84,5.915,76.117
720.609,run:denoise:2,69.19,71.84,5.915,76.117
721.11,run:denoise:2,69.19,71.84,5.914,76.117
721.611,run:denoise:2,69.19,71.84,5.915,76.117
722.111,run:denoise:2,69.19,71.84,5.914,76.117
722.612,run:denoise:2,69.19,71.84,5.914,76.117
723.113,run:denoise:2,69.19,71.84,5.914,76.117
723.614,run:denoise:2,69.19,71.84,5.913,76.117
724.114,run:denoise:2,69.19,71.84,5.913,76.117
724.616,run:denoise:2,69.19,71.84,5.913,76.117
725.117,run:denoise:2,69.19,71.84,5.913,76.117
725.618,run:denoise:2,69.19,71.84,5.913,76.117
726.119,run:denoise:2,69.191,71.84,5.914,76.117
726.62,run:denoise:2,70.58,71.84,5.915,76.117
727.156,run:denoise:2,69.837,71.84,5.915,76.117
727.656,run:denoise:2,67.275,71.84,5.914,76.117
728.157,run:denoise:2,68.058,71.84,5.912,76.117
728.797,run:denoise:2,70.592,71.84,5.913,76.117
729.298,run:denoise:2,69.19,71.84,5.914,76.117
729.799,run:denoise:2,69.19,71.84,5.913,76.117
730.3,run:denoise:2,69.19,71.84,5.912,76.117
730.801,run:denoise:2,69.19,71.84,5.913,76.117
731.302,run:denoise:2,69.19,71.84,5.913,76.117
731.803,run:denoise:2,69.19,71.84,5.914,76.117
732.303,run:denoise:2,69.19,71.84,5.913,76.117
732.804,run:denoise:2,69.19,71.84,5.913,76.117
733.305,run:denoise:2,69.19,71.84,5.913,76.117
733.806,run:denoise:2,69.19,71.84,5.912,76.117
734.306,run:denoise:2,69.19,71.84,5.913,76.117
734.807,run:denoise:2,69.19,71.84,5.913,76.117
735.309,run:denoise:2,69.19,71.84,5.912,76.117
735.809,run:denoise:2,69.19,71.84,5.913,76.117
736.31,run:denoise:2,69.19,71.84,5.911,76.117
736.811,run:denoise:2,69.19,71.84,5.911,76.117
737.312,run:denoise:2,69.19,71.84,5.911,76.117
737.813,run:denoise:2,69.19,71.84,5.913,76.117
738.313,run:denoise:2,69.19,71.84,5.914,76.117
738.814,run:denoise:2,69.19,71.84,5.914,76.117
739.315,run:denoise:2,69.19,71.84,5.914,76.117
739.816,run:denoise:2,69.19,71.84,5.914,76.117
740.316,run:denoise:2,69.19,71.84,5.912,76.117
740.818,run:denoise:2,69.19,71.84,5.912,76.117
741.319,run:denoise:2,69.317,71.84,5.912,76.117
741.819,run:denoise:2,68.435,71.84,5.914,76.117
742.32,run:denoise:2,67.275,71.84,5.914,76.117
742.821,init,67.274,71.84,5.914,76.117
743.322,init,67.274,71.84,5.915,76.117
743.823,init,67.274,71.84,5.914,76.117
744.323,init,67.274,71.84,5.913,76.117
744.824,init,67.274,71.84,5.913,76.117
745.326,init,67.274,71.84,5.913,76.117
745.826,init,67.274,71.84,5.914,76.117
746.327,init,67.274,71.84,5.913,76.117
746.828,init,67.274,71.84,5.913,76.117
747.329,init,67.274,71.84,5.914,76.117
747.83,init,67.274,71.84,5.916,76.117
748.33,init,67.274,71.84,5.915,76.117
748.831,init,67.274,71.84,5.915,76.117
749.332,init,67.274,71.84,5.915,76.117
749.833,init,67.274,71.84,5.916,76.117
750.333,init,67.274,71.84,5.915,76.117
750.835,init,67.274,71.84,5.916,76.117
751.336,init,67.274,71.84,5.916,76.117
751.836,init,67.274,71.84,5.915,76.117
752.337,init,67.274,71.84,5.916,76.117
752.838,init,67.274,71.84,5.916,76.117
753.339,init,67.274,71.84,5.916,76.117
753.84,init,67.274,71.84,5.915,76.117
754.34,init,67.274,71.84,5.914,76.117
754.841,init,67.274,71.84,5.914,76.117
755.343,run:denoise:3,71.477,71.84,5.93,76.133
755.87,run:denoise:3,70.229,71.84,5.932,76.133
756.371,run:denoise:3,68.828,71.84,5.934,76.133
756.872,run:denoise:3,67.303,71.84,5.933,76.133
757.373,run:denoise:3,67.303,71.84,5.933,76.133
757.874,run:denoise:3,67.303,71.84,5.933,76.133
758.374,run:denoise:3,67.303,71.84,5.934,76.133
758.875,run:denoise:3,67.303,71.84,5.934,76.133
759.376,run:denoise:3,67.303,71.84,5.933,76.133
759.877,run:denoise:3,67.303,71.84,5.932,76.133
760.377,run:denoise:3,67.303,71.84,5.93,76.133
760.879,run:denoise:3,67.303,71.84,5.93,76.133
761.38,run:denoise:3,67.303,71.84,5.93,76.133
761.881,run:denoise:3,67.303,71.84,5.932,76.133
762.381,run:denoise:3,67.303,71.84,5.933,76.133
762.882,run:denoise:3,67.303,71.84,5.933,76.133
763.383,run:denoise:3,67.303,71.84,5.933,76.133
763.884,run:denoise:3,67.303,71.84,5.93,76.133
764.384,run:denoise:3,67.303,71.84,5.93,76.133
764.885,run:denoise:3,67.303,71.84,5.93,76.133
765.386,run:denoise:3,67.303,71.84,5.931,76.133
765.888,run:denoise:3,67.303,71.84,5.931,76.133
766.388,run:denoise:3,67.303,71.84,5.932,76.133
766.889,run:denoise:3,67.303,71.84,5.932,76.133
767.39,run:denoise:3,67.303,71.84,5.932,76.133
767.891,run:denoise:3,67.303,71.84,5.933,76.133
768.392,run:denoise:3,67.303,71.84,5.934,76.133
768.892,run:denoise:3,67.303,71.84,5.933,76.133
769.393,run:denoise:3,67.303,71.84,5.933,76.133
769.894,run:denoise:3,69.219,71.868,5.934,76.135
770.395,run:denoise:3,69.219,71.868,5.932,76.135
770.896,run:denoise:3,69.346,71.868,5.932,76.135
771.403,run:denoise:3,71.868,71.868,5.932,76.135
771.904,run:denoise:3,67.303,71.868,5.933,76.135
772.404,run:denoise:3,68.087,71.868,5.933,76.135
773.018,run:denoise:3,70.621,71.868,5.933,76.135
773.519,run:denoise:3,69.219,71.868,5.933,76.135
774.019,run:denoise:3,69.219,71.868,5.934,76.135
774.52,run:denoise:3,69.219,71.868,5.933,76.135
775.021,run:denoise:3,69.219,71.868,5.932,76.135
775.522,run:denoise:3,69.219,71.868,5.932,76.135
776.023,run:denoise:3,69.219,71.868,5.933,76.135
776.524,run:denoise:3,69.219,71.868,5.931,76.135
777.025,run:denoise:3,69.219,71.868,5.931,76.135
777.526,run:denoise:3,69.219,71.868,5.932,76.135
778.026,run:denoise:3,69.219,71.868,5.93,76.135
778.527,run:denoise:3,69.219,71.868,5.932,76.135
779.028,run:denoise:3,69.219,71.868,5.931,76.135
779.529,run:denoise:3,69.219,71.868,5.931,76.135
780.03,run:denoise:3,69.219,71.868,5.933,76.135
780.53,run:denoise:3,69.219,71.868,5.932,76.135
781.031,run:denoise:3,69.219,71.868,5.932,76.135
781.533,run:denoise:3,69.219,71.868,5.93,76.135
782.033,run:denoise:3,69.219,71.868,5.93,76.135
782.534,run:denoise:3,69.219,71.868,5.93,76.135
783.035,run:denoise:3,69.219,71.868,5.929,76.135
783.536,run:denoise:3,69.219,71.868,5.929,76.135
784.037,run:denoise:3,69.219,71.868,5.929,76.135
784.537,run:denoise:3,69.219,71.868,5.929,76.135
785.038,run:denoise:3,69.219,71.868,5.928,76.135
785.539,run:denoise:3,69.219,71.868,5.928,76.135
786.04,run:denoise:3,69.219,71.868,5.929,76.135
786.608,run:denoise:3,69.857,71.868,5.931,76.135
787.109,run:denoise:3,68.841,71.868,5.93,76.135
787.722,run:denoise:3,68.086,71.868,5.929,76.135
788.223,run:denoise:3,68.463,71.868,5.929,76.135
788.723,run:denoise:3,69.219,71.868,5.929,76.135
789.224,run:denoise:3,69.219,71.868,5.93,76.135
789.725,run:denoise:3,69.219,71.868,5.93,76.135
790.226,run:denoise:3,69.219,71.868,5.931,76.135
790.727,run:denoise:3,69.219,71.868,5.931,76.135
791.227,run:denoise:3,69.219,71.868,5.931,76.135
791.728,run:denoise:3,69.219,71.868,5.932,76.135
792.23,run:denoise:3,69.219,71.868,5.93,76.135
792.73,run:denoise:3,69.219,71.868,5.932,76.135
793.231,run:denoise:3,69.219,71.868,5.931,76.135
793.732,run:denoise:3,69.219,71.868,5.932,76.135
794.233,run:denoise:3,69.219,71.868,5.889,76.135
794.733,run:denoise:3,69.219,71.868,5.89,76.135
795.234,run:denoise:3,69.219,71.868,5.889,76.135
795.735,run:denoise:3,69.219,71.868,5.889,76.135
796.236,run:denoise:3,69.219,71.868,5.889,76.135
796.737,run:denoise:3,69.219,71.868,5.888,76.135
797.238,run:denoise:3,69.219,71.868,5.888,76.135
797.739,run:denoise:3,69.219,71.868,5.889,76.135
798.24,run:denoise:3,69.219,71.868,5.889,76.135
798.74,run:denoise:3,69.219,71.868,5.89,76.135
799.241,run:denoise:3,69.219,71.868,5.89,76.135
799.742,run:denoise:3,69.219,71.868,5.89,76.135
800.243,run:denoise:3,69.219,71.868,5.89,76.135
800.744,run:denoise:3,69.219,71.868,5.89,76.135
801.244,run:denoise:3,69.219,71.868,5.889,76.135
801.745,run:denoise:3,69.219,71.868,5.89,76.135
802.247,run:denoise:3,69.219,71.868,5.89,76.135
802.748,run:denoise:3,68.968,71.868,5.89,76.135
803.292,run:denoise:3,69.857,71.868,5.889,76.135
803.793,run:denoise:3,67.316,71.868,5.889,76.135
804.293,run:denoise:3,68.087,71.868,5.889,76.135
804.955,run:denoise:3,70.621,71.868,5.889,76.135
805.456,run:denoise:3,69.219,71.868,5.888,76.135
805.957,run:denoise:3,69.219,71.868,5.888,76.135
806.457,run:denoise:3,69.219,71.868,5.888,76.135
806.958,run:denoise:3,69.219,71.868,5.889,76.135
807.459,run:denoise:3,69.219,71.868,5.889,76.135
807.96,run:denoise:3,69.219,71.868,5.889,76.135
808.461,run:denoise:3,69.219,71.868,5.888,76.135
808.962,run:denoise:3,69.219,71.868,5.888,76.135
809.463,run:denoise:3,69.219,71.868,5.888,76.135
809.964,run:denoise:3,69.219,71.868,5.888,76.135
810.464,run:denoise:3,69.219,71.868,5.888,76.135
810.965,run:denoise:3,69.219,71.868,5.889,76.135
811.466,run:denoise:3,69.219,71.868,5.889,76.135
811.967,run:denoise:3,69.219,71.868,5.889,76.135
812.467,run:denoise:3,69.219,71.868,5.887,76.135
812.969,run:denoise:3,69.219,71.868,5.887,76.135
813.47,run:denoise:3,69.219,71.868,5.887,76.135
813.97,run:denoise:3,69.219,71.868,5.887,76.135
814.471,run:denoise:3,69.219,71.868,5.887,76.135
814.972,run:denoise:3,69.219,71.868,5.887,76.135
815.473,run:denoise:3,69.219,71.868,5.887,76.135
815.974,run:denoise:3,69.219,71.868,5.887,76.135
816.474,run:denoise:3,69.219,71.868,5.888,76.135
816.975,run:denoise:3,69.219,71.868,5.888,76.135
817.476,run:denoise:3,69.219,71.868,5.887,76.135
817.977,run:denoise:3,69.219,71.868,5.887,76.135
818.477,run:denoise:3,69.219,71.868,5.886,76.135
818.978,run:denoise:3,69.219,71.868,5.888,76.135
819.479,run:denoise:3,69.219,71.868,5.888,76.135
819.989,run:denoise:3,69.346,71.868,5.889,76.135
820.49,run:denoise:3,68.464,71.868,5.888,76.135
821.169,run:denoise:3,68.086,71.868,5.887,76.135
821.67,run:denoise:3,68.463,71.868,5.887,76.135
822.171,run:denoise:3,69.219,71.868,5.887,76.135
822.671,run:denoise:3,69.219,71.868,5.888,76.135
823.172,run:denoise:3,69.219,71.868,5.889,76.135
823.674,run:denoise:3,69.219,71.868,5.889,76.135
824.175,run:denoise:3,69.219,71.868,5.889,76.135
824.675,run:denoise:3,69.219,71.868,5.889,76.135
825.176,run:denoise:3,69.219,71.868,5.889,76.135
825.677,run:denoise:3,69.219,71.868,5.889,76.135
826.178,run:denoise:3,69.219,71.868,5.89,76.135
826.678,run:denoise:3,69.219,71.868,5.89,76.135
827.179,run:denoise:3,69.219,71.868,5.889,76.135
827.68,run:denoise:3,69.219,71.868,5.889,76.135
828.183,run:denoise:3,69.219,71.868,5.89,76.135
828.684,run:denoise:3,69.219,71.868,5.911,76.135
829.185,run:denoise:3,69.219,71.868,5.913,76.135
829.686,run:denoise:3,69.219,71.868,5.913,76.135
830.186,run:denoise:3,69.219,71.868,5.912,76.135
830.687,run:denoise:3,69.219,71.868,5.913,76.135
831.188,run:denoise:3,69.219,71.868,5.912,76.135
831.689,run:denoise:3,69.219,71.868,5.912,76.135
832.189,run:denoise:3,69.219,71.868,5.913,76.135
832.69,run:denoise:3,69.219,71.868,5.913,76.135
833.191,run:denoise:3,69.219,71.868,5.913,76.135
833.692,run:denoise:3,69.219,71.868,5.913,76.135
834.193,run:denoise:3,69.219,71.868,5.911,76.135
834.693,run:denoise:3,69.219,71.868,5.912,76.135
835.194,run:denoise:3,69.219,71.868,5.911,76.135
835.695,run:denoise:3,69.219,71.868,5.91,76.135
836.196,run:denoise:3,69.975,71.868,5.909,76.135
836.706,run:denoise:3,69.346,71.868,5.909,76.135
837.207,run:denoise:3,68.464,71.868,5.91,76.135
837.89,run:denoise:3,68.086,71.868,5.911,76.135
838.391,run:denoise:3,68.463,71.868,5.912,76.135
838.892,run:denoise:3,69.219,71.868,5.912,76.135
839.393,run:denoise:3,69.219,71.868,5.913,76.135
839.894,run:denoise:3,69.219,71.868,5.912,76.135
840.395,run:denoise:3,69.219,71.868,5.913,76.135
840.896,run:denoise:3,69.219,71.868,5.911,76.135
841.396,run:denoise:3,69.219,71.868,5.912,76.135
841.897,run:denoise:3,69.219,71.868,5.911,76.135
842.398,run:denoise:3,69.219,71.868,5.911,76.135
842.899,run:denoise:3,69.219,71.868,5.912,76.135
843.4,run:denoise:3,69.219,71.868,5.912,76.135
843.9,run:denoise:3,69.219,71.868,5.912,76.135
844.402,run:denoise:3,69.219,71.868,5.911,76.135
844.903,run:denoise:3,69.219,71.868,5.912,76.135
845.403,run:denoise:3,69.219,71.868,5.914,76.135
845.904,run:denoise:3,69.219,71.868,5.914,76.135
846.405,run:denoise:3,69.219,71.868,5.915,76.135
846.906,run:denoise:3,69.219,71.868,5.914,76.135
847.406,run:denoise:3,69.219,71.868,5.914,76.135
847.907,run:denoise:3,69.219,71.868,5.914,76.135
848.408,run:denoise:3,69.219,71.868,5.914,76.135
848.909,run:denoise:3,69.219,71.868,5.915,76.135
849.409,run:denoise:3,69.219,71.868,5.915,76.135
849.911,run:denoise:3,69.219,71.868,5.915,76.135
850.412,run:denoise:3,69.219,71.868,5.915,76.135
850.913,run:denoise:3,69.219,71.868,5.915,76.135
851.413,run:denoise:3,69.219,71.868,5.916,76.135
851.914,run:denoise:3,69.219,71.868,5.916,76.135
852.415,run:denoise:3,69.346,71.868,5.916,76.135
852.916,run:denoise:3,68.464,71.868,5.917,76.135
853.416,run:denoise:3,67.303,71.868,5.916,76.135
853.917,run:denoise:3,68.087,71.868,5.916,76.135
854.502,run:denoise:3,70.621,71.868,5.916,76.135
855.004,run:denoise:3,69.219,71.868,5.917,76.135
855.505,run:denoise:3,69.219,71.868,5.918,76.135
856.005,run:denoise:3,69.219,71.868,5.917,76.135
856.506,run:denoise:3,69.219,71.868,5.917,76.135
857.007,run:denoise:3,69.219,71.868,5.918,76.135
857.508,run:denoise:3,69.219,71.868,5.919,76.135
858.009,run:denoise:3,69.219,71.868,5.919,76.135
858.509,run:denoise:3,69.219,71.868,5.918,76.135
859.01,run:denoise:3,69.219,71.868,5.917,76.135
859.511,run:denoise:3,69.219,71.868,5.917,76.135
860.012,run:denoise:3,69.219,71.868,5.917,76.135
860.513,run:denoise:3,69.219,71.868,5.917,76.135
861.014,run:denoise:3,69.219,71.868,5.917,76.135
861.515,run:denoise:3,69.219,71.868,5.917,76.135
862.016,run:denoise:3,69.219,71.868,5.917,76.135
862.516,run:denoise:3,69.219,71.868,5.918,76.135
863.017,run:denoise:3,69.219,71.868,5.917,76.135
863.518,run:denoise:3,69.219,71.868,5.918,76.135
864.019,run:denoise:3,69.219,71.868,5.917,76.135
864.519,run:denoise:3,69.219,71.868,5.918,76.135
865.02,run:denoise:3,69.219,71.868,5.918,76.135
865.522,run:denoise:3,69.219,71.868,5.916,76.135
866.022,run:denoise:3,69.219,71.868,5.916,76.135
866.523,run:denoise:3,69.219,71.868,5.918,76.135
867.024,run:denoise:3,69.219,71.868,5.918,76.135
867.525,run:denoise:3,69.346,71.868,5.919,76.135
868.05,run:denoise:3,70.621,71.868,5.922,76.135
868.551,run:denoise:3,67.303,71.868,5.92,76.135
869.052,run:denoise:3,68.087,71.868,5.92,76.135
869.691,run:denoise:3,70.621,71.868,5.919,76.135
870.192,run:denoise:3,69.219,71.868,5.92,76.135
870.693,run:denoise:3,69.219,71.868,5.92,76.135
871.194,run:denoise:3,69.219,71.868,5.92,76.135
871.695,run:denoise:3,69.219,71.868,5.919,76.135
872.195,run:denoise:3,69.219,71.868,5.917,76.135
872.696,run:denoise:3,69.219,71.868,5.919,76.135
873.197,run:denoise:3,69.219,71.868,5.919,76.135
873.698,run:denoise:3,69.219,71.868,5.92,76.135
874.199,run:denoise:3,69.219,71.868,5.919,76.135
874.699,run:denoise:3,69.219,71.868,5.923,76.135
875.2,run:denoise:3,69.219,71.868,5.923,76.135
875.701,run:denoise:3,69.219,71.868,5.919,76.135
876.202,run:denoise:3,69.219,71.868,5.92,76.135
876.703,run:denoise:3,69.219,71.868,5.92,76.135
877.204,run:denoise:3,69.219,71.868,5.919,76.135
877.705,run:denoise:3,69.219,71.868,5.918,76.135
878.205,run:denoise:3,69.219,71.868,5.917,76.135
878.706,run:denoise:3,69.219,71.868,5.917,76.135
879.207,run:denoise:3,69.219,71.868,5.917,76.135
879.708,run:denoise:3,69.219,71.868,5.917,76.135
880.209,run:denoise:3,69.219,71.868,5.917,76.135
880.709,run:denoise:3,69.219,71.868,5.917,76.135
881.211,run:denoise:3,69.219,71.868,5.917,76.135
881.712,run:denoise:3,69.219,71.868,5.915,76.135
882.212,run:denoise:3,69.346,71.868,5.915,76.135
882.713,run:denoise:3,68.464,71.868,5.916,76.135
883.214,init,67.303,71.868,5.916,76.135
883.715,init,67.303,71.868,5.918,76.135
884.215,init,67.303,71.868,5.916,76.135
884.716,init,67.303,71.868,5.916,76.135
885.217,init,67.303,71.868,5.916,76.135
885.718,init,67.303,71.868,5.916,76.135
886.219,init,67.303,71.868,5.915,76.135
886.72,init,67.303,71.868,5.916,76.135
887.221,init,67.303,71.868,5.916,76.135
887.722,init,67.303,71.868,5.916,76.135
888.222,init,67.303,71.868,5.918,76.135
888.723,init,67.303,71.868,5.918,76.135
889.224,init,67.303,71.868,5.918,76.135
889.725,init,67.303,71.868,5.917,76.135
890.225,init,67.303,71.868,5.917,76.135
890.726,init,67.303,71.868,5.918,76.135
891.228,init,67.303,71.868,5.918,76.135
891.729,init,67.303,71.868,5.918,76.135
892.229,init,67.303,71.868,5.917,76.135
892.73,init,67.303,71.868,5.918,76.135
893.231,init,67.303,71.868,5.918,76.135
893.732,init,67.303,71.868,5.918,76.135
894.233,init,67.303,71.868,5.917,76.135
894.733,init,67.303,71.868,5.917,76.135
895.234,init,67.303,71.868,5.917,76.135
895.735,init,67.303,71.868,5.917,76.135
896.242,run:denoise:4,66.967,71.868,5.938,70.354
896.743,run:denoise:4,66.967,71.868,6.038,70.354
897.244,run:denoise:4,66.967,71.868,6.047,70.354
897.744,run:denoise:4,66.968,71.868,6.049,70.354
898.278,run:denoise:4,66.968,71.868,6.06,70.354
898.783,run:denoise:4,66.968,71.868,6.062,70.354
899.284,run:denoise:4,66.968,71.868,6.071,70.354
900.109,run:denoise:4,66.968,71.868,6.058,70.354
900.646,run:denoise:4,62.74,71.868,6.288,70.354
901.15,run:denoise:4,62.812,71.868,6.448,70.354
901.65,run:denoise:4,62.74,71.868,6.462,70.354
902.151,run:denoise:4,62.74,71.868,6.48,70.354
902.652,run:denoise:4,62.74,71.868,6.488,70.354
903.167,run:denoise:4,62.741,71.868,6.478,70.354
903.668,run:denoise:4,62.78,71.868,6.485,70.354
904.17,run:denoise:4,62.78,71.868,6.484,70.354
904.672,run:denoise:4,62.74,71.868,6.487,70.354
905.173,run:denoise:4,62.851,71.868,6.509,70.354
905.674,run:denoise:4,62.74,71.868,6.51,70.354
906.179,run:denoise:4,62.74,71.868,6.518,70.354
906.68,run:denoise:4,62.74,71.868,6.574,70.354
907.181,run:denoise:4,62.923,71.868,6.543,70.354
907.681,run:denoise:4,62.741,71.868,6.548,70.354
908.182,run:denoise:4,62.74,71.868,6.553,70.354
908.683,run:denoise:4,63.067,71.868,6.563,70.354
909.199,run:denoise:4,62.74,71.868,6.564,70.354
909.699,run:denoise:4,62.74,71.868,6.577,70.354
910.207,run:denoise:4,62.74,71.868,6.583,70.354
910.727,run:denoise:4,62.74,71.868,6.584,70.354
911.228,run:denoise:4,62.74,71.868,6.584,70.354
911.729,run:denoise:4,62.74,71.868,6.598,70.354
912.252,run:denoise:4,63.118,71.868,6.584,70.354
912.755,run:denoise:4,63.118,71.868,6.586,70.354
913.255,run:denoise:4,63.118,71.868,6.587,70.354
913.756,run:denoise:4,63.118,71.868,6.592,70.354
914.257,run:denoise:4,63.118,71.868,6.591,70.354
914.758,run:denoise:4,63.118,71.868,6.59,70.354
915.259,run:denoise:4,63.535,71.868,6.594,70.354
915.772,run:denoise:4,63.496,71.868,6.594,70.354
916.272,run:denoise:4,63.496,71.868,6.591,70.354
916.773,run:denoise:4,63.496,71.868,6.591,70.354
917.274,run:denoise:4,63.496,71.868,6.592,70.354
917.793,run:denoise:4,63.496,71.868,6.592,70.354
918.313,run:denoise:4,63.496,71.868,6.593,70.354
918.825,run:denoise:4,63.496,71.868,6.594,70.354
919.344,run:denoise:4,63.496,71.868,6.632,70.354
919.845,run:denoise:4,64.488,71.868,6.62,70.354
920.345,run:denoise:4,64.488,71.868,6.621,70.354
920.846,run:denoise:4,64.488,71.868,6.621,70.354
921.347,run:denoise:4,64.488,71.868,6.621,70.354
921.848,run:denoise:4,64.488,71.868,6.621,70.354
922.348,run:denoise:4,64.449,71.868,6.622,70.354
922.849,run:denoise:4,64.488,71.868,6.622,70.354
923.35,run:denoise:4,64.449,71.868,6.622,70.354
923.851,run:denoise:4,64.488,71.868,6.622,70.354
924.351,run:denoise:4,63.496,71.868,6.633,70.354
924.852,run:denoise:4,64.008,71.868,6.638,70.354
925.353,run:denoise:4,64.936,71.868,6.633,70.354
925.854,run:denoise:4,64.897,71.868,6.64,70.354
926.355,run:denoise:4,64.897,71.868,6.638,70.354
926.855,run:denoise:4,66.282,71.868,6.654,70.354
927.356,run:denoise:4,66.282,71.868,6.637,70.354
927.865,run:denoise:4,65.007,71.868,6.639,70.354
928.386,run:denoise:4,65.007,71.868,6.639,70.354
928.887,run:denoise:4,65.007,71.868,6.645,70.354
929.388,run:denoise:4,65.805,71.868,6.641,70.354
929.888,run:denoise:4,65.766,71.868,6.641,70.354
930.389,run:denoise:4,65.805,71.868,6.64,70.354
930.907,run:denoise:4,65.766,71.868,6.642,70.354
931.409,run:denoise:4,65.766,71.868,6.643,70.354
931.909,run:denoise:4,65.766,71.868,6.644,70.354
932.41,run:denoise:4,66.522,71.868,6.647,70.354
932.911,run:denoise:4,65.118,71.868,6.645,70.354
933.412,run:denoise:4,64.504,71.868,6.702,70.354
933.912,run:denoise:4,65.496,71.868,6.674,70.354
934.416,run:denoise:4,65.496,71.868,6.673,70.354
934.917,run:denoise:4,65.496,71.868,6.674,70.354
935.418,run:denoise:4,65.496,71.868,6.674,70.354
935.919,run:denoise:4,65.496,71.868,6.674,70.354
936.42,run:denoise:4,65.496,71.868,6.674,70.354
936.92,run:denoise:4,65.496,71.868,6.676,70.354
937.421,run:denoise:4,65.457,71.868,6.676,70.354
937.947,run:denoise:4,65.457,71.868,6.688,70.354
938.487,run:denoise:4,66.553,71.868,6.687,72.369
938.988,run:denoise:4,64.578,71.868,6.689,72.369
939.513,run:denoise:4,63.496,71.868,6.695,72.369
940.015,run:denoise:4,63.496,71.868,6.764,72.369
940.516,run:denoise:4,63.496,71.868,6.773,72.369
941.016,run:denoise:4,65.064,71.868,6.727,72.369
941.517,run:denoise:4,65.064,71.868,6.724,72.369
942.018,run:denoise:4,65.064,71.868,6.724,72.369
942.519,run:denoise:4,65.064,71.868,6.723,72.369
943.019,run:denoise:4,65.064,71.868,6.724,72.369
943.52,run:denoise:4,65.064,71.868,6.724,72.369
944.021,run:denoise:4,65.064,71.868,6.724,72.369
944.522,run:denoise:4,65.064,71.868,6.727,72.369
945.023,run:denoise:4,65.064,71.868,6.725,72.369
945.523,run:denoise:4,65.064,71.868,6.725,72.369
946.024,run:denoise:4,65.025,71.868,6.725,72.369
946.525,run:denoise:4,65.025,71.868,6.725,72.369
947.026,run:denoise:4,65.064,71.868,6.726,72.369
947.527,run:denoise:4,65.025,71.868,6.726,72.369
948.027,run:denoise:4,65.064,71.868,6.728,72.369
948.533,run:denoise:4,66.536,71.868,6.733,72.369
949.034,run:denoise:4,66.536,71.868,6.749,72.369
949.535,run:denoise:4,67.743,71.868,6.739,72.369
950.035,run:denoise:4,67.743,71.868,6.739,72.369
950.536,run:denoise:4,67.743,71.868,6.74,72.369
951.037,run:denoise:4,67.743,71.868,6.739,72.369
951.538,run:denoise:4,67.743,71.868,6.739,72.369
952.039,run:denoise:4,67.743,71.868,6.74,72.369
952.539,run:denoise:4,67.743,71.868,6.738,72.369
953.04,run:denoise:4,67.743,71.868,6.739,72.369
953.541,run:denoise:4,67.743,71.868,6.739,72.369
954.042,run:denoise:4,67.743,71.868,6.738,72.369
954.544,run:denoise:4,67.743,71.868,6.74,72.369
955.045,run:denoise:4,67.743,71.868,6.738,72.369
955.547,run:denoise:4,67.743,71.868,6.738,72.369
956.047,run:denoise:4,67.743,71.868,6.739,72.369
956.548,run:denoise:4,67.743,71.868,6.737,72.369
957.049,run:denoise:4,67.743,71.868,6.739,72.369
957.55,run:denoise:4,67.743,71.868,6.739,72.369
958.05,run:denoise:4,67.743,71.868,6.741,72.369
958.551,run:denoise:4,67.743,71.868,6.738,72.369
959.052,run:denoise:4,67.743,71.868,6.738,72.369
959.553,run:denoise:4,67.743,71.868,6.737,72.369
960.053,run:denoise:4,67.704,71.868,6.74,72.369
960.554,run:denoise:4,67.743,71.868,6.737,72.369
961.055,run:denoise:4,67.743,71.868,6.737,72.369
961.556,run:denoise:4,67.743,71.868,6.737,72.369
962.057,run:denoise:4,67.743,71.868,6.741,72.369
962.558,run:denoise:4,67.743,71.868,6.736,72.369
963.058,run:denoise:4,67.743,71.868,6.737,72.369
963.559,run:denoise:4,67.704,71.868,6.738,72.369
964.06,run:denoise:4,65.025,71.868,6.745,72.369
964.561,run:denoise:4,65.025,71.868,6.758,72.369
965.062,run:denoise:4,65.025,71.868,6.769,72.369
965.563,run:denoise:4,65.025,71.868,6.747,72.369
966.063,run:denoise:4,65.025,71.868,6.754,72.369
966.564,run:denoise:4,65.442,71.868,6.764,72.369
967.08,run:denoise:4,65.403,71.868,6.763,72.369
967.581,run:denoise:4,65.403,71.868,6.765,72.369
968.081,run:denoise:4,65.403,71.868,6.764,72.369
968.582,run:denoise:4,65.403,71.868,6.776,72.369
969.084,run:denoise:4,68.047,71.868,6.77,72.369
969.605,run:denoise:4,68.047,71.868,6.772,72.369
970.106,run:denoise:4,68.047,71.868,6.773,72.369
970.607,run:denoise:4,65.403,71.868,6.773,72.369
971.107,run:denoise:4,65.403,71.868,6.773,72.369
971.608,run:denoise:4,65.403,71.868,6.771,72.369
972.109,run:denoise:4,65.78,71.868,6.772,72.369
972.61,run:denoise:4,67.04,71.868,6.774,74.385
973.11,run:denoise:4,66.536,71.868,6.774,74.385
973.611,run:denoise:4,66.927,71.868,6.773,74.385
974.112,run:denoise:4,66.927,71.868,6.772,74.385
974.613,run:denoise:4,66.927,71.868,6.772,74.385
975.113,run:denoise:4,66.927,71.868,6.772,74.385
975.614,run:denoise:4,66.927,71.868,6.773,74.385
976.115,run:denoise:4,66.927,71.868,6.772,74.385
976.615,run:denoise:4,66.927,71.868,6.772,74.385
977.117,run:denoise:4,66.927,71.868,6.772,74.385
977.618,run:denoise:4,66.927,71.868,6.772,74.385
978.119,run:denoise:4,66.927,71.868,6.772,74.385
978.619,run:denoise:4,66.927,71.868,6.772,74.385
979.12,run:denoise:4,66.927,71.868,6.772,74.385
979.621,run:denoise:4,66.927,71.868,6.772,74.385
980.122,run:denoise:4,66.927,71.868,6.771,74.385
980.622,run:denoise:4,66.927,71.868,6.771,74.385
981.123,run:denoise:4,66.927,71.868,6.771,74.385
981.624,run:denoise:4,66.927,71.868,6.773,74.385
982.125,run:denoise:4,66.927,71.868,6.771,74.385
982.626,run:denoise:4,66.927,71.868,6.771,74.385
983.127,run:denoise:4,66.927,71.868,6.772,74.385
983.628,run:denoise:4,66.927,71.868,6.772,74.385
984.128,run:denoise:4,66.927,71.868,6.773,74.385
984.629,run:denoise:4,66.927,71.868,6.773,74.385
985.13,run:denoise:4,66.927,71.868,6.772,74.385
985.631,run:denoise:4,66.927,71.868,6.765,74.385
986.149,run:denoise:4,68.087,71.868,6.767,74.385
986.909,run:denoise:4,68.087,71.868,6.767,74.385
987.409,run:denoise:4,64.265,71.868,6.772,74.385
987.91,run:denoise:4,64.265,71.868,6.793,74.385
988.411,run:denoise:4,64.265,71.868,6.776,74.385
988.913,run:denoise:4,64.265,71.868,6.775,74.385
989.413,run:denoise:4,64.682,71.868,6.778,74.385
989.914,run:denoise:4,64.643,71.868,6.789,74.385
990.415,run:denoise:4,64.682,71.868,6.778,74.385
990.915,run:denoise:4,64.643,71.868,6.788,74.385
991.436,run:denoise:4,64.643,71.868,6.778,74.385
991.937,run:denoise:4,64.643,71.868,6.788,74.385
992.437,run:denoise:4,64.643,71.868,6.788,74.385
992.945,run:denoise:4,64.643,71.868,6.776,74.387
993.478,run:denoise:4,66.155,71.868,6.777,74.387
993.979,run:denoise:4,66.155,71.868,6.785,74.387
994.48,run:denoise:4,64.643,71.868,6.777,74.387
994.98,run:denoise:4,64.643,71.868,6.801,74.387
995.481,run:denoise:4,64.643,71.868,6.809,74.387
995.982,run:denoise:4,64.643,71.868,6.791,74.387
996.483,run:denoise:4,64.643,71.868,6.791,74.387
996.984,run:denoise:4,65.059,71.868,6.793,74.387
997.491,run:denoise:4,65.02,71.868,6.794,74.387
997.992,run:denoise:4,65.02,71.868,6.792,74.387
998.492,run:denoise:4,65.02,71.868,6.792,74.387
998.993,run:denoise:4,65.02,71.868,6.801,74.387
999.494,run:denoise:4,65.02,71.868,6.793,74.387
1000.023,run:denoise:4,65.02,71.868,6.794,74.387
1000.523,run:denoise:4,65.02,71.868,6.795,74.387
1001.024,run:denoise:4,65.02,71.868,6.795,74.387
1001.525,run:denoise:4,65.02,71.868,6.795,74.387
1002.025,run:denoise:4,65.02,71.868,6.796,74.387
1002.526,run:denoise:4,65.02,71.868,6.795,74.387
1003.027,run:denoise:4,65.02,71.868,6.795,74.387
1003.528,run:denoise:4,65.02,71.868,6.795,74.387
1004.028,run:denoise:4,65.02,71.868,6.795,74.387
1004.53,run:denoise:4,65.02,71.868,6.795,74.387
1005.031,run:denoise:4,65.02,71.868,6.795,74.387
1005.531,run:denoise:4,65.02,71.868,6.795,74.387
1006.032,run:denoise:4,65.02,71.868,6.796,74.387
1006.533,run:denoise:4,65.02,71.868,6.795,74.387
1007.034,run:denoise:4,65.02,71.868,6.794,74.387
1007.534,run:denoise:4,65.02,71.868,6.795,74.387
1008.036,run:denoise:4,63.887,71.868,6.797,74.387
1008.536,run:denoise:4,65.02,71.868,6.797,74.387
1009.038,run:denoise:4,65.02,71.868,6.796,74.387
1009.539,run:denoise:4,65.02,71.868,6.796,74.387
1010.04,run:denoise:4,65.02,71.868,6.797,74.387
1010.541,run:denoise:4,65.02,71.868,6.795,74.387
1011.042,run:denoise:4,65.02,71.868,6.795,74.387
1011.542,run:denoise:4,65.02,71.868,6.797,74.387
1012.043,run:denoise:4,65.02,71.868,6.797,74.387
1012.544,run:denoise:4,65.02,71.868,6.798,74.387
1013.045,run:denoise:4,65.02,71.868,6.797,74.387
1013.545,run:denoise:4,65.02,71.868,6.797,74.387
1014.046,run:denoise:4,65.02,71.868,6.798,74.387
1014.556,free:denoise,63.091,71.868,6.808,65.445
1015.057,load:decode,0.267,71.868,6.805,33.152
1015.558,load:decode,1.178,71.868,6.806,33.16
1016.059,load:decode,4.68,71.868,6.818,33.16
1016.56,load:decode,6.681,71.868,6.81,33.16
1017.061,load:decode,9.887,71.868,6.815,33.16
1017.568,run:decode:0,10.554,71.868,6.988,33.168
1018.069,run:decode:0,15.056,71.868,6.992,33.168
1018.569,run:decode:0,15.107,71.868,6.993,33.168
1019.07,run:decode:0,15.193,71.868,6.993,33.168
1019.571,run:decode:0,15.293,71.868,6.993,33.168
1020.072,run:decode:0,15.2,71.868,6.991,33.168
1020.572,run:decode:0,15.304,71.868,6.993,33.168
1021.074,run:decode:0,15.37,71.868,6.993,33.168
1021.574,run:decode:0,15.412,71.868,6.994,33.168
1022.075,run:decode:0,15.477,71.868,6.995,33.168
1022.576,run:decode:0,15.512,71.868,6.993,33.168
1023.077,run:decode:0,15.583,71.868,6.993,33.168
1023.577,run:decode:0,15.67,71.868,6.993,33.168
1024.078,run:decode:0,15.575,71.868,6.992,33.168
1024.579,run:decode:0,15.599,71.868,6.993,33.168
1025.08,run:decode:0,15.66,71.868,6.993,33.168
1025.581,run:decode:0,15.772,71.868,6.993,33.168
1026.082,run:decode:0,15.834,71.868,6.993,33.168
1026.583,run:decode:0,15.685,71.868,6.994,33.168
1027.083,run:decode:0,15.748,71.868,6.994,33.168
1027.584,run:decode:0,15.81,71.868,6.993,33.168
1028.085,run:decode:0,15.881,71.868,6.993,33.168
1028.585,run:decode:0,15.773,71.868,6.993,33.168
1029.086,run:decode:0,15.852,71.868,6.993,33.168
1029.587,run:decode:0,15.89,71.868,6.994,33.168
1030.088,run:decode:0,15.995,71.868,6.994,33.168
1030.589,run:decode:0,15.841,71.868,6.994,33.168
1031.09,run:decode:0,15.913,71.868,6.994,33.168
1031.591,run:decode:0,16.01,71.868,6.994,33.168
1032.092,run:decode:0,16.047,71.868,6.994,33.168
1032.592,run:decode:0,11.874,71.868,7.029,33.168
1033.093,run:decode:0,11.874,71.868,8.021,33.168
1033.598,run:decode:0,11.874,71.868,8.752,33.168
1034.099,run:decode:0,11.874,71.868,9.336,33.168
1034.6,run:decode:0,11.874,71.868,9.9,33.168
1035.1,run:decode:0,11.874,71.868,10.662,33.168
1035.601,run:decode:0,11.874,71.868,11.219,33.168
1036.103,run:decode:0,11.874,71.868,8.88,33.168
1036.604,run:decode:0,11.874,71.868,9.101,33.168
1037.104,run:decode:0,10.535,71.868,7.515,33.17
1037.605,encode_mp4:0,10.675,71.868,7.976,33.184
1038.106,encode_mp4:0,10.675,71.868,8.157,33.184
1038.608,encode_mp4:0,10.675,71.868,8.456,33.184
1039.11,encode_mp4:0,10.675,71.868,8.466,33.184
1039.616,encode_mp4:0,10.675,71.868,8.471,33.184
1040.116,encode_mp4:0,10.675,71.868,8.091,33.184
1040.617,encode_mp4:0,10.675,71.868,8.498,33.184
1041.119,encode_mp4:0,10.675,71.868,8.514,33.184
1041.62,run:decode:1,15.313,71.868,7.62,33.184
1042.12,run:decode:1,15.331,71.868,7.619,33.184
1042.622,run:decode:1,15.455,71.868,7.62,33.184
1043.123,run:decode:1,15.504,71.868,7.62,33.184
1043.623,run:decode:1,15.411,71.868,7.622,33.184
1044.124,run:decode:1,15.522,71.868,7.621,33.184
1044.625,run:decode:1,15.585,71.868,7.622,33.184
1045.126,run:decode:1,15.63,71.868,7.622,33.184
1045.626,run:decode:1,15.65,71.868,7.622,33.184
1046.127,run:decode:1,15.775,71.868,7.622,33.184
1046.628,run:decode:1,15.855,71.868,7.622,33.184
1047.129,run:decode:1,15.901,71.868,7.626,33.184
1047.63,run:decode:1,15.779,71.868,7.626,33.184
1048.131,run:decode:1,15.79,71.868,7.621,33.184
1048.632,run:decode:1,15.921,71.868,7.622,33.184
1049.133,run:decode:1,15.95,71.868,7.623,33.184
1049.633,run:decode:1,16.112,71.868,7.624,33.184
1050.134,run:decode:1,15.921,71.868,7.624,33.184
1050.635,run:decode:1,16.009,71.868,7.624,33.184
1051.136,run:decode:1,16.051,71.868,7.624,33.184
1051.637,run:decode:1,16.145,71.868,7.624,33.184
1052.137,run:decode:1,15.975,71.868,7.623,33.184
1052.638,run:decode:1,16.047,71.868,7.623,33.184
1053.139,run:decode:1,16.161,71.868,7.624,33.184
1053.64,run:decode:1,16.233,71.868,7.624,33.184
1054.141,run:decode:1,16.076,71.868,7.623,33.184
1054.642,run:decode:1,16.174,71.868,7.623,33.184
1055.143,run:decode:1,16.237,71.868,7.623,33.184
1055.644,run:decode:1,16.309,71.868,7.624,33.184
1056.144,run:decode:1,12.089,71.868,7.915,33.184
1056.645,run:decode:1,12.089,71.868,8.911,33.184
1057.146,run:decode:1,12.089,71.868,10.87,33.184
1057.648,run:decode:1,12.089,71.868,10.477,33.184
1058.151,run:decode:1,12.089,71.868,9.405,33.184
1058.651,run:decode:1,12.089,71.868,9.405,33.184
1059.153,encode_mp4:1,10.647,71.868,7.782,33.184
1059.654,encode_mp4:1,10.647,71.868,8.159,33.184
1060.155,encode_mp4:1,10.647,71.868,8.453,33.184
1060.656,encode_mp4:1,10.647,71.868,8.463,33.184
1061.156,run:decode:2,15.203,71.868,7.609,33.182
1061.657,run:decode:2,15.305,71.868,7.607,33.182
1062.158,run:decode:2,15.343,71.868,7.605,33.182
1062.66,run:decode:2,15.469,71.868,7.606,33.182
1063.161,run:decode:2,15.402,71.868,7.607,33.182
1063.662,run:decode:2,15.443,71.868,7.607,33.182
1064.162,run:decode:2,15.494,71.868,7.605,33.182
1064.663,run:decode:2,15.597,71.868,7.605,33.182
1065.164,run:decode:2,15.639,71.868,7.607,33.182
1065.665,run:decode:2,15.672,71.868,7.607,33.182
1066.166,run:decode:2,15.784,71.868,7.607,33.182
1066.667,run:decode:2,15.828,71.868,7.607,33.182
1067.167,run:decode:2,15.909,71.868,7.608,33.182
1067.668,run:decode:2,15.8,71.868,7.608,33.182
1068.169,run:decode:2,15.835,71.868,7.608,33.182
1068.669,run:decode:2,15.893,71.868,7.608,33.182
1069.17,run:decode:2,16.005,71.868,7.608,33.182
1069.671,run:decode:2,15.899,71.868,7.608,33.182
1070.172,run:decode:2,15.953,71.868,7.607,33.182
1070.673,run:decode:2,15.97,71.868,7.606,33.182
1071.173,run:decode:2,16.063,71.868,7.607,33.182
1071.674,run:decode:2,15.928,71.868,7.608,33.182
1072.175,run:decode:2,15.986,71.868,7.61,33.182
1072.676,run:decode:2,16.112,71.868,7.609,33.182
1073.177,run:decode:2,16.14,71.868,7.608,33.182
1073.678,run:decode:2,16.016,71.868,7.608,33.182
1074.179,run:decode:2,16.074,71.868,7.607,33.182
1074.68,run:decode:2,16.136,71.868,7.607,33.182
1075.18,run:decode:2,16.207,71.868,7.607,33.182
1075.681,run:decode:2,16.303,71.868,7.607,33.182
1076.182,run:decode:2,12.061,71.868,8.468,33.182
1076.683,run:decode:2,12.061,71.868,9.949,33.182
1077.183,run:decode:2,12.061,71.868,10.544,33.182
1077.684,run:decode:2,12.061,71.868,8.656,33.182
1078.186,run:decode:2,12.061,71.868,8.654,33.182
1078.687,encode_mp4:2,10.619,71.868,7.064,33.182
1079.188,encode_mp4:2,10.619,71.868,7.411,33.182
1079.689,encode_mp4:2,10.619,71.868,7.691,33.182
1080.19,encode_mp4:2,10.619,71.868,7.693,33.182
1080.691,encode_mp4:2,10.619,71.868,7.524,33.182
1081.192,encode_mp4:2,10.619,71.868,7.698,33.182
1081.693,run:decode:3,15.263,71.868,6.843,33.18
1082.194,run:decode:3,15.315,71.868,6.844,33.18
1082.695,run:decode:3,15.352,71.868,6.844,33.18
1083.196,run:decode:3,15.471,71.868,6.844,33.18
1083.697,run:decode:3,15.393,71.868,6.837,33.18
1084.198,run:decode:3,15.47,71.868,6.835,33.18
1084.699,run:decode:3,15.497,71.868,6.837,33.18
1085.199,run:decode:3,15.579,71.868,6.836,33.18
1085.7,run:decode:3,15.617,71.868,6.835,33.18
1086.201,run:decode:3,15.715,71.868,6.836,33.18
1086.702,run:decode:3,15.79,71.868,6.836,33.18
1087.203,run:decode:3,15.822,71.868,6.835,33.18
1087.704,run:decode:3,15.731,71.868,6.837,33.18
1088.205,run:decode:3,15.791,71.868,6.836,33.18
1088.706,run:decode:3,15.864,71.868,6.836,33.18
1089.207,run:decode:3,15.932,71.868,6.836,33.18
1089.708,run:decode:3,15.823,71.868,6.838,33.18
1090.209,run:decode:3,15.891,71.868,6.838,33.18
1090.709,run:decode:3,15.901,71.868,6.838,33.18
1091.21,run:decode:3,16.001,71.868,6.838,33.18
1091.711,run:decode:3,16.088,71.868,6.838,33.18
1092.212,run:decode:3,15.952,71.868,6.836,33.18
1092.713,run:decode:3,16.03,71.868,6.836,33.18
1093.214,run:decode:3,16.104,71.868,6.837,33.18
1093.715,run:decode:3,16.122,71.868,6.838,33.18
1094.216,run:decode:3,16.029,71.868,6.839,33.18
1094.716,run:decode:3,16.12,71.868,6.839,33.18
1095.217,run:decode:3,16.138,71.868,6.839,33.18
1095.718,run:decode:3,16.22,71.868,6.84,33.18
1096.219,run:decode:3,12.032,71.868,7.052,33.18
1096.72,run:decode:3,12.032,71.868,8.018,33.18
1097.22,run:decode:3,12.032,71.868,9.778,33.18
1097.721,run:decode:3,12.032,71.868,10.028,33.18
1098.223,run:decode:3,12.032,71.868,8.631,33.18
1098.723,run:decode:3,12.032,71.868,8.631,33.18
1099.224,encode_mp4:3,10.589,71.868,7.314,33.18
1099.726,encode_mp4:3,10.589,71.868,7.495,33.18
1100.227,encode_mp4:3,10.589,71.868,7.732,33.18
1100.728,encode_mp4:3,10.589,71.868,7.732,33.18
1101.233,encode_mp4:3,10.589,71.868,7.732,33.18
1101.734,encode_mp4:3,10.589,71.868,7.551,33.18
1102.235,encode_mp4:3,10.589,71.868,7.747,33.18
1102.736,run:decode:4,10.911,71.868,6.882,33.178
1103.238,run:decode:4,15.237,71.868,6.881,33.178
1103.739,run:decode:4,15.291,71.868,6.882,33.178
1104.24,run:decode:4,15.381,71.868,6.882,33.178
1104.741,run:decode:4,15.439,71.868,6.881,33.178
1105.242,run:decode:4,15.389,71.868,6.881,33.178
1105.743,run:decode:4,15.408,71.868,6.883,33.178
1106.243,run:decode:4,15.49,71.868,6.884,33.178
1106.744,run:decode:4,15.594,71.868,6.884,33.178
1107.245,run:decode:4,15.585,71.868,6.884,33.178
1107.746,run:decode:4,15.699,71.868,6.885,33.178
1108.248,run:decode:4,15.749,71.868,6.883,33.178
1108.748,run:decode:4,15.797,71.868,6.883,33.178
1109.249,run:decode:4,15.683,71.868,6.882,33.178
1109.75,run:decode:4,15.787,71.868,6.882,33.178
1110.251,run:decode:4,15.806,71.868,6.885,33.178
1110.752,run:decode:4,15.92,71.868,6.884,33.178
1111.252,run:decode:4,15.773,71.868,6.883,33.178
1111.753,run:decode:4,15.862,71.868,6.883,33.178
1112.254,run:decode:4,15.933,71.868,6.882,33.178
1112.755,run:decode:4,15.987,71.868,6.882,33.178
1113.256,run:decode:4,16.016,71.868,6.881,33.178
1113.757,run:decode:4,15.949,71.868,6.882,33.178
1114.258,run:decode:4,15.985,71.868,6.882,33.178
1114.759,run:decode:4,16.082,71.868,6.882,33.178
1115.26,run:decode:4,16.146,71.868,6.882,33.178
1115.761,run:decode:4,16.037,71.868,6.882,33.178
1116.262,run:decode:4,16.099,71.868,6.882,33.178
1116.763,run:decode:4,16.21,71.868,6.882,33.178
1117.263,run:decode:4,16.242,71.868,6.881,33.178
1117.764,run:decode:4,12.004,71.868,7.347,33.178
1118.265,run:decode:4,12.004,71.868,8.346,33.178
1118.767,run:decode:4,12.004,71.868,10.478,33.178
1119.268,run:decode:4,12.004,71.868,8.674,33.178
1119.769,run:decode:4,12.004,71.868,8.674,33.178
1120.27,run:decode:4,10.563,71.868,6.885,33.178
1120.771,encode_mp4:4,10.56,71.868,7.324,33.178
1121.272,encode_mp4:4,10.56,71.868,7.674,33.178
1121.773,encode_mp4:4,10.56,71.868,7.252,33.178
1122.604,free:decode,0.008,71.868,6.87,33.178
1122.626,init,0.008,71.868,6.87,1.221
